date_key,calendar_date,calendar_year,calendar_quarter,month_of_year,month_name,year_month,day_of_month,iso_day_of_week,day_name,is_weekend,is_bank_holiday,bank_holiday_name,is_working_day,season
20170926,2017-09-26,2017,3,9,September,2017-09,26,2,Tuesday,false,false,,true,Autumn
20170927,2017-09-27,2017,3,9,September,2017-09,27,3,Wednesday,false,false,,true,Autumn
20170928,2017-09-28,2017,3,9,September,2017-09,28,4,Thursday,false,false,,true,Autumn
20170929,2017-09-29,2017,3,9,September,2017-09,29,5,Friday,false,false,,true,Autumn
20170930,2017-09-30,2017,3,9,September,2017-09,30,6,Saturday,true,false,,false,Autumn
20171001,2017-10-01,2017,4,10,October,2017-10,1,7,Sunday,true,false,,false,Autumn
20171002,2017-10-02,2017,4,10,October,2017-10,2,1,Monday,false,false,,true,Autumn
20171003,2017-10-03,2017,4,10,October,2017-10,3,2,Tuesday,false,false,,true,Autumn
20171004,2017-10-04,2017,4,10,October,2017-10,4,3,Wednesday,false,false,,true,Autumn
20171005,2017-10-05,2017,4,10,October,2017-10,5,4,Thursday,false,false,,true,Autumn
20171006,2017-10-06,2017,4,10,October,2017-10,6,5,Friday,false,false,,true,Autumn
20171007,2017-10-07,2017,4,10,October,2017-10,7,6,Saturday,true,false,,false,Autumn
20171008,2017-10-08,2017,4,10,October,2017-10,8,7,Sunday,true,false,,false,Autumn
20171009,2017-10-09,2017,4,10,October,2017-10,9,1,Monday,false,false,,true,Autumn
20171010,2017-10-10,2017,4,10,October,2017-10,10,2,Tuesday,false,false,,true,Autumn
20171011,2017-10-11,2017,4,10,October,2017-10,11,3,Wednesday,false,false,,true,Autumn
20171012,2017-10-12,2017,4,10,October,2017-10,12,4,Thursday,false,false,,true,Autumn
20171013,2017-10-13,2017,4,10,October,2017-10,13,5,Friday,false,false,,true,Autumn
20171014,2017-10-14,2017,4,10,October,2017-10,14,6,Saturday,true,false,,false,Autumn
20171015,2017-10-15,2017,4,10,October,2017-10,15,7,Sunday,true,false,,false,Autumn
20171016,2017-10-16,2017,4,10,October,2017-10,16,1,Monday,false,false,,true,Autumn
20171017,2017-10-17,2017,4,10,October,2017-10,17,2,Tuesday,false,false,,true,Autumn
20171018,2017-10-18,2017,4,10,October,2017-10,18,3,Wednesday,false,false,,true,Autumn
20171019,2017-10-19,2017,4,10,October,2017-10,19,4,Thursday,false,false,,true,Autumn
20171020,2017-10-20,2017,4,10,October,2017-10,20,5,Friday,false,false,,true,Autumn
20171021,2017-10-21,2017,4,10,October,2017-10,21,6,Saturday,true,false,,false,Autumn
20171022,2017-10-22,2017,4,10,October,2017-10,22,7,Sunday,true,false,,false,Autumn
20171023,2017-10-23,2017,4,10,October,2017-10,23,1,Monday,false,false,,true,Autumn
20171024,2017-10-24,2017,4,10,October,2017-10,24,2,Tuesday,false,false,,true,Autumn
20171025,2017-10-25,2017,4,10,October,2017-10,25,3,Wednesday,false,false,,true,Autumn
20171026,2017-10-26,2017,4,10,October,2017-10,26,4,Thursday,false,false,,true,Autumn
20171027,2017-10-27,2017,4,10,October,2017-10,27,5,Friday,false,false,,true,Autumn
20171028,2017-10-28,2017,4,10,October,2017-10,28,6,Saturday,true,false,,false,Autumn
20171029,2017-10-29,2017,4,10,October,2017-10,29,7,Sunday,true,false,,false,Autumn
20171030,2017-10-30,2017,4,10,October,2017-10,30,1,Monday,false,false,,true,Autumn
20171031,2017-10-31,2017,4,10,October,2017-10,31,2,Tuesday,false,false,,true,Autumn
20171101,2017-11-01,2017,4,11,November,2017-11,1,3,Wednesday,false,false,,true,Autumn
20171102,2017-11-02,2017,4,11,November,2017-11,2,4,Thursday,false,false,,true,Autumn
20171103,2017-11-03,2017,4,11,November,2017-11,3,5,Friday,false,false,,true,Autumn
20171104,2017-11-04,2017,4,11,November,2017-11,4,6,Saturday,true,false,,false,Autumn
20171105,2017-11-05,2017,4,11,November,2017-11,5,7,Sunday,true,false,,false,Autumn
20171106,2017-11-06,2017,4,11,November,2017-11,6,1,Monday,false,false,,true,Autumn
20171107,2017-11-07,2017,4,11,November,2017-11,7,2,Tuesday,false,false,,true,Autumn
20171108,2017-11-08,2017,4,11,November,2017-11,8,3,Wednesday,false,false,,true,Autumn
20171109,2017-11-09,2017,4,11,November,2017-11,9,4,Thursday,false,false,,true,Autumn
20171110,2017-11-10,2017,4,11,November,2017-11,10,5,Friday,false,false,,true,Autumn
20171111,2017-11-11,2017,4,11,November,2017-11,11,6,Saturday,true,false,,false,Autumn
20171112,2017-11-12,2017,4,11,November,2017-11,12,7,Sunday,true,false,,false,Autumn
20171113,2017-11-13,2017,4,11,November,2017-11,13,1,Monday,false,false,,true,Autumn
20171114,2017-11-14,2017,4,11,November,2017-11,14,2,Tuesday,false,false,,true,Autumn
20171115,2017-11-15,2017,4,11,November,2017-11,15,3,Wednesday,false,false,,true,Autumn
20171116,2017-11-16,2017,4,11,November,2017-11,16,4,Thursday,false,false,,true,Autumn
20171117,2017-11-17,2017,4,11,November,2017-11,17,5,Friday,false,false,,true,Autumn
20171118,2017-11-18,2017,4,11,November,2017-11,18,6,Saturday,true,false,,false,Autumn
20171119,2017-11-19,2017,4,11,November,2017-11,19,7,Sunday,true,false,,false,Autumn
20171120,2017-11-20,2017,4,11,November,2017-11,20,1,Monday,false,false,,true,Autumn
20171121,2017-11-21,2017,4,11,November,2017-11,21,2,Tuesday,false,false,,true,Autumn
20171122,2017-11-22,2017,4,11,November,2017-11,22,3,Wednesday,false,false,,true,Autumn
20171123,2017-11-23,2017,4,11,November,2017-11,23,4,Thursday,false,false,,true,Autumn
20171124,2017-11-24,2017,4,11,November,2017-11,24,5,Friday,false,false,,true,Autumn
20171125,2017-11-25,2017,4,11,November,2017-11,25,6,Saturday,true,false,,false,Autumn
20171126,2017-11-26,2017,4,11,November,2017-11,26,7,Sunday,true,false,,false,Autumn
20171127,2017-11-27,2017,4,11,November,2017-11,27,1,Monday,false,false,,true,Autumn
20171128,2017-11-28,2017,4,11,November,2017-11,28,2,Tuesday,false,false,,true,Autumn
20171129,2017-11-29,2017,4,11,November,2017-11,29,3,Wednesday,false,false,,true,Autumn
20171130,2017-11-30,2017,4,11,November,2017-11,30,4,Thursday,false,false,,true,Autumn
20171201,2017-12-01,2017,4,12,December,2017-12,1,5,Friday,false,false,,true,Winter
20171202,2017-12-02,2017,4,12,December,2017-12,2,6,Saturday,true,false,,false,Winter
20171203,2017-12-03,2017,4,12,December,2017-12,3,7,Sunday,true,false,,false,Winter
20171204,2017-12-04,2017,4,12,December,2017-12,4,1,Monday,false,false,,true,Winter
20171205,2017-12-05,2017,4,12,December,2017-12,5,2,Tuesday,false,false,,true,Winter
20171206,2017-12-06,2017,4,12,December,2017-12,6,3,Wednesday,false,false,,true,Winter
20171207,2017-12-07,2017,4,12,December,2017-12,7,4,Thursday,false,false,,true,Winter
20171208,2017-12-08,2017,4,12,December,2017-12,8,5,Friday,false,false,,true,Winter
20171209,2017-12-09,2017,4,12,December,2017-12,9,6,Saturday,true,false,,false,Winter
20171210,2017-12-10,2017,4,12,December,2017-12,10,7,Sunday,true,false,,false,Winter
20171211,2017-12-11,2017,4,12,December,2017-12,11,1,Monday,false,false,,true,Winter
20171212,2017-12-12,2017,4,12,December,2017-12,12,2,Tuesday,false,false,,true,Winter
20171213,2017-12-13,2017,4,12,December,2017-12,13,3,Wednesday,false,false,,true,Winter
20171214,2017-12-14,2017,4,12,December,2017-12,14,4,Thursday,false,false,,true,Winter
20171215,2017-12-15,2017,4,12,December,2017-12,15,5,Friday,false,false,,true,Winter
20171216,2017-12-16,2017,4,12,December,2017-12,16,6,Saturday,true,false,,false,Winter
20171217,2017-12-17,2017,4,12,December,2017-12,17,7,Sunday,true,false,,false,Winter
20171218,2017-12-18,2017,4,12,December,2017-12,18,1,Monday,false,false,,true,Winter
20171219,2017-12-19,2017,4,12,December,2017-12,19,2,Tuesday,false,false,,true,Winter
20171220,2017-12-20,2017,4,12,December,2017-12,20,3,Wednesday,false,false,,true,Winter
20171221,2017-12-21,2017,4,12,December,2017-12,21,4,Thursday,false,false,,true,Winter
20171222,2017-12-22,2017,4,12,December,2017-12,22,5,Friday,false,false,,true,Winter
20171223,2017-12-23,2017,4,12,December,2017-12,23,6,Saturday,true,false,,false,Winter
20171224,2017-12-24,2017,4,12,December,2017-12,24,7,Sunday,true,false,,false,Winter
20171225,2017-12-25,2017,4,12,December,2017-12,25,1,Monday,false,true,Christmas Day,false,Winter
20171226,2017-12-26,2017,4,12,December,2017-12,26,2,Tuesday,false,true,Boxing Day,false,Winter
20171227,2017-12-27,2017,4,12,December,2017-12,27,3,Wednesday,false,false,,true,Winter
20171228,2017-12-28,2017,4,12,December,2017-12,28,4,Thursday,false,false,,true,Winter
20171229,2017-12-29,2017,4,12,December,2017-12,29,5,Friday,false,false,,true,Winter
20171230,2017-12-30,2017,4,12,December,2017-12,30,6,Saturday,true,false,,false,Winter
20171231,2017-12-31,2017,4,12,December,2017-12,31,7,Sunday,true,false,,false,Winter
20180101,2018-01-01,2018,1,1,January,2018-01,1,1,Monday,false,true,New Year's Day,false,Winter
20180102,2018-01-02,2018,1,1,January,2018-01,2,2,Tuesday,false,false,,true,Winter
20180103,2018-01-03,2018,1,1,January,2018-01,3,3,Wednesday,false,false,,true,Winter
20180104,2018-01-04,2018,1,1,January,2018-01,4,4,Thursday,false,false,,true,Winter
20180105,2018-01-05,2018,1,1,January,2018-01,5,5,Friday,false,false,,true,Winter
20180106,2018-01-06,2018,1,1,January,2018-01,6,6,Saturday,true,false,,false,Winter
20180107,2018-01-07,2018,1,1,January,2018-01,7,7,Sunday,true,false,,false,Winter
20180108,2018-01-08,2018,1,1,January,2018-01,8,1,Monday,false,false,,true,Winter
20180109,2018-01-09,2018,1,1,January,2018-01,9,2,Tuesday,false,false,,true,Winter
20180110,2018-01-10,2018,1,1,January,2018-01,10,3,Wednesday,false,false,,true,Winter
20180111,2018-01-11,2018,1,1,January,2018-01,11,4,Thursday,false,false,,true,Winter
20180112,2018-01-12,2018,1,1,January,2018-01,12,5,Friday,false,false,,true,Winter
20180113,2018-01-13,2018,1,1,January,2018-01,13,6,Saturday,true,false,,false,Winter
20180114,2018-01-14,2018,1,1,January,2018-01,14,7,Sunday,true,false,,false,Winter
20180115,2018-01-15,2018,1,1,January,2018-01,15,1,Monday,false,false,,true,Winter
20180116,2018-01-16,2018,1,1,January,2018-01,16,2,Tuesday,false,false,,true,Winter
20180117,2018-01-17,2018,1,1,January,2018-01,17,3,Wednesday,false,false,,true,Winter
20180118,2018-01-18,2018,1,1,January,2018-01,18,4,Thursday,false,false,,true,Winter
20180119,2018-01-19,2018,1,1,January,2018-01,19,5,Friday,false,false,,true,Winter
20180120,2018-01-20,2018,1,1,January,2018-01,20,6,Saturday,true,false,,false,Winter
20180121,2018-01-21,2018,1,1,January,2018-01,21,7,Sunday,true,false,,false,Winter
20180122,2018-01-22,2018,1,1,January,2018-01,22,1,Monday,false,false,,true,Winter
20180123,2018-01-23,2018,1,1,January,2018-01,23,2,Tuesday,false,false,,true,Winter
20180124,2018-01-24,2018,1,1,January,2018-01,24,3,Wednesday,false,false,,true,Winter
20180125,2018-01-25,2018,1,1,January,2018-01,25,4,Thursday,false,false,,true,Winter
20180126,2018-01-26,2018,1,1,January,2018-01,26,5,Friday,false,false,,true,Winter
20180127,2018-01-27,2018,1,1,January,2018-01,27,6,Saturday,true,false,,false,Winter
20180128,2018-01-28,2018,1,1,January,2018-01,28,7,Sunday,true,false,,false,Winter
20180129,2018-01-29,2018,1,1,January,2018-01,29,1,Monday,false,false,,true,Winter
20180130,2018-01-30,2018,1,1,January,2018-01,30,2,Tuesday,false,false,,true,Winter
20180131,2018-01-31,2018,1,1,January,2018-01,31,3,Wednesday,false,false,,true,Winter
20180201,2018-02-01,2018,1,2,February,2018-02,1,4,Thursday,false,false,,true,Winter
20180202,2018-02-02,2018,1,2,February,2018-02,2,5,Friday,false,false,,true,Winter
20180203,2018-02-03,2018,1,2,February,2018-02,3,6,Saturday,true,false,,false,Winter
20180204,2018-02-04,2018,1,2,February,2018-02,4,7,Sunday,true,false,,false,Winter
20180205,2018-02-05,2018,1,2,February,2018-02,5,1,Monday,false,false,,true,Winter
20180206,2018-02-06,2018,1,2,February,2018-02,6,2,Tuesday,false,false,,true,Winter
20180207,2018-02-07,2018,1,2,February,2018-02,7,3,Wednesday,false,false,,true,Winter
20180208,2018-02-08,2018,1,2,February,2018-02,8,4,Thursday,false,false,,true,Winter
20180209,2018-02-09,2018,1,2,February,2018-02,9,5,Friday,false,false,,true,Winter
20180210,2018-02-10,2018,1,2,February,2018-02,10,6,Saturday,true,false,,false,Winter
20180211,2018-02-11,2018,1,2,February,2018-02,11,7,Sunday,true,false,,false,Winter
20180212,2018-02-12,2018,1,2,February,2018-02,12,1,Monday,false,false,,true,Winter
20180213,2018-02-13,2018,1,2,February,2018-02,13,2,Tuesday,false,false,,true,Winter
20180214,2018-02-14,2018,1,2,February,2018-02,14,3,Wednesday,false,false,,true,Winter
20180215,2018-02-15,2018,1,2,February,2018-02,15,4,Thursday,false,false,,true,Winter
20180216,2018-02-16,2018,1,2,February,2018-02,16,5,Friday,false,false,,true,Winter
20180217,2018-02-17,2018,1,2,February,2018-02,17,6,Saturday,true,false,,false,Winter
20180218,2018-02-18,2018,1,2,February,2018-02,18,7,Sunday,true,false,,false,Winter
20180219,2018-02-19,2018,1,2,February,2018-02,19,1,Monday,false,false,,true,Winter
20180220,2018-02-20,2018,1,2,February,2018-02,20,2,Tuesday,false,false,,true,Winter
20180221,2018-02-21,2018,1,2,February,2018-02,21,3,Wednesday,false,false,,true,Winter
20180222,2018-02-22,2018,1,2,February,2018-02,22,4,Thursday,false,false,,true,Winter
20180223,2018-02-23,2018,1,2,February,2018-02,23,5,Friday,false,false,,true,Winter
20180224,2018-02-24,2018,1,2,February,2018-02,24,6,Saturday,true,false,,false,Winter
20180225,2018-02-25,2018,1,2,February,2018-02,25,7,Sunday,true,false,,false,Winter
20180226,2018-02-26,2018,1,2,February,2018-02,26,1,Monday,false,false,,true,Winter
20180227,2018-02-27,2018,1,2,February,2018-02,27,2,Tuesday,false,false,,true,Winter
20180228,2018-02-28,2018,1,2,February,2018-02,28,3,Wednesday,false,false,,true,Winter
20180301,2018-03-01,2018,1,3,March,2018-03,1,4,Thursday,false,false,,true,Spring
20180302,2018-03-02,2018,1,3,March,2018-03,2,5,Friday,false,false,,true,Spring
20180303,2018-03-03,2018,1,3,March,2018-03,3,6,Saturday,true,false,,false,Spring
20180304,2018-03-04,2018,1,3,March,2018-03,4,7,Sunday,true,false,,false,Spring
20180305,2018-03-05,2018,1,3,March,2018-03,5,1,Monday,false,false,,true,Spring
20180306,2018-03-06,2018,1,3,March,2018-03,6,2,Tuesday,false,false,,true,Spring
20180307,2018-03-07,2018,1,3,March,2018-03,7,3,Wednesday,false,false,,true,Spring
20180308,2018-03-08,2018,1,3,March,2018-03,8,4,Thursday,false,false,,true,Spring
20180309,2018-03-09,2018,1,3,March,2018-03,9,5,Friday,false,false,,true,Spring
20180310,2018-03-10,2018,1,3,March,2018-03,10,6,Saturday,true,false,,false,Spring
20180311,2018-03-11,2018,1,3,March,2018-03,11,7,Sunday,true,false,,false,Spring
20180312,2018-03-12,2018,1,3,March,2018-03,12,1,Monday,false,false,,true,Spring
20180313,2018-03-13,2018,1,3,March,2018-03,13,2,Tuesday,false,false,,true,Spring
20180314,2018-03-14,2018,1,3,March,2018-03,14,3,Wednesday,false,false,,true,Spring
20180315,2018-03-15,2018,1,3,March,2018-03,15,4,Thursday,false,false,,true,Spring
20180316,2018-03-16,2018,1,3,March,2018-03,16,5,Friday,false,false,,true,Spring
20180317,2018-03-17,2018,1,3,March,2018-03,17,6,Saturday,true,false,,false,Spring
20180318,2018-03-18,2018,1,3,March,2018-03,18,7,Sunday,true,false,,false,Spring
20180319,2018-03-19,2018,1,3,March,2018-03,19,1,Monday,false,false,,true,Spring
20180320,2018-03-20,2018,1,3,March,2018-03,20,2,Tuesday,false,false,,true,Spring
20180321,2018-03-21,2018,1,3,March,2018-03,21,3,Wednesday,false,false,,true,Spring
20180322,2018-03-22,2018,1,3,March,2018-03,22,4,Thursday,false,false,,true,Spring
20180323,2018-03-23,2018,1,3,March,2018-03,23,5,Friday,false,false,,true,Spring
20180324,2018-03-24,2018,1,3,March,2018-03,24,6,Saturday,true,false,,false,Spring
20180325,2018-03-25,2018,1,3,March,2018-03,25,7,Sunday,true,false,,false,Spring
20180326,2018-03-26,2018,1,3,March,2018-03,26,1,Monday,false,false,,true,Spring
20180327,2018-03-27,2018,1,3,March,2018-03,27,2,Tuesday,false,false,,true,Spring
20180328,2018-03-28,2018,1,3,March,2018-03,28,3,Wednesday,false,false,,true,Spring
20180329,2018-03-29,2018,1,3,March,2018-03,29,4,Thursday,false,false,,true,Spring
20180330,2018-03-30,2018,1,3,March,2018-03,30,5,Friday,false,true,Good Friday,false,Spring
20180331,2018-03-31,2018,1,3,March,2018-03,31,6,Saturday,true,false,,false,Spring
20180401,2018-04-01,2018,2,4,April,2018-04,1,7,Sunday,true,false,,false,Spring
20180402,2018-04-02,2018,2,4,April,2018-04,2,1,Monday,false,true,Easter Monday,false,Spring
20180403,2018-04-03,2018,2,4,April,2018-04,3,2,Tuesday,false,false,,true,Spring
20180404,2018-04-04,2018,2,4,April,2018-04,4,3,Wednesday,false,false,,true,Spring
20180405,2018-04-05,2018,2,4,April,2018-04,5,4,Thursday,false,false,,true,Spring
20180406,2018-04-06,2018,2,4,April,2018-04,6,5,Friday,false,false,,true,Spring
20180407,2018-04-07,2018,2,4,April,2018-04,7,6,Saturday,true,false,,false,Spring
20180408,2018-04-08,2018,2,4,April,2018-04,8,7,Sunday,true,false,,false,Spring
20180409,2018-04-09,2018,2,4,April,2018-04,9,1,Monday,false,false,,true,Spring
20180410,2018-04-10,2018,2,4,April,2018-04,10,2,Tuesday,false,false,,true,Spring
20180411,2018-04-11,2018,2,4,April,2018-04,11,3,Wednesday,false,false,,true,Spring
20180412,2018-04-12,2018,2,4,April,2018-04,12,4,Thursday,false,false,,true,Spring
20180413,2018-04-13,2018,2,4,April,2018-04,13,5,Friday,false,false,,true,Spring
20180414,2018-04-14,2018,2,4,April,2018-04,14,6,Saturday,true,false,,false,Spring
20180415,2018-04-15,2018,2,4,April,2018-04,15,7,Sunday,true,false,,false,Spring
20180416,2018-04-16,2018,2,4,April,2018-04,16,1,Monday,false,false,,true,Spring
20180417,2018-04-17,2018,2,4,April,2018-04,17,2,Tuesday,false,false,,true,Spring
20180418,2018-04-18,2018,2,4,April,2018-04,18,3,Wednesday,false,false,,true,Spring
20180419,2018-04-19,2018,2,4,April,2018-04,19,4,Thursday,false,false,,true,Spring
20180420,2018-04-20,2018,2,4,April,2018-04,20,5,Friday,false,false,,true,Spring
20180421,2018-04-21,2018,2,4,April,2018-04,21,6,Saturday,true,false,,false,Spring
20180422,2018-04-22,2018,2,4,April,2018-04,22,7,Sunday,true,false,,false,Spring
20180423,2018-04-23,2018,2,4,April,2018-04,23,1,Monday,false,false,,true,Spring
20180424,2018-04-24,2018,2,4,April,2018-04,24,2,Tuesday,false,false,,true,Spring
20180425,2018-04-25,2018,2,4,April,2018-04,25,3,Wednesday,false,false,,true,Spring
20180426,2018-04-26,2018,2,4,April,2018-04,26,4,Thursday,false,false,,true,Spring
20180427,2018-04-27,2018,2,4,April,2018-04,27,5,Friday,false,false,,true,Spring
20180428,2018-04-28,2018,2,4,April,2018-04,28,6,Saturday,true,false,,false,Spring
20180429,2018-04-29,2018,2,4,April,2018-04,29,7,Sunday,true,false,,false,Spring
20180430,2018-04-30,2018,2,4,April,2018-04,30,1,Monday,false,false,,true,Spring
20180501,2018-05-01,2018,2,5,May,2018-05,1,2,Tuesday,false,false,,true,Spring
20180502,2018-05-02,2018,2,5,May,2018-05,2,3,Wednesday,false,false,,true,Spring
20180503,2018-05-03,2018,2,5,May,2018-05,3,4,Thursday,false,false,,true,Spring
20180504,2018-05-04,2018,2,5,May,2018-05,4,5,Friday,false,false,,true,Spring
20180505,2018-05-05,2018,2,5,May,2018-05,5,6,Saturday,true,false,,false,Spring
20180506,2018-05-06,2018,2,5,May,2018-05,6,7,Sunday,true,false,,false,Spring
20180507,2018-05-07,2018,2,5,May,2018-05,7,1,Monday,false,true,May Day,false,Spring
20180508,2018-05-08,2018,2,5,May,2018-05,8,2,Tuesday,false,false,,true,Spring
20180509,2018-05-09,2018,2,5,May,2018-05,9,3,Wednesday,false,false,,true,Spring
20180510,2018-05-10,2018,2,5,May,2018-05,10,4,Thursday,false,false,,true,Spring
20180511,2018-05-11,2018,2,5,May,2018-05,11,5,Friday,false,false,,true,Spring
20180512,2018-05-12,2018,2,5,May,2018-05,12,6,Saturday,true,false,,false,Spring
20180513,2018-05-13,2018,2,5,May,2018-05,13,7,Sunday,true,false,,false,Spring
20180514,2018-05-14,2018,2,5,May,2018-05,14,1,Monday,false,false,,true,Spring
20180515,2018-05-15,2018,2,5,May,2018-05,15,2,Tuesday,false,false,,true,Spring
20180516,2018-05-16,2018,2,5,May,2018-05,16,3,Wednesday,false,false,,true,Spring
20180517,2018-05-17,2018,2,5,May,2018-05,17,4,Thursday,false,false,,true,Spring
20180518,2018-05-18,2018,2,5,May,2018-05,18,5,Friday,false,false,,true,Spring
20180519,2018-05-19,2018,2,5,May,2018-05,19,6,Saturday,true,false,,false,Spring
20180520,2018-05-20,2018,2,5,May,2018-05,20,7,Sunday,true,false,,false,Spring
20180521,2018-05-21,2018,2,5,May,2018-05,21,1,Monday,false,false,,true,Spring
20180522,2018-05-22,2018,2,5,May,2018-05,22,2,Tuesday,false,false,,true,Spring
20180523,2018-05-23,2018,2,5,May,2018-05,23,3,Wednesday,false,false,,true,Spring
20180524,2018-05-24,2018,2,5,May,2018-05,24,4,Thursday,false,false,,true,Spring
20180525,2018-05-25,2018,2,5,May,2018-05,25,5,Friday,false,false,,true,Spring
20180526,2018-05-26,2018,2,5,May,2018-05,26,6,Saturday,true,false,,false,Spring
20180527,2018-05-27,2018,2,5,May,2018-05,27,7,Sunday,true,false,,false,Spring
20180528,2018-05-28,2018,2,5,May,2018-05,28,1,Monday,false,true,Spring Bank Holiday,false,Spring
20180529,2018-05-29,2018,2,5,May,2018-05,29,2,Tuesday,false,false,,true,Spring
20180530,2018-05-30,2018,2,5,May,2018-05,30,3,Wednesday,false,false,,true,Spring
20180531,2018-05-31,2018,2,5,May,2018-05,31,4,Thursday,false,false,,true,Spring
20180601,2018-06-01,2018,2,6,June,2018-06,1,5,Friday,false,false,,true,Summer
20180602,2018-06-02,2018,2,6,June,2018-06,2,6,Saturday,true,false,,false,Summer
20180603,2018-06-03,2018,2,6,June,2018-06,3,7,Sunday,true,false,,false,Summer
20180604,2018-06-04,2018,2,6,June,2018-06,4,1,Monday,false,false,,true,Summer
20180605,2018-06-05,2018,2,6,June,2018-06,5,2,Tuesday,false,false,,true,Summer
20180606,2018-06-06,2018,2,6,June,2018-06,6,3,Wednesday,false,false,,true,Summer
20180607,2018-06-07,2018,2,6,June,2018-06,7,4,Thursday,false,false,,true,Summer
20180608,2018-06-08,2018,2,6,June,2018-06,8,5,Friday,false,false,,true,Summer
20180609,2018-06-09,2018,2,6,June,2018-06,9,6,Saturday,true,false,,false,Summer
20180610,2018-06-10,2018,2,6,June,2018-06,10,7,Sunday,true,false,,false,Summer
20180611,2018-06-11,2018,2,6,June,2018-06,11,1,Monday,false,false,,true,Summer
20180612,2018-06-12,2018,2,6,June,2018-06,12,2,Tuesday,false,false,,true,Summer
20180613,2018-06-13,2018,2,6,June,2018-06,13,3,Wednesday,false,false,,true,Summer
20180614,2018-06-14,2018,2,6,June,2018-06,14,4,Thursday,false,false,,true,Summer
20180615,2018-06-15,2018,2,6,June,2018-06,15,5,Friday,false,false,,true,Summer
20180616,2018-06-16,2018,2,6,June,2018-06,16,6,Saturday,true,false,,false,Summer
20180617,2018-06-17,2018,2,6,June,2018-06,17,7,Sunday,true,false,,false,Summer
20180618,2018-06-18,2018,2,6,June,2018-06,18,1,Monday,false,false,,true,Summer
20180619,2018-06-19,2018,2,6,June,2018-06,19,2,Tuesday,false,false,,true,Summer
20180620,2018-06-20,2018,2,6,June,2018-06,20,3,Wednesday,false,false,,true,Summer
20180621,2018-06-21,2018,2,6,June,2018-06,21,4,Thursday,false,false,,true,Summer
20180622,2018-06-22,2018,2,6,June,2018-06,22,5,Friday,false,false,,true,Summer
20180623,2018-06-23,2018,2,6,June,2018-06,23,6,Saturday,true,false,,false,Summer
20180624,2018-06-24,2018,2,6,June,2018-06,24,7,Sunday,true,false,,false,Summer
20180625,2018-06-25,2018,2,6,June,2018-06,25,1,Monday,false,false,,true,Summer
20180626,2018-06-26,2018,2,6,June,2018-06,26,2,Tuesday,false,false,,true,Summer
20180627,2018-06-27,2018,2,6,June,2018-06,27,3,Wednesday,false,false,,true,Summer
20180628,2018-06-28,2018,2,6,June,2018-06,28,4,Thursday,false,false,,true,Summer
20180629,2018-06-29,2018,2,6,June,2018-06,29,5,Friday,false,false,,true,Summer
20180630,2018-06-30,2018,2,6,June,2018-06,30,6,Saturday,true,false,,false,Summer
20180701,2018-07-01,2018,3,7,July,2018-07,1,7,Sunday,true,false,,false,Summer
20180702,2018-07-02,2018,3,7,July,2018-07,2,1,Monday,false,false,,true,Summer
20180703,2018-07-03,2018,3,7,July,2018-07,3,2,Tuesday,false,false,,true,Summer
20180704,2018-07-04,2018,3,7,July,2018-07,4,3,Wednesday,false,false,,true,Summer
20180705,2018-07-05,2018,3,7,July,2018-07,5,4,Thursday,false,false,,true,Summer
20180706,2018-07-06,2018,3,7,July,2018-07,6,5,Friday,false,false,,true,Summer
20180707,2018-07-07,2018,3,7,July,2018-07,7,6,Saturday,true,false,,false,Summer
20180708,2018-07-08,2018,3,7,July,2018-07,8,7,Sunday,true,false,,false,Summer
20180709,2018-07-09,2018,3,7,July,2018-07,9,1,Monday,false,false,,true,Summer
20180710,2018-07-10,2018,3,7,July,2018-07,10,2,Tuesday,false,false,,true,Summer
20180711,2018-07-11,2018,3,7,July,2018-07,11,3,Wednesday,false,false,,true,Summer
20180712,2018-07-12,2018,3,7,July,2018-07,12,4,Thursday,false,false,,true,Summer
20180713,2018-07-13,2018,3,7,July,2018-07,13,5,Friday,false,false,,true,Summer
20180714,2018-07-14,2018,3,7,July,2018-07,14,6,Saturday,true,false,,false,Summer
20180715,2018-07-15,2018,3,7,July,2018-07,15,7,Sunday,true,false,,false,Summer
20180716,2018-07-16,2018,3,7,July,2018-07,16,1,Monday,false,false,,true,Summer
20180717,2018-07-17,2018,3,7,July,2018-07,17,2,Tuesday,false,false,,true,Summer
20180718,2018-07-18,2018,3,7,July,2018-07,18,3,Wednesday,false,false,,true,Summer
20180719,2018-07-19,2018,3,7,July,2018-07,19,4,Thursday,false,false,,true,Summer
20180720,2018-07-20,2018,3,7,July,2018-07,20,5,Friday,false,false,,true,Summer
20180721,2018-07-21,2018,3,7,July,2018-07,21,6,Saturday,true,false,,false,Summer
20180722,2018-07-22,2018,3,7,July,2018-07,22,7,Sunday,true,false,,false,Summer
20180723,2018-07-23,2018,3,7,July,2018-07,23,1,Monday,false,false,,true,Summer
20180724,2018-07-24,2018,3,7,July,2018-07,24,2,Tuesday,false,false,,true,Summer
20180725,2018-07-25,2018,3,7,July,2018-07,25,3,Wednesday,false,false,,true,Summer
20180726,2018-07-26,2018,3,7,July,2018-07,26,4,Thursday,false,false,,true,Summer
20180727,2018-07-27,2018,3,7,July,2018-07,27,5,Friday,false,false,,true,Summer
20180728,2018-07-28,2018,3,7,July,2018-07,28,6,Saturday,true,false,,false,Summer
20180729,2018-07-29,2018,3,7,July,2018-07,29,7,Sunday,true,false,,false,Summer
20180730,2018-07-30,2018,3,7,July,2018-07,30,1,Monday,false,false,,true,Summer
20180731,2018-07-31,2018,3,7,July,2018-07,31,2,Tuesday,false,false,,true,Summer
20180801,2018-08-01,2018,3,8,August,2018-08,1,3,Wednesday,false,false,,true,Summer
20180802,2018-08-02,2018,3,8,August,2018-08,2,4,Thursday,false,false,,true,Summer
20180803,2018-08-03,2018,3,8,August,2018-08,3,5,Friday,false,false,,true,Summer
20180804,2018-08-04,2018,3,8,August,2018-08,4,6,Saturday,true,false,,false,Summer
20180805,2018-08-05,2018,3,8,August,2018-08,5,7,Sunday,true,false,,false,Summer
20180806,2018-08-06,2018,3,8,August,2018-08,6,1,Monday,false,false,,true,Summer
20180807,2018-08-07,2018,3,8,August,2018-08,7,2,Tuesday,false,false,,true,Summer
20180808,2018-08-08,2018,3,8,August,2018-08,8,3,Wednesday,false,false,,true,Summer
20180809,2018-08-09,2018,3,8,August,2018-08,9,4,Thursday,false,false,,true,Summer
20180810,2018-08-10,2018,3,8,August,2018-08,10,5,Friday,false,false,,true,Summer
20180811,2018-08-11,2018,3,8,August,2018-08,11,6,Saturday,true,false,,false,Summer
20180812,2018-08-12,2018,3,8,August,2018-08,12,7,Sunday,true,false,,false,Summer
20180813,2018-08-13,2018,3,8,August,2018-08,13,1,Monday,false,false,,true,Summer
20180814,2018-08-14,2018,3,8,August,2018-08,14,2,Tuesday,false,false,,true,Summer
20180815,2018-08-15,2018,3,8,August,2018-08,15,3,Wednesday,false,false,,true,Summer
20180816,2018-08-16,2018,3,8,August,2018-08,16,4,Thursday,false,false,,true,Summer
20180817,2018-08-17,2018,3,8,August,2018-08,17,5,Friday,false,false,,true,Summer
20180818,2018-08-18,2018,3,8,August,2018-08,18,6,Saturday,true,false,,false,Summer
20180819,2018-08-19,2018,3,8,August,2018-08,19,7,Sunday,true,false,,false,Summer
20180820,2018-08-20,2018,3,8,August,2018-08,20,1,Monday,false,false,,true,Summer
20180821,2018-08-21,2018,3,8,August,2018-08,21,2,Tuesday,false,false,,true,Summer
20180822,2018-08-22,2018,3,8,August,2018-08,22,3,Wednesday,false,false,,true,Summer
20180823,2018-08-23,2018,3,8,August,2018-08,23,4,Thursday,false,false,,true,Summer
20180824,2018-08-24,2018,3,8,August,2018-08,24,5,Friday,false,false,,true,Summer
20180825,2018-08-25,2018,3,8,August,2018-08,25,6,Saturday,true,false,,false,Summer
20180826,2018-08-26,2018,3,8,August,2018-08,26,7,Sunday,true,false,,false,Summer
20180827,2018-08-27,2018,3,8,August,2018-08,27,1,Monday,false,true,Late Summer Bank Holiday,false,Summer
20180828,2018-08-28,2018,3,8,August,2018-08,28,2,Tuesday,false,false,,true,Summer
20180829,2018-08-29,2018,3,8,August,2018-08,29,3,Wednesday,false,false,,true,Summer
20180830,2018-08-30,2018,3,8,August,2018-08,30,4,Thursday,false,false,,true,Summer
20180831,2018-08-31,2018,3,8,August,2018-08,31,5,Friday,false,false,,true,Summer
20180901,2018-09-01,2018,3,9,September,2018-09,1,6,Saturday,true,false,,false,Autumn
20180902,2018-09-02,2018,3,9,September,2018-09,2,7,Sunday,true,false,,false,Autumn
20180903,2018-09-03,2018,3,9,September,2018-09,3,1,Monday,false,false,,true,Autumn
20180904,2018-09-04,2018,3,9,September,2018-09,4,2,Tuesday,false,false,,true,Autumn
20180905,2018-09-05,2018,3,9,September,2018-09,5,3,Wednesday,false,false,,true,Autumn
20180906,2018-09-06,2018,3,9,September,2018-09,6,4,Thursday,false,false,,true,Autumn
20180907,2018-09-07,2018,3,9,September,2018-09,7,5,Friday,false,false,,true,Autumn
20180908,2018-09-08,2018,3,9,September,2018-09,8,6,Saturday,true,false,,false,Autumn
20180909,2018-09-09,2018,3,9,September,2018-09,9,7,Sunday,true,false,,false,Autumn
20180910,2018-09-10,2018,3,9,September,2018-09,10,1,Monday,false,false,,true,Autumn
20180911,2018-09-11,2018,3,9,September,2018-09,11,2,Tuesday,false,false,,true,Autumn
20180912,2018-09-12,2018,3,9,September,2018-09,12,3,Wednesday,false,false,,true,Autumn
20180913,2018-09-13,2018,3,9,September,2018-09,13,4,Thursday,false,false,,true,Autumn
20180914,2018-09-14,2018,3,9,September,2018-09,14,5,Friday,false,false,,true,Autumn
20180915,2018-09-15,2018,3,9,September,2018-09,15,6,Saturday,true,false,,false,Autumn
20180916,2018-09-16,2018,3,9,September,2018-09,16,7,Sunday,true,false,,false,Autumn
20180917,2018-09-17,2018,3,9,September,2018-09,17,1,Monday,false,false,,true,Autumn
20180918,2018-09-18,2018,3,9,September,2018-09,18,2,Tuesday,false,false,,true,Autumn
20180919,2018-09-19,2018,3,9,September,2018-09,19,3,Wednesday,false,false,,true,Autumn
20180920,2018-09-20,2018,3,9,September,2018-09,20,4,Thursday,false,false,,true,Autumn
20180921,2018-09-21,2018,3,9,September,2018-09,21,5,Friday,false,false,,true,Autumn
20180922,2018-09-22,2018,3,9,September,2018-09,22,6,Saturday,true,false,,false,Autumn
20180923,2018-09-23,2018,3,9,September,2018-09,23,7,Sunday,true,false,,false,Autumn
20180924,2018-09-24,2018,3,9,September,2018-09,24,1,Monday,false,false,,true,Autumn
20180925,2018-09-25,2018,3,9,September,2018-09,25,2,Tuesday,false,false,,true,Autumn
20180926,2018-09-26,2018,3,9,September,2018-09,26,3,Wednesday,false,false,,true,Autumn
20180927,2018-09-27,2018,3,9,September,2018-09,27,4,Thursday,false,false,,true,Autumn
20180928,2018-09-28,2018,3,9,September,2018-09,28,5,Friday,false,false,,true,Autumn
20180929,2018-09-29,2018,3,9,September,2018-09,29,6,Saturday,true,false,,false,Autumn
20180930,2018-09-30,2018,3,9,September,2018-09,30,7,Sunday,true,false,,false,Autumn
20181001,2018-10-01,2018,4,10,October,2018-10,1,1,Monday,false,false,,true,Autumn
20181002,2018-10-02,2018,4,10,October,2018-10,2,2,Tuesday,false,false,,true,Autumn
20181003,2018-10-03,2018,4,10,October,2018-10,3,3,Wednesday,false,false,,true,Autumn
20181004,2018-10-04,2018,4,10,October,2018-10,4,4,Thursday,false,false,,true,Autumn
20181005,2018-10-05,2018,4,10,October,2018-10,5,5,Friday,false,false,,true,Autumn
20181006,2018-10-06,2018,4,10,October,2018-10,6,6,Saturday,true,false,,false,Autumn
20181007,2018-10-07,2018,4,10,October,2018-10,7,7,Sunday,true,false,,false,Autumn
20181008,2018-10-08,2018,4,10,October,2018-10,8,1,Monday,false,false,,true,Autumn
20181009,2018-10-09,2018,4,10,October,2018-10,9,2,Tuesday,false,false,,true,Autumn
20181010,2018-10-10,2018,4,10,October,2018-10,10,3,Wednesday,false,false,,true,Autumn
20181011,2018-10-11,2018,4,10,October,2018-10,11,4,Thursday,false,false,,true,Autumn
20181012,2018-10-12,2018,4,10,October,2018-10,12,5,Friday,false,false,,true,Autumn
20181013,2018-10-13,2018,4,10,October,2018-10,13,6,Saturday,true,false,,false,Autumn
20181014,2018-10-14,2018,4,10,October,2018-10,14,7,Sunday,true,false,,false,Autumn
20181015,2018-10-15,2018,4,10,October,2018-10,15,1,Monday,false,false,,true,Autumn
20181016,2018-10-16,2018,4,10,October,2018-10,16,2,Tuesday,false,false,,true,Autumn
20181017,2018-10-17,2018,4,10,October,2018-10,17,3,Wednesday,false,false,,true,Autumn
20181018,2018-10-18,2018,4,10,October,2018-10,18,4,Thursday,false,false,,true,Autumn
20181019,2018-10-19,2018,4,10,October,2018-10,19,5,Friday,false,false,,true,Autumn
20181020,2018-10-20,2018,4,10,October,2018-10,20,6,Saturday,true,false,,false,Autumn
20181021,2018-10-21,2018,4,10,October,2018-10,21,7,Sunday,true,false,,false,Autumn
20181022,2018-10-22,2018,4,10,October,2018-10,22,1,Monday,false,false,,true,Autumn
20181023,2018-10-23,2018,4,10,October,2018-10,23,2,Tuesday,false,false,,true,Autumn
20181024,2018-10-24,2018,4,10,October,2018-10,24,3,Wednesday,false,false,,true,Autumn
20181025,2018-10-25,2018,4,10,October,2018-10,25,4,Thursday,false,false,,true,Autumn
20181026,2018-10-26,2018,4,10,October,2018-10,26,5,Friday,false,false,,true,Autumn
20181027,2018-10-27,2018,4,10,October,2018-10,27,6,Saturday,true,false,,false,Autumn
20181028,2018-10-28,2018,4,10,October,2018-10,28,7,Sunday,true,false,,false,Autumn
20181029,2018-10-29,2018,4,10,October,2018-10,29,1,Monday,false,false,,true,Autumn
20181030,2018-10-30,2018,4,10,October,2018-10,30,2,Tuesday,false,false,,true,Autumn
20181031,2018-10-31,2018,4,10,October,2018-10,31,3,Wednesday,false,false,,true,Autumn
20181101,2018-11-01,2018,4,11,November,2018-11,1,4,Thursday,false,false,,true,Autumn
20181102,2018-11-02,2018,4,11,November,2018-11,2,5,Friday,false,false,,true,Autumn
20181103,2018-11-03,2018,4,11,November,2018-11,3,6,Saturday,true,false,,false,Autumn
20181104,2018-11-04,2018,4,11,November,2018-11,4,7,Sunday,true,false,,false,Autumn
20181105,2018-11-05,2018,4,11,November,2018-11,5,1,Monday,false,false,,true,Autumn
20181106,2018-11-06,2018,4,11,November,2018-11,6,2,Tuesday,false,false,,true,Autumn
20181107,2018-11-07,2018,4,11,November,2018-11,7,3,Wednesday,false,false,,true,Autumn
20181108,2018-11-08,2018,4,11,November,2018-11,8,4,Thursday,false,false,,true,Autumn
20181109,2018-11-09,2018,4,11,November,2018-11,9,5,Friday,false,false,,true,Autumn
20181110,2018-11-10,2018,4,11,November,2018-11,10,6,Saturday,true,false,,false,Autumn
20181111,2018-11-11,2018,4,11,November,2018-11,11,7,Sunday,true,false,,false,Autumn
20181112,2018-11-12,2018,4,11,November,2018-11,12,1,Monday,false,false,,true,Autumn
20181113,2018-11-13,2018,4,11,November,2018-11,13,2,Tuesday,false,false,,true,Autumn
20181114,2018-11-14,2018,4,11,November,2018-11,14,3,Wednesday,false,false,,true,Autumn
20181115,2018-11-15,2018,4,11,November,2018-11,15,4,Thursday,false,false,,true,Autumn
20181116,2018-11-16,2018,4,11,November,2018-11,16,5,Friday,false,false,,true,Autumn
20181117,2018-11-17,2018,4,11,November,2018-11,17,6,Saturday,true,false,,false,Autumn
20181118,2018-11-18,2018,4,11,November,2018-11,18,7,Sunday,true,false,,false,Autumn
20181119,2018-11-19,2018,4,11,November,2018-11,19,1,Monday,false,false,,true,Autumn
20181120,2018-11-20,2018,4,11,November,2018-11,20,2,Tuesday,false,false,,true,Autumn
20181121,2018-11-21,2018,4,11,November,2018-11,21,3,Wednesday,false,false,,true,Autumn
20181122,2018-11-22,2018,4,11,November,2018-11,22,4,Thursday,false,false,,true,Autumn
20181123,2018-11-23,2018,4,11,November,2018-11,23,5,Friday,false,false,,true,Autumn
20181124,2018-11-24,2018,4,11,November,2018-11,24,6,Saturday,true,false,,false,Autumn
20181125,2018-11-25,2018,4,11,November,2018-11,25,7,Sunday,true,false,,false,Autumn
20181126,2018-11-26,2018,4,11,November,2018-11,26,1,Monday,false,false,,true,Autumn
20181127,2018-11-27,2018,4,11,November,2018-11,27,2,Tuesday,false,false,,true,Autumn
20181128,2018-11-28,2018,4,11,November,2018-11,28,3,Wednesday,false,false,,true,Autumn
20181129,2018-11-29,2018,4,11,November,2018-11,29,4,Thursday,false,false,,true,Autumn
20181130,2018-11-30,2018,4,11,November,2018-11,30,5,Friday,false,false,,true,Autumn
20181201,2018-12-01,2018,4,12,December,2018-12,1,6,Saturday,true,false,,false,Winter
20181202,2018-12-02,2018,4,12,December,2018-12,2,7,Sunday,true,false,,false,Winter
20181203,2018-12-03,2018,4,12,December,2018-12,3,1,Monday,false,false,,true,Winter
20181204,2018-12-04,2018,4,12,December,2018-12,4,2,Tuesday,false,false,,true,Winter
20181205,2018-12-05,2018,4,12,December,2018-12,5,3,Wednesday,false,false,,true,Winter
20181206,2018-12-06,2018,4,12,December,2018-12,6,4,Thursday,false,false,,true,Winter
20181207,2018-12-07,2018,4,12,December,2018-12,7,5,Friday,false,false,,true,Winter
20181208,2018-12-08,2018,4,12,December,2018-12,8,6,Saturday,true,false,,false,Winter
20181209,2018-12-09,2018,4,12,December,2018-12,9,7,Sunday,true,false,,false,Winter
20181210,2018-12-10,2018,4,12,December,2018-12,10,1,Monday,false,false,,true,Winter
20181211,2018-12-11,2018,4,12,December,2018-12,11,2,Tuesday,false,false,,true,Winter
20181212,2018-12-12,2018,4,12,December,2018-12,12,3,Wednesday,false,false,,true,Winter
20181213,2018-12-13,2018,4,12,December,2018-12,13,4,Thursday,false,false,,true,Winter
20181214,2018-12-14,2018,4,12,December,2018-12,14,5,Friday,false,false,,true,Winter
20181215,2018-12-15,2018,4,12,December,2018-12,15,6,Saturday,true,false,,false,Winter
20181216,2018-12-16,2018,4,12,December,2018-12,16,7,Sunday,true,false,,false,Winter
20181217,2018-12-17,2018,4,12,December,2018-12,17,1,Monday,false,false,,true,Winter
20181218,2018-12-18,2018,4,12,December,2018-12,18,2,Tuesday,false,false,,true,Winter
20181219,2018-12-19,2018,4,12,December,2018-12,19,3,Wednesday,false,false,,true,Winter
20181220,2018-12-20,2018,4,12,December,2018-12,20,4,Thursday,false,false,,true,Winter
20181221,2018-12-21,2018,4,12,December,2018-12,21,5,Friday,false,false,,true,Winter
20181222,2018-12-22,2018,4,12,December,2018-12,22,6,Saturday,true,false,,false,Winter
20181223,2018-12-23,2018,4,12,December,2018-12,23,7,Sunday,true,false,,false,Winter
20181224,2018-12-24,2018,4,12,December,2018-12,24,1,Monday,false,false,,true,Winter
20181225,2018-12-25,2018,4,12,December,2018-12,25,2,Tuesday,false,true,Christmas Day,false,Winter
20181226,2018-12-26,2018,4,12,December,2018-12,26,3,Wednesday,false,true,Boxing Day,false,Winter
20181227,2018-12-27,2018,4,12,December,2018-12,27,4,Thursday,false,false,,true,Winter
20181228,2018-12-28,2018,4,12,December,2018-12,28,5,Friday,false,false,,true,Winter
20181229,2018-12-29,2018,4,12,December,2018-12,29,6,Saturday,true,false,,false,Winter
20181230,2018-12-30,2018,4,12,December,2018-12,30,7,Sunday,true,false,,false,Winter
20181231,2018-12-31,2018,4,12,December,2018-12,31,1,Monday,false,false,,true,Winter
20190101,2019-01-01,2019,1,1,January,2019-01,1,2,Tuesday,false,true,New Year's Day,false,Winter
20190102,2019-01-02,2019,1,1,January,2019-01,2,3,Wednesday,false,false,,true,Winter
20190103,2019-01-03,2019,1,1,January,2019-01,3,4,Thursday,false,false,,true,Winter
20190104,2019-01-04,2019,1,1,January,2019-01,4,5,Friday,false,false,,true,Winter
20190105,2019-01-05,2019,1,1,January,2019-01,5,6,Saturday,true,false,,false,Winter
20190106,2019-01-06,2019,1,1,January,2019-01,6,7,Sunday,true,false,,false,Winter
20190107,2019-01-07,2019,1,1,January,2019-01,7,1,Monday,false,false,,true,Winter
20190108,2019-01-08,2019,1,1,January,2019-01,8,2,Tuesday,false,false,,true,Winter
20190109,2019-01-09,2019,1,1,January,2019-01,9,3,Wednesday,false,false,,true,Winter
20190110,2019-01-10,2019,1,1,January,2019-01,10,4,Thursday,false,false,,true,Winter
20190111,2019-01-11,2019,1,1,January,2019-01,11,5,Friday,false,false,,true,Winter
20190112,2019-01-12,2019,1,1,January,2019-01,12,6,Saturday,true,false,,false,Winter
20190113,2019-01-13,2019,1,1,January,2019-01,13,7,Sunday,true,false,,false,Winter
20190114,2019-01-14,2019,1,1,January,2019-01,14,1,Monday,false,false,,true,Winter
20190115,2019-01-15,2019,1,1,January,2019-01,15,2,Tuesday,false,false,,true,Winter
20190116,2019-01-16,2019,1,1,January,2019-01,16,3,Wednesday,false,false,,true,Winter
20190117,2019-01-17,2019,1,1,January,2019-01,17,4,Thursday,false,false,,true,Winter
20190118,2019-01-18,2019,1,1,January,2019-01,18,5,Friday,false,false,,true,Winter
20190119,2019-01-19,2019,1,1,January,2019-01,19,6,Saturday,true,false,,false,Winter
20190120,2019-01-20,2019,1,1,January,2019-01,20,7,Sunday,true,false,,false,Winter
20190121,2019-01-21,2019,1,1,January,2019-01,21,1,Monday,false,false,,true,Winter
20190122,2019-01-22,2019,1,1,January,2019-01,22,2,Tuesday,false,false,,true,Winter
20190123,2019-01-23,2019,1,1,January,2019-01,23,3,Wednesday,false,false,,true,Winter
20190124,2019-01-24,2019,1,1,January,2019-01,24,4,Thursday,false,false,,true,Winter
20190125,2019-01-25,2019,1,1,January,2019-01,25,5,Friday,false,false,,true,Winter
20190126,2019-01-26,2019,1,1,January,2019-01,26,6,Saturday,true,false,,false,Winter
20190127,2019-01-27,2019,1,1,January,2019-01,27,7,Sunday,true,false,,false,Winter
20190128,2019-01-28,2019,1,1,January,2019-01,28,1,Monday,false,false,,true,Winter
20190129,2019-01-29,2019,1,1,January,2019-01,29,2,Tuesday,false,false,,true,Winter
20190130,2019-01-30,2019,1,1,January,2019-01,30,3,Wednesday,false,false,,true,Winter
20190131,2019-01-31,2019,1,1,January,2019-01,31,4,Thursday,false,false,,true,Winter
20190201,2019-02-01,2019,1,2,February,2019-02,1,5,Friday,false,false,,true,Winter
20190202,2019-02-02,2019,1,2,February,2019-02,2,6,Saturday,true,false,,false,Winter
20190203,2019-02-03,2019,1,2,February,2019-02,3,7,Sunday,true,false,,false,Winter
20190204,2019-02-04,2019,1,2,February,2019-02,4,1,Monday,false,false,,true,Winter
20190205,2019-02-05,2019,1,2,February,2019-02,5,2,Tuesday,false,false,,true,Winter
20190206,2019-02-06,2019,1,2,February,2019-02,6,3,Wednesday,false,false,,true,Winter
20190207,2019-02-07,2019,1,2,February,2019-02,7,4,Thursday,false,false,,true,Winter
20190208,2019-02-08,2019,1,2,February,2019-02,8,5,Friday,false,false,,true,Winter
20190209,2019-02-09,2019,1,2,February,2019-02,9,6,Saturday,true,false,,false,Winter
20190210,2019-02-10,2019,1,2,February,2019-02,10,7,Sunday,true,false,,false,Winter
20190211,2019-02-11,2019,1,2,February,2019-02,11,1,Monday,false,false,,true,Winter
20190212,2019-02-12,2019,1,2,February,2019-02,12,2,Tuesday,false,false,,true,Winter
20190213,2019-02-13,2019,1,2,February,2019-02,13,3,Wednesday,false,false,,true,Winter
20190214,2019-02-14,2019,1,2,February,2019-02,14,4,Thursday,false,false,,true,Winter
20190215,2019-02-15,2019,1,2,February,2019-02,15,5,Friday,false,false,,true,Winter
20190216,2019-02-16,2019,1,2,February,2019-02,16,6,Saturday,true,false,,false,Winter
20190217,2019-02-17,2019,1,2,February,2019-02,17,7,Sunday,true,false,,false,Winter
20190218,2019-02-18,2019,1,2,February,2019-02,18,1,Monday,false,false,,true,Winter
20190219,2019-02-19,2019,1,2,February,2019-02,19,2,Tuesday,false,false,,true,Winter
20190220,2019-02-20,2019,1,2,February,2019-02,20,3,Wednesday,false,false,,true,Winter
20190221,2019-02-21,2019,1,2,February,2019-02,21,4,Thursday,false,false,,true,Winter
20190222,2019-02-22,2019,1,2,February,2019-02,22,5,Friday,false,false,,true,Winter
20190223,2019-02-23,2019,1,2,February,2019-02,23,6,Saturday,true,false,,false,Winter
20190224,2019-02-24,2019,1,2,February,2019-02,24,7,Sunday,true,false,,false,Winter
20190225,2019-02-25,2019,1,2,February,2019-02,25,1,Monday,false,false,,true,Winter
20190226,2019-02-26,2019,1,2,February,2019-02,26,2,Tuesday,false,false,,true,Winter
20190227,2019-02-27,2019,1,2,February,2019-02,27,3,Wednesday,false,false,,true,Winter
20190228,2019-02-28,2019,1,2,February,2019-02,28,4,Thursday,false,false,,true,Winter
20190301,2019-03-01,2019,1,3,March,2019-03,1,5,Friday,false,false,,true,Spring
20190302,2019-03-02,2019,1,3,March,2019-03,2,6,Saturday,true,false,,false,Spring
20190303,2019-03-03,2019,1,3,March,2019-03,3,7,Sunday,true,false,,false,Spring
20190304,2019-03-04,2019,1,3,March,2019-03,4,1,Monday,false,false,,true,Spring
20190305,2019-03-05,2019,1,3,March,2019-03,5,2,Tuesday,false,false,,true,Spring
20190306,2019-03-06,2019,1,3,March,2019-03,6,3,Wednesday,false,false,,true,Spring
20190307,2019-03-07,2019,1,3,March,2019-03,7,4,Thursday,false,false,,true,Spring
20190308,2019-03-08,2019,1,3,March,2019-03,8,5,Friday,false,false,,true,Spring
20190309,2019-03-09,2019,1,3,March,2019-03,9,6,Saturday,true,false,,false,Spring
20190310,2019-03-10,2019,1,3,March,2019-03,10,7,Sunday,true,false,,false,Spring
20190311,2019-03-11,2019,1,3,March,2019-03,11,1,Monday,false,false,,true,Spring
20190312,2019-03-12,2019,1,3,March,2019-03,12,2,Tuesday,false,false,,true,Spring
20190313,2019-03-13,2019,1,3,March,2019-03,13,3,Wednesday,false,false,,true,Spring
20190314,2019-03-14,2019,1,3,March,2019-03,14,4,Thursday,false,false,,true,Spring
20190315,2019-03-15,2019,1,3,March,2019-03,15,5,Friday,false,false,,true,Spring
20190316,2019-03-16,2019,1,3,March,2019-03,16,6,Saturday,true,false,,false,Spring
20190317,2019-03-17,2019,1,3,March,2019-03,17,7,Sunday,true,false,,false,Spring
20190318,2019-03-18,2019,1,3,March,2019-03,18,1,Monday,false,false,,true,Spring
20190319,2019-03-19,2019,1,3,March,2019-03,19,2,Tuesday,false,false,,true,Spring
20190320,2019-03-20,2019,1,3,March,2019-03,20,3,Wednesday,false,false,,true,Spring
20190321,2019-03-21,2019,1,3,March,2019-03,21,4,Thursday,false,false,,true,Spring
20190322,2019-03-22,2019,1,3,March,2019-03,22,5,Friday,false,false,,true,Spring
20190323,2019-03-23,2019,1,3,March,2019-03,23,6,Saturday,true,false,,false,Spring
20190324,2019-03-24,2019,1,3,March,2019-03,24,7,Sunday,true,false,,false,Spring
20190325,2019-03-25,2019,1,3,March,2019-03,25,1,Monday,false,false,,true,Spring
20190326,2019-03-26,2019,1,3,March,2019-03,26,2,Tuesday,false,false,,true,Spring
20190327,2019-03-27,2019,1,3,March,2019-03,27,3,Wednesday,false,false,,true,Spring
20190328,2019-03-28,2019,1,3,March,2019-03,28,4,Thursday,false,false,,true,Spring
20190329,2019-03-29,2019,1,3,March,2019-03,29,5,Friday,false,false,,true,Spring
20190330,2019-03-30,2019,1,3,March,2019-03,30,6,Saturday,true,false,,false,Spring
20190331,2019-03-31,2019,1,3,March,2019-03,31,7,Sunday,true,false,,false,Spring
20190401,2019-04-01,2019,2,4,April,2019-04,1,1,Monday,false,false,,true,Spring
20190402,2019-04-02,2019,2,4,April,2019-04,2,2,Tuesday,false,false,,true,Spring
20190403,2019-04-03,2019,2,4,April,2019-04,3,3,Wednesday,false,false,,true,Spring
20190404,2019-04-04,2019,2,4,April,2019-04,4,4,Thursday,false,false,,true,Spring
20190405,2019-04-05,2019,2,4,April,2019-04,5,5,Friday,false,false,,true,Spring
20190406,2019-04-06,2019,2,4,April,2019-04,6,6,Saturday,true,false,,false,Spring
20190407,2019-04-07,2019,2,4,April,2019-04,7,7,Sunday,true,false,,false,Spring
20190408,2019-04-08,2019,2,4,April,2019-04,8,1,Monday,false,false,,true,Spring
20190409,2019-04-09,2019,2,4,April,2019-04,9,2,Tuesday,false,false,,true,Spring
20190410,2019-04-10,2019,2,4,April,2019-04,10,3,Wednesday,false,false,,true,Spring
20190411,2019-04-11,2019,2,4,April,2019-04,11,4,Thursday,false,false,,true,Spring
20190412,2019-04-12,2019,2,4,April,2019-04,12,5,Friday,false,false,,true,Spring
20190413,2019-04-13,2019,2,4,April,2019-04,13,6,Saturday,true,false,,false,Spring
20190414,2019-04-14,2019,2,4,April,2019-04,14,7,Sunday,true,false,,false,Spring
20190415,2019-04-15,2019,2,4,April,2019-04,15,1,Monday,false,false,,true,Spring
20190416,2019-04-16,2019,2,4,April,2019-04,16,2,Tuesday,false,false,,true,Spring
20190417,2019-04-17,2019,2,4,April,2019-04,17,3,Wednesday,false,false,,true,Spring
20190418,2019-04-18,2019,2,4,April,2019-04,18,4,Thursday,false,false,,true,Spring
20190419,2019-04-19,2019,2,4,April,2019-04,19,5,Friday,false,true,Good Friday,false,Spring
20190420,2019-04-20,2019,2,4,April,2019-04,20,6,Saturday,true,false,,false,Spring
20190421,2019-04-21,2019,2,4,April,2019-04,21,7,Sunday,true,false,,false,Spring
20190422,2019-04-22,2019,2,4,April,2019-04,22,1,Monday,false,true,Easter Monday,false,Spring
20190423,2019-04-23,2019,2,4,April,2019-04,23,2,Tuesday,false,false,,true,Spring
20190424,2019-04-24,2019,2,4,April,2019-04,24,3,Wednesday,false,false,,true,Spring
20190425,2019-04-25,2019,2,4,April,2019-04,25,4,Thursday,false,false,,true,Spring
20190426,2019-04-26,2019,2,4,April,2019-04,26,5,Friday,false,false,,true,Spring
20190427,2019-04-27,2019,2,4,April,2019-04,27,6,Saturday,true,false,,false,Spring
20190428,2019-04-28,2019,2,4,April,2019-04,28,7,Sunday,true,false,,false,Spring
20190429,2019-04-29,2019,2,4,April,2019-04,29,1,Monday,false,false,,true,Spring
20190430,2019-04-30,2019,2,4,April,2019-04,30,2,Tuesday,false,false,,true,Spring
20190501,2019-05-01,2019,2,5,May,2019-05,1,3,Wednesday,false,false,,true,Spring
20190502,2019-05-02,2019,2,5,May,2019-05,2,4,Thursday,false,false,,true,Spring
20190503,2019-05-03,2019,2,5,May,2019-05,3,5,Friday,false,false,,true,Spring
20190504,2019-05-04,2019,2,5,May,2019-05,4,6,Saturday,true,false,,false,Spring
20190505,2019-05-05,2019,2,5,May,2019-05,5,7,Sunday,true,false,,false,Spring
20190506,2019-05-06,2019,2,5,May,2019-05,6,1,Monday,false,true,May Day,false,Spring
20190507,2019-05-07,2019,2,5,May,2019-05,7,2,Tuesday,false,false,,true,Spring
20190508,2019-05-08,2019,2,5,May,2019-05,8,3,Wednesday,false,false,,true,Spring
20190509,2019-05-09,2019,2,5,May,2019-05,9,4,Thursday,false,false,,true,Spring
20190510,2019-05-10,2019,2,5,May,2019-05,10,5,Friday,false,false,,true,Spring
20190511,2019-05-11,2019,2,5,May,2019-05,11,6,Saturday,true,false,,false,Spring
20190512,2019-05-12,2019,2,5,May,2019-05,12,7,Sunday,true,false,,false,Spring
20190513,2019-05-13,2019,2,5,May,2019-05,13,1,Monday,false,false,,true,Spring
20190514,2019-05-14,2019,2,5,May,2019-05,14,2,Tuesday,false,false,,true,Spring
20190515,2019-05-15,2019,2,5,May,2019-05,15,3,Wednesday,false,false,,true,Spring
20190516,2019-05-16,2019,2,5,May,2019-05,16,4,Thursday,false,false,,true,Spring
20190517,2019-05-17,2019,2,5,May,2019-05,17,5,Friday,false,false,,true,Spring
20190518,2019-05-18,2019,2,5,May,2019-05,18,6,Saturday,true,false,,false,Spring
20190519,2019-05-19,2019,2,5,May,2019-05,19,7,Sunday,true,false,,false,Spring
20190520,2019-05-20,2019,2,5,May,2019-05,20,1,Monday,false,false,,true,Spring
20190521,2019-05-21,2019,2,5,May,2019-05,21,2,Tuesday,false,false,,true,Spring
20190522,2019-05-22,2019,2,5,May,2019-05,22,3,Wednesday,false,false,,true,Spring
20190523,2019-05-23,2019,2,5,May,2019-05,23,4,Thursday,false,false,,true,Spring
20190524,2019-05-24,2019,2,5,May,2019-05,24,5,Friday,false,false,,true,Spring
20190525,2019-05-25,2019,2,5,May,2019-05,25,6,Saturday,true,false,,false,Spring
20190526,2019-05-26,2019,2,5,May,2019-05,26,7,Sunday,true,false,,false,Spring
20190527,2019-05-27,2019,2,5,May,2019-05,27,1,Monday,false,true,Spring Bank Holiday,false,Spring
20190528,2019-05-28,2019,2,5,May,2019-05,28,2,Tuesday,false,false,,true,Spring
20190529,2019-05-29,2019,2,5,May,2019-05,29,3,Wednesday,false,false,,true,Spring
20190530,2019-05-30,2019,2,5,May,2019-05,30,4,Thursday,false,false,,true,Spring
20190531,2019-05-31,2019,2,5,May,2019-05,31,5,Friday,false,false,,true,Spring
20190601,2019-06-01,2019,2,6,June,2019-06,1,6,Saturday,true,false,,false,Summer
20190602,2019-06-02,2019,2,6,June,2019-06,2,7,Sunday,true,false,,false,Summer
20190603,2019-06-03,2019,2,6,June,2019-06,3,1,Monday,false,false,,true,Summer
20190604,2019-06-04,2019,2,6,June,2019-06,4,2,Tuesday,false,false,,true,Summer
20190605,2019-06-05,2019,2,6,June,2019-06,5,3,Wednesday,false,false,,true,Summer
20190606,2019-06-06,2019,2,6,June,2019-06,6,4,Thursday,false,false,,true,Summer
20190607,2019-06-07,2019,2,6,June,2019-06,7,5,Friday,false,false,,true,Summer
20190608,2019-06-08,2019,2,6,June,2019-06,8,6,Saturday,true,false,,false,Summer
20190609,2019-06-09,2019,2,6,June,2019-06,9,7,Sunday,true,false,,false,Summer
20190610,2019-06-10,2019,2,6,June,2019-06,10,1,Monday,false,false,,true,Summer
20190611,2019-06-11,2019,2,6,June,2019-06,11,2,Tuesday,false,false,,true,Summer
20190612,2019-06-12,2019,2,6,June,2019-06,12,3,Wednesday,false,false,,true,Summer
20190613,2019-06-13,2019,2,6,June,2019-06,13,4,Thursday,false,false,,true,Summer
20190614,2019-06-14,2019,2,6,June,2019-06,14,5,Friday,false,false,,true,Summer
20190615,2019-06-15,2019,2,6,June,2019-06,15,6,Saturday,true,false,,false,Summer
20190616,2019-06-16,2019,2,6,June,2019-06,16,7,Sunday,true,false,,false,Summer
20190617,2019-06-17,2019,2,6,June,2019-06,17,1,Monday,false,false,,true,Summer
20190618,2019-06-18,2019,2,6,June,2019-06,18,2,Tuesday,false,false,,true,Summer
20190619,2019-06-19,2019,2,6,June,2019-06,19,3,Wednesday,false,false,,true,Summer
20190620,2019-06-20,2019,2,6,June,2019-06,20,4,Thursday,false,false,,true,Summer
20190621,2019-06-21,2019,2,6,June,2019-06,21,5,Friday,false,false,,true,Summer
20190622,2019-06-22,2019,2,6,June,2019-06,22,6,Saturday,true,false,,false,Summer
20190623,2019-06-23,2019,2,6,June,2019-06,23,7,Sunday,true,false,,false,Summer
20190624,2019-06-24,2019,2,6,June,2019-06,24,1,Monday,false,false,,true,Summer
20190625,2019-06-25,2019,2,6,June,2019-06,25,2,Tuesday,false,false,,true,Summer
20190626,2019-06-26,2019,2,6,June,2019-06,26,3,Wednesday,false,false,,true,Summer
20190627,2019-06-27,2019,2,6,June,2019-06,27,4,Thursday,false,false,,true,Summer
20190628,2019-06-28,2019,2,6,June,2019-06,28,5,Friday,false,false,,true,Summer
20190629,2019-06-29,2019,2,6,June,2019-06,29,6,Saturday,true,false,,false,Summer
20190630,2019-06-30,2019,2,6,June,2019-06,30,7,Sunday,true,false,,false,Summer
20190701,2019-07-01,2019,3,7,July,2019-07,1,1,Monday,false,false,,true,Summer
20190702,2019-07-02,2019,3,7,July,2019-07,2,2,Tuesday,false,false,,true,Summer
20190703,2019-07-03,2019,3,7,July,2019-07,3,3,Wednesday,false,false,,true,Summer
20190704,2019-07-04,2019,3,7,July,2019-07,4,4,Thursday,false,false,,true,Summer
20190705,2019-07-05,2019,3,7,July,2019-07,5,5,Friday,false,false,,true,Summer
20190706,2019-07-06,2019,3,7,July,2019-07,6,6,Saturday,true,false,,false,Summer
20190707,2019-07-07,2019,3,7,July,2019-07,7,7,Sunday,true,false,,false,Summer
20190708,2019-07-08,2019,3,7,July,2019-07,8,1,Monday,false,false,,true,Summer
20190709,2019-07-09,2019,3,7,July,2019-07,9,2,Tuesday,false,false,,true,Summer
20190710,2019-07-10,2019,3,7,July,2019-07,10,3,Wednesday,false,false,,true,Summer
20190711,2019-07-11,2019,3,7,July,2019-07,11,4,Thursday,false,false,,true,Summer
20190712,2019-07-12,2019,3,7,July,2019-07,12,5,Friday,false,false,,true,Summer
20190713,2019-07-13,2019,3,7,July,2019-07,13,6,Saturday,true,false,,false,Summer
20190714,2019-07-14,2019,3,7,July,2019-07,14,7,Sunday,true,false,,false,Summer
20190715,2019-07-15,2019,3,7,July,2019-07,15,1,Monday,false,false,,true,Summer
20190716,2019-07-16,2019,3,7,July,2019-07,16,2,Tuesday,false,false,,true,Summer
20190717,2019-07-17,2019,3,7,July,2019-07,17,3,Wednesday,false,false,,true,Summer
20190718,2019-07-18,2019,3,7,July,2019-07,18,4,Thursday,false,false,,true,Summer
20190719,2019-07-19,2019,3,7,July,2019-07,19,5,Friday,false,false,,true,Summer
20190720,2019-07-20,2019,3,7,July,2019-07,20,6,Saturday,true,false,,false,Summer
20190721,2019-07-21,2019,3,7,July,2019-07,21,7,Sunday,true,false,,false,Summer
20190722,2019-07-22,2019,3,7,July,2019-07,22,1,Monday,false,false,,true,Summer
20190723,2019-07-23,2019,3,7,July,2019-07,23,2,Tuesday,false,false,,true,Summer
20190724,2019-07-24,2019,3,7,July,2019-07,24,3,Wednesday,false,false,,true,Summer
20190725,2019-07-25,2019,3,7,July,2019-07,25,4,Thursday,false,false,,true,Summer
20190726,2019-07-26,2019,3,7,July,2019-07,26,5,Friday,false,false,,true,Summer
20190727,2019-07-27,2019,3,7,July,2019-07,27,6,Saturday,true,false,,false,Summer
20190728,2019-07-28,2019,3,7,July,2019-07,28,7,Sunday,true,false,,false,Summer
20190729,2019-07-29,2019,3,7,July,2019-07,29,1,Monday,false,false,,true,Summer
20190730,2019-07-30,2019,3,7,July,2019-07,30,2,Tuesday,false,false,,true,Summer
20190731,2019-07-31,2019,3,7,July,2019-07,31,3,Wednesday,false,false,,true,Summer
20190801,2019-08-01,2019,3,8,August,2019-08,1,4,Thursday,false,false,,true,Summer
20190802,2019-08-02,2019,3,8,August,2019-08,2,5,Friday,false,false,,true,Summer
20190803,2019-08-03,2019,3,8,August,2019-08,3,6,Saturday,true,false,,false,Summer
20190804,2019-08-04,2019,3,8,August,2019-08,4,7,Sunday,true,false,,false,Summer
20190805,2019-08-05,2019,3,8,August,2019-08,5,1,Monday,false,false,,true,Summer
20190806,2019-08-06,2019,3,8,August,2019-08,6,2,Tuesday,false,false,,true,Summer
20190807,2019-08-07,2019,3,8,August,2019-08,7,3,Wednesday,false,false,,true,Summer
20190808,2019-08-08,2019,3,8,August,2019-08,8,4,Thursday,false,false,,true,Summer
20190809,2019-08-09,2019,3,8,August,2019-08,9,5,Friday,false,false,,true,Summer
20190810,2019-08-10,2019,3,8,August,2019-08,10,6,Saturday,true,false,,false,Summer
20190811,2019-08-11,2019,3,8,August,2019-08,11,7,Sunday,true,false,,false,Summer
20190812,2019-08-12,2019,3,8,August,2019-08,12,1,Monday,false,false,,true,Summer
20190813,2019-08-13,2019,3,8,August,2019-08,13,2,Tuesday,false,false,,true,Summer
20190814,2019-08-14,2019,3,8,August,2019-08,14,3,Wednesday,false,false,,true,Summer
20190815,2019-08-15,2019,3,8,August,2019-08,15,4,Thursday,false,false,,true,Summer
20190816,2019-08-16,2019,3,8,August,2019-08,16,5,Friday,false,false,,true,Summer
20190817,2019-08-17,2019,3,8,August,2019-08,17,6,Saturday,true,false,,false,Summer
20190818,2019-08-18,2019,3,8,August,2019-08,18,7,Sunday,true,false,,false,Summer
20190819,2019-08-19,2019,3,8,August,2019-08,19,1,Monday,false,false,,true,Summer
20190820,2019-08-20,2019,3,8,August,2019-08,20,2,Tuesday,false,false,,true,Summer
20190821,2019-08-21,2019,3,8,August,2019-08,21,3,Wednesday,false,false,,true,Summer
20190822,2019-08-22,2019,3,8,August,2019-08,22,4,Thursday,false,false,,true,Summer
20190823,2019-08-23,2019,3,8,August,2019-08,23,5,Friday,false,false,,true,Summer
20190824,2019-08-24,2019,3,8,August,2019-08,24,6,Saturday,true,false,,false,Summer
20190825,2019-08-25,2019,3,8,August,2019-08,25,7,Sunday,true,false,,false,Summer
20190826,2019-08-26,2019,3,8,August,2019-08,26,1,Monday,false,true,Late Summer Bank Holiday,false,Summer
20190827,2019-08-27,2019,3,8,August,2019-08,27,2,Tuesday,false,false,,true,Summer
20190828,2019-08-28,2019,3,8,August,2019-08,28,3,Wednesday,false,false,,true,Summer
20190829,2019-08-29,2019,3,8,August,2019-08,29,4,Thursday,false,false,,true,Summer
20190830,2019-08-30,2019,3,8,August,2019-08,30,5,Friday,false,false,,true,Summer
20190831,2019-08-31,2019,3,8,August,2019-08,31,6,Saturday,true,false,,false,Summer
20190901,2019-09-01,2019,3,9,September,2019-09,1,7,Sunday,true,false,,false,Autumn
20190902,2019-09-02,2019,3,9,September,2019-09,2,1,Monday,false,false,,true,Autumn
20190903,2019-09-03,2019,3,9,September,2019-09,3,2,Tuesday,false,false,,true,Autumn
20190904,2019-09-04,2019,3,9,September,2019-09,4,3,Wednesday,false,false,,true,Autumn
20190905,2019-09-05,2019,3,9,September,2019-09,5,4,Thursday,false,false,,true,Autumn
20190906,2019-09-06,2019,3,9,September,2019-09,6,5,Friday,false,false,,true,Autumn
20190907,2019-09-07,2019,3,9,September,2019-09,7,6,Saturday,true,false,,false,Autumn
20190908,2019-09-08,2019,3,9,September,2019-09,8,7,Sunday,true,false,,false,Autumn
20190909,2019-09-09,2019,3,9,September,2019-09,9,1,Monday,false,false,,true,Autumn
20190910,2019-09-10,2019,3,9,September,2019-09,10,2,Tuesday,false,false,,true,Autumn
20190911,2019-09-11,2019,3,9,September,2019-09,11,3,Wednesday,false,false,,true,Autumn
20190912,2019-09-12,2019,3,9,September,2019-09,12,4,Thursday,false,false,,true,Autumn
20190913,2019-09-13,2019,3,9,September,2019-09,13,5,Friday,false,false,,true,Autumn
20190914,2019-09-14,2019,3,9,September,2019-09,14,6,Saturday,true,false,,false,Autumn
20190915,2019-09-15,2019,3,9,September,2019-09,15,7,Sunday,true,false,,false,Autumn
20190916,2019-09-16,2019,3,9,September,2019-09,16,1,Monday,false,false,,true,Autumn
20190917,2019-09-17,2019,3,9,September,2019-09,17,2,Tuesday,false,false,,true,Autumn
20190918,2019-09-18,2019,3,9,September,2019-09,18,3,Wednesday,false,false,,true,Autumn
20190919,2019-09-19,2019,3,9,September,2019-09,19,4,Thursday,false,false,,true,Autumn
20190920,2019-09-20,2019,3,9,September,2019-09,20,5,Friday,false,false,,true,Autumn
20190921,2019-09-21,2019,3,9,September,2019-09,21,6,Saturday,true,false,,false,Autumn
20190922,2019-09-22,2019,3,9,September,2019-09,22,7,Sunday,true,false,,false,Autumn
20190923,2019-09-23,2019,3,9,September,2019-09,23,1,Monday,false,false,,true,Autumn
20190924,2019-09-24,2019,3,9,September,2019-09,24,2,Tuesday,false,false,,true,Autumn
20190925,2019-09-25,2019,3,9,September,2019-09,25,3,Wednesday,false,false,,true,Autumn
20190926,2019-09-26,2019,3,9,September,2019-09,26,4,Thursday,false,false,,true,Autumn
20190927,2019-09-27,2019,3,9,September,2019-09,27,5,Friday,false,false,,true,Autumn
20190928,2019-09-28,2019,3,9,September,2019-09,28,6,Saturday,true,false,,false,Autumn
20190929,2019-09-29,2019,3,9,September,2019-09,29,7,Sunday,true,false,,false,Autumn
20190930,2019-09-30,2019,3,9,September,2019-09,30,1,Monday,false,false,,true,Autumn
20191001,2019-10-01,2019,4,10,October,2019-10,1,2,Tuesday,false,false,,true,Autumn
20191002,2019-10-02,2019,4,10,October,2019-10,2,3,Wednesday,false,false,,true,Autumn
20191003,2019-10-03,2019,4,10,October,2019-10,3,4,Thursday,false,false,,true,Autumn
20191004,2019-10-04,2019,4,10,October,2019-10,4,5,Friday,false,false,,true,Autumn
20191005,2019-10-05,2019,4,10,October,2019-10,5,6,Saturday,true,false,,false,Autumn
20191006,2019-10-06,2019,4,10,October,2019-10,6,7,Sunday,true,false,,false,Autumn
20191007,2019-10-07,2019,4,10,October,2019-10,7,1,Monday,false,false,,true,Autumn
20191008,2019-10-08,2019,4,10,October,2019-10,8,2,Tuesday,false,false,,true,Autumn
20191009,2019-10-09,2019,4,10,October,2019-10,9,3,Wednesday,false,false,,true,Autumn
20191010,2019-10-10,2019,4,10,October,2019-10,10,4,Thursday,false,false,,true,Autumn
20191011,2019-10-11,2019,4,10,October,2019-10,11,5,Friday,false,false,,true,Autumn
20191012,2019-10-12,2019,4,10,October,2019-10,12,6,Saturday,true,false,,false,Autumn
20191013,2019-10-13,2019,4,10,October,2019-10,13,7,Sunday,true,false,,false,Autumn
20191014,2019-10-14,2019,4,10,October,2019-10,14,1,Monday,false,false,,true,Autumn
20191015,2019-10-15,2019,4,10,October,2019-10,15,2,Tuesday,false,false,,true,Autumn
20191016,2019-10-16,2019,4,10,October,2019-10,16,3,Wednesday,false,false,,true,Autumn
20191017,2019-10-17,2019,4,10,October,2019-10,17,4,Thursday,false,false,,true,Autumn
20191018,2019-10-18,2019,4,10,October,2019-10,18,5,Friday,false,false,,true,Autumn
20191019,2019-10-19,2019,4,10,October,2019-10,19,6,Saturday,true,false,,false,Autumn
20191020,2019-10-20,2019,4,10,October,2019-10,20,7,Sunday,true,false,,false,Autumn
20191021,2019-10-21,2019,4,10,October,2019-10,21,1,Monday,false,false,,true,Autumn
20191022,2019-10-22,2019,4,10,October,2019-10,22,2,Tuesday,false,false,,true,Autumn
20191023,2019-10-23,2019,4,10,October,2019-10,23,3,Wednesday,false,false,,true,Autumn
20191024,2019-10-24,2019,4,10,October,2019-10,24,4,Thursday,false,false,,true,Autumn
20191025,2019-10-25,2019,4,10,October,2019-10,25,5,Friday,false,false,,true,Autumn
20191026,2019-10-26,2019,4,10,October,2019-10,26,6,Saturday,true,false,,false,Autumn
20191027,2019-10-27,2019,4,10,October,2019-10,27,7,Sunday,true,false,,false,Autumn
20191028,2019-10-28,2019,4,10,October,2019-10,28,1,Monday,false,false,,true,Autumn
20191029,2019-10-29,2019,4,10,October,2019-10,29,2,Tuesday,false,false,,true,Autumn
20191030,2019-10-30,2019,4,10,October,2019-10,30,3,Wednesday,false,false,,true,Autumn
20191031,2019-10-31,2019,4,10,October,2019-10,31,4,Thursday,false,false,,true,Autumn
20191101,2019-11-01,2019,4,11,November,2019-11,1,5,Friday,false,false,,true,Autumn
20191102,2019-11-02,2019,4,11,November,2019-11,2,6,Saturday,true,false,,false,Autumn
20191103,2019-11-03,2019,4,11,November,2019-11,3,7,Sunday,true,false,,false,Autumn
20191104,2019-11-04,2019,4,11,November,2019-11,4,1,Monday,false,false,,true,Autumn
20191105,2019-11-05,2019,4,11,November,2019-11,5,2,Tuesday,false,false,,true,Autumn
20191106,2019-11-06,2019,4,11,November,2019-11,6,3,Wednesday,false,false,,true,Autumn
20191107,2019-11-07,2019,4,11,November,2019-11,7,4,Thursday,false,false,,true,Autumn
20191108,2019-11-08,2019,4,11,November,2019-11,8,5,Friday,false,false,,true,Autumn
20191109,2019-11-09,2019,4,11,November,2019-11,9,6,Saturday,true,false,,false,Autumn
20191110,2019-11-10,2019,4,11,November,2019-11,10,7,Sunday,true,false,,false,Autumn
20191111,2019-11-11,2019,4,11,November,2019-11,11,1,Monday,false,false,,true,Autumn
20191112,2019-11-12,2019,4,11,November,2019-11,12,2,Tuesday,false,false,,true,Autumn
20191113,2019-11-13,2019,4,11,November,2019-11,13,3,Wednesday,false,false,,true,Autumn
20191114,2019-11-14,2019,4,11,November,2019-11,14,4,Thursday,false,false,,true,Autumn
20191115,2019-11-15,2019,4,11,November,2019-11,15,5,Friday,false,false,,true,Autumn
20191116,2019-11-16,2019,4,11,November,2019-11,16,6,Saturday,true,false,,false,Autumn
20191117,2019-11-17,2019,4,11,November,2019-11,17,7,Sunday,true,false,,false,Autumn
20191118,2019-11-18,2019,4,11,November,2019-11,18,1,Monday,false,false,,true,Autumn
20191119,2019-11-19,2019,4,11,November,2019-11,19,2,Tuesday,false,false,,true,Autumn
20191120,2019-11-20,2019,4,11,November,2019-11,20,3,Wednesday,false,false,,true,Autumn
20191121,2019-11-21,2019,4,11,November,2019-11,21,4,Thursday,false,false,,true,Autumn
20191122,2019-11-22,2019,4,11,November,2019-11,22,5,Friday,false,false,,true,Autumn
20191123,2019-11-23,2019,4,11,November,2019-11,23,6,Saturday,true,false,,false,Autumn
20191124,2019-11-24,2019,4,11,November,2019-11,24,7,Sunday,true,false,,false,Autumn
20191125,2019-11-25,2019,4,11,November,2019-11,25,1,Monday,false,false,,true,Autumn
20191126,2019-11-26,2019,4,11,November,2019-11,26,2,Tuesday,false,false,,true,Autumn
20191127,2019-11-27,2019,4,11,November,2019-11,27,3,Wednesday,false,false,,true,Autumn
20191128,2019-11-28,2019,4,11,November,2019-11,28,4,Thursday,false,false,,true,Autumn
20191129,2019-11-29,2019,4,11,November,2019-11,29,5,Friday,false,false,,true,Autumn
20191130,2019-11-30,2019,4,11,November,2019-11,30,6,Saturday,true,false,,false,Autumn
20191201,2019-12-01,2019,4,12,December,2019-12,1,7,Sunday,true,false,,false,Winter
20191202,2019-12-02,2019,4,12,December,2019-12,2,1,Monday,false,false,,true,Winter
20191203,2019-12-03,2019,4,12,December,2019-12,3,2,Tuesday,false,false,,true,Winter
20191204,2019-12-04,2019,4,12,December,2019-12,4,3,Wednesday,false,false,,true,Winter
20191205,2019-12-05,2019,4,12,December,2019-12,5,4,Thursday,false,false,,true,Winter
20191206,2019-12-06,2019,4,12,December,2019-12,6,5,Friday,false,false,,true,Winter
20191207,2019-12-07,2019,4,12,December,2019-12,7,6,Saturday,true,false,,false,Winter
20191208,2019-12-08,2019,4,12,December,2019-12,8,7,Sunday,true,false,,false,Winter
20191209,2019-12-09,2019,4,12,December,2019-12,9,1,Monday,false,false,,true,Winter
20191210,2019-12-10,2019,4,12,December,2019-12,10,2,Tuesday,false,false,,true,Winter
20191211,2019-12-11,2019,4,12,December,2019-12,11,3,Wednesday,false,false,,true,Winter
20191212,2019-12-12,2019,4,12,December,2019-12,12,4,Thursday,false,false,,true,Winter
20191213,2019-12-13,2019,4,12,December,2019-12,13,5,Friday,false,false,,true,Winter
20191214,2019-12-14,2019,4,12,December,2019-12,14,6,Saturday,true,false,,false,Winter
20191215,2019-12-15,2019,4,12,December,2019-12,15,7,Sunday,true,false,,false,Winter
20191216,2019-12-16,2019,4,12,December,2019-12,16,1,Monday,false,false,,true,Winter
20191217,2019-12-17,2019,4,12,December,2019-12,17,2,Tuesday,false,false,,true,Winter
20191218,2019-12-18,2019,4,12,December,2019-12,18,3,Wednesday,false,false,,true,Winter
20191219,2019-12-19,2019,4,12,December,2019-12,19,4,Thursday,false,false,,true,Winter
20191220,2019-12-20,2019,4,12,December,2019-12,20,5,Friday,false,false,,true,Winter
20191221,2019-12-21,2019,4,12,December,2019-12,21,6,Saturday,true,false,,false,Winter
20191222,2019-12-22,2019,4,12,December,2019-12,22,7,Sunday,true,false,,false,Winter
20191223,2019-12-23,2019,4,12,December,2019-12,23,1,Monday,false,false,,true,Winter
20191224,2019-12-24,2019,4,12,December,2019-12,24,2,Tuesday,false,false,,true,Winter
20191225,2019-12-25,2019,4,12,December,2019-12,25,3,Wednesday,false,true,Christmas Day,false,Winter
20191226,2019-12-26,2019,4,12,December,2019-12,26,4,Thursday,false,true,Boxing Day,false,Winter
20191227,2019-12-27,2019,4,12,December,2019-12,27,5,Friday,false,false,,true,Winter
20191228,2019-12-28,2019,4,12,December,2019-12,28,6,Saturday,true,false,,false,Winter
20191229,2019-12-29,2019,4,12,December,2019-12,29,7,Sunday,true,false,,false,Winter
20191230,2019-12-30,2019,4,12,December,2019-12,30,1,Monday,false,false,,true,Winter
20191231,2019-12-31,2019,4,12,December,2019-12,31,2,Tuesday,false,false,,true,Winter
20200101,2020-01-01,2020,1,1,January,2020-01,1,3,Wednesday,false,true,New Year's Day,false,Winter
20200102,2020-01-02,2020,1,1,January,2020-01,2,4,Thursday,false,false,,true,Winter
20200103,2020-01-03,2020,1,1,January,2020-01,3,5,Friday,false,false,,true,Winter
20200104,2020-01-04,2020,1,1,January,2020-01,4,6,Saturday,true,false,,false,Winter
20200105,2020-01-05,2020,1,1,January,2020-01,5,7,Sunday,true,false,,false,Winter
20200106,2020-01-06,2020,1,1,January,2020-01,6,1,Monday,false,false,,true,Winter
20200107,2020-01-07,2020,1,1,January,2020-01,7,2,Tuesday,false,false,,true,Winter
20200108,2020-01-08,2020,1,1,January,2020-01,8,3,Wednesday,false,false,,true,Winter
20200109,2020-01-09,2020,1,1,January,2020-01,9,4,Thursday,false,false,,true,Winter
20200110,2020-01-10,2020,1,1,January,2020-01,10,5,Friday,false,false,,true,Winter
20200111,2020-01-11,2020,1,1,January,2020-01,11,6,Saturday,true,false,,false,Winter
20200112,2020-01-12,2020,1,1,January,2020-01,12,7,Sunday,true,false,,false,Winter
20200113,2020-01-13,2020,1,1,January,2020-01,13,1,Monday,false,false,,true,Winter
20200114,2020-01-14,2020,1,1,January,2020-01,14,2,Tuesday,false,false,,true,Winter
20200115,2020-01-15,2020,1,1,January,2020-01,15,3,Wednesday,false,false,,true,Winter
20200116,2020-01-16,2020,1,1,January,2020-01,16,4,Thursday,false,false,,true,Winter
20200117,2020-01-17,2020,1,1,January,2020-01,17,5,Friday,false,false,,true,Winter
20200118,2020-01-18,2020,1,1,January,2020-01,18,6,Saturday,true,false,,false,Winter
20200119,2020-01-19,2020,1,1,January,2020-01,19,7,Sunday,true,false,,false,Winter
20200120,2020-01-20,2020,1,1,January,2020-01,20,1,Monday,false,false,,true,Winter
20200121,2020-01-21,2020,1,1,January,2020-01,21,2,Tuesday,false,false,,true,Winter
20200122,2020-01-22,2020,1,1,January,2020-01,22,3,Wednesday,false,false,,true,Winter
20200123,2020-01-23,2020,1,1,January,2020-01,23,4,Thursday,false,false,,true,Winter
20200124,2020-01-24,2020,1,1,January,2020-01,24,5,Friday,false,false,,true,Winter
20200125,2020-01-25,2020,1,1,January,2020-01,25,6,Saturday,true,false,,false,Winter
20200126,2020-01-26,2020,1,1,January,2020-01,26,7,Sunday,true,false,,false,Winter
20200127,2020-01-27,2020,1,1,January,2020-01,27,1,Monday,false,false,,true,Winter
20200128,2020-01-28,2020,1,1,January,2020-01,28,2,Tuesday,false,false,,true,Winter
20200129,2020-01-29,2020,1,1,January,2020-01,29,3,Wednesday,false,false,,true,Winter
20200130,2020-01-30,2020,1,1,January,2020-01,30,4,Thursday,false,false,,true,Winter
20200131,2020-01-31,2020,1,1,January,2020-01,31,5,Friday,false,false,,true,Winter
20200201,2020-02-01,2020,1,2,February,2020-02,1,6,Saturday,true,false,,false,Winter
20200202,2020-02-02,2020,1,2,February,2020-02,2,7,Sunday,true,false,,false,Winter
20200203,2020-02-03,2020,1,2,February,2020-02,3,1,Monday,false,false,,true,Winter
20200204,2020-02-04,2020,1,2,February,2020-02,4,2,Tuesday,false,false,,true,Winter
20200205,2020-02-05,2020,1,2,February,2020-02,5,3,Wednesday,false,false,,true,Winter
20200206,2020-02-06,2020,1,2,February,2020-02,6,4,Thursday,false,false,,true,Winter
20200207,2020-02-07,2020,1,2,February,2020-02,7,5,Friday,false,false,,true,Winter
20200208,2020-02-08,2020,1,2,February,2020-02,8,6,Saturday,true,false,,false,Winter
20200209,2020-02-09,2020,1,2,February,2020-02,9,7,Sunday,true,false,,false,Winter
20200210,2020-02-10,2020,1,2,February,2020-02,10,1,Monday,false,false,,true,Winter
20200211,2020-02-11,2020,1,2,February,2020-02,11,2,Tuesday,false,false,,true,Winter
20200212,2020-02-12,2020,1,2,February,2020-02,12,3,Wednesday,false,false,,true,Winter
20200213,2020-02-13,2020,1,2,February,2020-02,13,4,Thursday,false,false,,true,Winter
20200214,2020-02-14,2020,1,2,February,2020-02,14,5,Friday,false,false,,true,Winter
20200215,2020-02-15,2020,1,2,February,2020-02,15,6,Saturday,true,false,,false,Winter
20200216,2020-02-16,2020,1,2,February,2020-02,16,7,Sunday,true,false,,false,Winter
20200217,2020-02-17,2020,1,2,February,2020-02,17,1,Monday,false,false,,true,Winter
20200218,2020-02-18,2020,1,2,February,2020-02,18,2,Tuesday,false,false,,true,Winter
20200219,2020-02-19,2020,1,2,February,2020-02,19,3,Wednesday,false,false,,true,Winter
20200220,2020-02-20,2020,1,2,February,2020-02,20,4,Thursday,false,false,,true,Winter
20200221,2020-02-21,2020,1,2,February,2020-02,21,5,Friday,false,false,,true,Winter
20200222,2020-02-22,2020,1,2,February,2020-02,22,6,Saturday,true,false,,false,Winter
20200223,2020-02-23,2020,1,2,February,2020-02,23,7,Sunday,true,false,,false,Winter
20200224,2020-02-24,2020,1,2,February,2020-02,24,1,Monday,false,false,,true,Winter
20200225,2020-02-25,2020,1,2,February,2020-02,25,2,Tuesday,false,false,,true,Winter
20200226,2020-02-26,2020,1,2,February,2020-02,26,3,Wednesday,false,false,,true,Winter
20200227,2020-02-27,2020,1,2,February,2020-02,27,4,Thursday,false,false,,true,Winter
20200228,2020-02-28,2020,1,2,February,2020-02,28,5,Friday,false,false,,true,Winter
20200229,2020-02-29,2020,1,2,February,2020-02,29,6,Saturday,true,false,,false,Winter
20200301,2020-03-01,2020,1,3,March,2020-03,1,7,Sunday,true,false,,false,Spring
20200302,2020-03-02,2020,1,3,March,2020-03,2,1,Monday,false,false,,true,Spring
20200303,2020-03-03,2020,1,3,March,2020-03,3,2,Tuesday,false,false,,true,Spring
20200304,2020-03-04,2020,1,3,March,2020-03,4,3,Wednesday,false,false,,true,Spring
20200305,2020-03-05,2020,1,3,March,2020-03,5,4,Thursday,false,false,,true,Spring
20200306,2020-03-06,2020,1,3,March,2020-03,6,5,Friday,false,false,,true,Spring
20200307,2020-03-07,2020,1,3,March,2020-03,7,6,Saturday,true,false,,false,Spring
20200308,2020-03-08,2020,1,3,March,2020-03,8,7,Sunday,true,false,,false,Spring
20200309,2020-03-09,2020,1,3,March,2020-03,9,1,Monday,false,false,,true,Spring
20200310,2020-03-10,2020,1,3,March,2020-03,10,2,Tuesday,false,false,,true,Spring
20200311,2020-03-11,2020,1,3,March,2020-03,11,3,Wednesday,false,false,,true,Spring
20200312,2020-03-12,2020,1,3,March,2020-03,12,4,Thursday,false,false,,true,Spring
20200313,2020-03-13,2020,1,3,March,2020-03,13,5,Friday,false,false,,true,Spring
20200314,2020-03-14,2020,1,3,March,2020-03,14,6,Saturday,true,false,,false,Spring
20200315,2020-03-15,2020,1,3,March,2020-03,15,7,Sunday,true,false,,false,Spring
20200316,2020-03-16,2020,1,3,March,2020-03,16,1,Monday,false,false,,true,Spring
20200317,2020-03-17,2020,1,3,March,2020-03,17,2,Tuesday,false,false,,true,Spring
20200318,2020-03-18,2020,1,3,March,2020-03,18,3,Wednesday,false,false,,true,Spring
20200319,2020-03-19,2020,1,3,March,2020-03,19,4,Thursday,false,false,,true,Spring
20200320,2020-03-20,2020,1,3,March,2020-03,20,5,Friday,false,false,,true,Spring
20200321,2020-03-21,2020,1,3,March,2020-03,21,6,Saturday,true,false,,false,Spring
20200322,2020-03-22,2020,1,3,March,2020-03,22,7,Sunday,true,false,,false,Spring
20200323,2020-03-23,2020,1,3,March,2020-03,23,1,Monday,false,false,,true,Spring
20200324,2020-03-24,2020,1,3,March,2020-03,24,2,Tuesday,false,false,,true,Spring
20200325,2020-03-25,2020,1,3,March,2020-03,25,3,Wednesday,false,false,,true,Spring
20200326,2020-03-26,2020,1,3,March,2020-03,26,4,Thursday,false,false,,true,Spring
20200327,2020-03-27,2020,1,3,March,2020-03,27,5,Friday,false,false,,true,Spring
20200328,2020-03-28,2020,1,3,March,2020-03,28,6,Saturday,true,false,,false,Spring
20200329,2020-03-29,2020,1,3,March,2020-03,29,7,Sunday,true,false,,false,Spring
20200330,2020-03-30,2020,1,3,March,2020-03,30,1,Monday,false,false,,true,Spring
20200331,2020-03-31,2020,1,3,March,2020-03,31,2,Tuesday,false,false,,true,Spring
20200401,2020-04-01,2020,2,4,April,2020-04,1,3,Wednesday,false,false,,true,Spring
20200402,2020-04-02,2020,2,4,April,2020-04,2,4,Thursday,false,false,,true,Spring
20200403,2020-04-03,2020,2,4,April,2020-04,3,5,Friday,false,false,,true,Spring
20200404,2020-04-04,2020,2,4,April,2020-04,4,6,Saturday,true,false,,false,Spring
20200405,2020-04-05,2020,2,4,April,2020-04,5,7,Sunday,true,false,,false,Spring
20200406,2020-04-06,2020,2,4,April,2020-04,6,1,Monday,false,false,,true,Spring
20200407,2020-04-07,2020,2,4,April,2020-04,7,2,Tuesday,false,false,,true,Spring
20200408,2020-04-08,2020,2,4,April,2020-04,8,3,Wednesday,false,false,,true,Spring
20200409,2020-04-09,2020,2,4,April,2020-04,9,4,Thursday,false,false,,true,Spring
20200410,2020-04-10,2020,2,4,April,2020-04,10,5,Friday,false,true,Good Friday,false,Spring
20200411,2020-04-11,2020,2,4,April,2020-04,11,6,Saturday,true,false,,false,Spring
20200412,2020-04-12,2020,2,4,April,2020-04,12,7,Sunday,true,false,,false,Spring
20200413,2020-04-13,2020,2,4,April,2020-04,13,1,Monday,false,true,Easter Monday,false,Spring
20200414,2020-04-14,2020,2,4,April,2020-04,14,2,Tuesday,false,false,,true,Spring
20200415,2020-04-15,2020,2,4,April,2020-04,15,3,Wednesday,false,false,,true,Spring
20200416,2020-04-16,2020,2,4,April,2020-04,16,4,Thursday,false,false,,true,Spring
20200417,2020-04-17,2020,2,4,April,2020-04,17,5,Friday,false,false,,true,Spring
20200418,2020-04-18,2020,2,4,April,2020-04,18,6,Saturday,true,false,,false,Spring
20200419,2020-04-19,2020,2,4,April,2020-04,19,7,Sunday,true,false,,false,Spring
20200420,2020-04-20,2020,2,4,April,2020-04,20,1,Monday,false,false,,true,Spring
20200421,2020-04-21,2020,2,4,April,2020-04,21,2,Tuesday,false,false,,true,Spring
20200422,2020-04-22,2020,2,4,April,2020-04,22,3,Wednesday,false,false,,true,Spring
20200423,2020-04-23,2020,2,4,April,2020-04,23,4,Thursday,false,false,,true,Spring
20200424,2020-04-24,2020,2,4,April,2020-04,24,5,Friday,false,false,,true,Spring
20200425,2020-04-25,2020,2,4,April,2020-04,25,6,Saturday,true,false,,false,Spring
20200426,2020-04-26,2020,2,4,April,2020-04,26,7,Sunday,true,false,,false,Spring
20200427,2020-04-27,2020,2,4,April,2020-04,27,1,Monday,false,false,,true,Spring
20200428,2020-04-28,2020,2,4,April,2020-04,28,2,Tuesday,false,false,,true,Spring
20200429,2020-04-29,2020,2,4,April,2020-04,29,3,Wednesday,false,false,,true,Spring
20200430,2020-04-30,2020,2,4,April,2020-04,30,4,Thursday,false,false,,true,Spring
20200501,2020-05-01,2020,2,5,May,2020-05,1,5,Friday,false,false,,true,Spring
20200502,2020-05-02,2020,2,5,May,2020-05,2,6,Saturday,true,false,,false,Spring
20200503,2020-05-03,2020,2,5,May,2020-05,3,7,Sunday,true,false,,false,Spring
20200504,2020-05-04,2020,2,5,May,2020-05,4,1,Monday,false,false,,true,Spring
20200505,2020-05-05,2020,2,5,May,2020-05,5,2,Tuesday,false,false,,true,Spring
20200506,2020-05-06,2020,2,5,May,2020-05,6,3,Wednesday,false,false,,true,Spring
20200507,2020-05-07,2020,2,5,May,2020-05,7,4,Thursday,false,false,,true,Spring
20200508,2020-05-08,2020,2,5,May,2020-05,8,5,Friday,false,true,May Day,false,Spring
20200509,2020-05-09,2020,2,5,May,2020-05,9,6,Saturday,true,false,,false,Spring
20200510,2020-05-10,2020,2,5,May,2020-05,10,7,Sunday,true,false,,false,Spring
20200511,2020-05-11,2020,2,5,May,2020-05,11,1,Monday,false,false,,true,Spring
20200512,2020-05-12,2020,2,5,May,2020-05,12,2,Tuesday,false,false,,true,Spring
20200513,2020-05-13,2020,2,5,May,2020-05,13,3,Wednesday,false,false,,true,Spring
20200514,2020-05-14,2020,2,5,May,2020-05,14,4,Thursday,false,false,,true,Spring
20200515,2020-05-15,2020,2,5,May,2020-05,15,5,Friday,false,false,,true,Spring
20200516,2020-05-16,2020,2,5,May,2020-05,16,6,Saturday,true,false,,false,Spring
20200517,2020-05-17,2020,2,5,May,2020-05,17,7,Sunday,true,false,,false,Spring
20200518,2020-05-18,2020,2,5,May,2020-05,18,1,Monday,false,false,,true,Spring
20200519,2020-05-19,2020,2,5,May,2020-05,19,2,Tuesday,false,false,,true,Spring
20200520,2020-05-20,2020,2,5,May,2020-05,20,3,Wednesday,false,false,,true,Spring
20200521,2020-05-21,2020,2,5,May,2020-05,21,4,Thursday,false,false,,true,Spring
20200522,2020-05-22,2020,2,5,May,2020-05,22,5,Friday,false,false,,true,Spring
20200523,2020-05-23,2020,2,5,May,2020-05,23,6,Saturday,true,false,,false,Spring
20200524,2020-05-24,2020,2,5,May,2020-05,24,7,Sunday,true,false,,false,Spring
20200525,2020-05-25,2020,2,5,May,2020-05,25,1,Monday,false,true,Spring Bank Holiday,false,Spring
20200526,2020-05-26,2020,2,5,May,2020-05,26,2,Tuesday,false,false,,true,Spring
20200527,2020-05-27,2020,2,5,May,2020-05,27,3,Wednesday,false,false,,true,Spring
20200528,2020-05-28,2020,2,5,May,2020-05,28,4,Thursday,false,false,,true,Spring
20200529,2020-05-29,2020,2,5,May,2020-05,29,5,Friday,false,false,,true,Spring
20200530,2020-05-30,2020,2,5,May,2020-05,30,6,Saturday,true,false,,false,Spring
20200531,2020-05-31,2020,2,5,May,2020-05,31,7,Sunday,true,false,,false,Spring
20200601,2020-06-01,2020,2,6,June,2020-06,1,1,Monday,false,false,,true,Summer
20200602,2020-06-02,2020,2,6,June,2020-06,2,2,Tuesday,false,false,,true,Summer
20200603,2020-06-03,2020,2,6,June,2020-06,3,3,Wednesday,false,false,,true,Summer
20200604,2020-06-04,2020,2,6,June,2020-06,4,4,Thursday,false,false,,true,Summer
20200605,2020-06-05,2020,2,6,June,2020-06,5,5,Friday,false,false,,true,Summer
20200606,2020-06-06,2020,2,6,June,2020-06,6,6,Saturday,true,false,,false,Summer
20200607,2020-06-07,2020,2,6,June,2020-06,7,7,Sunday,true,false,,false,Summer
20200608,2020-06-08,2020,2,6,June,2020-06,8,1,Monday,false,false,,true,Summer
20200609,2020-06-09,2020,2,6,June,2020-06,9,2,Tuesday,false,false,,true,Summer
20200610,2020-06-10,2020,2,6,June,2020-06,10,3,Wednesday,false,false,,true,Summer
20200611,2020-06-11,2020,2,6,June,2020-06,11,4,Thursday,false,false,,true,Summer
20200612,2020-06-12,2020,2,6,June,2020-06,12,5,Friday,false,false,,true,Summer
20200613,2020-06-13,2020,2,6,June,2020-06,13,6,Saturday,true,false,,false,Summer
20200614,2020-06-14,2020,2,6,June,2020-06,14,7,Sunday,true,false,,false,Summer
20200615,2020-06-15,2020,2,6,June,2020-06,15,1,Monday,false,false,,true,Summer
20200616,2020-06-16,2020,2,6,June,2020-06,16,2,Tuesday,false,false,,true,Summer
20200617,2020-06-17,2020,2,6,June,2020-06,17,3,Wednesday,false,false,,true,Summer
20200618,2020-06-18,2020,2,6,June,2020-06,18,4,Thursday,false,false,,true,Summer
20200619,2020-06-19,2020,2,6,June,2020-06,19,5,Friday,false,false,,true,Summer
20200620,2020-06-20,2020,2,6,June,2020-06,20,6,Saturday,true,false,,false,Summer
20200621,2020-06-21,2020,2,6,June,2020-06,21,7,Sunday,true,false,,false,Summer
20200622,2020-06-22,2020,2,6,June,2020-06,22,1,Monday,false,false,,true,Summer
20200623,2020-06-23,2020,2,6,June,2020-06,23,2,Tuesday,false,false,,true,Summer
20200624,2020-06-24,2020,2,6,June,2020-06,24,3,Wednesday,false,false,,true,Summer
20200625,2020-06-25,2020,2,6,June,2020-06,25,4,Thursday,false,false,,true,Summer
20200626,2020-06-26,2020,2,6,June,2020-06,26,5,Friday,false,false,,true,Summer
20200627,2020-06-27,2020,2,6,June,2020-06,27,6,Saturday,true,false,,false,Summer
20200628,2020-06-28,2020,2,6,June,2020-06,28,7,Sunday,true,false,,false,Summer
20200629,2020-06-29,2020,2,6,June,2020-06,29,1,Monday,false,false,,true,Summer
20200630,2020-06-30,2020,2,6,June,2020-06,30,2,Tuesday,false,false,,true,Summer
20200701,2020-07-01,2020,3,7,July,2020-07,1,3,Wednesday,false,false,,true,Summer
20200702,2020-07-02,2020,3,7,July,2020-07,2,4,Thursday,false,false,,true,Summer
20200703,2020-07-03,2020,3,7,July,2020-07,3,5,Friday,false,false,,true,Summer
20200704,2020-07-04,2020,3,7,July,2020-07,4,6,Saturday,true,false,,false,Summer
20200705,2020-07-05,2020,3,7,July,2020-07,5,7,Sunday,true,false,,false,Summer
20200706,2020-07-06,2020,3,7,July,2020-07,6,1,Monday,false,false,,true,Summer
20200707,2020-07-07,2020,3,7,July,2020-07,7,2,Tuesday,false,false,,true,Summer
20200708,2020-07-08,2020,3,7,July,2020-07,8,3,Wednesday,false,false,,true,Summer
20200709,2020-07-09,2020,3,7,July,2020-07,9,4,Thursday,false,false,,true,Summer
20200710,2020-07-10,2020,3,7,July,2020-07,10,5,Friday,false,false,,true,Summer
20200711,2020-07-11,2020,3,7,July,2020-07,11,6,Saturday,true,false,,false,Summer
20200712,2020-07-12,2020,3,7,July,2020-07,12,7,Sunday,true,false,,false,Summer
20200713,2020-07-13,2020,3,7,July,2020-07,13,1,Monday,false,false,,true,Summer
20200714,2020-07-14,2020,3,7,July,2020-07,14,2,Tuesday,false,false,,true,Summer
20200715,2020-07-15,2020,3,7,July,2020-07,15,3,Wednesday,false,false,,true,Summer
20200716,2020-07-16,2020,3,7,July,2020-07,16,4,Thursday,false,false,,true,Summer
20200717,2020-07-17,2020,3,7,July,2020-07,17,5,Friday,false,false,,true,Summer
20200718,2020-07-18,2020,3,7,July,2020-07,18,6,Saturday,true,false,,false,Summer
20200719,2020-07-19,2020,3,7,July,2020-07,19,7,Sunday,true,false,,false,Summer
20200720,2020-07-20,2020,3,7,July,2020-07,20,1,Monday,false,false,,true,Summer
20200721,2020-07-21,2020,3,7,July,2020-07,21,2,Tuesday,false,false,,true,Summer
20200722,2020-07-22,2020,3,7,July,2020-07,22,3,Wednesday,false,false,,true,Summer
20200723,2020-07-23,2020,3,7,July,2020-07,23,4,Thursday,false,false,,true,Summer
20200724,2020-07-24,2020,3,7,July,2020-07,24,5,Friday,false,false,,true,Summer
20200725,2020-07-25,2020,3,7,July,2020-07,25,6,Saturday,true,false,,false,Summer
20200726,2020-07-26,2020,3,7,July,2020-07,26,7,Sunday,true,false,,false,Summer
20200727,2020-07-27,2020,3,7,July,2020-07,27,1,Monday,false,false,,true,Summer
20200728,2020-07-28,2020,3,7,July,2020-07,28,2,Tuesday,false,false,,true,Summer
20200729,2020-07-29,2020,3,7,July,2020-07,29,3,Wednesday,false,false,,true,Summer
20200730,2020-07-30,2020,3,7,July,2020-07,30,4,Thursday,false,false,,true,Summer
20200731,2020-07-31,2020,3,7,July,2020-07,31,5,Friday,false,false,,true,Summer
20200801,2020-08-01,2020,3,8,August,2020-08,1,6,Saturday,true,false,,false,Summer
20200802,2020-08-02,2020,3,8,August,2020-08,2,7,Sunday,true,false,,false,Summer
20200803,2020-08-03,2020,3,8,August,2020-08,3,1,Monday,false,false,,true,Summer
20200804,2020-08-04,2020,3,8,August,2020-08,4,2,Tuesday,false,false,,true,Summer
20200805,2020-08-05,2020,3,8,August,2020-08,5,3,Wednesday,false,false,,true,Summer
20200806,2020-08-06,2020,3,8,August,2020-08,6,4,Thursday,false,false,,true,Summer
20200807,2020-08-07,2020,3,8,August,2020-08,7,5,Friday,false,false,,true,Summer
20200808,2020-08-08,2020,3,8,August,2020-08,8,6,Saturday,true,false,,false,Summer
20200809,2020-08-09,2020,3,8,August,2020-08,9,7,Sunday,true,false,,false,Summer
20200810,2020-08-10,2020,3,8,August,2020-08,10,1,Monday,false,false,,true,Summer
20200811,2020-08-11,2020,3,8,August,2020-08,11,2,Tuesday,false,false,,true,Summer
20200812,2020-08-12,2020,3,8,August,2020-08,12,3,Wednesday,false,false,,true,Summer
20200813,2020-08-13,2020,3,8,August,2020-08,13,4,Thursday,false,false,,true,Summer
20200814,2020-08-14,2020,3,8,August,2020-08,14,5,Friday,false,false,,true,Summer
20200815,2020-08-15,2020,3,8,August,2020-08,15,6,Saturday,true,false,,false,Summer
20200816,2020-08-16,2020,3,8,August,2020-08,16,7,Sunday,true,false,,false,Summer
20200817,2020-08-17,2020,3,8,August,2020-08,17,1,Monday,false,false,,true,Summer
20200818,2020-08-18,2020,3,8,August,2020-08,18,2,Tuesday,false,false,,true,Summer
20200819,2020-08-19,2020,3,8,August,2020-08,19,3,Wednesday,false,false,,true,Summer
20200820,2020-08-20,2020,3,8,August,2020-08,20,4,Thursday,false,false,,true,Summer
20200821,2020-08-21,2020,3,8,August,2020-08,21,5,Friday,false,false,,true,Summer
20200822,2020-08-22,2020,3,8,August,2020-08,22,6,Saturday,true,false,,false,Summer
20200823,2020-08-23,2020,3,8,August,2020-08,23,7,Sunday,true,false,,false,Summer
20200824,2020-08-24,2020,3,8,August,2020-08,24,1,Monday,false,false,,true,Summer
20200825,2020-08-25,2020,3,8,August,2020-08,25,2,Tuesday,false,false,,true,Summer
20200826,2020-08-26,2020,3,8,August,2020-08,26,3,Wednesday,false,false,,true,Summer
20200827,2020-08-27,2020,3,8,August,2020-08,27,4,Thursday,false,false,,true,Summer
20200828,2020-08-28,2020,3,8,August,2020-08,28,5,Friday,false,false,,true,Summer
20200829,2020-08-29,2020,3,8,August,2020-08,29,6,Saturday,true,false,,false,Summer
20200830,2020-08-30,2020,3,8,August,2020-08,30,7,Sunday,true,false,,false,Summer
20200831,2020-08-31,2020,3,8,August,2020-08,31,1,Monday,false,true,Late Summer Bank Holiday,false,Summer
20200901,2020-09-01,2020,3,9,September,2020-09,1,2,Tuesday,false,false,,true,Autumn
20200902,2020-09-02,2020,3,9,September,2020-09,2,3,Wednesday,false,false,,true,Autumn
20200903,2020-09-03,2020,3,9,September,2020-09,3,4,Thursday,false,false,,true,Autumn
20200904,2020-09-04,2020,3,9,September,2020-09,4,5,Friday,false,false,,true,Autumn
20200905,2020-09-05,2020,3,9,September,2020-09,5,6,Saturday,true,false,,false,Autumn
20200906,2020-09-06,2020,3,9,September,2020-09,6,7,Sunday,true,false,,false,Autumn
20200907,2020-09-07,2020,3,9,September,2020-09,7,1,Monday,false,false,,true,Autumn
20200908,2020-09-08,2020,3,9,September,2020-09,8,2,Tuesday,false,false,,true,Autumn
20200909,2020-09-09,2020,3,9,September,2020-09,9,3,Wednesday,false,false,,true,Autumn
20200910,2020-09-10,2020,3,9,September,2020-09,10,4,Thursday,false,false,,true,Autumn
20200911,2020-09-11,2020,3,9,September,2020-09,11,5,Friday,false,false,,true,Autumn
20200912,2020-09-12,2020,3,9,September,2020-09,12,6,Saturday,true,false,,false,Autumn
20200913,2020-09-13,2020,3,9,September,2020-09,13,7,Sunday,true,false,,false,Autumn
20200914,2020-09-14,2020,3,9,September,2020-09,14,1,Monday,false,false,,true,Autumn
20200915,2020-09-15,2020,3,9,September,2020-09,15,2,Tuesday,false,false,,true,Autumn
20200916,2020-09-16,2020,3,9,September,2020-09,16,3,Wednesday,false,false,,true,Autumn
20200917,2020-09-17,2020,3,9,September,2020-09,17,4,Thursday,false,false,,true,Autumn
20200918,2020-09-18,2020,3,9,September,2020-09,18,5,Friday,false,false,,true,Autumn
20200919,2020-09-19,2020,3,9,September,2020-09,19,6,Saturday,true,false,,false,Autumn
20200920,2020-09-20,2020,3,9,September,2020-09,20,7,Sunday,true,false,,false,Autumn
20200921,2020-09-21,2020,3,9,September,2020-09,21,1,Monday,false,false,,true,Autumn
20200922,2020-09-22,2020,3,9,September,2020-09,22,2,Tuesday,false,false,,true,Autumn
20200923,2020-09-23,2020,3,9,September,2020-09,23,3,Wednesday,false,false,,true,Autumn
20200924,2020-09-24,2020,3,9,September,2020-09,24,4,Thursday,false,false,,true,Autumn
20200925,2020-09-25,2020,3,9,September,2020-09,25,5,Friday,false,false,,true,Autumn
20200926,2020-09-26,2020,3,9,September,2020-09,26,6,Saturday,true,false,,false,Autumn
20200927,2020-09-27,2020,3,9,September,2020-09,27,7,Sunday,true,false,,false,Autumn
20200928,2020-09-28,2020,3,9,September,2020-09,28,1,Monday,false,false,,true,Autumn
20200929,2020-09-29,2020,3,9,September,2020-09,29,2,Tuesday,false,false,,true,Autumn
20200930,2020-09-30,2020,3,9,September,2020-09,30,3,Wednesday,false,false,,true,Autumn
20201001,2020-10-01,2020,4,10,October,2020-10,1,4,Thursday,false,false,,true,Autumn
20201002,2020-10-02,2020,4,10,October,2020-10,2,5,Friday,false,false,,true,Autumn
20201003,2020-10-03,2020,4,10,October,2020-10,3,6,Saturday,true,false,,false,Autumn
20201004,2020-10-04,2020,4,10,October,2020-10,4,7,Sunday,true,false,,false,Autumn
20201005,2020-10-05,2020,4,10,October,2020-10,5,1,Monday,false,false,,true,Autumn
20201006,2020-10-06,2020,4,10,October,2020-10,6,2,Tuesday,false,false,,true,Autumn
20201007,2020-10-07,2020,4,10,October,2020-10,7,3,Wednesday,false,false,,true,Autumn
20201008,2020-10-08,2020,4,10,October,2020-10,8,4,Thursday,false,false,,true,Autumn
20201009,2020-10-09,2020,4,10,October,2020-10,9,5,Friday,false,false,,true,Autumn
20201010,2020-10-10,2020,4,10,October,2020-10,10,6,Saturday,true,false,,false,Autumn
20201011,2020-10-11,2020,4,10,October,2020-10,11,7,Sunday,true,false,,false,Autumn
20201012,2020-10-12,2020,4,10,October,2020-10,12,1,Monday,false,false,,true,Autumn
20201013,2020-10-13,2020,4,10,October,2020-10,13,2,Tuesday,false,false,,true,Autumn
20201014,2020-10-14,2020,4,10,October,2020-10,14,3,Wednesday,false,false,,true,Autumn
20201015,2020-10-15,2020,4,10,October,2020-10,15,4,Thursday,false,false,,true,Autumn
20201016,2020-10-16,2020,4,10,October,2020-10,16,5,Friday,false,false,,true,Autumn
20201017,2020-10-17,2020,4,10,October,2020-10,17,6,Saturday,true,false,,false,Autumn
20201018,2020-10-18,2020,4,10,October,2020-10,18,7,Sunday,true,false,,false,Autumn
20201019,2020-10-19,2020,4,10,October,2020-10,19,1,Monday,false,false,,true,Autumn
20201020,2020-10-20,2020,4,10,October,2020-10,20,2,Tuesday,false,false,,true,Autumn
20201021,2020-10-21,2020,4,10,October,2020-10,21,3,Wednesday,false,false,,true,Autumn
20201022,2020-10-22,2020,4,10,October,2020-10,22,4,Thursday,false,false,,true,Autumn
20201023,2020-10-23,2020,4,10,October,2020-10,23,5,Friday,false,false,,true,Autumn
20201024,2020-10-24,2020,4,10,October,2020-10,24,6,Saturday,true,false,,false,Autumn
20201025,2020-10-25,2020,4,10,October,2020-10,25,7,Sunday,true,false,,false,Autumn
20201026,2020-10-26,2020,4,10,October,2020-10,26,1,Monday,false,false,,true,Autumn
20201027,2020-10-27,2020,4,10,October,2020-10,27,2,Tuesday,false,false,,true,Autumn
20201028,2020-10-28,2020,4,10,October,2020-10,28,3,Wednesday,false,false,,true,Autumn
20201029,2020-10-29,2020,4,10,October,2020-10,29,4,Thursday,false,false,,true,Autumn
20201030,2020-10-30,2020,4,10,October,2020-10,30,5,Friday,false,false,,true,Autumn
20201031,2020-10-31,2020,4,10,October,2020-10,31,6,Saturday,true,false,,false,Autumn
20201101,2020-11-01,2020,4,11,November,2020-11,1,7,Sunday,true,false,,false,Autumn
20201102,2020-11-02,2020,4,11,November,2020-11,2,1,Monday,false,false,,true,Autumn
20201103,2020-11-03,2020,4,11,November,2020-11,3,2,Tuesday,false,false,,true,Autumn
20201104,2020-11-04,2020,4,11,November,2020-11,4,3,Wednesday,false,false,,true,Autumn
20201105,2020-11-05,2020,4,11,November,2020-11,5,4,Thursday,false,false,,true,Autumn
20201106,2020-11-06,2020,4,11,November,2020-11,6,5,Friday,false,false,,true,Autumn
20201107,2020-11-07,2020,4,11,November,2020-11,7,6,Saturday,true,false,,false,Autumn
20201108,2020-11-08,2020,4,11,November,2020-11,8,7,Sunday,true,false,,false,Autumn
20201109,2020-11-09,2020,4,11,November,2020-11,9,1,Monday,false,false,,true,Autumn
20201110,2020-11-10,2020,4,11,November,2020-11,10,2,Tuesday,false,false,,true,Autumn
20201111,2020-11-11,2020,4,11,November,2020-11,11,3,Wednesday,false,false,,true,Autumn
20201112,2020-11-12,2020,4,11,November,2020-11,12,4,Thursday,false,false,,true,Autumn
20201113,2020-11-13,2020,4,11,November,2020-11,13,5,Friday,false,false,,true,Autumn
20201114,2020-11-14,2020,4,11,November,2020-11,14,6,Saturday,true,false,,false,Autumn
20201115,2020-11-15,2020,4,11,November,2020-11,15,7,Sunday,true,false,,false,Autumn
20201116,2020-11-16,2020,4,11,November,2020-11,16,1,Monday,false,false,,true,Autumn
20201117,2020-11-17,2020,4,11,November,2020-11,17,2,Tuesday,false,false,,true,Autumn
20201118,2020-11-18,2020,4,11,November,2020-11,18,3,Wednesday,false,false,,true,Autumn
20201119,2020-11-19,2020,4,11,November,2020-11,19,4,Thursday,false,false,,true,Autumn
20201120,2020-11-20,2020,4,11,November,2020-11,20,5,Friday,false,false,,true,Autumn
20201121,2020-11-21,2020,4,11,November,2020-11,21,6,Saturday,true,false,,false,Autumn
20201122,2020-11-22,2020,4,11,November,2020-11,22,7,Sunday,true,false,,false,Autumn
20201123,2020-11-23,2020,4,11,November,2020-11,23,1,Monday,false,false,,true,Autumn
20201124,2020-11-24,2020,4,11,November,2020-11,24,2,Tuesday,false,false,,true,Autumn
20201125,2020-11-25,2020,4,11,November,2020-11,25,3,Wednesday,false,false,,true,Autumn
20201126,2020-11-26,2020,4,11,November,2020-11,26,4,Thursday,false,false,,true,Autumn
20201127,2020-11-27,2020,4,11,November,2020-11,27,5,Friday,false,false,,true,Autumn
20201128,2020-11-28,2020,4,11,November,2020-11,28,6,Saturday,true,false,,false,Autumn
20201129,2020-11-29,2020,4,11,November,2020-11,29,7,Sunday,true,false,,false,Autumn
20201130,2020-11-30,2020,4,11,November,2020-11,30,1,Monday,false,false,,true,Autumn
20201201,2020-12-01,2020,4,12,December,2020-12,1,2,Tuesday,false,false,,true,Winter
20201202,2020-12-02,2020,4,12,December,2020-12,2,3,Wednesday,false,false,,true,Winter
20201203,2020-12-03,2020,4,12,December,2020-12,3,4,Thursday,false,false,,true,Winter
20201204,2020-12-04,2020,4,12,December,2020-12,4,5,Friday,false,false,,true,Winter
20201205,2020-12-05,2020,4,12,December,2020-12,5,6,Saturday,true,false,,false,Winter
20201206,2020-12-06,2020,4,12,December,2020-12,6,7,Sunday,true,false,,false,Winter
20201207,2020-12-07,2020,4,12,December,2020-12,7,1,Monday,false,false,,true,Winter
20201208,2020-12-08,2020,4,12,December,2020-12,8,2,Tuesday,false,false,,true,Winter
20201209,2020-12-09,2020,4,12,December,2020-12,9,3,Wednesday,false,false,,true,Winter
20201210,2020-12-10,2020,4,12,December,2020-12,10,4,Thursday,false,false,,true,Winter
20201211,2020-12-11,2020,4,12,December,2020-12,11,5,Friday,false,false,,true,Winter
20201212,2020-12-12,2020,4,12,December,2020-12,12,6,Saturday,true,false,,false,Winter
20201213,2020-12-13,2020,4,12,December,2020-12,13,7,Sunday,true,false,,false,Winter
20201214,2020-12-14,2020,4,12,December,2020-12,14,1,Monday,false,false,,true,Winter
20201215,2020-12-15,2020,4,12,December,2020-12,15,2,Tuesday,false,false,,true,Winter
20201216,2020-12-16,2020,4,12,December,2020-12,16,3,Wednesday,false,false,,true,Winter
20201217,2020-12-17,2020,4,12,December,2020-12,17,4,Thursday,false,false,,true,Winter
20201218,2020-12-18,2020,4,12,December,2020-12,18,5,Friday,false,false,,true,Winter
20201219,2020-12-19,2020,4,12,December,2020-12,19,6,Saturday,true,false,,false,Winter
20201220,2020-12-20,2020,4,12,December,2020-12,20,7,Sunday,true,false,,false,Winter
20201221,2020-12-21,2020,4,12,December,2020-12,21,1,Monday,false,false,,true,Winter
20201222,2020-12-22,2020,4,12,December,2020-12,22,2,Tuesday,false,false,,true,Winter
20201223,2020-12-23,2020,4,12,December,2020-12,23,3,Wednesday,false,false,,true,Winter
20201224,2020-12-24,2020,4,12,December,2020-12,24,4,Thursday,false,false,,true,Winter
20201225,2020-12-25,2020,4,12,December,2020-12,25,5,Friday,false,true,Christmas Day,false,Winter
20201226,2020-12-26,2020,4,12,December,2020-12,26,6,Saturday,true,true,Boxing Day,false,Winter
20201227,2020-12-27,2020,4,12,December,2020-12,27,7,Sunday,true,false,,false,Winter
20201228,2020-12-28,2020,4,12,December,2020-12,28,1,Monday,false,true,Boxing Day (observed),false,Winter
20201229,2020-12-29,2020,4,12,December,2020-12,29,2,Tuesday,false,false,,true,Winter
20201230,2020-12-30,2020,4,12,December,2020-12,30,3,Wednesday,false,false,,true,Winter
20201231,2020-12-31,2020,4,12,December,2020-12,31,4,Thursday,false,false,,true,Winter
20210101,2021-01-01,2021,1,1,January,2021-01,1,5,Friday,false,true,New Year's Day,false,Winter
20210102,2021-01-02,2021,1,1,January,2021-01,2,6,Saturday,true,false,,false,Winter
20210103,2021-01-03,2021,1,1,January,2021-01,3,7,Sunday,true,false,,false,Winter
20210104,2021-01-04,2021,1,1,January,2021-01,4,1,Monday,false,false,,true,Winter
20210105,2021-01-05,2021,1,1,January,2021-01,5,2,Tuesday,false,false,,true,Winter
20210106,2021-01-06,2021,1,1,January,2021-01,6,3,Wednesday,false,false,,true,Winter
20210107,2021-01-07,2021,1,1,January,2021-01,7,4,Thursday,false,false,,true,Winter
20210108,2021-01-08,2021,1,1,January,2021-01,8,5,Friday,false,false,,true,Winter
20210109,2021-01-09,2021,1,1,January,2021-01,9,6,Saturday,true,false,,false,Winter
20210110,2021-01-10,2021,1,1,January,2021-01,10,7,Sunday,true,false,,false,Winter
20210111,2021-01-11,2021,1,1,January,2021-01,11,1,Monday,false,false,,true,Winter
20210112,2021-01-12,2021,1,1,January,2021-01,12,2,Tuesday,false,false,,true,Winter
20210113,2021-01-13,2021,1,1,January,2021-01,13,3,Wednesday,false,false,,true,Winter
20210114,2021-01-14,2021,1,1,January,2021-01,14,4,Thursday,false,false,,true,Winter
20210115,2021-01-15,2021,1,1,January,2021-01,15,5,Friday,false,false,,true,Winter
20210116,2021-01-16,2021,1,1,January,2021-01,16,6,Saturday,true,false,,false,Winter
20210117,2021-01-17,2021,1,1,January,2021-01,17,7,Sunday,true,false,,false,Winter
20210118,2021-01-18,2021,1,1,January,2021-01,18,1,Monday,false,false,,true,Winter
20210119,2021-01-19,2021,1,1,January,2021-01,19,2,Tuesday,false,false,,true,Winter
20210120,2021-01-20,2021,1,1,January,2021-01,20,3,Wednesday,false,false,,true,Winter
20210121,2021-01-21,2021,1,1,January,2021-01,21,4,Thursday,false,false,,true,Winter
20210122,2021-01-22,2021,1,1,January,2021-01,22,5,Friday,false,false,,true,Winter
20210123,2021-01-23,2021,1,1,January,2021-01,23,6,Saturday,true,false,,false,Winter
20210124,2021-01-24,2021,1,1,January,2021-01,24,7,Sunday,true,false,,false,Winter
20210125,2021-01-25,2021,1,1,January,2021-01,25,1,Monday,false,false,,true,Winter
20210126,2021-01-26,2021,1,1,January,2021-01,26,2,Tuesday,false,false,,true,Winter
20210127,2021-01-27,2021,1,1,January,2021-01,27,3,Wednesday,false,false,,true,Winter
20210128,2021-01-28,2021,1,1,January,2021-01,28,4,Thursday,false,false,,true,Winter
20210129,2021-01-29,2021,1,1,January,2021-01,29,5,Friday,false,false,,true,Winter
20210130,2021-01-30,2021,1,1,January,2021-01,30,6,Saturday,true,false,,false,Winter
20210131,2021-01-31,2021,1,1,January,2021-01,31,7,Sunday,true,false,,false,Winter
20210201,2021-02-01,2021,1,2,February,2021-02,1,1,Monday,false,false,,true,Winter
20210202,2021-02-02,2021,1,2,February,2021-02,2,2,Tuesday,false,false,,true,Winter
20210203,2021-02-03,2021,1,2,February,2021-02,3,3,Wednesday,false,false,,true,Winter
20210204,2021-02-04,2021,1,2,February,2021-02,4,4,Thursday,false,false,,true,Winter
20210205,2021-02-05,2021,1,2,February,2021-02,5,5,Friday,false,false,,true,Winter
20210206,2021-02-06,2021,1,2,February,2021-02,6,6,Saturday,true,false,,false,Winter
20210207,2021-02-07,2021,1,2,February,2021-02,7,7,Sunday,true,false,,false,Winter
20210208,2021-02-08,2021,1,2,February,2021-02,8,1,Monday,false,false,,true,Winter
20210209,2021-02-09,2021,1,2,February,2021-02,9,2,Tuesday,false,false,,true,Winter
20210210,2021-02-10,2021,1,2,February,2021-02,10,3,Wednesday,false,false,,true,Winter
20210211,2021-02-11,2021,1,2,February,2021-02,11,4,Thursday,false,false,,true,Winter
20210212,2021-02-12,2021,1,2,February,2021-02,12,5,Friday,false,false,,true,Winter
20210213,2021-02-13,2021,1,2,February,2021-02,13,6,Saturday,true,false,,false,Winter
20210214,2021-02-14,2021,1,2,February,2021-02,14,7,Sunday,true,false,,false,Winter
20210215,2021-02-15,2021,1,2,February,2021-02,15,1,Monday,false,false,,true,Winter
20210216,2021-02-16,2021,1,2,February,2021-02,16,2,Tuesday,false,false,,true,Winter
20210217,2021-02-17,2021,1,2,February,2021-02,17,3,Wednesday,false,false,,true,Winter
20210218,2021-02-18,2021,1,2,February,2021-02,18,4,Thursday,false,false,,true,Winter
20210219,2021-02-19,2021,1,2,February,2021-02,19,5,Friday,false,false,,true,Winter
20210220,2021-02-20,2021,1,2,February,2021-02,20,6,Saturday,true,false,,false,Winter
20210221,2021-02-21,2021,1,2,February,2021-02,21,7,Sunday,true,false,,false,Winter
20210222,2021-02-22,2021,1,2,February,2021-02,22,1,Monday,false,false,,true,Winter
20210223,2021-02-23,2021,1,2,February,2021-02,23,2,Tuesday,false,false,,true,Winter
20210224,2021-02-24,2021,1,2,February,2021-02,24,3,Wednesday,false,false,,true,Winter
20210225,2021-02-25,2021,1,2,February,2021-02,25,4,Thursday,false,false,,true,Winter
20210226,2021-02-26,2021,1,2,February,2021-02,26,5,Friday,false,false,,true,Winter
20210227,2021-02-27,2021,1,2,February,2021-02,27,6,Saturday,true,false,,false,Winter
20210228,2021-02-28,2021,1,2,February,2021-02,28,7,Sunday,true,false,,false,Winter
20210301,2021-03-01,2021,1,3,March,2021-03,1,1,Monday,false,false,,true,Spring
20210302,2021-03-02,2021,1,3,March,2021-03,2,2,Tuesday,false,false,,true,Spring
20210303,2021-03-03,2021,1,3,March,2021-03,3,3,Wednesday,false,false,,true,Spring
20210304,2021-03-04,2021,1,3,March,2021-03,4,4,Thursday,false,false,,true,Spring
20210305,2021-03-05,2021,1,3,March,2021-03,5,5,Friday,false,false,,true,Spring
20210306,2021-03-06,2021,1,3,March,2021-03,6,6,Saturday,true,false,,false,Spring
20210307,2021-03-07,2021,1,3,March,2021-03,7,7,Sunday,true,false,,false,Spring
20210308,2021-03-08,2021,1,3,March,2021-03,8,1,Monday,false,false,,true,Spring
20210309,2021-03-09,2021,1,3,March,2021-03,9,2,Tuesday,false,false,,true,Spring
20210310,2021-03-10,2021,1,3,March,2021-03,10,3,Wednesday,false,false,,true,Spring
20210311,2021-03-11,2021,1,3,March,2021-03,11,4,Thursday,false,false,,true,Spring
20210312,2021-03-12,2021,1,3,March,2021-03,12,5,Friday,false,false,,true,Spring
20210313,2021-03-13,2021,1,3,March,2021-03,13,6,Saturday,true,false,,false,Spring
20210314,2021-03-14,2021,1,3,March,2021-03,14,7,Sunday,true,false,,false,Spring
20210315,2021-03-15,2021,1,3,March,2021-03,15,1,Monday,false,false,,true,Spring
20210316,2021-03-16,2021,1,3,March,2021-03,16,2,Tuesday,false,false,,true,Spring
20210317,2021-03-17,2021,1,3,March,2021-03,17,3,Wednesday,false,false,,true,Spring
20210318,2021-03-18,2021,1,3,March,2021-03,18,4,Thursday,false,false,,true,Spring
20210319,2021-03-19,2021,1,3,March,2021-03,19,5,Friday,false,false,,true,Spring
20210320,2021-03-20,2021,1,3,March,2021-03,20,6,Saturday,true,false,,false,Spring
20210321,2021-03-21,2021,1,3,March,2021-03,21,7,Sunday,true,false,,false,Spring
20210322,2021-03-22,2021,1,3,March,2021-03,22,1,Monday,false,false,,true,Spring
20210323,2021-03-23,2021,1,3,March,2021-03,23,2,Tuesday,false,false,,true,Spring
20210324,2021-03-24,2021,1,3,March,2021-03,24,3,Wednesday,false,false,,true,Spring
20210325,2021-03-25,2021,1,3,March,2021-03,25,4,Thursday,false,false,,true,Spring
20210326,2021-03-26,2021,1,3,March,2021-03,26,5,Friday,false,false,,true,Spring
20210327,2021-03-27,2021,1,3,March,2021-03,27,6,Saturday,true,false,,false,Spring
20210328,2021-03-28,2021,1,3,March,2021-03,28,7,Sunday,true,false,,false,Spring
20210329,2021-03-29,2021,1,3,March,2021-03,29,1,Monday,false,false,,true,Spring
20210330,2021-03-30,2021,1,3,March,2021-03,30,2,Tuesday,false,false,,true,Spring
20210331,2021-03-31,2021,1,3,March,2021-03,31,3,Wednesday,false,false,,true,Spring
20210401,2021-04-01,2021,2,4,April,2021-04,1,4,Thursday,false,false,,true,Spring
20210402,2021-04-02,2021,2,4,April,2021-04,2,5,Friday,false,true,Good Friday,false,Spring
20210403,2021-04-03,2021,2,4,April,2021-04,3,6,Saturday,true,false,,false,Spring
20210404,2021-04-04,2021,2,4,April,2021-04,4,7,Sunday,true,false,,false,Spring
20210405,2021-04-05,2021,2,4,April,2021-04,5,1,Monday,false,true,Easter Monday,false,Spring
20210406,2021-04-06,2021,2,4,April,2021-04,6,2,Tuesday,false,false,,true,Spring
20210407,2021-04-07,2021,2,4,April,2021-04,7,3,Wednesday,false,false,,true,Spring
20210408,2021-04-08,2021,2,4,April,2021-04,8,4,Thursday,false,false,,true,Spring
20210409,2021-04-09,2021,2,4,April,2021-04,9,5,Friday,false,false,,true,Spring
20210410,2021-04-10,2021,2,4,April,2021-04,10,6,Saturday,true,false,,false,Spring
20210411,2021-04-11,2021,2,4,April,2021-04,11,7,Sunday,true,false,,false,Spring
20210412,2021-04-12,2021,2,4,April,2021-04,12,1,Monday,false,false,,true,Spring
20210413,2021-04-13,2021,2,4,April,2021-04,13,2,Tuesday,false,false,,true,Spring
20210414,2021-04-14,2021,2,4,April,2021-04,14,3,Wednesday,false,false,,true,Spring
20210415,2021-04-15,2021,2,4,April,2021-04,15,4,Thursday,false,false,,true,Spring
20210416,2021-04-16,2021,2,4,April,2021-04,16,5,Friday,false,false,,true,Spring
20210417,2021-04-17,2021,2,4,April,2021-04,17,6,Saturday,true,false,,false,Spring
20210418,2021-04-18,2021,2,4,April,2021-04,18,7,Sunday,true,false,,false,Spring
20210419,2021-04-19,2021,2,4,April,2021-04,19,1,Monday,false,false,,true,Spring
20210420,2021-04-20,2021,2,4,April,2021-04,20,2,Tuesday,false,false,,true,Spring
20210421,2021-04-21,2021,2,4,April,2021-04,21,3,Wednesday,false,false,,true,Spring
20210422,2021-04-22,2021,2,4,April,2021-04,22,4,Thursday,false,false,,true,Spring
20210423,2021-04-23,2021,2,4,April,2021-04,23,5,Friday,false,false,,true,Spring
20210424,2021-04-24,2021,2,4,April,2021-04,24,6,Saturday,true,false,,false,Spring
20210425,2021-04-25,2021,2,4,April,2021-04,25,7,Sunday,true,false,,false,Spring
20210426,2021-04-26,2021,2,4,April,2021-04,26,1,Monday,false,false,,true,Spring
20210427,2021-04-27,2021,2,4,April,2021-04,27,2,Tuesday,false,false,,true,Spring
20210428,2021-04-28,2021,2,4,April,2021-04,28,3,Wednesday,false,false,,true,Spring
20210429,2021-04-29,2021,2,4,April,2021-04,29,4,Thursday,false,false,,true,Spring
20210430,2021-04-30,2021,2,4,April,2021-04,30,5,Friday,false,false,,true,Spring
20210501,2021-05-01,2021,2,5,May,2021-05,1,6,Saturday,true,false,,false,Spring
20210502,2021-05-02,2021,2,5,May,2021-05,2,7,Sunday,true,false,,false,Spring
20210503,2021-05-03,2021,2,5,May,2021-05,3,1,Monday,false,true,May Day,false,Spring
20210504,2021-05-04,2021,2,5,May,2021-05,4,2,Tuesday,false,false,,true,Spring
20210505,2021-05-05,2021,2,5,May,2021-05,5,3,Wednesday,false,false,,true,Spring
20210506,2021-05-06,2021,2,5,May,2021-05,6,4,Thursday,false,false,,true,Spring
20210507,2021-05-07,2021,2,5,May,2021-05,7,5,Friday,false,false,,true,Spring
20210508,2021-05-08,2021,2,5,May,2021-05,8,6,Saturday,true,false,,false,Spring
20210509,2021-05-09,2021,2,5,May,2021-05,9,7,Sunday,true,false,,false,Spring
20210510,2021-05-10,2021,2,5,May,2021-05,10,1,Monday,false,false,,true,Spring
20210511,2021-05-11,2021,2,5,May,2021-05,11,2,Tuesday,false,false,,true,Spring
20210512,2021-05-12,2021,2,5,May,2021-05,12,3,Wednesday,false,false,,true,Spring
20210513,2021-05-13,2021,2,5,May,2021-05,13,4,Thursday,false,false,,true,Spring
20210514,2021-05-14,2021,2,5,May,2021-05,14,5,Friday,false,false,,true,Spring
20210515,2021-05-15,2021,2,5,May,2021-05,15,6,Saturday,true,false,,false,Spring
20210516,2021-05-16,2021,2,5,May,2021-05,16,7,Sunday,true,false,,false,Spring
20210517,2021-05-17,2021,2,5,May,2021-05,17,1,Monday,false,false,,true,Spring
20210518,2021-05-18,2021,2,5,May,2021-05,18,2,Tuesday,false,false,,true,Spring
20210519,2021-05-19,2021,2,5,May,2021-05,19,3,Wednesday,false,false,,true,Spring
20210520,2021-05-20,2021,2,5,May,2021-05,20,4,Thursday,false,false,,true,Spring
20210521,2021-05-21,2021,2,5,May,2021-05,21,5,Friday,false,false,,true,Spring
20210522,2021-05-22,2021,2,5,May,2021-05,22,6,Saturday,true,false,,false,Spring
20210523,2021-05-23,2021,2,5,May,2021-05,23,7,Sunday,true,false,,false,Spring
20210524,2021-05-24,2021,2,5,May,2021-05,24,1,Monday,false,false,,true,Spring
20210525,2021-05-25,2021,2,5,May,2021-05,25,2,Tuesday,false,false,,true,Spring
20210526,2021-05-26,2021,2,5,May,2021-05,26,3,Wednesday,false,false,,true,Spring
20210527,2021-05-27,2021,2,5,May,2021-05,27,4,Thursday,false,false,,true,Spring
20210528,2021-05-28,2021,2,5,May,2021-05,28,5,Friday,false,false,,true,Spring
20210529,2021-05-29,2021,2,5,May,2021-05,29,6,Saturday,true,false,,false,Spring
20210530,2021-05-30,2021,2,5,May,2021-05,30,7,Sunday,true,false,,false,Spring
20210531,2021-05-31,2021,2,5,May,2021-05,31,1,Monday,false,true,Spring Bank Holiday,false,Spring
20210601,2021-06-01,2021,2,6,June,2021-06,1,2,Tuesday,false,false,,true,Summer
20210602,2021-06-02,2021,2,6,June,2021-06,2,3,Wednesday,false,false,,true,Summer
20210603,2021-06-03,2021,2,6,June,2021-06,3,4,Thursday,false,false,,true,Summer
20210604,2021-06-04,2021,2,6,June,2021-06,4,5,Friday,false,false,,true,Summer
20210605,2021-06-05,2021,2,6,June,2021-06,5,6,Saturday,true,false,,false,Summer
20210606,2021-06-06,2021,2,6,June,2021-06,6,7,Sunday,true,false,,false,Summer
20210607,2021-06-07,2021,2,6,June,2021-06,7,1,Monday,false,false,,true,Summer
20210608,2021-06-08,2021,2,6,June,2021-06,8,2,Tuesday,false,false,,true,Summer
20210609,2021-06-09,2021,2,6,June,2021-06,9,3,Wednesday,false,false,,true,Summer
20210610,2021-06-10,2021,2,6,June,2021-06,10,4,Thursday,false,false,,true,Summer
20210611,2021-06-11,2021,2,6,June,2021-06,11,5,Friday,false,false,,true,Summer
20210612,2021-06-12,2021,2,6,June,2021-06,12,6,Saturday,true,false,,false,Summer
20210613,2021-06-13,2021,2,6,June,2021-06,13,7,Sunday,true,false,,false,Summer
20210614,2021-06-14,2021,2,6,June,2021-06,14,1,Monday,false,false,,true,Summer
20210615,2021-06-15,2021,2,6,June,2021-06,15,2,Tuesday,false,false,,true,Summer
20210616,2021-06-16,2021,2,6,June,2021-06,16,3,Wednesday,false,false,,true,Summer
20210617,2021-06-17,2021,2,6,June,2021-06,17,4,Thursday,false,false,,true,Summer
20210618,2021-06-18,2021,2,6,June,2021-06,18,5,Friday,false,false,,true,Summer
20210619,2021-06-19,2021,2,6,June,2021-06,19,6,Saturday,true,false,,false,Summer
20210620,2021-06-20,2021,2,6,June,2021-06,20,7,Sunday,true,false,,false,Summer
20210621,2021-06-21,2021,2,6,June,2021-06,21,1,Monday,false,false,,true,Summer
20210622,2021-06-22,2021,2,6,June,2021-06,22,2,Tuesday,false,false,,true,Summer
20210623,2021-06-23,2021,2,6,June,2021-06,23,3,Wednesday,false,false,,true,Summer
20210624,2021-06-24,2021,2,6,June,2021-06,24,4,Thursday,false,false,,true,Summer
20210625,2021-06-25,2021,2,6,June,2021-06,25,5,Friday,false,false,,true,Summer
20210626,2021-06-26,2021,2,6,June,2021-06,26,6,Saturday,true,false,,false,Summer
20210627,2021-06-27,2021,2,6,June,2021-06,27,7,Sunday,true,false,,false,Summer
20210628,2021-06-28,2021,2,6,June,2021-06,28,1,Monday,false,false,,true,Summer
20210629,2021-06-29,2021,2,6,June,2021-06,29,2,Tuesday,false,false,,true,Summer
20210630,2021-06-30,2021,2,6,June,2021-06,30,3,Wednesday,false,false,,true,Summer
20210701,2021-07-01,2021,3,7,July,2021-07,1,4,Thursday,false,false,,true,Summer
20210702,2021-07-02,2021,3,7,July,2021-07,2,5,Friday,false,false,,true,Summer
20210703,2021-07-03,2021,3,7,July,2021-07,3,6,Saturday,true,false,,false,Summer
20210704,2021-07-04,2021,3,7,July,2021-07,4,7,Sunday,true,false,,false,Summer
20210705,2021-07-05,2021,3,7,July,2021-07,5,1,Monday,false,false,,true,Summer
20210706,2021-07-06,2021,3,7,July,2021-07,6,2,Tuesday,false,false,,true,Summer
20210707,2021-07-07,2021,3,7,July,2021-07,7,3,Wednesday,false,false,,true,Summer
20210708,2021-07-08,2021,3,7,July,2021-07,8,4,Thursday,false,false,,true,Summer
20210709,2021-07-09,2021,3,7,July,2021-07,9,5,Friday,false,false,,true,Summer
20210710,2021-07-10,2021,3,7,July,2021-07,10,6,Saturday,true,false,,false,Summer
20210711,2021-07-11,2021,3,7,July,2021-07,11,7,Sunday,true,false,,false,Summer
20210712,2021-07-12,2021,3,7,July,2021-07,12,1,Monday,false,false,,true,Summer
20210713,2021-07-13,2021,3,7,July,2021-07,13,2,Tuesday,false,false,,true,Summer
20210714,2021-07-14,2021,3,7,July,2021-07,14,3,Wednesday,false,false,,true,Summer
20210715,2021-07-15,2021,3,7,July,2021-07,15,4,Thursday,false,false,,true,Summer
20210716,2021-07-16,2021,3,7,July,2021-07,16,5,Friday,false,false,,true,Summer
20210717,2021-07-17,2021,3,7,July,2021-07,17,6,Saturday,true,false,,false,Summer
20210718,2021-07-18,2021,3,7,July,2021-07,18,7,Sunday,true,false,,false,Summer
20210719,2021-07-19,2021,3,7,July,2021-07,19,1,Monday,false,false,,true,Summer
20210720,2021-07-20,2021,3,7,July,2021-07,20,2,Tuesday,false,false,,true,Summer
20210721,2021-07-21,2021,3,7,July,2021-07,21,3,Wednesday,false,false,,true,Summer
20210722,2021-07-22,2021,3,7,July,2021-07,22,4,Thursday,false,false,,true,Summer
20210723,2021-07-23,2021,3,7,July,2021-07,23,5,Friday,false,false,,true,Summer
20210724,2021-07-24,2021,3,7,July,2021-07,24,6,Saturday,true,false,,false,Summer
20210725,2021-07-25,2021,3,7,July,2021-07,25,7,Sunday,true,false,,false,Summer
20210726,2021-07-26,2021,3,7,July,2021-07,26,1,Monday,false,false,,true,Summer
20210727,2021-07-27,2021,3,7,July,2021-07,27,2,Tuesday,false,false,,true,Summer
20210728,2021-07-28,2021,3,7,July,2021-07,28,3,Wednesday,false,false,,true,Summer
20210729,2021-07-29,2021,3,7,July,2021-07,29,4,Thursday,false,false,,true,Summer
20210730,2021-07-30,2021,3,7,July,2021-07,30,5,Friday,false,false,,true,Summer
20210731,2021-07-31,2021,3,7,July,2021-07,31,6,Saturday,true,false,,false,Summer
20210801,2021-08-01,2021,3,8,August,2021-08,1,7,Sunday,true,false,,false,Summer
20210802,2021-08-02,2021,3,8,August,2021-08,2,1,Monday,false,false,,true,Summer
20210803,2021-08-03,2021,3,8,August,2021-08,3,2,Tuesday,false,false,,true,Summer
20210804,2021-08-04,2021,3,8,August,2021-08,4,3,Wednesday,false,false,,true,Summer
20210805,2021-08-05,2021,3,8,August,2021-08,5,4,Thursday,false,false,,true,Summer
20210806,2021-08-06,2021,3,8,August,2021-08,6,5,Friday,false,false,,true,Summer
20210807,2021-08-07,2021,3,8,August,2021-08,7,6,Saturday,true,false,,false,Summer
20210808,2021-08-08,2021,3,8,August,2021-08,8,7,Sunday,true,false,,false,Summer
20210809,2021-08-09,2021,3,8,August,2021-08,9,1,Monday,false,false,,true,Summer
20210810,2021-08-10,2021,3,8,August,2021-08,10,2,Tuesday,false,false,,true,Summer
20210811,2021-08-11,2021,3,8,August,2021-08,11,3,Wednesday,false,false,,true,Summer
20210812,2021-08-12,2021,3,8,August,2021-08,12,4,Thursday,false,false,,true,Summer
20210813,2021-08-13,2021,3,8,August,2021-08,13,5,Friday,false,false,,true,Summer
20210814,2021-08-14,2021,3,8,August,2021-08,14,6,Saturday,true,false,,false,Summer
20210815,2021-08-15,2021,3,8,August,2021-08,15,7,Sunday,true,false,,false,Summer
20210816,2021-08-16,2021,3,8,August,2021-08,16,1,Monday,false,false,,true,Summer
20210817,2021-08-17,2021,3,8,August,2021-08,17,2,Tuesday,false,false,,true,Summer
20210818,2021-08-18,2021,3,8,August,2021-08,18,3,Wednesday,false,false,,true,Summer
20210819,2021-08-19,2021,3,8,August,2021-08,19,4,Thursday,false,false,,true,Summer
20210820,2021-08-20,2021,3,8,August,2021-08,20,5,Friday,false,false,,true,Summer
20210821,2021-08-21,2021,3,8,August,2021-08,21,6,Saturday,true,false,,false,Summer
20210822,2021-08-22,2021,3,8,August,2021-08,22,7,Sunday,true,false,,false,Summer
20210823,2021-08-23,2021,3,8,August,2021-08,23,1,Monday,false,false,,true,Summer
20210824,2021-08-24,2021,3,8,August,2021-08,24,2,Tuesday,false,false,,true,Summer
20210825,2021-08-25,2021,3,8,August,2021-08,25,3,Wednesday,false,false,,true,Summer
20210826,2021-08-26,2021,3,8,August,2021-08,26,4,Thursday,false,false,,true,Summer
20210827,2021-08-27,2021,3,8,August,2021-08,27,5,Friday,false,false,,true,Summer
20210828,2021-08-28,2021,3,8,August,2021-08,28,6,Saturday,true,false,,false,Summer
20210829,2021-08-29,2021,3,8,August,2021-08,29,7,Sunday,true,false,,false,Summer
20210830,2021-08-30,2021,3,8,August,2021-08,30,1,Monday,false,true,Late Summer Bank Holiday,false,Summer
20210831,2021-08-31,2021,3,8,August,2021-08,31,2,Tuesday,false,false,,true,Summer
20210901,2021-09-01,2021,3,9,September,2021-09,1,3,Wednesday,false,false,,true,Autumn
20210902,2021-09-02,2021,3,9,September,2021-09,2,4,Thursday,false,false,,true,Autumn
20210903,2021-09-03,2021,3,9,September,2021-09,3,5,Friday,false,false,,true,Autumn
20210904,2021-09-04,2021,3,9,September,2021-09,4,6,Saturday,true,false,,false,Autumn
20210905,2021-09-05,2021,3,9,September,2021-09,5,7,Sunday,true,false,,false,Autumn
20210906,2021-09-06,2021,3,9,September,2021-09,6,1,Monday,false,false,,true,Autumn
20210907,2021-09-07,2021,3,9,September,2021-09,7,2,Tuesday,false,false,,true,Autumn
20210908,2021-09-08,2021,3,9,September,2021-09,8,3,Wednesday,false,false,,true,Autumn
20210909,2021-09-09,2021,3,9,September,2021-09,9,4,Thursday,false,false,,true,Autumn
20210910,2021-09-10,2021,3,9,September,2021-09,10,5,Friday,false,false,,true,Autumn
20210911,2021-09-11,2021,3,9,September,2021-09,11,6,Saturday,true,false,,false,Autumn
20210912,2021-09-12,2021,3,9,September,2021-09,12,7,Sunday,true,false,,false,Autumn
20210913,2021-09-13,2021,3,9,September,2021-09,13,1,Monday,false,false,,true,Autumn
20210914,2021-09-14,2021,3,9,September,2021-09,14,2,Tuesday,false,false,,true,Autumn
20210915,2021-09-15,2021,3,9,September,2021-09,15,3,Wednesday,false,false,,true,Autumn
20210916,2021-09-16,2021,3,9,September,2021-09,16,4,Thursday,false,false,,true,Autumn
20210917,2021-09-17,2021,3,9,September,2021-09,17,5,Friday,false,false,,true,Autumn
20210918,2021-09-18,2021,3,9,September,2021-09,18,6,Saturday,true,false,,false,Autumn
20210919,2021-09-19,2021,3,9,September,2021-09,19,7,Sunday,true,false,,false,Autumn
20210920,2021-09-20,2021,3,9,September,2021-09,20,1,Monday,false,false,,true,Autumn
20210921,2021-09-21,2021,3,9,September,2021-09,21,2,Tuesday,false,false,,true,Autumn
20210922,2021-09-22,2021,3,9,September,2021-09,22,3,Wednesday,false,false,,true,Autumn
20210923,2021-09-23,2021,3,9,September,2021-09,23,4,Thursday,false,false,,true,Autumn
20210924,2021-09-24,2021,3,9,September,2021-09,24,5,Friday,false,false,,true,Autumn
20210925,2021-09-25,2021,3,9,September,2021-09,25,6,Saturday,true,false,,false,Autumn
20210926,2021-09-26,2021,3,9,September,2021-09,26,7,Sunday,true,false,,false,Autumn
20210927,2021-09-27,2021,3,9,September,2021-09,27,1,Monday,false,false,,true,Autumn
20210928,2021-09-28,2021,3,9,September,2021-09,28,2,Tuesday,false,false,,true,Autumn
20210929,2021-09-29,2021,3,9,September,2021-09,29,3,Wednesday,false,false,,true,Autumn
20210930,2021-09-30,2021,3,9,September,2021-09,30,4,Thursday,false,false,,true,Autumn
20211001,2021-10-01,2021,4,10,October,2021-10,1,5,Friday,false,false,,true,Autumn
20211002,2021-10-02,2021,4,10,October,2021-10,2,6,Saturday,true,false,,false,Autumn
20211003,2021-10-03,2021,4,10,October,2021-10,3,7,Sunday,true,false,,false,Autumn
20211004,2021-10-04,2021,4,10,October,2021-10,4,1,Monday,false,false,,true,Autumn
20211005,2021-10-05,2021,4,10,October,2021-10,5,2,Tuesday,false,false,,true,Autumn
20211006,2021-10-06,2021,4,10,October,2021-10,6,3,Wednesday,false,false,,true,Autumn
20211007,2021-10-07,2021,4,10,October,2021-10,7,4,Thursday,false,false,,true,Autumn
20211008,2021-10-08,2021,4,10,October,2021-10,8,5,Friday,false,false,,true,Autumn
20211009,2021-10-09,2021,4,10,October,2021-10,9,6,Saturday,true,false,,false,Autumn
20211010,2021-10-10,2021,4,10,October,2021-10,10,7,Sunday,true,false,,false,Autumn
20211011,2021-10-11,2021,4,10,October,2021-10,11,1,Monday,false,false,,true,Autumn
20211012,2021-10-12,2021,4,10,October,2021-10,12,2,Tuesday,false,false,,true,Autumn
20211013,2021-10-13,2021,4,10,October,2021-10,13,3,Wednesday,false,false,,true,Autumn
20211014,2021-10-14,2021,4,10,October,2021-10,14,4,Thursday,false,false,,true,Autumn
20211015,2021-10-15,2021,4,10,October,2021-10,15,5,Friday,false,false,,true,Autumn
20211016,2021-10-16,2021,4,10,October,2021-10,16,6,Saturday,true,false,,false,Autumn
20211017,2021-10-17,2021,4,10,October,2021-10,17,7,Sunday,true,false,,false,Autumn
20211018,2021-10-18,2021,4,10,October,2021-10,18,1,Monday,false,false,,true,Autumn
20211019,2021-10-19,2021,4,10,October,2021-10,19,2,Tuesday,false,false,,true,Autumn
20211020,2021-10-20,2021,4,10,October,2021-10,20,3,Wednesday,false,false,,true,Autumn
20211021,2021-10-21,2021,4,10,October,2021-10,21,4,Thursday,false,false,,true,Autumn
20211022,2021-10-22,2021,4,10,October,2021-10,22,5,Friday,false,false,,true,Autumn
20211023,2021-10-23,2021,4,10,October,2021-10,23,6,Saturday,true,false,,false,Autumn
20211024,2021-10-24,2021,4,10,October,2021-10,24,7,Sunday,true,false,,false,Autumn
20211025,2021-10-25,2021,4,10,October,2021-10,25,1,Monday,false,false,,true,Autumn
20211026,2021-10-26,2021,4,10,October,2021-10,26,2,Tuesday,false,false,,true,Autumn
20211027,2021-10-27,2021,4,10,October,2021-10,27,3,Wednesday,false,false,,true,Autumn
20211028,2021-10-28,2021,4,10,October,2021-10,28,4,Thursday,false,false,,true,Autumn
20211029,2021-10-29,2021,4,10,October,2021-10,29,5,Friday,false,false,,true,Autumn
20211030,2021-10-30,2021,4,10,October,2021-10,30,6,Saturday,true,false,,false,Autumn
20211031,2021-10-31,2021,4,10,October,2021-10,31,7,Sunday,true,false,,false,Autumn
20211101,2021-11-01,2021,4,11,November,2021-11,1,1,Monday,false,false,,true,Autumn
20211102,2021-11-02,2021,4,11,November,2021-11,2,2,Tuesday,false,false,,true,Autumn
20211103,2021-11-03,2021,4,11,November,2021-11,3,3,Wednesday,false,false,,true,Autumn
20211104,2021-11-04,2021,4,11,November,2021-11,4,4,Thursday,false,false,,true,Autumn
20211105,2021-11-05,2021,4,11,November,2021-11,5,5,Friday,false,false,,true,Autumn
20211106,2021-11-06,2021,4,11,November,2021-11,6,6,Saturday,true,false,,false,Autumn
20211107,2021-11-07,2021,4,11,November,2021-11,7,7,Sunday,true,false,,false,Autumn
20211108,2021-11-08,2021,4,11,November,2021-11,8,1,Monday,false,false,,true,Autumn
20211109,2021-11-09,2021,4,11,November,2021-11,9,2,Tuesday,false,false,,true,Autumn
20211110,2021-11-10,2021,4,11,November,2021-11,10,3,Wednesday,false,false,,true,Autumn
20211111,2021-11-11,2021,4,11,November,2021-11,11,4,Thursday,false,false,,true,Autumn
20211112,2021-11-12,2021,4,11,November,2021-11,12,5,Friday,false,false,,true,Autumn
20211113,2021-11-13,2021,4,11,November,2021-11,13,6,Saturday,true,false,,false,Autumn
20211114,2021-11-14,2021,4,11,November,2021-11,14,7,Sunday,true,false,,false,Autumn
20211115,2021-11-15,2021,4,11,November,2021-11,15,1,Monday,false,false,,true,Autumn
20211116,2021-11-16,2021,4,11,November,2021-11,16,2,Tuesday,false,false,,true,Autumn
20211117,2021-11-17,2021,4,11,November,2021-11,17,3,Wednesday,false,false,,true,Autumn
20211118,2021-11-18,2021,4,11,November,2021-11,18,4,Thursday,false,false,,true,Autumn
20211119,2021-11-19,2021,4,11,November,2021-11,19,5,Friday,false,false,,true,Autumn
20211120,2021-11-20,2021,4,11,November,2021-11,20,6,Saturday,true,false,,false,Autumn
20211121,2021-11-21,2021,4,11,November,2021-11,21,7,Sunday,true,false,,false,Autumn
20211122,2021-11-22,2021,4,11,November,2021-11,22,1,Monday,false,false,,true,Autumn
20211123,2021-11-23,2021,4,11,November,2021-11,23,2,Tuesday,false,false,,true,Autumn
20211124,2021-11-24,2021,4,11,November,2021-11,24,3,Wednesday,false,false,,true,Autumn
20211125,2021-11-25,2021,4,11,November,2021-11,25,4,Thursday,false,false,,true,Autumn
20211126,2021-11-26,2021,4,11,November,2021-11,26,5,Friday,false,false,,true,Autumn
20211127,2021-11-27,2021,4,11,November,2021-11,27,6,Saturday,true,false,,false,Autumn
20211128,2021-11-28,2021,4,11,November,2021-11,28,7,Sunday,true,false,,false,Autumn
20211129,2021-11-29,2021,4,11,November,2021-11,29,1,Monday,false,false,,true,Autumn
20211130,2021-11-30,2021,4,11,November,2021-11,30,2,Tuesday,false,false,,true,Autumn
20211201,2021-12-01,2021,4,12,December,2021-12,1,3,Wednesday,false,false,,true,Winter
20211202,2021-12-02,2021,4,12,December,2021-12,2,4,Thursday,false,false,,true,Winter
20211203,2021-12-03,2021,4,12,December,2021-12,3,5,Friday,false,false,,true,Winter
20211204,2021-12-04,2021,4,12,December,2021-12,4,6,Saturday,true,false,,false,Winter
20211205,2021-12-05,2021,4,12,December,2021-12,5,7,Sunday,true,false,,false,Winter
20211206,2021-12-06,2021,4,12,December,2021-12,6,1,Monday,false,false,,true,Winter
20211207,2021-12-07,2021,4,12,December,2021-12,7,2,Tuesday,false,false,,true,Winter
20211208,2021-12-08,2021,4,12,December,2021-12,8,3,Wednesday,false,false,,true,Winter
20211209,2021-12-09,2021,4,12,December,2021-12,9,4,Thursday,false,false,,true,Winter
20211210,2021-12-10,2021,4,12,December,2021-12,10,5,Friday,false,false,,true,Winter
20211211,2021-12-11,2021,4,12,December,2021-12,11,6,Saturday,true,false,,false,Winter
20211212,2021-12-12,2021,4,12,December,2021-12,12,7,Sunday,true,false,,false,Winter
20211213,2021-12-13,2021,4,12,December,2021-12,13,1,Monday,false,false,,true,Winter
20211214,2021-12-14,2021,4,12,December,2021-12,14,2,Tuesday,false,false,,true,Winter
20211215,2021-12-15,2021,4,12,December,2021-12,15,3,Wednesday,false,false,,true,Winter
20211216,2021-12-16,2021,4,12,December,2021-12,16,4,Thursday,false,false,,true,Winter
20211217,2021-12-17,2021,4,12,December,2021-12,17,5,Friday,false,false,,true,Winter
20211218,2021-12-18,2021,4,12,December,2021-12,18,6,Saturday,true,false,,false,Winter
20211219,2021-12-19,2021,4,12,December,2021-12,19,7,Sunday,true,false,,false,Winter
20211220,2021-12-20,2021,4,12,December,2021-12,20,1,Monday,false,false,,true,Winter
20211221,2021-12-21,2021,4,12,December,2021-12,21,2,Tuesday,false,false,,true,Winter
20211222,2021-12-22,2021,4,12,December,2021-12,22,3,Wednesday,false,false,,true,Winter
20211223,2021-12-23,2021,4,12,December,2021-12,23,4,Thursday,false,false,,true,Winter
20211224,2021-12-24,2021,4,12,December,2021-12,24,5,Friday,false,false,,true,Winter
20211225,2021-12-25,2021,4,12,December,2021-12,25,6,Saturday,true,true,Christmas Day,false,Winter
20211226,2021-12-26,2021,4,12,December,2021-12,26,7,Sunday,true,true,Boxing Day,false,Winter
20211227,2021-12-27,2021,4,12,December,2021-12,27,1,Monday,false,true,Christmas Day (observed),false,Winter
20211228,2021-12-28,2021,4,12,December,2021-12,28,2,Tuesday,false,true,Boxing Day (observed),false,Winter
20211229,2021-12-29,2021,4,12,December,2021-12,29,3,Wednesday,false,false,,true,Winter
20211230,2021-12-30,2021,4,12,December,2021-12,30,4,Thursday,false,false,,true,Winter
20211231,2021-12-31,2021,4,12,December,2021-12,31,5,Friday,false,false,,true,Winter
20220101,2022-01-01,2022,1,1,January,2022-01,1,6,Saturday,true,true,New Year's Day,false,Winter
20220102,2022-01-02,2022,1,1,January,2022-01,2,7,Sunday,true,false,,false,Winter
20220103,2022-01-03,2022,1,1,January,2022-01,3,1,Monday,false,true,New Year's Day (observed),false,Winter
20220104,2022-01-04,2022,1,1,January,2022-01,4,2,Tuesday,false,false,,true,Winter
20220105,2022-01-05,2022,1,1,January,2022-01,5,3,Wednesday,false,false,,true,Winter
20220106,2022-01-06,2022,1,1,January,2022-01,6,4,Thursday,false,false,,true,Winter
20220107,2022-01-07,2022,1,1,January,2022-01,7,5,Friday,false,false,,true,Winter
20220108,2022-01-08,2022,1,1,January,2022-01,8,6,Saturday,true,false,,false,Winter
20220109,2022-01-09,2022,1,1,January,2022-01,9,7,Sunday,true,false,,false,Winter
20220110,2022-01-10,2022,1,1,January,2022-01,10,1,Monday,false,false,,true,Winter
20220111,2022-01-11,2022,1,1,January,2022-01,11,2,Tuesday,false,false,,true,Winter
20220112,2022-01-12,2022,1,1,January,2022-01,12,3,Wednesday,false,false,,true,Winter
20220113,2022-01-13,2022,1,1,January,2022-01,13,4,Thursday,false,false,,true,Winter
20220114,2022-01-14,2022,1,1,January,2022-01,14,5,Friday,false,false,,true,Winter
20220115,2022-01-15,2022,1,1,January,2022-01,15,6,Saturday,true,false,,false,Winter
20220116,2022-01-16,2022,1,1,January,2022-01,16,7,Sunday,true,false,,false,Winter
20220117,2022-01-17,2022,1,1,January,2022-01,17,1,Monday,false,false,,true,Winter
20220118,2022-01-18,2022,1,1,January,2022-01,18,2,Tuesday,false,false,,true,Winter
20220119,2022-01-19,2022,1,1,January,2022-01,19,3,Wednesday,false,false,,true,Winter
20220120,2022-01-20,2022,1,1,January,2022-01,20,4,Thursday,false,false,,true,Winter
20220121,2022-01-21,2022,1,1,January,2022-01,21,5,Friday,false,false,,true,Winter
20220122,2022-01-22,2022,1,1,January,2022-01,22,6,Saturday,true,false,,false,Winter
20220123,2022-01-23,2022,1,1,January,2022-01,23,7,Sunday,true,false,,false,Winter
20220124,2022-01-24,2022,1,1,January,2022-01,24,1,Monday,false,false,,true,Winter
20220125,2022-01-25,2022,1,1,January,2022-01,25,2,Tuesday,false,false,,true,Winter
20220126,2022-01-26,2022,1,1,January,2022-01,26,3,Wednesday,false,false,,true,Winter
20220127,2022-01-27,2022,1,1,January,2022-01,27,4,Thursday,false,false,,true,Winter
20220128,2022-01-28,2022,1,1,January,2022-01,28,5,Friday,false,false,,true,Winter
20220129,2022-01-29,2022,1,1,January,2022-01,29,6,Saturday,true,false,,false,Winter
20220130,2022-01-30,2022,1,1,January,2022-01,30,7,Sunday,true,false,,false,Winter
20220131,2022-01-31,2022,1,1,January,2022-01,31,1,Monday,false,false,,true,Winter
20220201,2022-02-01,2022,1,2,February,2022-02,1,2,Tuesday,false,false,,true,Winter
20220202,2022-02-02,2022,1,2,February,2022-02,2,3,Wednesday,false,false,,true,Winter
20220203,2022-02-03,2022,1,2,February,2022-02,3,4,Thursday,false,false,,true,Winter
20220204,2022-02-04,2022,1,2,February,2022-02,4,5,Friday,false,false,,true,Winter
20220205,2022-02-05,2022,1,2,February,2022-02,5,6,Saturday,true,false,,false,Winter
20220206,2022-02-06,2022,1,2,February,2022-02,6,7,Sunday,true,false,,false,Winter
20220207,2022-02-07,2022,1,2,February,2022-02,7,1,Monday,false,false,,true,Winter
20220208,2022-02-08,2022,1,2,February,2022-02,8,2,Tuesday,false,false,,true,Winter
20220209,2022-02-09,2022,1,2,February,2022-02,9,3,Wednesday,false,false,,true,Winter
20220210,2022-02-10,2022,1,2,February,2022-02,10,4,Thursday,false,false,,true,Winter
20220211,2022-02-11,2022,1,2,February,2022-02,11,5,Friday,false,false,,true,Winter
20220212,2022-02-12,2022,1,2,February,2022-02,12,6,Saturday,true,false,,false,Winter
20220213,2022-02-13,2022,1,2,February,2022-02,13,7,Sunday,true,false,,false,Winter
20220214,2022-02-14,2022,1,2,February,2022-02,14,1,Monday,false,false,,true,Winter
20220215,2022-02-15,2022,1,2,February,2022-02,15,2,Tuesday,false,false,,true,Winter
20220216,2022-02-16,2022,1,2,February,2022-02,16,3,Wednesday,false,false,,true,Winter
20220217,2022-02-17,2022,1,2,February,2022-02,17,4,Thursday,false,false,,true,Winter
20220218,2022-02-18,2022,1,2,February,2022-02,18,5,Friday,false,false,,true,Winter
20220219,2022-02-19,2022,1,2,February,2022-02,19,6,Saturday,true,false,,false,Winter
20220220,2022-02-20,2022,1,2,February,2022-02,20,7,Sunday,true,false,,false,Winter
20220221,2022-02-21,2022,1,2,February,2022-02,21,1,Monday,false,false,,true,Winter
20220222,2022-02-22,2022,1,2,February,2022-02,22,2,Tuesday,false,false,,true,Winter
20220223,2022-02-23,2022,1,2,February,2022-02,23,3,Wednesday,false,false,,true,Winter
20220224,2022-02-24,2022,1,2,February,2022-02,24,4,Thursday,false,false,,true,Winter
20220225,2022-02-25,2022,1,2,February,2022-02,25,5,Friday,false,false,,true,Winter
20220226,2022-02-26,2022,1,2,February,2022-02,26,6,Saturday,true,false,,false,Winter
20220227,2022-02-27,2022,1,2,February,2022-02,27,7,Sunday,true,false,,false,Winter
20220228,2022-02-28,2022,1,2,February,2022-02,28,1,Monday,false,false,,true,Winter
20220301,2022-03-01,2022,1,3,March,2022-03,1,2,Tuesday,false,false,,true,Spring
20220302,2022-03-02,2022,1,3,March,2022-03,2,3,Wednesday,false,false,,true,Spring
20220303,2022-03-03,2022,1,3,March,2022-03,3,4,Thursday,false,false,,true,Spring
20220304,2022-03-04,2022,1,3,March,2022-03,4,5,Friday,false,false,,true,Spring
20220305,2022-03-05,2022,1,3,March,2022-03,5,6,Saturday,true,false,,false,Spring
20220306,2022-03-06,2022,1,3,March,2022-03,6,7,Sunday,true,false,,false,Spring
20220307,2022-03-07,2022,1,3,March,2022-03,7,1,Monday,false,false,,true,Spring
20220308,2022-03-08,2022,1,3,March,2022-03,8,2,Tuesday,false,false,,true,Spring
20220309,2022-03-09,2022,1,3,March,2022-03,9,3,Wednesday,false,false,,true,Spring
20220310,2022-03-10,2022,1,3,March,2022-03,10,4,Thursday,false,false,,true,Spring
20220311,2022-03-11,2022,1,3,March,2022-03,11,5,Friday,false,false,,true,Spring
20220312,2022-03-12,2022,1,3,March,2022-03,12,6,Saturday,true,false,,false,Spring
20220313,2022-03-13,2022,1,3,March,2022-03,13,7,Sunday,true,false,,false,Spring
20220314,2022-03-14,2022,1,3,March,2022-03,14,1,Monday,false,false,,true,Spring
20220315,2022-03-15,2022,1,3,March,2022-03,15,2,Tuesday,false,false,,true,Spring
20220316,2022-03-16,2022,1,3,March,2022-03,16,3,Wednesday,false,false,,true,Spring
20220317,2022-03-17,2022,1,3,March,2022-03,17,4,Thursday,false,false,,true,Spring
20220318,2022-03-18,2022,1,3,March,2022-03,18,5,Friday,false,false,,true,Spring
20220319,2022-03-19,2022,1,3,March,2022-03,19,6,Saturday,true,false,,false,Spring
20220320,2022-03-20,2022,1,3,March,2022-03,20,7,Sunday,true,false,,false,Spring
20220321,2022-03-21,2022,1,3,March,2022-03,21,1,Monday,false,false,,true,Spring
20220322,2022-03-22,2022,1,3,March,2022-03,22,2,Tuesday,false,false,,true,Spring
20220323,2022-03-23,2022,1,3,March,2022-03,23,3,Wednesday,false,false,,true,Spring
20220324,2022-03-24,2022,1,3,March,2022-03,24,4,Thursday,false,false,,true,Spring
20220325,2022-03-25,2022,1,3,March,2022-03,25,5,Friday,false,false,,true,Spring
20220326,2022-03-26,2022,1,3,March,2022-03,26,6,Saturday,true,false,,false,Spring
20220327,2022-03-27,2022,1,3,March,2022-03,27,7,Sunday,true,false,,false,Spring
20220328,2022-03-28,2022,1,3,March,2022-03,28,1,Monday,false,false,,true,Spring
20220329,2022-03-29,2022,1,3,March,2022-03,29,2,Tuesday,false,false,,true,Spring
20220330,2022-03-30,2022,1,3,March,2022-03,30,3,Wednesday,false,false,,true,Spring
20220331,2022-03-31,2022,1,3,March,2022-03,31,4,Thursday,false,false,,true,Spring
20220401,2022-04-01,2022,2,4,April,2022-04,1,5,Friday,false,false,,true,Spring
20220402,2022-04-02,2022,2,4,April,2022-04,2,6,Saturday,true,false,,false,Spring
20220403,2022-04-03,2022,2,4,April,2022-04,3,7,Sunday,true,false,,false,Spring
20220404,2022-04-04,2022,2,4,April,2022-04,4,1,Monday,false,false,,true,Spring
20220405,2022-04-05,2022,2,4,April,2022-04,5,2,Tuesday,false,false,,true,Spring
20220406,2022-04-06,2022,2,4,April,2022-04,6,3,Wednesday,false,false,,true,Spring
20220407,2022-04-07,2022,2,4,April,2022-04,7,4,Thursday,false,false,,true,Spring
20220408,2022-04-08,2022,2,4,April,2022-04,8,5,Friday,false,false,,true,Spring
20220409,2022-04-09,2022,2,4,April,2022-04,9,6,Saturday,true,false,,false,Spring
20220410,2022-04-10,2022,2,4,April,2022-04,10,7,Sunday,true,false,,false,Spring
20220411,2022-04-11,2022,2,4,April,2022-04,11,1,Monday,false,false,,true,Spring
20220412,2022-04-12,2022,2,4,April,2022-04,12,2,Tuesday,false,false,,true,Spring
20220413,2022-04-13,2022,2,4,April,2022-04,13,3,Wednesday,false,false,,true,Spring
20220414,2022-04-14,2022,2,4,April,2022-04,14,4,Thursday,false,false,,true,Spring
20220415,2022-04-15,2022,2,4,April,2022-04,15,5,Friday,false,true,Good Friday,false,Spring
20220416,2022-04-16,2022,2,4,April,2022-04,16,6,Saturday,true,false,,false,Spring
20220417,2022-04-17,2022,2,4,April,2022-04,17,7,Sunday,true,false,,false,Spring
20220418,2022-04-18,2022,2,4,April,2022-04,18,1,Monday,false,true,Easter Monday,false,Spring
20220419,2022-04-19,2022,2,4,April,2022-04,19,2,Tuesday,false,false,,true,Spring
20220420,2022-04-20,2022,2,4,April,2022-04,20,3,Wednesday,false,false,,true,Spring
20220421,2022-04-21,2022,2,4,April,2022-04,21,4,Thursday,false,false,,true,Spring
20220422,2022-04-22,2022,2,4,April,2022-04,22,5,Friday,false,false,,true,Spring
20220423,2022-04-23,2022,2,4,April,2022-04,23,6,Saturday,true,false,,false,Spring
20220424,2022-04-24,2022,2,4,April,2022-04,24,7,Sunday,true,false,,false,Spring
20220425,2022-04-25,2022,2,4,April,2022-04,25,1,Monday,false,false,,true,Spring
20220426,2022-04-26,2022,2,4,April,2022-04,26,2,Tuesday,false,false,,true,Spring
20220427,2022-04-27,2022,2,4,April,2022-04,27,3,Wednesday,false,false,,true,Spring
20220428,2022-04-28,2022,2,4,April,2022-04,28,4,Thursday,false,false,,true,Spring
20220429,2022-04-29,2022,2,4,April,2022-04,29,5,Friday,false,false,,true,Spring
20220430,2022-04-30,2022,2,4,April,2022-04,30,6,Saturday,true,false,,false,Spring
20220501,2022-05-01,2022,2,5,May,2022-05,1,7,Sunday,true,false,,false,Spring
20220502,2022-05-02,2022,2,5,May,2022-05,2,1,Monday,false,true,May Day,false,Spring
20220503,2022-05-03,2022,2,5,May,2022-05,3,2,Tuesday,false,false,,true,Spring
20220504,2022-05-04,2022,2,5,May,2022-05,4,3,Wednesday,false,false,,true,Spring
20220505,2022-05-05,2022,2,5,May,2022-05,5,4,Thursday,false,false,,true,Spring
20220506,2022-05-06,2022,2,5,May,2022-05,6,5,Friday,false,false,,true,Spring
20220507,2022-05-07,2022,2,5,May,2022-05,7,6,Saturday,true,false,,false,Spring
20220508,2022-05-08,2022,2,5,May,2022-05,8,7,Sunday,true,false,,false,Spring
20220509,2022-05-09,2022,2,5,May,2022-05,9,1,Monday,false,false,,true,Spring
20220510,2022-05-10,2022,2,5,May,2022-05,10,2,Tuesday,false,false,,true,Spring
20220511,2022-05-11,2022,2,5,May,2022-05,11,3,Wednesday,false,false,,true,Spring
20220512,2022-05-12,2022,2,5,May,2022-05,12,4,Thursday,false,false,,true,Spring
20220513,2022-05-13,2022,2,5,May,2022-05,13,5,Friday,false,false,,true,Spring
20220514,2022-05-14,2022,2,5,May,2022-05,14,6,Saturday,true,false,,false,Spring
20220515,2022-05-15,2022,2,5,May,2022-05,15,7,Sunday,true,false,,false,Spring
20220516,2022-05-16,2022,2,5,May,2022-05,16,1,Monday,false,false,,true,Spring
20220517,2022-05-17,2022,2,5,May,2022-05,17,2,Tuesday,false,false,,true,Spring
20220518,2022-05-18,2022,2,5,May,2022-05,18,3,Wednesday,false,false,,true,Spring
20220519,2022-05-19,2022,2,5,May,2022-05,19,4,Thursday,false,false,,true,Spring
20220520,2022-05-20,2022,2,5,May,2022-05,20,5,Friday,false,false,,true,Spring
20220521,2022-05-21,2022,2,5,May,2022-05,21,6,Saturday,true,false,,false,Spring
20220522,2022-05-22,2022,2,5,May,2022-05,22,7,Sunday,true,false,,false,Spring
20220523,2022-05-23,2022,2,5,May,2022-05,23,1,Monday,false,false,,true,Spring
20220524,2022-05-24,2022,2,5,May,2022-05,24,2,Tuesday,false,false,,true,Spring
20220525,2022-05-25,2022,2,5,May,2022-05,25,3,Wednesday,false,false,,true,Spring
20220526,2022-05-26,2022,2,5,May,2022-05,26,4,Thursday,false,false,,true,Spring
20220527,2022-05-27,2022,2,5,May,2022-05,27,5,Friday,false,false,,true,Spring
20220528,2022-05-28,2022,2,5,May,2022-05,28,6,Saturday,true,false,,false,Spring
20220529,2022-05-29,2022,2,5,May,2022-05,29,7,Sunday,true,false,,false,Spring
20220530,2022-05-30,2022,2,5,May,2022-05,30,1,Monday,false,false,,true,Spring
20220531,2022-05-31,2022,2,5,May,2022-05,31,2,Tuesday,false,false,,true,Spring
20220601,2022-06-01,2022,2,6,June,2022-06,1,3,Wednesday,false,false,,true,Summer
20220602,2022-06-02,2022,2,6,June,2022-06,2,4,Thursday,false,true,Spring Bank Holiday,false,Summer
20220603,2022-06-03,2022,2,6,June,2022-06,3,5,Friday,false,true,Platinum Jubilee of Elizabeth II,false,Summer
20220604,2022-06-04,2022,2,6,June,2022-06,4,6,Saturday,true,false,,false,Summer
20220605,2022-06-05,2022,2,6,June,2022-06,5,7,Sunday,true,false,,false,Summer
20220606,2022-06-06,2022,2,6,June,2022-06,6,1,Monday,false,false,,true,Summer
20220607,2022-06-07,2022,2,6,June,2022-06,7,2,Tuesday,false,false,,true,Summer
20220608,2022-06-08,2022,2,6,June,2022-06,8,3,Wednesday,false,false,,true,Summer
20220609,2022-06-09,2022,2,6,June,2022-06,9,4,Thursday,false,false,,true,Summer
20220610,2022-06-10,2022,2,6,June,2022-06,10,5,Friday,false,false,,true,Summer
20220611,2022-06-11,2022,2,6,June,2022-06,11,6,Saturday,true,false,,false,Summer
20220612,2022-06-12,2022,2,6,June,2022-06,12,7,Sunday,true,false,,false,Summer
20220613,2022-06-13,2022,2,6,June,2022-06,13,1,Monday,false,false,,true,Summer
20220614,2022-06-14,2022,2,6,June,2022-06,14,2,Tuesday,false,false,,true,Summer
20220615,2022-06-15,2022,2,6,June,2022-06,15,3,Wednesday,false,false,,true,Summer
20220616,2022-06-16,2022,2,6,June,2022-06,16,4,Thursday,false,false,,true,Summer
20220617,2022-06-17,2022,2,6,June,2022-06,17,5,Friday,false,false,,true,Summer
20220618,2022-06-18,2022,2,6,June,2022-06,18,6,Saturday,true,false,,false,Summer
20220619,2022-06-19,2022,2,6,June,2022-06,19,7,Sunday,true,false,,false,Summer
20220620,2022-06-20,2022,2,6,June,2022-06,20,1,Monday,false,false,,true,Summer
20220621,2022-06-21,2022,2,6,June,2022-06,21,2,Tuesday,false,false,,true,Summer
20220622,2022-06-22,2022,2,6,June,2022-06,22,3,Wednesday,false,false,,true,Summer
20220623,2022-06-23,2022,2,6,June,2022-06,23,4,Thursday,false,false,,true,Summer
20220624,2022-06-24,2022,2,6,June,2022-06,24,5,Friday,false,false,,true,Summer
20220625,2022-06-25,2022,2,6,June,2022-06,25,6,Saturday,true,false,,false,Summer
20220626,2022-06-26,2022,2,6,June,2022-06,26,7,Sunday,true,false,,false,Summer
20220627,2022-06-27,2022,2,6,June,2022-06,27,1,Monday,false,false,,true,Summer
20220628,2022-06-28,2022,2,6,June,2022-06,28,2,Tuesday,false,false,,true,Summer
20220629,2022-06-29,2022,2,6,June,2022-06,29,3,Wednesday,false,false,,true,Summer
20220630,2022-06-30,2022,2,6,June,2022-06,30,4,Thursday,false,false,,true,Summer
20220701,2022-07-01,2022,3,7,July,2022-07,1,5,Friday,false,false,,true,Summer
20220702,2022-07-02,2022,3,7,July,2022-07,2,6,Saturday,true,false,,false,Summer
20220703,2022-07-03,2022,3,7,July,2022-07,3,7,Sunday,true,false,,false,Summer
20220704,2022-07-04,2022,3,7,July,2022-07,4,1,Monday,false,false,,true,Summer
20220705,2022-07-05,2022,3,7,July,2022-07,5,2,Tuesday,false,false,,true,Summer
20220706,2022-07-06,2022,3,7,July,2022-07,6,3,Wednesday,false,false,,true,Summer
20220707,2022-07-07,2022,3,7,July,2022-07,7,4,Thursday,false,false,,true,Summer
20220708,2022-07-08,2022,3,7,July,2022-07,8,5,Friday,false,false,,true,Summer
20220709,2022-07-09,2022,3,7,July,2022-07,9,6,Saturday,true,false,,false,Summer
20220710,2022-07-10,2022,3,7,July,2022-07,10,7,Sunday,true,false,,false,Summer
20220711,2022-07-11,2022,3,7,July,2022-07,11,1,Monday,false,false,,true,Summer
20220712,2022-07-12,2022,3,7,July,2022-07,12,2,Tuesday,false,false,,true,Summer
20220713,2022-07-13,2022,3,7,July,2022-07,13,3,Wednesday,false,false,,true,Summer
20220714,2022-07-14,2022,3,7,July,2022-07,14,4,Thursday,false,false,,true,Summer
20220715,2022-07-15,2022,3,7,July,2022-07,15,5,Friday,false,false,,true,Summer
20220716,2022-07-16,2022,3,7,July,2022-07,16,6,Saturday,true,false,,false,Summer
20220717,2022-07-17,2022,3,7,July,2022-07,17,7,Sunday,true,false,,false,Summer
20220718,2022-07-18,2022,3,7,July,2022-07,18,1,Monday,false,false,,true,Summer
20220719,2022-07-19,2022,3,7,July,2022-07,19,2,Tuesday,false,false,,true,Summer
20220720,2022-07-20,2022,3,7,July,2022-07,20,3,Wednesday,false,false,,true,Summer
20220721,2022-07-21,2022,3,7,July,2022-07,21,4,Thursday,false,false,,true,Summer
20220722,2022-07-22,2022,3,7,July,2022-07,22,5,Friday,false,false,,true,Summer
20220723,2022-07-23,2022,3,7,July,2022-07,23,6,Saturday,true,false,,false,Summer
20220724,2022-07-24,2022,3,7,July,2022-07,24,7,Sunday,true,false,,false,Summer
20220725,2022-07-25,2022,3,7,July,2022-07,25,1,Monday,false,false,,true,Summer
20220726,2022-07-26,2022,3,7,July,2022-07,26,2,Tuesday,false,false,,true,Summer
20220727,2022-07-27,2022,3,7,July,2022-07,27,3,Wednesday,false,false,,true,Summer
20220728,2022-07-28,2022,3,7,July,2022-07,28,4,Thursday,false,false,,true,Summer
20220729,2022-07-29,2022,3,7,July,2022-07,29,5,Friday,false,false,,true,Summer
20220730,2022-07-30,2022,3,7,July,2022-07,30,6,Saturday,true,false,,false,Summer
20220731,2022-07-31,2022,3,7,July,2022-07,31,7,Sunday,true,false,,false,Summer
20220801,2022-08-01,2022,3,8,August,2022-08,1,1,Monday,false,false,,true,Summer
20220802,2022-08-02,2022,3,8,August,2022-08,2,2,Tuesday,false,false,,true,Summer
20220803,2022-08-03,2022,3,8,August,2022-08,3,3,Wednesday,false,false,,true,Summer
20220804,2022-08-04,2022,3,8,August,2022-08,4,4,Thursday,false,false,,true,Summer
20220805,2022-08-05,2022,3,8,August,2022-08,5,5,Friday,false,false,,true,Summer
20220806,2022-08-06,2022,3,8,August,2022-08,6,6,Saturday,true,false,,false,Summer
20220807,2022-08-07,2022,3,8,August,2022-08,7,7,Sunday,true,false,,false,Summer
20220808,2022-08-08,2022,3,8,August,2022-08,8,1,Monday,false,false,,true,Summer
20220809,2022-08-09,2022,3,8,August,2022-08,9,2,Tuesday,false,false,,true,Summer
20220810,2022-08-10,2022,3,8,August,2022-08,10,3,Wednesday,false,false,,true,Summer
20220811,2022-08-11,2022,3,8,August,2022-08,11,4,Thursday,false,false,,true,Summer
20220812,2022-08-12,2022,3,8,August,2022-08,12,5,Friday,false,false,,true,Summer
20220813,2022-08-13,2022,3,8,August,2022-08,13,6,Saturday,true,false,,false,Summer
20220814,2022-08-14,2022,3,8,August,2022-08,14,7,Sunday,true,false,,false,Summer
20220815,2022-08-15,2022,3,8,August,2022-08,15,1,Monday,false,false,,true,Summer
20220816,2022-08-16,2022,3,8,August,2022-08,16,2,Tuesday,false,false,,true,Summer
20220817,2022-08-17,2022,3,8,August,2022-08,17,3,Wednesday,false,false,,true,Summer
20220818,2022-08-18,2022,3,8,August,2022-08,18,4,Thursday,false,false,,true,Summer
20220819,2022-08-19,2022,3,8,August,2022-08,19,5,Friday,false,false,,true,Summer
20220820,2022-08-20,2022,3,8,August,2022-08,20,6,Saturday,true,false,,false,Summer
20220821,2022-08-21,2022,3,8,August,2022-08,21,7,Sunday,true,false,,false,Summer
20220822,2022-08-22,2022,3,8,August,2022-08,22,1,Monday,false,false,,true,Summer
20220823,2022-08-23,2022,3,8,August,2022-08,23,2,Tuesday,false,false,,true,Summer
20220824,2022-08-24,2022,3,8,August,2022-08,24,3,Wednesday,false,false,,true,Summer
20220825,2022-08-25,2022,3,8,August,2022-08,25,4,Thursday,false,false,,true,Summer
20220826,2022-08-26,2022,3,8,August,2022-08,26,5,Friday,false,false,,true,Summer
20220827,2022-08-27,2022,3,8,August,2022-08,27,6,Saturday,true,false,,false,Summer
20220828,2022-08-28,2022,3,8,August,2022-08,28,7,Sunday,true,false,,false,Summer
20220829,2022-08-29,2022,3,8,August,2022-08,29,1,Monday,false,true,Late Summer Bank Holiday,false,Summer
20220830,2022-08-30,2022,3,8,August,2022-08,30,2,Tuesday,false,false,,true,Summer
20220831,2022-08-31,2022,3,8,August,2022-08,31,3,Wednesday,false,false,,true,Summer
20220901,2022-09-01,2022,3,9,September,2022-09,1,4,Thursday,false,false,,true,Autumn
20220902,2022-09-02,2022,3,9,September,2022-09,2,5,Friday,false,false,,true,Autumn
20220903,2022-09-03,2022,3,9,September,2022-09,3,6,Saturday,true,false,,false,Autumn
20220904,2022-09-04,2022,3,9,September,2022-09,4,7,Sunday,true,false,,false,Autumn
20220905,2022-09-05,2022,3,9,September,2022-09,5,1,Monday,false,false,,true,Autumn
20220906,2022-09-06,2022,3,9,September,2022-09,6,2,Tuesday,false,false,,true,Autumn
20220907,2022-09-07,2022,3,9,September,2022-09,7,3,Wednesday,false,false,,true,Autumn
20220908,2022-09-08,2022,3,9,September,2022-09,8,4,Thursday,false,false,,true,Autumn
20220909,2022-09-09,2022,3,9,September,2022-09,9,5,Friday,false,false,,true,Autumn
20220910,2022-09-10,2022,3,9,September,2022-09,10,6,Saturday,true,false,,false,Autumn
20220911,2022-09-11,2022,3,9,September,2022-09,11,7,Sunday,true,false,,false,Autumn
20220912,2022-09-12,2022,3,9,September,2022-09,12,1,Monday,false,false,,true,Autumn
20220913,2022-09-13,2022,3,9,September,2022-09,13,2,Tuesday,false,false,,true,Autumn
20220914,2022-09-14,2022,3,9,September,2022-09,14,3,Wednesday,false,false,,true,Autumn
20220915,2022-09-15,2022,3,9,September,2022-09,15,4,Thursday,false,false,,true,Autumn
20220916,2022-09-16,2022,3,9,September,2022-09,16,5,Friday,false,false,,true,Autumn
20220917,2022-09-17,2022,3,9,September,2022-09,17,6,Saturday,true,false,,false,Autumn
20220918,2022-09-18,2022,3,9,September,2022-09,18,7,Sunday,true,false,,false,Autumn
20220919,2022-09-19,2022,3,9,September,2022-09,19,1,Monday,false,true,State Funeral of Queen Elizabeth II,false,Autumn
20220920,2022-09-20,2022,3,9,September,2022-09,20,2,Tuesday,false,false,,true,Autumn
20220921,2022-09-21,2022,3,9,September,2022-09,21,3,Wednesday,false,false,,true,Autumn
20220922,2022-09-22,2022,3,9,September,2022-09,22,4,Thursday,false,false,,true,Autumn
20220923,2022-09-23,2022,3,9,September,2022-09,23,5,Friday,false,false,,true,Autumn
20220924,2022-09-24,2022,3,9,September,2022-09,24,6,Saturday,true,false,,false,Autumn
20220925,2022-09-25,2022,3,9,September,2022-09,25,7,Sunday,true,false,,false,Autumn
20220926,2022-09-26,2022,3,9,September,2022-09,26,1,Monday,false,false,,true,Autumn
20220927,2022-09-27,2022,3,9,September,2022-09,27,2,Tuesday,false,false,,true,Autumn
20220928,2022-09-28,2022,3,9,September,2022-09,28,3,Wednesday,false,false,,true,Autumn
20220929,2022-09-29,2022,3,9,September,2022-09,29,4,Thursday,false,false,,true,Autumn
20220930,2022-09-30,2022,3,9,September,2022-09,30,5,Friday,false,false,,true,Autumn
20221001,2022-10-01,2022,4,10,October,2022-10,1,6,Saturday,true,false,,false,Autumn
20221002,2022-10-02,2022,4,10,October,2022-10,2,7,Sunday,true,false,,false,Autumn
20221003,2022-10-03,2022,4,10,October,2022-10,3,1,Monday,false,false,,true,Autumn
20221004,2022-10-04,2022,4,10,October,2022-10,4,2,Tuesday,false,false,,true,Autumn
20221005,2022-10-05,2022,4,10,October,2022-10,5,3,Wednesday,false,false,,true,Autumn
20221006,2022-10-06,2022,4,10,October,2022-10,6,4,Thursday,false,false,,true,Autumn
20221007,2022-10-07,2022,4,10,October,2022-10,7,5,Friday,false,false,,true,Autumn
20221008,2022-10-08,2022,4,10,October,2022-10,8,6,Saturday,true,false,,false,Autumn
20221009,2022-10-09,2022,4,10,October,2022-10,9,7,Sunday,true,false,,false,Autumn
20221010,2022-10-10,2022,4,10,October,2022-10,10,1,Monday,false,false,,true,Autumn
20221011,2022-10-11,2022,4,10,October,2022-10,11,2,Tuesday,false,false,,true,Autumn
20221012,2022-10-12,2022,4,10,October,2022-10,12,3,Wednesday,false,false,,true,Autumn
20221013,2022-10-13,2022,4,10,October,2022-10,13,4,Thursday,false,false,,true,Autumn
20221014,2022-10-14,2022,4,10,October,2022-10,14,5,Friday,false,false,,true,Autumn
20221015,2022-10-15,2022,4,10,October,2022-10,15,6,Saturday,true,false,,false,Autumn
20221016,2022-10-16,2022,4,10,October,2022-10,16,7,Sunday,true,false,,false,Autumn
20221017,2022-10-17,2022,4,10,October,2022-10,17,1,Monday,false,false,,true,Autumn
20221018,2022-10-18,2022,4,10,October,2022-10,18,2,Tuesday,false,false,,true,Autumn
20221019,2022-10-19,2022,4,10,October,2022-10,19,3,Wednesday,false,false,,true,Autumn
20221020,2022-10-20,2022,4,10,October,2022-10,20,4,Thursday,false,false,,true,Autumn
20221021,2022-10-21,2022,4,10,October,2022-10,21,5,Friday,false,false,,true,Autumn
20221022,2022-10-22,2022,4,10,October,2022-10,22,6,Saturday,true,false,,false,Autumn
20221023,2022-10-23,2022,4,10,October,2022-10,23,7,Sunday,true,false,,false,Autumn
20221024,2022-10-24,2022,4,10,October,2022-10,24,1,Monday,false,false,,true,Autumn
20221025,2022-10-25,2022,4,10,October,2022-10,25,2,Tuesday,false,false,,true,Autumn
20221026,2022-10-26,2022,4,10,October,2022-10,26,3,Wednesday,false,false,,true,Autumn
20221027,2022-10-27,2022,4,10,October,2022-10,27,4,Thursday,false,false,,true,Autumn
20221028,2022-10-28,2022,4,10,October,2022-10,28,5,Friday,false,false,,true,Autumn
20221029,2022-10-29,2022,4,10,October,2022-10,29,6,Saturday,true,false,,false,Autumn
20221030,2022-10-30,2022,4,10,October,2022-10,30,7,Sunday,true,false,,false,Autumn
20221031,2022-10-31,2022,4,10,October,2022-10,31,1,Monday,false,false,,true,Autumn
20221101,2022-11-01,2022,4,11,November,2022-11,1,2,Tuesday,false,false,,true,Autumn
20221102,2022-11-02,2022,4,11,November,2022-11,2,3,Wednesday,false,false,,true,Autumn
20221103,2022-11-03,2022,4,11,November,2022-11,3,4,Thursday,false,false,,true,Autumn
20221104,2022-11-04,2022,4,11,November,2022-11,4,5,Friday,false,false,,true,Autumn
20221105,2022-11-05,2022,4,11,November,2022-11,5,6,Saturday,true,false,,false,Autumn
20221106,2022-11-06,2022,4,11,November,2022-11,6,7,Sunday,true,false,,false,Autumn
20221107,2022-11-07,2022,4,11,November,2022-11,7,1,Monday,false,false,,true,Autumn
20221108,2022-11-08,2022,4,11,November,2022-11,8,2,Tuesday,false,false,,true,Autumn
20221109,2022-11-09,2022,4,11,November,2022-11,9,3,Wednesday,false,false,,true,Autumn
20221110,2022-11-10,2022,4,11,November,2022-11,10,4,Thursday,false,false,,true,Autumn
20221111,2022-11-11,2022,4,11,November,2022-11,11,5,Friday,false,false,,true,Autumn
20221112,2022-11-12,2022,4,11,November,2022-11,12,6,Saturday,true,false,,false,Autumn
20221113,2022-11-13,2022,4,11,November,2022-11,13,7,Sunday,true,false,,false,Autumn
20221114,2022-11-14,2022,4,11,November,2022-11,14,1,Monday,false,false,,true,Autumn
20221115,2022-11-15,2022,4,11,November,2022-11,15,2,Tuesday,false,false,,true,Autumn
20221116,2022-11-16,2022,4,11,November,2022-11,16,3,Wednesday,false,false,,true,Autumn
20221117,2022-11-17,2022,4,11,November,2022-11,17,4,Thursday,false,false,,true,Autumn
20221118,2022-11-18,2022,4,11,November,2022-11,18,5,Friday,false,false,,true,Autumn
20221119,2022-11-19,2022,4,11,November,2022-11,19,6,Saturday,true,false,,false,Autumn
20221120,2022-11-20,2022,4,11,November,2022-11,20,7,Sunday,true,false,,false,Autumn
20221121,2022-11-21,2022,4,11,November,2022-11,21,1,Monday,false,false,,true,Autumn
20221122,2022-11-22,2022,4,11,November,2022-11,22,2,Tuesday,false,false,,true,Autumn
20221123,2022-11-23,2022,4,11,November,2022-11,23,3,Wednesday,false,false,,true,Autumn
20221124,2022-11-24,2022,4,11,November,2022-11,24,4,Thursday,false,false,,true,Autumn
20221125,2022-11-25,2022,4,11,November,2022-11,25,5,Friday,false,false,,true,Autumn
20221126,2022-11-26,2022,4,11,November,2022-11,26,6,Saturday,true,false,,false,Autumn
20221127,2022-11-27,2022,4,11,November,2022-11,27,7,Sunday,true,false,,false,Autumn
20221128,2022-11-28,2022,4,11,November,2022-11,28,1,Monday,false,false,,true,Autumn
20221129,2022-11-29,2022,4,11,November,2022-11,29,2,Tuesday,false,false,,true,Autumn
20221130,2022-11-30,2022,4,11,November,2022-11,30,3,Wednesday,false,false,,true,Autumn
20221201,2022-12-01,2022,4,12,December,2022-12,1,4,Thursday,false,false,,true,Winter
20221202,2022-12-02,2022,4,12,December,2022-12,2,5,Friday,false,false,,true,Winter
20221203,2022-12-03,2022,4,12,December,2022-12,3,6,Saturday,true,false,,false,Winter
20221204,2022-12-04,2022,4,12,December,2022-12,4,7,Sunday,true,false,,false,Winter
20221205,2022-12-05,2022,4,12,December,2022-12,5,1,Monday,false,false,,true,Winter
20221206,2022-12-06,2022,4,12,December,2022-12,6,2,Tuesday,false,false,,true,Winter
20221207,2022-12-07,2022,4,12,December,2022-12,7,3,Wednesday,false,false,,true,Winter
20221208,2022-12-08,2022,4,12,December,2022-12,8,4,Thursday,false,false,,true,Winter
20221209,2022-12-09,2022,4,12,December,2022-12,9,5,Friday,false,false,,true,Winter
20221210,2022-12-10,2022,4,12,December,2022-12,10,6,Saturday,true,false,,false,Winter
20221211,2022-12-11,2022,4,12,December,2022-12,11,7,Sunday,true,false,,false,Winter
20221212,2022-12-12,2022,4,12,December,2022-12,12,1,Monday,false,false,,true,Winter
20221213,2022-12-13,2022,4,12,December,2022-12,13,2,Tuesday,false,false,,true,Winter
20221214,2022-12-14,2022,4,12,December,2022-12,14,3,Wednesday,false,false,,true,Winter
20221215,2022-12-15,2022,4,12,December,2022-12,15,4,Thursday,false,false,,true,Winter
20221216,2022-12-16,2022,4,12,December,2022-12,16,5,Friday,false,false,,true,Winter
20221217,2022-12-17,2022,4,12,December,2022-12,17,6,Saturday,true,false,,false,Winter
20221218,2022-12-18,2022,4,12,December,2022-12,18,7,Sunday,true,false,,false,Winter
20221219,2022-12-19,2022,4,12,December,2022-12,19,1,Monday,false,false,,true,Winter
20221220,2022-12-20,2022,4,12,December,2022-12,20,2,Tuesday,false,false,,true,Winter
20221221,2022-12-21,2022,4,12,December,2022-12,21,3,Wednesday,false,false,,true,Winter
20221222,2022-12-22,2022,4,12,December,2022-12,22,4,Thursday,false,false,,true,Winter
20221223,2022-12-23,2022,4,12,December,2022-12,23,5,Friday,false,false,,true,Winter
20221224,2022-12-24,2022,4,12,December,2022-12,24,6,Saturday,true,false,,false,Winter
20221225,2022-12-25,2022,4,12,December,2022-12,25,7,Sunday,true,true,Christmas Day,false,Winter
20221226,2022-12-26,2022,4,12,December,2022-12,26,1,Monday,false,true,Boxing Day,false,Winter
20221227,2022-12-27,2022,4,12,December,2022-12,27,2,Tuesday,false,true,Christmas Day (observed),false,Winter
20221228,2022-12-28,2022,4,12,December,2022-12,28,3,Wednesday,false,false,,true,Winter
20221229,2022-12-29,2022,4,12,December,2022-12,29,4,Thursday,false,false,,true,Winter
20221230,2022-12-30,2022,4,12,December,2022-12,30,5,Friday,false,false,,true,Winter
20221231,2022-12-31,2022,4,12,December,2022-12,31,6,Saturday,true,false,,false,Winter
20230101,2023-01-01,2023,1,1,January,2023-01,1,7,Sunday,true,true,New Year's Day,false,Winter
20230102,2023-01-02,2023,1,1,January,2023-01,2,1,Monday,false,true,New Year's Day (observed),false,Winter
20230103,2023-01-03,2023,1,1,January,2023-01,3,2,Tuesday,false,false,,true,Winter
20230104,2023-01-04,2023,1,1,January,2023-01,4,3,Wednesday,false,false,,true,Winter
20230105,2023-01-05,2023,1,1,January,2023-01,5,4,Thursday,false,false,,true,Winter
20230106,2023-01-06,2023,1,1,January,2023-01,6,5,Friday,false,false,,true,Winter
20230107,2023-01-07,2023,1,1,January,2023-01,7,6,Saturday,true,false,,false,Winter
20230108,2023-01-08,2023,1,1,January,2023-01,8,7,Sunday,true,false,,false,Winter
20230109,2023-01-09,2023,1,1,January,2023-01,9,1,Monday,false,false,,true,Winter
20230110,2023-01-10,2023,1,1,January,2023-01,10,2,Tuesday,false,false,,true,Winter
20230111,2023-01-11,2023,1,1,January,2023-01,11,3,Wednesday,false,false,,true,Winter
20230112,2023-01-12,2023,1,1,January,2023-01,12,4,Thursday,false,false,,true,Winter
20230113,2023-01-13,2023,1,1,January,2023-01,13,5,Friday,false,false,,true,Winter
20230114,2023-01-14,2023,1,1,January,2023-01,14,6,Saturday,true,false,,false,Winter
20230115,2023-01-15,2023,1,1,January,2023-01,15,7,Sunday,true,false,,false,Winter
20230116,2023-01-16,2023,1,1,January,2023-01,16,1,Monday,false,false,,true,Winter
20230117,2023-01-17,2023,1,1,January,2023-01,17,2,Tuesday,false,false,,true,Winter
20230118,2023-01-18,2023,1,1,January,2023-01,18,3,Wednesday,false,false,,true,Winter
20230119,2023-01-19,2023,1,1,January,2023-01,19,4,Thursday,false,false,,true,Winter
20230120,2023-01-20,2023,1,1,January,2023-01,20,5,Friday,false,false,,true,Winter
20230121,2023-01-21,2023,1,1,January,2023-01,21,6,Saturday,true,false,,false,Winter
20230122,2023-01-22,2023,1,1,January,2023-01,22,7,Sunday,true,false,,false,Winter
20230123,2023-01-23,2023,1,1,January,2023-01,23,1,Monday,false,false,,true,Winter
20230124,2023-01-24,2023,1,1,January,2023-01,24,2,Tuesday,false,false,,true,Winter
20230125,2023-01-25,2023,1,1,January,2023-01,25,3,Wednesday,false,false,,true,Winter
20230126,2023-01-26,2023,1,1,January,2023-01,26,4,Thursday,false,false,,true,Winter
20230127,2023-01-27,2023,1,1,January,2023-01,27,5,Friday,false,false,,true,Winter
20230128,2023-01-28,2023,1,1,January,2023-01,28,6,Saturday,true,false,,false,Winter
20230129,2023-01-29,2023,1,1,January,2023-01,29,7,Sunday,true,false,,false,Winter
20230130,2023-01-30,2023,1,1,January,2023-01,30,1,Monday,false,false,,true,Winter
20230131,2023-01-31,2023,1,1,January,2023-01,31,2,Tuesday,false,false,,true,Winter
20230201,2023-02-01,2023,1,2,February,2023-02,1,3,Wednesday,false,false,,true,Winter
20230202,2023-02-02,2023,1,2,February,2023-02,2,4,Thursday,false,false,,true,Winter
20230203,2023-02-03,2023,1,2,February,2023-02,3,5,Friday,false,false,,true,Winter
20230204,2023-02-04,2023,1,2,February,2023-02,4,6,Saturday,true,false,,false,Winter
20230205,2023-02-05,2023,1,2,February,2023-02,5,7,Sunday,true,false,,false,Winter
20230206,2023-02-06,2023,1,2,February,2023-02,6,1,Monday,false,false,,true,Winter
20230207,2023-02-07,2023,1,2,February,2023-02,7,2,Tuesday,false,false,,true,Winter
20230208,2023-02-08,2023,1,2,February,2023-02,8,3,Wednesday,false,false,,true,Winter
20230209,2023-02-09,2023,1,2,February,2023-02,9,4,Thursday,false,false,,true,Winter
20230210,2023-02-10,2023,1,2,February,2023-02,10,5,Friday,false,false,,true,Winter
20230211,2023-02-11,2023,1,2,February,2023-02,11,6,Saturday,true,false,,false,Winter
20230212,2023-02-12,2023,1,2,February,2023-02,12,7,Sunday,true,false,,false,Winter
20230213,2023-02-13,2023,1,2,February,2023-02,13,1,Monday,false,false,,true,Winter
20230214,2023-02-14,2023,1,2,February,2023-02,14,2,Tuesday,false,false,,true,Winter
20230215,2023-02-15,2023,1,2,February,2023-02,15,3,Wednesday,false,false,,true,Winter
20230216,2023-02-16,2023,1,2,February,2023-02,16,4,Thursday,false,false,,true,Winter
20230217,2023-02-17,2023,1,2,February,2023-02,17,5,Friday,false,false,,true,Winter
20230218,2023-02-18,2023,1,2,February,2023-02,18,6,Saturday,true,false,,false,Winter
20230219,2023-02-19,2023,1,2,February,2023-02,19,7,Sunday,true,false,,false,Winter
20230220,2023-02-20,2023,1,2,February,2023-02,20,1,Monday,false,false,,true,Winter
20230221,2023-02-21,2023,1,2,February,2023-02,21,2,Tuesday,false,false,,true,Winter
20230222,2023-02-22,2023,1,2,February,2023-02,22,3,Wednesday,false,false,,true,Winter
20230223,2023-02-23,2023,1,2,February,2023-02,23,4,Thursday,false,false,,true,Winter
20230224,2023-02-24,2023,1,2,February,2023-02,24,5,Friday,false,false,,true,Winter
20230225,2023-02-25,2023,1,2,February,2023-02,25,6,Saturday,true,false,,false,Winter
20230226,2023-02-26,2023,1,2,February,2023-02,26,7,Sunday,true,false,,false,Winter
20230227,2023-02-27,2023,1,2,February,2023-02,27,1,Monday,false,false,,true,Winter
20230228,2023-02-28,2023,1,2,February,2023-02,28,2,Tuesday,false,false,,true,Winter
20230301,2023-03-01,2023,1,3,March,2023-03,1,3,Wednesday,false,false,,true,Spring
20230302,2023-03-02,2023,1,3,March,2023-03,2,4,Thursday,false,false,,true,Spring
20230303,2023-03-03,2023,1,3,March,2023-03,3,5,Friday,false,false,,true,Spring
20230304,2023-03-04,2023,1,3,March,2023-03,4,6,Saturday,true,false,,false,Spring
20230305,2023-03-05,2023,1,3,March,2023-03,5,7,Sunday,true,false,,false,Spring
20230306,2023-03-06,2023,1,3,March,2023-03,6,1,Monday,false,false,,true,Spring
20230307,2023-03-07,2023,1,3,March,2023-03,7,2,Tuesday,false,false,,true,Spring
20230308,2023-03-08,2023,1,3,March,2023-03,8,3,Wednesday,false,false,,true,Spring
20230309,2023-03-09,2023,1,3,March,2023-03,9,4,Thursday,false,false,,true,Spring
20230310,2023-03-10,2023,1,3,March,2023-03,10,5,Friday,false,false,,true,Spring
20230311,2023-03-11,2023,1,3,March,2023-03,11,6,Saturday,true,false,,false,Spring
20230312,2023-03-12,2023,1,3,March,2023-03,12,7,Sunday,true,false,,false,Spring
20230313,2023-03-13,2023,1,3,March,2023-03,13,1,Monday,false,false,,true,Spring
20230314,2023-03-14,2023,1,3,March,2023-03,14,2,Tuesday,false,false,,true,Spring
20230315,2023-03-15,2023,1,3,March,2023-03,15,3,Wednesday,false,false,,true,Spring
20230316,2023-03-16,2023,1,3,March,2023-03,16,4,Thursday,false,false,,true,Spring
20230317,2023-03-17,2023,1,3,March,2023-03,17,5,Friday,false,false,,true,Spring
20230318,2023-03-18,2023,1,3,March,2023-03,18,6,Saturday,true,false,,false,Spring
20230319,2023-03-19,2023,1,3,March,2023-03,19,7,Sunday,true,false,,false,Spring
20230320,2023-03-20,2023,1,3,March,2023-03,20,1,Monday,false,false,,true,Spring
20230321,2023-03-21,2023,1,3,March,2023-03,21,2,Tuesday,false,false,,true,Spring
20230322,2023-03-22,2023,1,3,March,2023-03,22,3,Wednesday,false,false,,true,Spring
20230323,2023-03-23,2023,1,3,March,2023-03,23,4,Thursday,false,false,,true,Spring
20230324,2023-03-24,2023,1,3,March,2023-03,24,5,Friday,false,false,,true,Spring
20230325,2023-03-25,2023,1,3,March,2023-03,25,6,Saturday,true,false,,false,Spring
20230326,2023-03-26,2023,1,3,March,2023-03,26,7,Sunday,true,false,,false,Spring
20230327,2023-03-27,2023,1,3,March,2023-03,27,1,Monday,false,false,,true,Spring
20230328,2023-03-28,2023,1,3,March,2023-03,28,2,Tuesday,false,false,,true,Spring
20230329,2023-03-29,2023,1,3,March,2023-03,29,3,Wednesday,false,false,,true,Spring
20230330,2023-03-30,2023,1,3,March,2023-03,30,4,Thursday,false,false,,true,Spring
20230331,2023-03-31,2023,1,3,March,2023-03,31,5,Friday,false,false,,true,Spring
20230401,2023-04-01,2023,2,4,April,2023-04,1,6,Saturday,true,false,,false,Spring
20230402,2023-04-02,2023,2,4,April,2023-04,2,7,Sunday,true,false,,false,Spring
20230403,2023-04-03,2023,2,4,April,2023-04,3,1,Monday,false,false,,true,Spring
20230404,2023-04-04,2023,2,4,April,2023-04,4,2,Tuesday,false,false,,true,Spring
20230405,2023-04-05,2023,2,4,April,2023-04,5,3,Wednesday,false,false,,true,Spring
20230406,2023-04-06,2023,2,4,April,2023-04,6,4,Thursday,false,false,,true,Spring
20230407,2023-04-07,2023,2,4,April,2023-04,7,5,Friday,false,true,Good Friday,false,Spring
20230408,2023-04-08,2023,2,4,April,2023-04,8,6,Saturday,true,false,,false,Spring
20230409,2023-04-09,2023,2,4,April,2023-04,9,7,Sunday,true,false,,false,Spring
20230410,2023-04-10,2023,2,4,April,2023-04,10,1,Monday,false,true,Easter Monday,false,Spring
20230411,2023-04-11,2023,2,4,April,2023-04,11,2,Tuesday,false,false,,true,Spring
20230412,2023-04-12,2023,2,4,April,2023-04,12,3,Wednesday,false,false,,true,Spring
20230413,2023-04-13,2023,2,4,April,2023-04,13,4,Thursday,false,false,,true,Spring
20230414,2023-04-14,2023,2,4,April,2023-04,14,5,Friday,false,false,,true,Spring
20230415,2023-04-15,2023,2,4,April,2023-04,15,6,Saturday,true,false,,false,Spring
20230416,2023-04-16,2023,2,4,April,2023-04,16,7,Sunday,true,false,,false,Spring
20230417,2023-04-17,2023,2,4,April,2023-04,17,1,Monday,false,false,,true,Spring
20230418,2023-04-18,2023,2,4,April,2023-04,18,2,Tuesday,false,false,,true,Spring
20230419,2023-04-19,2023,2,4,April,2023-04,19,3,Wednesday,false,false,,true,Spring
20230420,2023-04-20,2023,2,4,April,2023-04,20,4,Thursday,false,false,,true,Spring
20230421,2023-04-21,2023,2,4,April,2023-04,21,5,Friday,false,false,,true,Spring
20230422,2023-04-22,2023,2,4,April,2023-04,22,6,Saturday,true,false,,false,Spring
20230423,2023-04-23,2023,2,4,April,2023-04,23,7,Sunday,true,false,,false,Spring
20230424,2023-04-24,2023,2,4,April,2023-04,24,1,Monday,false,false,,true,Spring
20230425,2023-04-25,2023,2,4,April,2023-04,25,2,Tuesday,false,false,,true,Spring
20230426,2023-04-26,2023,2,4,April,2023-04,26,3,Wednesday,false,false,,true,Spring
20230427,2023-04-27,2023,2,4,April,2023-04,27,4,Thursday,false,false,,true,Spring
20230428,2023-04-28,2023,2,4,April,2023-04,28,5,Friday,false,false,,true,Spring
20230429,2023-04-29,2023,2,4,April,2023-04,29,6,Saturday,true,false,,false,Spring
20230430,2023-04-30,2023,2,4,April,2023-04,30,7,Sunday,true,false,,false,Spring
20230501,2023-05-01,2023,2,5,May,2023-05,1,1,Monday,false,true,May Day,false,Spring
20230502,2023-05-02,2023,2,5,May,2023-05,2,2,Tuesday,false,false,,true,Spring
20230503,2023-05-03,2023,2,5,May,2023-05,3,3,Wednesday,false,false,,true,Spring
20230504,2023-05-04,2023,2,5,May,2023-05,4,4,Thursday,false,false,,true,Spring
20230505,2023-05-05,2023,2,5,May,2023-05,5,5,Friday,false,false,,true,Spring
20230506,2023-05-06,2023,2,5,May,2023-05,6,6,Saturday,true,false,,false,Spring
20230507,2023-05-07,2023,2,5,May,2023-05,7,7,Sunday,true,false,,false,Spring
20230508,2023-05-08,2023,2,5,May,2023-05,8,1,Monday,false,true,Coronation of Charles III,false,Spring
20230509,2023-05-09,2023,2,5,May,2023-05,9,2,Tuesday,false,false,,true,Spring
20230510,2023-05-10,2023,2,5,May,2023-05,10,3,Wednesday,false,false,,true,Spring
20230511,2023-05-11,2023,2,5,May,2023-05,11,4,Thursday,false,false,,true,Spring
20230512,2023-05-12,2023,2,5,May,2023-05,12,5,Friday,false,false,,true,Spring
20230513,2023-05-13,2023,2,5,May,2023-05,13,6,Saturday,true,false,,false,Spring
20230514,2023-05-14,2023,2,5,May,2023-05,14,7,Sunday,true,false,,false,Spring
20230515,2023-05-15,2023,2,5,May,2023-05,15,1,Monday,false,false,,true,Spring
20230516,2023-05-16,2023,2,5,May,2023-05,16,2,Tuesday,false,false,,true,Spring
20230517,2023-05-17,2023,2,5,May,2023-05,17,3,Wednesday,false,false,,true,Spring
20230518,2023-05-18,2023,2,5,May,2023-05,18,4,Thursday,false,false,,true,Spring
20230519,2023-05-19,2023,2,5,May,2023-05,19,5,Friday,false,false,,true,Spring
20230520,2023-05-20,2023,2,5,May,2023-05,20,6,Saturday,true,false,,false,Spring
20230521,2023-05-21,2023,2,5,May,2023-05,21,7,Sunday,true,false,,false,Spring
20230522,2023-05-22,2023,2,5,May,2023-05,22,1,Monday,false,false,,true,Spring
20230523,2023-05-23,2023,2,5,May,2023-05,23,2,Tuesday,false,false,,true,Spring
20230524,2023-05-24,2023,2,5,May,2023-05,24,3,Wednesday,false,false,,true,Spring
20230525,2023-05-25,2023,2,5,May,2023-05,25,4,Thursday,false,false,,true,Spring
20230526,2023-05-26,2023,2,5,May,2023-05,26,5,Friday,false,false,,true,Spring
20230527,2023-05-27,2023,2,5,May,2023-05,27,6,Saturday,true,false,,false,Spring
20230528,2023-05-28,2023,2,5,May,2023-05,28,7,Sunday,true,false,,false,Spring
20230529,2023-05-29,2023,2,5,May,2023-05,29,1,Monday,false,true,Spring Bank Holiday,false,Spring
20230530,2023-05-30,2023,2,5,May,2023-05,30,2,Tuesday,false,false,,true,Spring
20230531,2023-05-31,2023,2,5,May,2023-05,31,3,Wednesday,false,false,,true,Spring
20230601,2023-06-01,2023,2,6,June,2023-06,1,4,Thursday,false,false,,true,Summer
20230602,2023-06-02,2023,2,6,June,2023-06,2,5,Friday,false,false,,true,Summer
20230603,2023-06-03,2023,2,6,June,2023-06,3,6,Saturday,true,false,,false,Summer
20230604,2023-06-04,2023,2,6,June,2023-06,4,7,Sunday,true,false,,false,Summer
20230605,2023-06-05,2023,2,6,June,2023-06,5,1,Monday,false,false,,true,Summer
20230606,2023-06-06,2023,2,6,June,2023-06,6,2,Tuesday,false,false,,true,Summer
20230607,2023-06-07,2023,2,6,June,2023-06,7,3,Wednesday,false,false,,true,Summer
20230608,2023-06-08,2023,2,6,June,2023-06,8,4,Thursday,false,false,,true,Summer
20230609,2023-06-09,2023,2,6,June,2023-06,9,5,Friday,false,false,,true,Summer
20230610,2023-06-10,2023,2,6,June,2023-06,10,6,Saturday,true,false,,false,Summer
20230611,2023-06-11,2023,2,6,June,2023-06,11,7,Sunday,true,false,,false,Summer
20230612,2023-06-12,2023,2,6,June,2023-06,12,1,Monday,false,false,,true,Summer
20230613,2023-06-13,2023,2,6,June,2023-06,13,2,Tuesday,false,false,,true,Summer
20230614,2023-06-14,2023,2,6,June,2023-06,14,3,Wednesday,false,false,,true,Summer
20230615,2023-06-15,2023,2,6,June,2023-06,15,4,Thursday,false,false,,true,Summer
20230616,2023-06-16,2023,2,6,June,2023-06,16,5,Friday,false,false,,true,Summer
20230617,2023-06-17,2023,2,6,June,2023-06,17,6,Saturday,true,false,,false,Summer
20230618,2023-06-18,2023,2,6,June,2023-06,18,7,Sunday,true,false,,false,Summer
20230619,2023-06-19,2023,2,6,June,2023-06,19,1,Monday,false,false,,true,Summer
20230620,2023-06-20,2023,2,6,June,2023-06,20,2,Tuesday,false,false,,true,Summer
20230621,2023-06-21,2023,2,6,June,2023-06,21,3,Wednesday,false,false,,true,Summer
20230622,2023-06-22,2023,2,6,June,2023-06,22,4,Thursday,false,false,,true,Summer
20230623,2023-06-23,2023,2,6,June,2023-06,23,5,Friday,false,false,,true,Summer
20230624,2023-06-24,2023,2,6,June,2023-06,24,6,Saturday,true,false,,false,Summer
20230625,2023-06-25,2023,2,6,June,2023-06,25,7,Sunday,true,false,,false,Summer
20230626,2023-06-26,2023,2,6,June,2023-06,26,1,Monday,false,false,,true,Summer
20230627,2023-06-27,2023,2,6,June,2023-06,27,2,Tuesday,false,false,,true,Summer
20230628,2023-06-28,2023,2,6,June,2023-06,28,3,Wednesday,false,false,,true,Summer
20230629,2023-06-29,2023,2,6,June,2023-06,29,4,Thursday,false,false,,true,Summer
20230630,2023-06-30,2023,2,6,June,2023-06,30,5,Friday,false,false,,true,Summer
20230701,2023-07-01,2023,3,7,July,2023-07,1,6,Saturday,true,false,,false,Summer
20230702,2023-07-02,2023,3,7,July,2023-07,2,7,Sunday,true,false,,false,Summer
20230703,2023-07-03,2023,3,7,July,2023-07,3,1,Monday,false,false,,true,Summer
20230704,2023-07-04,2023,3,7,July,2023-07,4,2,Tuesday,false,false,,true,Summer
20230705,2023-07-05,2023,3,7,July,2023-07,5,3,Wednesday,false,false,,true,Summer
20230706,2023-07-06,2023,3,7,July,2023-07,6,4,Thursday,false,false,,true,Summer
20230707,2023-07-07,2023,3,7,July,2023-07,7,5,Friday,false,false,,true,Summer
20230708,2023-07-08,2023,3,7,July,2023-07,8,6,Saturday,true,false,,false,Summer
20230709,2023-07-09,2023,3,7,July,2023-07,9,7,Sunday,true,false,,false,Summer
20230710,2023-07-10,2023,3,7,July,2023-07,10,1,Monday,false,false,,true,Summer
20230711,2023-07-11,2023,3,7,July,2023-07,11,2,Tuesday,false,false,,true,Summer
20230712,2023-07-12,2023,3,7,July,2023-07,12,3,Wednesday,false,false,,true,Summer
20230713,2023-07-13,2023,3,7,July,2023-07,13,4,Thursday,false,false,,true,Summer
20230714,2023-07-14,2023,3,7,July,2023-07,14,5,Friday,false,false,,true,Summer
20230715,2023-07-15,2023,3,7,July,2023-07,15,6,Saturday,true,false,,false,Summer
20230716,2023-07-16,2023,3,7,July,2023-07,16,7,Sunday,true,false,,false,Summer
20230717,2023-07-17,2023,3,7,July,2023-07,17,1,Monday,false,false,,true,Summer
20230718,2023-07-18,2023,3,7,July,2023-07,18,2,Tuesday,false,false,,true,Summer
20230719,2023-07-19,2023,3,7,July,2023-07,19,3,Wednesday,false,false,,true,Summer
20230720,2023-07-20,2023,3,7,July,2023-07,20,4,Thursday,false,false,,true,Summer
20230721,2023-07-21,2023,3,7,July,2023-07,21,5,Friday,false,false,,true,Summer
20230722,2023-07-22,2023,3,7,July,2023-07,22,6,Saturday,true,false,,false,Summer
20230723,2023-07-23,2023,3,7,July,2023-07,23,7,Sunday,true,false,,false,Summer
20230724,2023-07-24,2023,3,7,July,2023-07,24,1,Monday,false,false,,true,Summer
20230725,2023-07-25,2023,3,7,July,2023-07,25,2,Tuesday,false,false,,true,Summer
20230726,2023-07-26,2023,3,7,July,2023-07,26,3,Wednesday,false,false,,true,Summer
20230727,2023-07-27,2023,3,7,July,2023-07,27,4,Thursday,false,false,,true,Summer
20230728,2023-07-28,2023,3,7,July,2023-07,28,5,Friday,false,false,,true,Summer
20230729,2023-07-29,2023,3,7,July,2023-07,29,6,Saturday,true,false,,false,Summer
20230730,2023-07-30,2023,3,7,July,2023-07,30,7,Sunday,true,false,,false,Summer
20230731,2023-07-31,2023,3,7,July,2023-07,31,1,Monday,false,false,,true,Summer
20230801,2023-08-01,2023,3,8,August,2023-08,1,2,Tuesday,false,false,,true,Summer
20230802,2023-08-02,2023,3,8,August,2023-08,2,3,Wednesday,false,false,,true,Summer
20230803,2023-08-03,2023,3,8,August,2023-08,3,4,Thursday,false,false,,true,Summer
20230804,2023-08-04,2023,3,8,August,2023-08,4,5,Friday,false,false,,true,Summer
20230805,2023-08-05,2023,3,8,August,2023-08,5,6,Saturday,true,false,,false,Summer
20230806,2023-08-06,2023,3,8,August,2023-08,6,7,Sunday,true,false,,false,Summer
20230807,2023-08-07,2023,3,8,August,2023-08,7,1,Monday,false,false,,true,Summer
20230808,2023-08-08,2023,3,8,August,2023-08,8,2,Tuesday,false,false,,true,Summer
20230809,2023-08-09,2023,3,8,August,2023-08,9,3,Wednesday,false,false,,true,Summer
20230810,2023-08-10,2023,3,8,August,2023-08,10,4,Thursday,false,false,,true,Summer
20230811,2023-08-11,2023,3,8,August,2023-08,11,5,Friday,false,false,,true,Summer
20230812,2023-08-12,2023,3,8,August,2023-08,12,6,Saturday,true,false,,false,Summer
20230813,2023-08-13,2023,3,8,August,2023-08,13,7,Sunday,true,false,,false,Summer
20230814,2023-08-14,2023,3,8,August,2023-08,14,1,Monday,false,false,,true,Summer
20230815,2023-08-15,2023,3,8,August,2023-08,15,2,Tuesday,false,false,,true,Summer
20230816,2023-08-16,2023,3,8,August,2023-08,16,3,Wednesday,false,false,,true,Summer
20230817,2023-08-17,2023,3,8,August,2023-08,17,4,Thursday,false,false,,true,Summer
20230818,2023-08-18,2023,3,8,August,2023-08,18,5,Friday,false,false,,true,Summer
20230819,2023-08-19,2023,3,8,August,2023-08,19,6,Saturday,true,false,,false,Summer
20230820,2023-08-20,2023,3,8,August,2023-08,20,7,Sunday,true,false,,false,Summer
20230821,2023-08-21,2023,3,8,August,2023-08,21,1,Monday,false,false,,true,Summer
20230822,2023-08-22,2023,3,8,August,2023-08,22,2,Tuesday,false,false,,true,Summer
20230823,2023-08-23,2023,3,8,August,2023-08,23,3,Wednesday,false,false,,true,Summer
20230824,2023-08-24,2023,3,8,August,2023-08,24,4,Thursday,false,false,,true,Summer
20230825,2023-08-25,2023,3,8,August,2023-08,25,5,Friday,false,false,,true,Summer
20230826,2023-08-26,2023,3,8,August,2023-08,26,6,Saturday,true,false,,false,Summer
20230827,2023-08-27,2023,3,8,August,2023-08,27,7,Sunday,true,false,,false,Summer
20230828,2023-08-28,2023,3,8,August,2023-08,28,1,Monday,false,true,Late Summer Bank Holiday,false,Summer
20230829,2023-08-29,2023,3,8,August,2023-08,29,2,Tuesday,false,false,,true,Summer
20230830,2023-08-30,2023,3,8,August,2023-08,30,3,Wednesday,false,false,,true,Summer
20230831,2023-08-31,2023,3,8,August,2023-08,31,4,Thursday,false,false,,true,Summer
20230901,2023-09-01,2023,3,9,September,2023-09,1,5,Friday,false,false,,true,Autumn
20230902,2023-09-02,2023,3,9,September,2023-09,2,6,Saturday,true,false,,false,Autumn
20230903,2023-09-03,2023,3,9,September,2023-09,3,7,Sunday,true,false,,false,Autumn
20230904,2023-09-04,2023,3,9,September,2023-09,4,1,Monday,false,false,,true,Autumn
20230905,2023-09-05,2023,3,9,September,2023-09,5,2,Tuesday,false,false,,true,Autumn
20230906,2023-09-06,2023,3,9,September,2023-09,6,3,Wednesday,false,false,,true,Autumn
20230907,2023-09-07,2023,3,9,September,2023-09,7,4,Thursday,false,false,,true,Autumn
20230908,2023-09-08,2023,3,9,September,2023-09,8,5,Friday,false,false,,true,Autumn
20230909,2023-09-09,2023,3,9,September,2023-09,9,6,Saturday,true,false,,false,Autumn
20230910,2023-09-10,2023,3,9,September,2023-09,10,7,Sunday,true,false,,false,Autumn
20230911,2023-09-11,2023,3,9,September,2023-09,11,1,Monday,false,false,,true,Autumn
20230912,2023-09-12,2023,3,9,September,2023-09,12,2,Tuesday,false,false,,true,Autumn
20230913,2023-09-13,2023,3,9,September,2023-09,13,3,Wednesday,false,false,,true,Autumn
20230914,2023-09-14,2023,3,9,September,2023-09,14,4,Thursday,false,false,,true,Autumn
20230915,2023-09-15,2023,3,9,September,2023-09,15,5,Friday,false,false,,true,Autumn
20230916,2023-09-16,2023,3,9,September,2023-09,16,6,Saturday,true,false,,false,Autumn
20230917,2023-09-17,2023,3,9,September,2023-09,17,7,Sunday,true,false,,false,Autumn
20230918,2023-09-18,2023,3,9,September,2023-09,18,1,Monday,false,false,,true,Autumn
20230919,2023-09-19,2023,3,9,September,2023-09,19,2,Tuesday,false,false,,true,Autumn
20230920,2023-09-20,2023,3,9,September,2023-09,20,3,Wednesday,false,false,,true,Autumn
20230921,2023-09-21,2023,3,9,September,2023-09,21,4,Thursday,false,false,,true,Autumn
20230922,2023-09-22,2023,3,9,September,2023-09,22,5,Friday,false,false,,true,Autumn
20230923,2023-09-23,2023,3,9,September,2023-09,23,6,Saturday,true,false,,false,Autumn
20230924,2023-09-24,2023,3,9,September,2023-09,24,7,Sunday,true,false,,false,Autumn
20230925,2023-09-25,2023,3,9,September,2023-09,25,1,Monday,false,false,,true,Autumn
20230926,2023-09-26,2023,3,9,September,2023-09,26,2,Tuesday,false,false,,true,Autumn
20230927,2023-09-27,2023,3,9,September,2023-09,27,3,Wednesday,false,false,,true,Autumn
20230928,2023-09-28,2023,3,9,September,2023-09,28,4,Thursday,false,false,,true,Autumn
20230929,2023-09-29,2023,3,9,September,2023-09,29,5,Friday,false,false,,true,Autumn
20230930,2023-09-30,2023,3,9,September,2023-09,30,6,Saturday,true,false,,false,Autumn
20231001,2023-10-01,2023,4,10,October,2023-10,1,7,Sunday,true,false,,false,Autumn
20231002,2023-10-02,2023,4,10,October,2023-10,2,1,Monday,false,false,,true,Autumn
20231003,2023-10-03,2023,4,10,October,2023-10,3,2,Tuesday,false,false,,true,Autumn
20231004,2023-10-04,2023,4,10,October,2023-10,4,3,Wednesday,false,false,,true,Autumn
20231005,2023-10-05,2023,4,10,October,2023-10,5,4,Thursday,false,false,,true,Autumn
20231006,2023-10-06,2023,4,10,October,2023-10,6,5,Friday,false,false,,true,Autumn
20231007,2023-10-07,2023,4,10,October,2023-10,7,6,Saturday,true,false,,false,Autumn
20231008,2023-10-08,2023,4,10,October,2023-10,8,7,Sunday,true,false,,false,Autumn
20231009,2023-10-09,2023,4,10,October,2023-10,9,1,Monday,false,false,,true,Autumn
20231010,2023-10-10,2023,4,10,October,2023-10,10,2,Tuesday,false,false,,true,Autumn
20231011,2023-10-11,2023,4,10,October,2023-10,11,3,Wednesday,false,false,,true,Autumn
20231012,2023-10-12,2023,4,10,October,2023-10,12,4,Thursday,false,false,,true,Autumn
20231013,2023-10-13,2023,4,10,October,2023-10,13,5,Friday,false,false,,true,Autumn
20231014,2023-10-14,2023,4,10,October,2023-10,14,6,Saturday,true,false,,false,Autumn
20231015,2023-10-15,2023,4,10,October,2023-10,15,7,Sunday,true,false,,false,Autumn
20231016,2023-10-16,2023,4,10,October,2023-10,16,1,Monday,false,false,,true,Autumn
20231017,2023-10-17,2023,4,10,October,2023-10,17,2,Tuesday,false,false,,true,Autumn
20231018,2023-10-18,2023,4,10,October,2023-10,18,3,Wednesday,false,false,,true,Autumn
20231019,2023-10-19,2023,4,10,October,2023-10,19,4,Thursday,false,false,,true,Autumn
20231020,2023-10-20,2023,4,10,October,2023-10,20,5,Friday,false,false,,true,Autumn
20231021,2023-10-21,2023,4,10,October,2023-10,21,6,Saturday,true,false,,false,Autumn
20231022,2023-10-22,2023,4,10,October,2023-10,22,7,Sunday,true,false,,false,Autumn
20231023,2023-10-23,2023,4,10,October,2023-10,23,1,Monday,false,false,,true,Autumn
20231024,2023-10-24,2023,4,10,October,2023-10,24,2,Tuesday,false,false,,true,Autumn
20231025,2023-10-25,2023,4,10,October,2023-10,25,3,Wednesday,false,false,,true,Autumn
20231026,2023-10-26,2023,4,10,October,2023-10,26,4,Thursday,false,false,,true,Autumn
20231027,2023-10-27,2023,4,10,October,2023-10,27,5,Friday,false,false,,true,Autumn
20231028,2023-10-28,2023,4,10,October,2023-10,28,6,Saturday,true,false,,false,Autumn
20231029,2023-10-29,2023,4,10,October,2023-10,29,7,Sunday,true,false,,false,Autumn
20231030,2023-10-30,2023,4,10,October,2023-10,30,1,Monday,false,false,,true,Autumn
20231031,2023-10-31,2023,4,10,October,2023-10,31,2,Tuesday,false,false,,true,Autumn
20231101,2023-11-01,2023,4,11,November,2023-11,1,3,Wednesday,false,false,,true,Autumn
20231102,2023-11-02,2023,4,11,November,2023-11,2,4,Thursday,false,false,,true,Autumn
20231103,2023-11-03,2023,4,11,November,2023-11,3,5,Friday,false,false,,true,Autumn
20231104,2023-11-04,2023,4,11,November,2023-11,4,6,Saturday,true,false,,false,Autumn
20231105,2023-11-05,2023,4,11,November,2023-11,5,7,Sunday,true,false,,false,Autumn
20231106,2023-11-06,2023,4,11,November,2023-11,6,1,Monday,false,false,,true,Autumn
20231107,2023-11-07,2023,4,11,November,2023-11,7,2,Tuesday,false,false,,true,Autumn
20231108,2023-11-08,2023,4,11,November,2023-11,8,3,Wednesday,false,false,,true,Autumn
20231109,2023-11-09,2023,4,11,November,2023-11,9,4,Thursday,false,false,,true,Autumn
20231110,2023-11-10,2023,4,11,November,2023-11,10,5,Friday,false,false,,true,Autumn
20231111,2023-11-11,2023,4,11,November,2023-11,11,6,Saturday,true,false,,false,Autumn
20231112,2023-11-12,2023,4,11,November,2023-11,12,7,Sunday,true,false,,false,Autumn
20231113,2023-11-13,2023,4,11,November,2023-11,13,1,Monday,false,false,,true,Autumn
20231114,2023-11-14,2023,4,11,November,2023-11,14,2,Tuesday,false,false,,true,Autumn
20231115,2023-11-15,2023,4,11,November,2023-11,15,3,Wednesday,false,false,,true,Autumn
20231116,2023-11-16,2023,4,11,November,2023-11,16,4,Thursday,false,false,,true,Autumn
20231117,2023-11-17,2023,4,11,November,2023-11,17,5,Friday,false,false,,true,Autumn
20231118,2023-11-18,2023,4,11,November,2023-11,18,6,Saturday,true,false,,false,Autumn
20231119,2023-11-19,2023,4,11,November,2023-11,19,7,Sunday,true,false,,false,Autumn
20231120,2023-11-20,2023,4,11,November,2023-11,20,1,Monday,false,false,,true,Autumn
20231121,2023-11-21,2023,4,11,November,2023-11,21,2,Tuesday,false,false,,true,Autumn
20231122,2023-11-22,2023,4,11,November,2023-11,22,3,Wednesday,false,false,,true,Autumn
20231123,2023-11-23,2023,4,11,November,2023-11,23,4,Thursday,false,false,,true,Autumn
20231124,2023-11-24,2023,4,11,November,2023-11,24,5,Friday,false,false,,true,Autumn
20231125,2023-11-25,2023,4,11,November,2023-11,25,6,Saturday,true,false,,false,Autumn
20231126,2023-11-26,2023,4,11,November,2023-11,26,7,Sunday,true,false,,false,Autumn
20231127,2023-11-27,2023,4,11,November,2023-11,27,1,Monday,false,false,,true,Autumn
20231128,2023-11-28,2023,4,11,November,2023-11,28,2,Tuesday,false,false,,true,Autumn
20231129,2023-11-29,2023,4,11,November,2023-11,29,3,Wednesday,false,false,,true,Autumn
20231130,2023-11-30,2023,4,11,November,2023-11,30,4,Thursday,false,false,,true,Autumn
20231201,2023-12-01,2023,4,12,December,2023-12,1,5,Friday,false,false,,true,Winter
20231202,2023-12-02,2023,4,12,December,2023-12,2,6,Saturday,true,false,,false,Winter
20231203,2023-12-03,2023,4,12,December,2023-12,3,7,Sunday,true,false,,false,Winter
20231204,2023-12-04,2023,4,12,December,2023-12,4,1,Monday,false,false,,true,Winter
20231205,2023-12-05,2023,4,12,December,2023-12,5,2,Tuesday,false,false,,true,Winter
20231206,2023-12-06,2023,4,12,December,2023-12,6,3,Wednesday,false,false,,true,Winter
20231207,2023-12-07,2023,4,12,December,2023-12,7,4,Thursday,false,false,,true,Winter
20231208,2023-12-08,2023,4,12,December,2023-12,8,5,Friday,false,false,,true,Winter
20231209,2023-12-09,2023,4,12,December,2023-12,9,6,Saturday,true,false,,false,Winter
20231210,2023-12-10,2023,4,12,December,2023-12,10,7,Sunday,true,false,,false,Winter
20231211,2023-12-11,2023,4,12,December,2023-12,11,1,Monday,false,false,,true,Winter
20231212,2023-12-12,2023,4,12,December,2023-12,12,2,Tuesday,false,false,,true,Winter
20231213,2023-12-13,2023,4,12,December,2023-12,13,3,Wednesday,false,false,,true,Winter
20231214,2023-12-14,2023,4,12,December,2023-12,14,4,Thursday,false,false,,true,Winter
20231215,2023-12-15,2023,4,12,December,2023-12,15,5,Friday,false,false,,true,Winter
20231216,2023-12-16,2023,4,12,December,2023-12,16,6,Saturday,true,false,,false,Winter
20231217,2023-12-17,2023,4,12,December,2023-12,17,7,Sunday,true,false,,false,Winter
20231218,2023-12-18,2023,4,12,December,2023-12,18,1,Monday,false,false,,true,Winter
20231219,2023-12-19,2023,4,12,December,2023-12,19,2,Tuesday,false,false,,true,Winter
20231220,2023-12-20,2023,4,12,December,2023-12,20,3,Wednesday,false,false,,true,Winter
20231221,2023-12-21,2023,4,12,December,2023-12,21,4,Thursday,false,false,,true,Winter
20231222,2023-12-22,2023,4,12,December,2023-12,22,5,Friday,false,false,,true,Winter
20231223,2023-12-23,2023,4,12,December,2023-12,23,6,Saturday,true,false,,false,Winter
20231224,2023-12-24,2023,4,12,December,2023-12,24,7,Sunday,true,false,,false,Winter
20231225,2023-12-25,2023,4,12,December,2023-12,25,1,Monday,false,true,Christmas Day,false,Winter
20231226,2023-12-26,2023,4,12,December,2023-12,26,2,Tuesday,false,true,Boxing Day,false,Winter
20231227,2023-12-27,2023,4,12,December,2023-12,27,3,Wednesday,false,false,,true,Winter
20231228,2023-12-28,2023,4,12,December,2023-12,28,4,Thursday,false,false,,true,Winter
20231229,2023-12-29,2023,4,12,December,2023-12,29,5,Friday,false,false,,true,Winter
20231230,2023-12-30,2023,4,12,December,2023-12,30,6,Saturday,true,false,,false,Winter
20231231,2023-12-31,2023,4,12,December,2023-12,31,7,Sunday,true,false,,false,Winter
20240101,2024-01-01,2024,1,1,January,2024-01,1,1,Monday,false,true,New Year's Day,false,Winter
20240102,2024-01-02,2024,1,1,January,2024-01,2,2,Tuesday,false,false,,true,Winter
20240103,2024-01-03,2024,1,1,January,2024-01,3,3,Wednesday,false,false,,true,Winter
20240104,2024-01-04,2024,1,1,January,2024-01,4,4,Thursday,false,false,,true,Winter
20240105,2024-01-05,2024,1,1,January,2024-01,5,5,Friday,false,false,,true,Winter
20240106,2024-01-06,2024,1,1,January,2024-01,6,6,Saturday,true,false,,false,Winter
20240107,2024-01-07,2024,1,1,January,2024-01,7,7,Sunday,true,false,,false,Winter
20240108,2024-01-08,2024,1,1,January,2024-01,8,1,Monday,false,false,,true,Winter
20240109,2024-01-09,2024,1,1,January,2024-01,9,2,Tuesday,false,false,,true,Winter
20240110,2024-01-10,2024,1,1,January,2024-01,10,3,Wednesday,false,false,,true,Winter
20240111,2024-01-11,2024,1,1,January,2024-01,11,4,Thursday,false,false,,true,Winter
20240112,2024-01-12,2024,1,1,January,2024-01,12,5,Friday,false,false,,true,Winter
20240113,2024-01-13,2024,1,1,January,2024-01,13,6,Saturday,true,false,,false,Winter
20240114,2024-01-14,2024,1,1,January,2024-01,14,7,Sunday,true,false,,false,Winter
20240115,2024-01-15,2024,1,1,January,2024-01,15,1,Monday,false,false,,true,Winter
20240116,2024-01-16,2024,1,1,January,2024-01,16,2,Tuesday,false,false,,true,Winter
20240117,2024-01-17,2024,1,1,January,2024-01,17,3,Wednesday,false,false,,true,Winter
20240118,2024-01-18,2024,1,1,January,2024-01,18,4,Thursday,false,false,,true,Winter
20240119,2024-01-19,2024,1,1,January,2024-01,19,5,Friday,false,false,,true,Winter
20240120,2024-01-20,2024,1,1,January,2024-01,20,6,Saturday,true,false,,false,Winter
20240121,2024-01-21,2024,1,1,January,2024-01,21,7,Sunday,true,false,,false,Winter
20240122,2024-01-22,2024,1,1,January,2024-01,22,1,Monday,false,false,,true,Winter
20240123,2024-01-23,2024,1,1,January,2024-01,23,2,Tuesday,false,false,,true,Winter
20240124,2024-01-24,2024,1,1,January,2024-01,24,3,Wednesday,false,false,,true,Winter
20240125,2024-01-25,2024,1,1,January,2024-01,25,4,Thursday,false,false,,true,Winter
20240126,2024-01-26,2024,1,1,January,2024-01,26,5,Friday,false,false,,true,Winter
20240127,2024-01-27,2024,1,1,January,2024-01,27,6,Saturday,true,false,,false,Winter
20240128,2024-01-28,2024,1,1,January,2024-01,28,7,Sunday,true,false,,false,Winter
20240129,2024-01-29,2024,1,1,January,2024-01,29,1,Monday,false,false,,true,Winter
20240130,2024-01-30,2024,1,1,January,2024-01,30,2,Tuesday,false,false,,true,Winter
20240131,2024-01-31,2024,1,1,January,2024-01,31,3,Wednesday,false,false,,true,Winter
20240201,2024-02-01,2024,1,2,February,2024-02,1,4,Thursday,false,false,,true,Winter
20240202,2024-02-02,2024,1,2,February,2024-02,2,5,Friday,false,false,,true,Winter
20240203,2024-02-03,2024,1,2,February,2024-02,3,6,Saturday,true,false,,false,Winter
20240204,2024-02-04,2024,1,2,February,2024-02,4,7,Sunday,true,false,,false,Winter
20240205,2024-02-05,2024,1,2,February,2024-02,5,1,Monday,false,false,,true,Winter
20240206,2024-02-06,2024,1,2,February,2024-02,6,2,Tuesday,false,false,,true,Winter
20240207,2024-02-07,2024,1,2,February,2024-02,7,3,Wednesday,false,false,,true,Winter
20240208,2024-02-08,2024,1,2,February,2024-02,8,4,Thursday,false,false,,true,Winter
20240209,2024-02-09,2024,1,2,February,2024-02,9,5,Friday,false,false,,true,Winter
20240210,2024-02-10,2024,1,2,February,2024-02,10,6,Saturday,true,false,,false,Winter
20240211,2024-02-11,2024,1,2,February,2024-02,11,7,Sunday,true,false,,false,Winter
20240212,2024-02-12,2024,1,2,February,2024-02,12,1,Monday,false,false,,true,Winter
20240213,2024-02-13,2024,1,2,February,2024-02,13,2,Tuesday,false,false,,true,Winter
20240214,2024-02-14,2024,1,2,February,2024-02,14,3,Wednesday,false,false,,true,Winter
20240215,2024-02-15,2024,1,2,February,2024-02,15,4,Thursday,false,false,,true,Winter
20240216,2024-02-16,2024,1,2,February,2024-02,16,5,Friday,false,false,,true,Winter
20240217,2024-02-17,2024,1,2,February,2024-02,17,6,Saturday,true,false,,false,Winter
20240218,2024-02-18,2024,1,2,February,2024-02,18,7,Sunday,true,false,,false,Winter
20240219,2024-02-19,2024,1,2,February,2024-02,19,1,Monday,false,false,,true,Winter
20240220,2024-02-20,2024,1,2,February,2024-02,20,2,Tuesday,false,false,,true,Winter
20240221,2024-02-21,2024,1,2,February,2024-02,21,3,Wednesday,false,false,,true,Winter
20240222,2024-02-22,2024,1,2,February,2024-02,22,4,Thursday,false,false,,true,Winter
20240223,2024-02-23,2024,1,2,February,2024-02,23,5,Friday,false,false,,true,Winter
20240224,2024-02-24,2024,1,2,February,2024-02,24,6,Saturday,true,false,,false,Winter
20240225,2024-02-25,2024,1,2,February,2024-02,25,7,Sunday,true,false,,false,Winter
20240226,2024-02-26,2024,1,2,February,2024-02,26,1,Monday,false,false,,true,Winter
20240227,2024-02-27,2024,1,2,February,2024-02,27,2,Tuesday,false,false,,true,Winter
20240228,2024-02-28,2024,1,2,February,2024-02,28,3,Wednesday,false,false,,true,Winter
20240229,2024-02-29,2024,1,2,February,2024-02,29,4,Thursday,false,false,,true,Winter
20240301,2024-03-01,2024,1,3,March,2024-03,1,5,Friday,false,false,,true,Spring
20240302,2024-03-02,2024,1,3,March,2024-03,2,6,Saturday,true,false,,false,Spring
20240303,2024-03-03,2024,1,3,March,2024-03,3,7,Sunday,true,false,,false,Spring
20240304,2024-03-04,2024,1,3,March,2024-03,4,1,Monday,false,false,,true,Spring
20240305,2024-03-05,2024,1,3,March,2024-03,5,2,Tuesday,false,false,,true,Spring
20240306,2024-03-06,2024,1,3,March,2024-03,6,3,Wednesday,false,false,,true,Spring
20240307,2024-03-07,2024,1,3,March,2024-03,7,4,Thursday,false,false,,true,Spring
20240308,2024-03-08,2024,1,3,March,2024-03,8,5,Friday,false,false,,true,Spring
20240309,2024-03-09,2024,1,3,March,2024-03,9,6,Saturday,true,false,,false,Spring
20240310,2024-03-10,2024,1,3,March,2024-03,10,7,Sunday,true,false,,false,Spring
20240311,2024-03-11,2024,1,3,March,2024-03,11,1,Monday,false,false,,true,Spring
20240312,2024-03-12,2024,1,3,March,2024-03,12,2,Tuesday,false,false,,true,Spring
20240313,2024-03-13,2024,1,3,March,2024-03,13,3,Wednesday,false,false,,true,Spring
20240314,2024-03-14,2024,1,3,March,2024-03,14,4,Thursday,false,false,,true,Spring
20240315,2024-03-15,2024,1,3,March,2024-03,15,5,Friday,false,false,,true,Spring
20240316,2024-03-16,2024,1,3,March,2024-03,16,6,Saturday,true,false,,false,Spring
20240317,2024-03-17,2024,1,3,March,2024-03,17,7,Sunday,true,false,,false,Spring
20240318,2024-03-18,2024,1,3,March,2024-03,18,1,Monday,false,false,,true,Spring
20240319,2024-03-19,2024,1,3,March,2024-03,19,2,Tuesday,false,false,,true,Spring
20240320,2024-03-20,2024,1,3,March,2024-03,20,3,Wednesday,false,false,,true,Spring
20240321,2024-03-21,2024,1,3,March,2024-03,21,4,Thursday,false,false,,true,Spring
20240322,2024-03-22,2024,1,3,March,2024-03,22,5,Friday,false,false,,true,Spring
20240323,2024-03-23,2024,1,3,March,2024-03,23,6,Saturday,true,false,,false,Spring
20240324,2024-03-24,2024,1,3,March,2024-03,24,7,Sunday,true,false,,false,Spring
20240325,2024-03-25,2024,1,3,March,2024-03,25,1,Monday,false,false,,true,Spring
20240326,2024-03-26,2024,1,3,March,2024-03,26,2,Tuesday,false,false,,true,Spring
20240327,2024-03-27,2024,1,3,March,2024-03,27,3,Wednesday,false,false,,true,Spring
20240328,2024-03-28,2024,1,3,March,2024-03,28,4,Thursday,false,false,,true,Spring
20240329,2024-03-29,2024,1,3,March,2024-03,29,5,Friday,false,true,Good Friday,false,Spring
20240330,2024-03-30,2024,1,3,March,2024-03,30,6,Saturday,true,false,,false,Spring
20240331,2024-03-31,2024,1,3,March,2024-03,31,7,Sunday,true,false,,false,Spring
20240401,2024-04-01,2024,2,4,April,2024-04,1,1,Monday,false,true,Easter Monday,false,Spring
20240402,2024-04-02,2024,2,4,April,2024-04,2,2,Tuesday,false,false,,true,Spring
20240403,2024-04-03,2024,2,4,April,2024-04,3,3,Wednesday,false,false,,true,Spring
20240404,2024-04-04,2024,2,4,April,2024-04,4,4,Thursday,false,false,,true,Spring
20240405,2024-04-05,2024,2,4,April,2024-04,5,5,Friday,false,false,,true,Spring
20240406,2024-04-06,2024,2,4,April,2024-04,6,6,Saturday,true,false,,false,Spring
20240407,2024-04-07,2024,2,4,April,2024-04,7,7,Sunday,true,false,,false,Spring
20240408,2024-04-08,2024,2,4,April,2024-04,8,1,Monday,false,false,,true,Spring
20240409,2024-04-09,2024,2,4,April,2024-04,9,2,Tuesday,false,false,,true,Spring
20240410,2024-04-10,2024,2,4,April,2024-04,10,3,Wednesday,false,false,,true,Spring
20240411,2024-04-11,2024,2,4,April,2024-04,11,4,Thursday,false,false,,true,Spring
20240412,2024-04-12,2024,2,4,April,2024-04,12,5,Friday,false,false,,true,Spring
20240413,2024-04-13,2024,2,4,April,2024-04,13,6,Saturday,true,false,,false,Spring
20240414,2024-04-14,2024,2,4,April,2024-04,14,7,Sunday,true,false,,false,Spring
20240415,2024-04-15,2024,2,4,April,2024-04,15,1,Monday,false,false,,true,Spring
20240416,2024-04-16,2024,2,4,April,2024-04,16,2,Tuesday,false,false,,true,Spring
20240417,2024-04-17,2024,2,4,April,2024-04,17,3,Wednesday,false,false,,true,Spring
20240418,2024-04-18,2024,2,4,April,2024-04,18,4,Thursday,false,false,,true,Spring
20240419,2024-04-19,2024,2,4,April,2024-04,19,5,Friday,false,false,,true,Spring
20240420,2024-04-20,2024,2,4,April,2024-04,20,6,Saturday,true,false,,false,Spring
20240421,2024-04-21,2024,2,4,April,2024-04,21,7,Sunday,true,false,,false,Spring
20240422,2024-04-22,2024,2,4,April,2024-04,22,1,Monday,false,false,,true,Spring
20240423,2024-04-23,2024,2,4,April,2024-04,23,2,Tuesday,false,false,,true,Spring
20240424,2024-04-24,2024,2,4,April,2024-04,24,3,Wednesday,false,false,,true,Spring
20240425,2024-04-25,2024,2,4,April,2024-04,25,4,Thursday,false,false,,true,Spring
20240426,2024-04-26,2024,2,4,April,2024-04,26,5,Friday,false,false,,true,Spring
20240427,2024-04-27,2024,2,4,April,2024-04,27,6,Saturday,true,false,,false,Spring
20240428,2024-04-28,2024,2,4,April,2024-04,28,7,Sunday,true,false,,false,Spring
20240429,2024-04-29,2024,2,4,April,2024-04,29,1,Monday,false,false,,true,Spring
20240430,2024-04-30,2024,2,4,April,2024-04,30,2,Tuesday,false,false,,true,Spring
20240501,2024-05-01,2024,2,5,May,2024-05,1,3,Wednesday,false,false,,true,Spring
20240502,2024-05-02,2024,2,5,May,2024-05,2,4,Thursday,false,false,,true,Spring
20240503,2024-05-03,2024,2,5,May,2024-05,3,5,Friday,false,false,,true,Spring
20240504,2024-05-04,2024,2,5,May,2024-05,4,6,Saturday,true,false,,false,Spring
20240505,2024-05-05,2024,2,5,May,2024-05,5,7,Sunday,true,false,,false,Spring
20240506,2024-05-06,2024,2,5,May,2024-05,6,1,Monday,false,true,May Day,false,Spring
20240507,2024-05-07,2024,2,5,May,2024-05,7,2,Tuesday,false,false,,true,Spring
20240508,2024-05-08,2024,2,5,May,2024-05,8,3,Wednesday,false,false,,true,Spring
20240509,2024-05-09,2024,2,5,May,2024-05,9,4,Thursday,false,false,,true,Spring
20240510,2024-05-10,2024,2,5,May,2024-05,10,5,Friday,false,false,,true,Spring
20240511,2024-05-11,2024,2,5,May,2024-05,11,6,Saturday,true,false,,false,Spring
20240512,2024-05-12,2024,2,5,May,2024-05,12,7,Sunday,true,false,,false,Spring
20240513,2024-05-13,2024,2,5,May,2024-05,13,1,Monday,false,false,,true,Spring
20240514,2024-05-14,2024,2,5,May,2024-05,14,2,Tuesday,false,false,,true,Spring
20240515,2024-05-15,2024,2,5,May,2024-05,15,3,Wednesday,false,false,,true,Spring
20240516,2024-05-16,2024,2,5,May,2024-05,16,4,Thursday,false,false,,true,Spring
20240517,2024-05-17,2024,2,5,May,2024-05,17,5,Friday,false,false,,true,Spring
20240518,2024-05-18,2024,2,5,May,2024-05,18,6,Saturday,true,false,,false,Spring
20240519,2024-05-19,2024,2,5,May,2024-05,19,7,Sunday,true,false,,false,Spring
20240520,2024-05-20,2024,2,5,May,2024-05,20,1,Monday,false,false,,true,Spring
20240521,2024-05-21,2024,2,5,May,2024-05,21,2,Tuesday,false,false,,true,Spring
20240522,2024-05-22,2024,2,5,May,2024-05,22,3,Wednesday,false,false,,true,Spring
20240523,2024-05-23,2024,2,5,May,2024-05,23,4,Thursday,false,false,,true,Spring
20240524,2024-05-24,2024,2,5,May,2024-05,24,5,Friday,false,false,,true,Spring
20240525,2024-05-25,2024,2,5,May,2024-05,25,6,Saturday,true,false,,false,Spring
20240526,2024-05-26,2024,2,5,May,2024-05,26,7,Sunday,true,false,,false,Spring
20240527,2024-05-27,2024,2,5,May,2024-05,27,1,Monday,false,true,Spring Bank Holiday,false,Spring
20240528,2024-05-28,2024,2,5,May,2024-05,28,2,Tuesday,false,false,,true,Spring
20240529,2024-05-29,2024,2,5,May,2024-05,29,3,Wednesday,false,false,,true,Spring
20240530,2024-05-30,2024,2,5,May,2024-05,30,4,Thursday,false,false,,true,Spring
20240531,2024-05-31,2024,2,5,May,2024-05,31,5,Friday,false,false,,true,Spring
20240601,2024-06-01,2024,2,6,June,2024-06,1,6,Saturday,true,false,,false,Summer
20240602,2024-06-02,2024,2,6,June,2024-06,2,7,Sunday,true,false,,false,Summer
20240603,2024-06-03,2024,2,6,June,2024-06,3,1,Monday,false,false,,true,Summer
20240604,2024-06-04,2024,2,6,June,2024-06,4,2,Tuesday,false,false,,true,Summer
20240605,2024-06-05,2024,2,6,June,2024-06,5,3,Wednesday,false,false,,true,Summer
20240606,2024-06-06,2024,2,6,June,2024-06,6,4,Thursday,false,false,,true,Summer
20240607,2024-06-07,2024,2,6,June,2024-06,7,5,Friday,false,false,,true,Summer
20240608,2024-06-08,2024,2,6,June,2024-06,8,6,Saturday,true,false,,false,Summer
20240609,2024-06-09,2024,2,6,June,2024-06,9,7,Sunday,true,false,,false,Summer
20240610,2024-06-10,2024,2,6,June,2024-06,10,1,Monday,false,false,,true,Summer
20240611,2024-06-11,2024,2,6,June,2024-06,11,2,Tuesday,false,false,,true,Summer
20240612,2024-06-12,2024,2,6,June,2024-06,12,3,Wednesday,false,false,,true,Summer
20240613,2024-06-13,2024,2,6,June,2024-06,13,4,Thursday,false,false,,true,Summer
20240614,2024-06-14,2024,2,6,June,2024-06,14,5,Friday,false,false,,true,Summer
20240615,2024-06-15,2024,2,6,June,2024-06,15,6,Saturday,true,false,,false,Summer
20240616,2024-06-16,2024,2,6,June,2024-06,16,7,Sunday,true,false,,false,Summer
20240617,2024-06-17,2024,2,6,June,2024-06,17,1,Monday,false,false,,true,Summer
20240618,2024-06-18,2024,2,6,June,2024-06,18,2,Tuesday,false,false,,true,Summer
20240619,2024-06-19,2024,2,6,June,2024-06,19,3,Wednesday,false,false,,true,Summer
20240620,2024-06-20,2024,2,6,June,2024-06,20,4,Thursday,false,false,,true,Summer
20240621,2024-06-21,2024,2,6,June,2024-06,21,5,Friday,false,false,,true,Summer
20240622,2024-06-22,2024,2,6,June,2024-06,22,6,Saturday,true,false,,false,Summer
20240623,2024-06-23,2024,2,6,June,2024-06,23,7,Sunday,true,false,,false,Summer
20240624,2024-06-24,2024,2,6,June,2024-06,24,1,Monday,false,false,,true,Summer
20240625,2024-06-25,2024,2,6,June,2024-06,25,2,Tuesday,false,false,,true,Summer
20240626,2024-06-26,2024,2,6,June,2024-06,26,3,Wednesday,false,false,,true,Summer
20240627,2024-06-27,2024,2,6,June,2024-06,27,4,Thursday,false,false,,true,Summer
20240628,2024-06-28,2024,2,6,June,2024-06,28,5,Friday,false,false,,true,Summer
20240629,2024-06-29,2024,2,6,June,2024-06,29,6,Saturday,true,false,,false,Summer
20240630,2024-06-30,2024,2,6,June,2024-06,30,7,Sunday,true,false,,false,Summer
20240701,2024-07-01,2024,3,7,July,2024-07,1,1,Monday,false,false,,true,Summer
20240702,2024-07-02,2024,3,7,July,2024-07,2,2,Tuesday,false,false,,true,Summer
20240703,2024-07-03,2024,3,7,July,2024-07,3,3,Wednesday,false,false,,true,Summer
20240704,2024-07-04,2024,3,7,July,2024-07,4,4,Thursday,false,false,,true,Summer
20240705,2024-07-05,2024,3,7,July,2024-07,5,5,Friday,false,false,,true,Summer
20240706,2024-07-06,2024,3,7,July,2024-07,6,6,Saturday,true,false,,false,Summer
20240707,2024-07-07,2024,3,7,July,2024-07,7,7,Sunday,true,false,,false,Summer
20240708,2024-07-08,2024,3,7,July,2024-07,8,1,Monday,false,false,,true,Summer
20240709,2024-07-09,2024,3,7,July,2024-07,9,2,Tuesday,false,false,,true,Summer
20240710,2024-07-10,2024,3,7,July,2024-07,10,3,Wednesday,false,false,,true,Summer
20240711,2024-07-11,2024,3,7,July,2024-07,11,4,Thursday,false,false,,true,Summer
20240712,2024-07-12,2024,3,7,July,2024-07,12,5,Friday,false,false,,true,Summer
20240713,2024-07-13,2024,3,7,July,2024-07,13,6,Saturday,true,false,,false,Summer
20240714,2024-07-14,2024,3,7,July,2024-07,14,7,Sunday,true,false,,false,Summer
20240715,2024-07-15,2024,3,7,July,2024-07,15,1,Monday,false,false,,true,Summer
20240716,2024-07-16,2024,3,7,July,2024-07,16,2,Tuesday,false,false,,true,Summer
20240717,2024-07-17,2024,3,7,July,2024-07,17,3,Wednesday,false,false,,true,Summer
20240718,2024-07-18,2024,3,7,July,2024-07,18,4,Thursday,false,false,,true,Summer
20240719,2024-07-19,2024,3,7,July,2024-07,19,5,Friday,false,false,,true,Summer
20240720,2024-07-20,2024,3,7,July,2024-07,20,6,Saturday,true,false,,false,Summer
20240721,2024-07-21,2024,3,7,July,2024-07,21,7,Sunday,true,false,,false,Summer
20240722,2024-07-22,2024,3,7,July,2024-07,22,1,Monday,false,false,,true,Summer
20240723,2024-07-23,2024,3,7,July,2024-07,23,2,Tuesday,false,false,,true,Summer
20240724,2024-07-24,2024,3,7,July,2024-07,24,3,Wednesday,false,false,,true,Summer
20240725,2024-07-25,2024,3,7,July,2024-07,25,4,Thursday,false,false,,true,Summer
20240726,2024-07-26,2024,3,7,July,2024-07,26,5,Friday,false,false,,true,Summer
20240727,2024-07-27,2024,3,7,July,2024-07,27,6,Saturday,true,false,,false,Summer
20240728,2024-07-28,2024,3,7,July,2024-07,28,7,Sunday,true,false,,false,Summer
20240729,2024-07-29,2024,3,7,July,2024-07,29,1,Monday,false,false,,true,Summer
20240730,2024-07-30,2024,3,7,July,2024-07,30,2,Tuesday,false,false,,true,Summer
20240731,2024-07-31,2024,3,7,July,2024-07,31,3,Wednesday,false,false,,true,Summer
20240801,2024-08-01,2024,3,8,August,2024-08,1,4,Thursday,false,false,,true,Summer
20240802,2024-08-02,2024,3,8,August,2024-08,2,5,Friday,false,false,,true,Summer
20240803,2024-08-03,2024,3,8,August,2024-08,3,6,Saturday,true,false,,false,Summer
20240804,2024-08-04,2024,3,8,August,2024-08,4,7,Sunday,true,false,,false,Summer
20240805,2024-08-05,2024,3,8,August,2024-08,5,1,Monday,false,false,,true,Summer
20240806,2024-08-06,2024,3,8,August,2024-08,6,2,Tuesday,false,false,,true,Summer
20240807,2024-08-07,2024,3,8,August,2024-08,7,3,Wednesday,false,false,,true,Summer
20240808,2024-08-08,2024,3,8,August,2024-08,8,4,Thursday,false,false,,true,Summer
20240809,2024-08-09,2024,3,8,August,2024-08,9,5,Friday,false,false,,true,Summer
20240810,2024-08-10,2024,3,8,August,2024-08,10,6,Saturday,true,false,,false,Summer
20240811,2024-08-11,2024,3,8,August,2024-08,11,7,Sunday,true,false,,false,Summer
20240812,2024-08-12,2024,3,8,August,2024-08,12,1,Monday,false,false,,true,Summer
20240813,2024-08-13,2024,3,8,August,2024-08,13,2,Tuesday,false,false,,true,Summer
20240814,2024-08-14,2024,3,8,August,2024-08,14,3,Wednesday,false,false,,true,Summer
20240815,2024-08-15,2024,3,8,August,2024-08,15,4,Thursday,false,false,,true,Summer
20240816,2024-08-16,2024,3,8,August,2024-08,16,5,Friday,false,false,,true,Summer
20240817,2024-08-17,2024,3,8,August,2024-08,17,6,Saturday,true,false,,false,Summer
20240818,2024-08-18,2024,3,8,August,2024-08,18,7,Sunday,true,false,,false,Summer
20240819,2024-08-19,2024,3,8,August,2024-08,19,1,Monday,false,false,,true,Summer
20240820,2024-08-20,2024,3,8,August,2024-08,20,2,Tuesday,false,false,,true,Summer
20240821,2024-08-21,2024,3,8,August,2024-08,21,3,Wednesday,false,false,,true,Summer
20240822,2024-08-22,2024,3,8,August,2024-08,22,4,Thursday,false,false,,true,Summer
20240823,2024-08-23,2024,3,8,August,2024-08,23,5,Friday,false,false,,true,Summer
20240824,2024-08-24,2024,3,8,August,2024-08,24,6,Saturday,true,false,,false,Summer
20240825,2024-08-25,2024,3,8,August,2024-08,25,7,Sunday,true,false,,false,Summer
20240826,2024-08-26,2024,3,8,August,2024-08,26,1,Monday,false,true,Late Summer Bank Holiday,false,Summer
20240827,2024-08-27,2024,3,8,August,2024-08,27,2,Tuesday,false,false,,true,Summer
20240828,2024-08-28,2024,3,8,August,2024-08,28,3,Wednesday,false,false,,true,Summer
20240829,2024-08-29,2024,3,8,August,2024-08,29,4,Thursday,false,false,,true,Summer
20240830,2024-08-30,2024,3,8,August,2024-08,30,5,Friday,false,false,,true,Summer
20240831,2024-08-31,2024,3,8,August,2024-08,31,6,Saturday,true,false,,false,Summer
20240901,2024-09-01,2024,3,9,September,2024-09,1,7,Sunday,true,false,,false,Autumn
20240902,2024-09-02,2024,3,9,September,2024-09,2,1,Monday,false,false,,true,Autumn
20240903,2024-09-03,2024,3,9,September,2024-09,3,2,Tuesday,false,false,,true,Autumn
20240904,2024-09-04,2024,3,9,September,2024-09,4,3,Wednesday,false,false,,true,Autumn
20240905,2024-09-05,2024,3,9,September,2024-09,5,4,Thursday,false,false,,true,Autumn
20240906,2024-09-06,2024,3,9,September,2024-09,6,5,Friday,false,false,,true,Autumn
20240907,2024-09-07,2024,3,9,September,2024-09,7,6,Saturday,true,false,,false,Autumn
20240908,2024-09-08,2024,3,9,September,2024-09,8,7,Sunday,true,false,,false,Autumn
20240909,2024-09-09,2024,3,9,September,2024-09,9,1,Monday,false,false,,true,Autumn
20240910,2024-09-10,2024,3,9,September,2024-09,10,2,Tuesday,false,false,,true,Autumn
20240911,2024-09-11,2024,3,9,September,2024-09,11,3,Wednesday,false,false,,true,Autumn
20240912,2024-09-12,2024,3,9,September,2024-09,12,4,Thursday,false,false,,true,Autumn
20240913,2024-09-13,2024,3,9,September,2024-09,13,5,Friday,false,false,,true,Autumn
20240914,2024-09-14,2024,3,9,September,2024-09,14,6,Saturday,true,false,,false,Autumn
20240915,2024-09-15,2024,3,9,September,2024-09,15,7,Sunday,true,false,,false,Autumn
20240916,2024-09-16,2024,3,9,September,2024-09,16,1,Monday,false,false,,true,Autumn
20240917,2024-09-17,2024,3,9,September,2024-09,17,2,Tuesday,false,false,,true,Autumn
20240918,2024-09-18,2024,3,9,September,2024-09,18,3,Wednesday,false,false,,true,Autumn
20240919,2024-09-19,2024,3,9,September,2024-09,19,4,Thursday,false,false,,true,Autumn
20240920,2024-09-20,2024,3,9,September,2024-09,20,5,Friday,false,false,,true,Autumn
20240921,2024-09-21,2024,3,9,September,2024-09,21,6,Saturday,true,false,,false,Autumn
20240922,2024-09-22,2024,3,9,September,2024-09,22,7,Sunday,true,false,,false,Autumn
20240923,2024-09-23,2024,3,9,September,2024-09,23,1,Monday,false,false,,true,Autumn
20240924,2024-09-24,2024,3,9,September,2024-09,24,2,Tuesday,false,false,,true,Autumn
20240925,2024-09-25,2024,3,9,September,2024-09,25,3,Wednesday,false,false,,true,Autumn
20240926,2024-09-26,2024,3,9,September,2024-09,26,4,Thursday,false,false,,true,Autumn
20240927,2024-09-27,2024,3,9,September,2024-09,27,5,Friday,false,false,,true,Autumn
20240928,2024-09-28,2024,3,9,September,2024-09,28,6,Saturday,true,false,,false,Autumn
20240929,2024-09-29,2024,3,9,September,2024-09,29,7,Sunday,true,false,,false,Autumn
20240930,2024-09-30,2024,3,9,September,2024-09,30,1,Monday,false,false,,true,Autumn
20241001,2024-10-01,2024,4,10,October,2024-10,1,2,Tuesday,false,false,,true,Autumn
20241002,2024-10-02,2024,4,10,October,2024-10,2,3,Wednesday,false,false,,true,Autumn
20241003,2024-10-03,2024,4,10,October,2024-10,3,4,Thursday,false,false,,true,Autumn
20241004,2024-10-04,2024,4,10,October,2024-10,4,5,Friday,false,false,,true,Autumn
20241005,2024-10-05,2024,4,10,October,2024-10,5,6,Saturday,true,false,,false,Autumn
20241006,2024-10-06,2024,4,10,October,2024-10,6,7,Sunday,true,false,,false,Autumn
20241007,2024-10-07,2024,4,10,October,2024-10,7,1,Monday,false,false,,true,Autumn
20241008,2024-10-08,2024,4,10,October,2024-10,8,2,Tuesday,false,false,,true,Autumn
20241009,2024-10-09,2024,4,10,October,2024-10,9,3,Wednesday,false,false,,true,Autumn
20241010,2024-10-10,2024,4,10,October,2024-10,10,4,Thursday,false,false,,true,Autumn
20241011,2024-10-11,2024,4,10,October,2024-10,11,5,Friday,false,false,,true,Autumn
20241012,2024-10-12,2024,4,10,October,2024-10,12,6,Saturday,true,false,,false,Autumn
20241013,2024-10-13,2024,4,10,October,2024-10,13,7,Sunday,true,false,,false,Autumn
20241014,2024-10-14,2024,4,10,October,2024-10,14,1,Monday,false,false,,true,Autumn
20241015,2024-10-15,2024,4,10,October,2024-10,15,2,Tuesday,false,false,,true,Autumn
20241016,2024-10-16,2024,4,10,October,2024-10,16,3,Wednesday,false,false,,true,Autumn
20241017,2024-10-17,2024,4,10,October,2024-10,17,4,Thursday,false,false,,true,Autumn
20241018,2024-10-18,2024,4,10,October,2024-10,18,5,Friday,false,false,,true,Autumn
20241019,2024-10-19,2024,4,10,October,2024-10,19,6,Saturday,true,false,,false,Autumn
20241020,2024-10-20,2024,4,10,October,2024-10,20,7,Sunday,true,false,,false,Autumn
20241021,2024-10-21,2024,4,10,October,2024-10,21,1,Monday,false,false,,true,Autumn
20241022,2024-10-22,2024,4,10,October,2024-10,22,2,Tuesday,false,false,,true,Autumn
20241023,2024-10-23,2024,4,10,October,2024-10,23,3,Wednesday,false,false,,true,Autumn
20241024,2024-10-24,2024,4,10,October,2024-10,24,4,Thursday,false,false,,true,Autumn
20241025,2024-10-25,2024,4,10,October,2024-10,25,5,Friday,false,false,,true,Autumn
20241026,2024-10-26,2024,4,10,October,2024-10,26,6,Saturday,true,false,,false,Autumn
20241027,2024-10-27,2024,4,10,October,2024-10,27,7,Sunday,true,false,,false,Autumn
20241028,2024-10-28,2024,4,10,October,2024-10,28,1,Monday,false,false,,true,Autumn
20241029,2024-10-29,2024,4,10,October,2024-10,29,2,Tuesday,false,false,,true,Autumn
20241030,2024-10-30,2024,4,10,October,2024-10,30,3,Wednesday,false,false,,true,Autumn
20241031,2024-10-31,2024,4,10,October,2024-10,31,4,Thursday,false,false,,true,Autumn
20241101,2024-11-01,2024,4,11,November,2024-11,1,5,Friday,false,false,,true,Autumn
20241102,2024-11-02,2024,4,11,November,2024-11,2,6,Saturday,true,false,,false,Autumn
20241103,2024-11-03,2024,4,11,November,2024-11,3,7,Sunday,true,false,,false,Autumn
20241104,2024-11-04,2024,4,11,November,2024-11,4,1,Monday,false,false,,true,Autumn
20241105,2024-11-05,2024,4,11,November,2024-11,5,2,Tuesday,false,false,,true,Autumn
20241106,2024-11-06,2024,4,11,November,2024-11,6,3,Wednesday,false,false,,true,Autumn
20241107,2024-11-07,2024,4,11,November,2024-11,7,4,Thursday,false,false,,true,Autumn
20241108,2024-11-08,2024,4,11,November,2024-11,8,5,Friday,false,false,,true,Autumn
20241109,2024-11-09,2024,4,11,November,2024-11,9,6,Saturday,true,false,,false,Autumn
20241110,2024-11-10,2024,4,11,November,2024-11,10,7,Sunday,true,false,,false,Autumn
20241111,2024-11-11,2024,4,11,November,2024-11,11,1,Monday,false,false,,true,Autumn
20241112,2024-11-12,2024,4,11,November,2024-11,12,2,Tuesday,false,false,,true,Autumn
20241113,2024-11-13,2024,4,11,November,2024-11,13,3,Wednesday,false,false,,true,Autumn
20241114,2024-11-14,2024,4,11,November,2024-11,14,4,Thursday,false,false,,true,Autumn
20241115,2024-11-15,2024,4,11,November,2024-11,15,5,Friday,false,false,,true,Autumn
20241116,2024-11-16,2024,4,11,November,2024-11,16,6,Saturday,true,false,,false,Autumn
20241117,2024-11-17,2024,4,11,November,2024-11,17,7,Sunday,true,false,,false,Autumn
20241118,2024-11-18,2024,4,11,November,2024-11,18,1,Monday,false,false,,true,Autumn
20241119,2024-11-19,2024,4,11,November,2024-11,19,2,Tuesday,false,false,,true,Autumn
20241120,2024-11-20,2024,4,11,November,2024-11,20,3,Wednesday,false,false,,true,Autumn
20241121,2024-11-21,2024,4,11,November,2024-11,21,4,Thursday,false,false,,true,Autumn
20241122,2024-11-22,2024,4,11,November,2024-11,22,5,Friday,false,false,,true,Autumn
20241123,2024-11-23,2024,4,11,November,2024-11,23,6,Saturday,true,false,,false,Autumn
20241124,2024-11-24,2024,4,11,November,2024-11,24,7,Sunday,true,false,,false,Autumn
20241125,2024-11-25,2024,4,11,November,2024-11,25,1,Monday,false,false,,true,Autumn
20241126,2024-11-26,2024,4,11,November,2024-11,26,2,Tuesday,false,false,,true,Autumn
20241127,2024-11-27,2024,4,11,November,2024-11,27,3,Wednesday,false,false,,true,Autumn
20241128,2024-11-28,2024,4,11,November,2024-11,28,4,Thursday,false,false,,true,Autumn
20241129,2024-11-29,2024,4,11,November,2024-11,29,5,Friday,false,false,,true,Autumn
20241130,2024-11-30,2024,4,11,November,2024-11,30,6,Saturday,true,false,,false,Autumn
20241201,2024-12-01,2024,4,12,December,2024-12,1,7,Sunday,true,false,,false,Winter
20241202,2024-12-02,2024,4,12,December,2024-12,2,1,Monday,false,false,,true,Winter
20241203,2024-12-03,2024,4,12,December,2024-12,3,2,Tuesday,false,false,,true,Winter
20241204,2024-12-04,2024,4,12,December,2024-12,4,3,Wednesday,false,false,,true,Winter
20241205,2024-12-05,2024,4,12,December,2024-12,5,4,Thursday,false,false,,true,Winter
20241206,2024-12-06,2024,4,12,December,2024-12,6,5,Friday,false,false,,true,Winter
20241207,2024-12-07,2024,4,12,December,2024-12,7,6,Saturday,true,false,,false,Winter
20241208,2024-12-08,2024,4,12,December,2024-12,8,7,Sunday,true,false,,false,Winter
20241209,2024-12-09,2024,4,12,December,2024-12,9,1,Monday,false,false,,true,Winter
20241210,2024-12-10,2024,4,12,December,2024-12,10,2,Tuesday,false,false,,true,Winter
20241211,2024-12-11,2024,4,12,December,2024-12,11,3,Wednesday,false,false,,true,Winter
20241212,2024-12-12,2024,4,12,December,2024-12,12,4,Thursday,false,false,,true,Winter
20241213,2024-12-13,2024,4,12,December,2024-12,13,5,Friday,false,false,,true,Winter
20241214,2024-12-14,2024,4,12,December,2024-12,14,6,Saturday,true,false,,false,Winter
20241215,2024-12-15,2024,4,12,December,2024-12,15,7,Sunday,true,false,,false,Winter
20241216,2024-12-16,2024,4,12,December,2024-12,16,1,Monday,false,false,,true,Winter
20241217,2024-12-17,2024,4,12,December,2024-12,17,2,Tuesday,false,false,,true,Winter
20241218,2024-12-18,2024,4,12,December,2024-12,18,3,Wednesday,false,false,,true,Winter
20241219,2024-12-19,2024,4,12,December,2024-12,19,4,Thursday,false,false,,true,Winter
20241220,2024-12-20,2024,4,12,December,2024-12,20,5,Friday,false,false,,true,Winter
20241221,2024-12-21,2024,4,12,December,2024-12,21,6,Saturday,true,false,,false,Winter
20241222,2024-12-22,2024,4,12,December,2024-12,22,7,Sunday,true,false,,false,Winter
20241223,2024-12-23,2024,4,12,December,2024-12,23,1,Monday,false,false,,true,Winter
20241224,2024-12-24,2024,4,12,December,2024-12,24,2,Tuesday,false,false,,true,Winter
20241225,2024-12-25,2024,4,12,December,2024-12,25,3,Wednesday,false,true,Christmas Day,false,Winter
20241226,2024-12-26,2024,4,12,December,2024-12,26,4,Thursday,false,true,Boxing Day,false,Winter
20241227,2024-12-27,2024,4,12,December,2024-12,27,5,Friday,false,false,,true,Winter
20241228,2024-12-28,2024,4,12,December,2024-12,28,6,Saturday,true,false,,false,Winter
20241229,2024-12-29,2024,4,12,December,2024-12,29,7,Sunday,true,false,,false,Winter
20241230,2024-12-30,2024,4,12,December,2024-12,30,1,Monday,false,false,,true,Winter
20241231,2024-12-31,2024,4,12,December,2024-12,31,2,Tuesday,false,false,,true,Winter
20250101,2025-01-01,2025,1,1,January,2025-01,1,3,Wednesday,false,true,New Year's Day,false,Winter
20250102,2025-01-02,2025,1,1,January,2025-01,2,4,Thursday,false,false,,true,Winter
20250103,2025-01-03,2025,1,1,January,2025-01,3,5,Friday,false,false,,true,Winter
20250104,2025-01-04,2025,1,1,January,2025-01,4,6,Saturday,true,false,,false,Winter
20250105,2025-01-05,2025,1,1,January,2025-01,5,7,Sunday,true,false,,false,Winter
20250106,2025-01-06,2025,1,1,January,2025-01,6,1,Monday,false,false,,true,Winter
20250107,2025-01-07,2025,1,1,January,2025-01,7,2,Tuesday,false,false,,true,Winter
20250108,2025-01-08,2025,1,1,January,2025-01,8,3,Wednesday,false,false,,true,Winter
20250109,2025-01-09,2025,1,1,January,2025-01,9,4,Thursday,false,false,,true,Winter
20250110,2025-01-10,2025,1,1,January,2025-01,10,5,Friday,false,false,,true,Winter
20250111,2025-01-11,2025,1,1,January,2025-01,11,6,Saturday,true,false,,false,Winter
20250112,2025-01-12,2025,1,1,January,2025-01,12,7,Sunday,true,false,,false,Winter
20250113,2025-01-13,2025,1,1,January,2025-01,13,1,Monday,false,false,,true,Winter
20250114,2025-01-14,2025,1,1,January,2025-01,14,2,Tuesday,false,false,,true,Winter
20250115,2025-01-15,2025,1,1,January,2025-01,15,3,Wednesday,false,false,,true,Winter
20250116,2025-01-16,2025,1,1,January,2025-01,16,4,Thursday,false,false,,true,Winter
20250117,2025-01-17,2025,1,1,January,2025-01,17,5,Friday,false,false,,true,Winter
20250118,2025-01-18,2025,1,1,January,2025-01,18,6,Saturday,true,false,,false,Winter
20250119,2025-01-19,2025,1,1,January,2025-01,19,7,Sunday,true,false,,false,Winter
20250120,2025-01-20,2025,1,1,January,2025-01,20,1,Monday,false,false,,true,Winter
20250121,2025-01-21,2025,1,1,January,2025-01,21,2,Tuesday,false,false,,true,Winter
20250122,2025-01-22,2025,1,1,January,2025-01,22,3,Wednesday,false,false,,true,Winter
20250123,2025-01-23,2025,1,1,January,2025-01,23,4,Thursday,false,false,,true,Winter
20250124,2025-01-24,2025,1,1,January,2025-01,24,5,Friday,false,false,,true,Winter
20250125,2025-01-25,2025,1,1,January,2025-01,25,6,Saturday,true,false,,false,Winter
20250126,2025-01-26,2025,1,1,January,2025-01,26,7,Sunday,true,false,,false,Winter
20250127,2025-01-27,2025,1,1,January,2025-01,27,1,Monday,false,false,,true,Winter
20250128,2025-01-28,2025,1,1,January,2025-01,28,2,Tuesday,false,false,,true,Winter
20250129,2025-01-29,2025,1,1,January,2025-01,29,3,Wednesday,false,false,,true,Winter
20250130,2025-01-30,2025,1,1,January,2025-01,30,4,Thursday,false,false,,true,Winter
20250131,2025-01-31,2025,1,1,January,2025-01,31,5,Friday,false,false,,true,Winter
20250201,2025-02-01,2025,1,2,February,2025-02,1,6,Saturday,true,false,,false,Winter
20250202,2025-02-02,2025,1,2,February,2025-02,2,7,Sunday,true,false,,false,Winter
20250203,2025-02-03,2025,1,2,February,2025-02,3,1,Monday,false,false,,true,Winter
20250204,2025-02-04,2025,1,2,February,2025-02,4,2,Tuesday,false,false,,true,Winter
20250205,2025-02-05,2025,1,2,February,2025-02,5,3,Wednesday,false,false,,true,Winter
20250206,2025-02-06,2025,1,2,February,2025-02,6,4,Thursday,false,false,,true,Winter
20250207,2025-02-07,2025,1,2,February,2025-02,7,5,Friday,false,false,,true,Winter
20250208,2025-02-08,2025,1,2,February,2025-02,8,6,Saturday,true,false,,false,Winter
20250209,2025-02-09,2025,1,2,February,2025-02,9,7,Sunday,true,false,,false,Winter
20250210,2025-02-10,2025,1,2,February,2025-02,10,1,Monday,false,false,,true,Winter
20250211,2025-02-11,2025,1,2,February,2025-02,11,2,Tuesday,false,false,,true,Winter
20250212,2025-02-12,2025,1,2,February,2025-02,12,3,Wednesday,false,false,,true,Winter
20250213,2025-02-13,2025,1,2,February,2025-02,13,4,Thursday,false,false,,true,Winter
20250214,2025-02-14,2025,1,2,February,2025-02,14,5,Friday,false,false,,true,Winter
20250215,2025-02-15,2025,1,2,February,2025-02,15,6,Saturday,true,false,,false,Winter
20250216,2025-02-16,2025,1,2,February,2025-02,16,7,Sunday,true,false,,false,Winter
20250217,2025-02-17,2025,1,2,February,2025-02,17,1,Monday,false,false,,true,Winter
20250218,2025-02-18,2025,1,2,February,2025-02,18,2,Tuesday,false,false,,true,Winter
20250219,2025-02-19,2025,1,2,February,2025-02,19,3,Wednesday,false,false,,true,Winter
20250220,2025-02-20,2025,1,2,February,2025-02,20,4,Thursday,false,false,,true,Winter
20250221,2025-02-21,2025,1,2,February,2025-02,21,5,Friday,false,false,,true,Winter
20250222,2025-02-22,2025,1,2,February,2025-02,22,6,Saturday,true,false,,false,Winter
20250223,2025-02-23,2025,1,2,February,2025-02,23,7,Sunday,true,false,,false,Winter
20250224,2025-02-24,2025,1,2,February,2025-02,24,1,Monday,false,false,,true,Winter
20250225,2025-02-25,2025,1,2,February,2025-02,25,2,Tuesday,false,false,,true,Winter
20250226,2025-02-26,2025,1,2,February,2025-02,26,3,Wednesday,false,false,,true,Winter
20250227,2025-02-27,2025,1,2,February,2025-02,27,4,Thursday,false,false,,true,Winter
20250228,2025-02-28,2025,1,2,February,2025-02,28,5,Friday,false,false,,true,Winter
20250301,2025-03-01,2025,1,3,March,2025-03,1,6,Saturday,true,false,,false,Spring
20250302,2025-03-02,2025,1,3,March,2025-03,2,7,Sunday,true,false,,false,Spring
20250303,2025-03-03,2025,1,3,March,2025-03,3,1,Monday,false,false,,true,Spring
20250304,2025-03-04,2025,1,3,March,2025-03,4,2,Tuesday,false,false,,true,Spring
20250305,2025-03-05,2025,1,3,March,2025-03,5,3,Wednesday,false,false,,true,Spring
20250306,2025-03-06,2025,1,3,March,2025-03,6,4,Thursday,false,false,,true,Spring
20250307,2025-03-07,2025,1,3,March,2025-03,7,5,Friday,false,false,,true,Spring
20250308,2025-03-08,2025,1,3,March,2025-03,8,6,Saturday,true,false,,false,Spring
20250309,2025-03-09,2025,1,3,March,2025-03,9,7,Sunday,true,false,,false,Spring
20250310,2025-03-10,2025,1,3,March,2025-03,10,1,Monday,false,false,,true,Spring
20250311,2025-03-11,2025,1,3,March,2025-03,11,2,Tuesday,false,false,,true,Spring
20250312,2025-03-12,2025,1,3,March,2025-03,12,3,Wednesday,false,false,,true,Spring
20250313,2025-03-13,2025,1,3,March,2025-03,13,4,Thursday,false,false,,true,Spring
20250314,2025-03-14,2025,1,3,March,2025-03,14,5,Friday,false,false,,true,Spring
20250315,2025-03-15,2025,1,3,March,2025-03,15,6,Saturday,true,false,,false,Spring
20250316,2025-03-16,2025,1,3,March,2025-03,16,7,Sunday,true,false,,false,Spring
20250317,2025-03-17,2025,1,3,March,2025-03,17,1,Monday,false,false,,true,Spring
20250318,2025-03-18,2025,1,3,March,2025-03,18,2,Tuesday,false,false,,true,Spring
20250319,2025-03-19,2025,1,3,March,2025-03,19,3,Wednesday,false,false,,true,Spring
20250320,2025-03-20,2025,1,3,March,2025-03,20,4,Thursday,false,false,,true,Spring
20250321,2025-03-21,2025,1,3,March,2025-03,21,5,Friday,false,false,,true,Spring
20250322,2025-03-22,2025,1,3,March,2025-03,22,6,Saturday,true,false,,false,Spring
20250323,2025-03-23,2025,1,3,March,2025-03,23,7,Sunday,true,false,,false,Spring
20250324,2025-03-24,2025,1,3,March,2025-03,24,1,Monday,false,false,,true,Spring
20250325,2025-03-25,2025,1,3,March,2025-03,25,2,Tuesday,false,false,,true,Spring
20250326,2025-03-26,2025,1,3,March,2025-03,26,3,Wednesday,false,false,,true,Spring
20250327,2025-03-27,2025,1,3,March,2025-03,27,4,Thursday,false,false,,true,Spring
20250328,2025-03-28,2025,1,3,March,2025-03,28,5,Friday,false,false,,true,Spring
20250329,2025-03-29,2025,1,3,March,2025-03,29,6,Saturday,true,false,,false,Spring
20250330,2025-03-30,2025,1,3,March,2025-03,30,7,Sunday,true,false,,false,Spring
20250331,2025-03-31,2025,1,3,March,2025-03,31,1,Monday,false,false,,true,Spring
20250401,2025-04-01,2025,2,4,April,2025-04,1,2,Tuesday,false,false,,true,Spring
20250402,2025-04-02,2025,2,4,April,2025-04,2,3,Wednesday,false,false,,true,Spring
20250403,2025-04-03,2025,2,4,April,2025-04,3,4,Thursday,false,false,,true,Spring
20250404,2025-04-04,2025,2,4,April,2025-04,4,5,Friday,false,false,,true,Spring
20250405,2025-04-05,2025,2,4,April,2025-04,5,6,Saturday,true,false,,false,Spring
20250406,2025-04-06,2025,2,4,April,2025-04,6,7,Sunday,true,false,,false,Spring
20250407,2025-04-07,2025,2,4,April,2025-04,7,1,Monday,false,false,,true,Spring
20250408,2025-04-08,2025,2,4,April,2025-04,8,2,Tuesday,false,false,,true,Spring
20250409,2025-04-09,2025,2,4,April,2025-04,9,3,Wednesday,false,false,,true,Spring
20250410,2025-04-10,2025,2,4,April,2025-04,10,4,Thursday,false,false,,true,Spring
20250411,2025-04-11,2025,2,4,April,2025-04,11,5,Friday,false,false,,true,Spring
20250412,2025-04-12,2025,2,4,April,2025-04,12,6,Saturday,true,false,,false,Spring
20250413,2025-04-13,2025,2,4,April,2025-04,13,7,Sunday,true,false,,false,Spring
20250414,2025-04-14,2025,2,4,April,2025-04,14,1,Monday,false,false,,true,Spring
20250415,2025-04-15,2025,2,4,April,2025-04,15,2,Tuesday,false,false,,true,Spring
20250416,2025-04-16,2025,2,4,April,2025-04,16,3,Wednesday,false,false,,true,Spring
20250417,2025-04-17,2025,2,4,April,2025-04,17,4,Thursday,false,false,,true,Spring
20250418,2025-04-18,2025,2,4,April,2025-04,18,5,Friday,false,true,Good Friday,false,Spring
20250419,2025-04-19,2025,2,4,April,2025-04,19,6,Saturday,true,false,,false,Spring
20250420,2025-04-20,2025,2,4,April,2025-04,20,7,Sunday,true,false,,false,Spring
20250421,2025-04-21,2025,2,4,April,2025-04,21,1,Monday,false,true,Easter Monday,false,Spring
20250422,2025-04-22,2025,2,4,April,2025-04,22,2,Tuesday,false,false,,true,Spring
20250423,2025-04-23,2025,2,4,April,2025-04,23,3,Wednesday,false,false,,true,Spring
20250424,2025-04-24,2025,2,4,April,2025-04,24,4,Thursday,false,false,,true,Spring
20250425,2025-04-25,2025,2,4,April,2025-04,25,5,Friday,false,false,,true,Spring
20250426,2025-04-26,2025,2,4,April,2025-04,26,6,Saturday,true,false,,false,Spring
20250427,2025-04-27,2025,2,4,April,2025-04,27,7,Sunday,true,false,,false,Spring
20250428,2025-04-28,2025,2,4,April,2025-04,28,1,Monday,false,false,,true,Spring
20250429,2025-04-29,2025,2,4,April,2025-04,29,2,Tuesday,false,false,,true,Spring
20250430,2025-04-30,2025,2,4,April,2025-04,30,3,Wednesday,false,false,,true,Spring
20250501,2025-05-01,2025,2,5,May,2025-05,1,4,Thursday,false,false,,true,Spring
20250502,2025-05-02,2025,2,5,May,2025-05,2,5,Friday,false,false,,true,Spring
20250503,2025-05-03,2025,2,5,May,2025-05,3,6,Saturday,true,false,,false,Spring
20250504,2025-05-04,2025,2,5,May,2025-05,4,7,Sunday,true,false,,false,Spring
20250505,2025-05-05,2025,2,5,May,2025-05,5,1,Monday,false,true,May Day,false,Spring
20250506,2025-05-06,2025,2,5,May,2025-05,6,2,Tuesday,false,false,,true,Spring
20250507,2025-05-07,2025,2,5,May,2025-05,7,3,Wednesday,false,false,,true,Spring
20250508,2025-05-08,2025,2,5,May,2025-05,8,4,Thursday,false,false,,true,Spring
20250509,2025-05-09,2025,2,5,May,2025-05,9,5,Friday,false,false,,true,Spring
20250510,2025-05-10,2025,2,5,May,2025-05,10,6,Saturday,true,false,,false,Spring
20250511,2025-05-11,2025,2,5,May,2025-05,11,7,Sunday,true,false,,false,Spring
20250512,2025-05-12,2025,2,5,May,2025-05,12,1,Monday,false,false,,true,Spring
20250513,2025-05-13,2025,2,5,May,2025-05,13,2,Tuesday,false,false,,true,Spring
20250514,2025-05-14,2025,2,5,May,2025-05,14,3,Wednesday,false,false,,true,Spring
20250515,2025-05-15,2025,2,5,May,2025-05,15,4,Thursday,false,false,,true,Spring
20250516,2025-05-16,2025,2,5,May,2025-05,16,5,Friday,false,false,,true,Spring
20250517,2025-05-17,2025,2,5,May,2025-05,17,6,Saturday,true,false,,false,Spring
20250518,2025-05-18,2025,2,5,May,2025-05,18,7,Sunday,true,false,,false,Spring
20250519,2025-05-19,2025,2,5,May,2025-05,19,1,Monday,false,false,,true,Spring
20250520,2025-05-20,2025,2,5,May,2025-05,20,2,Tuesday,false,false,,true,Spring
20250521,2025-05-21,2025,2,5,May,2025-05,21,3,Wednesday,false,false,,true,Spring
20250522,2025-05-22,2025,2,5,May,2025-05,22,4,Thursday,false,false,,true,Spring
20250523,2025-05-23,2025,2,5,May,2025-05,23,5,Friday,false,false,,true,Spring
20250524,2025-05-24,2025,2,5,May,2025-05,24,6,Saturday,true,false,,false,Spring
20250525,2025-05-25,2025,2,5,May,2025-05,25,7,Sunday,true,false,,false,Spring
20250526,2025-05-26,2025,2,5,May,2025-05,26,1,Monday,false,true,Spring Bank Holiday,false,Spring
20250527,2025-05-27,2025,2,5,May,2025-05,27,2,Tuesday,false,false,,true,Spring
20250528,2025-05-28,2025,2,5,May,2025-05,28,3,Wednesday,false,false,,true,Spring
20250529,2025-05-29,2025,2,5,May,2025-05,29,4,Thursday,false,false,,true,Spring
20250530,2025-05-30,2025,2,5,May,2025-05,30,5,Friday,false,false,,true,Spring
20250531,2025-05-31,2025,2,5,May,2025-05,31,6,Saturday,true,false,,false,Spring
20250601,2025-06-01,2025,2,6,June,2025-06,1,7,Sunday,true,false,,false,Summer
20250602,2025-06-02,2025,2,6,June,2025-06,2,1,Monday,false,false,,true,Summer
20250603,2025-06-03,2025,2,6,June,2025-06,3,2,Tuesday,false,false,,true,Summer
20250604,2025-06-04,2025,2,6,June,2025-06,4,3,Wednesday,false,false,,true,Summer
20250605,2025-06-05,2025,2,6,June,2025-06,5,4,Thursday,false,false,,true,Summer
20250606,2025-06-06,2025,2,6,June,2025-06,6,5,Friday,false,false,,true,Summer
20250607,2025-06-07,2025,2,6,June,2025-06,7,6,Saturday,true,false,,false,Summer
20250608,2025-06-08,2025,2,6,June,2025-06,8,7,Sunday,true,false,,false,Summer
20250609,2025-06-09,2025,2,6,June,2025-06,9,1,Monday,false,false,,true,Summer
20250610,2025-06-10,2025,2,6,June,2025-06,10,2,Tuesday,false,false,,true,Summer
20250611,2025-06-11,2025,2,6,June,2025-06,11,3,Wednesday,false,false,,true,Summer
20250612,2025-06-12,2025,2,6,June,2025-06,12,4,Thursday,false,false,,true,Summer
20250613,2025-06-13,2025,2,6,June,2025-06,13,5,Friday,false,false,,true,Summer
20250614,2025-06-14,2025,2,6,June,2025-06,14,6,Saturday,true,false,,false,Summer
20250615,2025-06-15,2025,2,6,June,2025-06,15,7,Sunday,true,false,,false,Summer
20250616,2025-06-16,2025,2,6,June,2025-06,16,1,Monday,false,false,,true,Summer
20250617,2025-06-17,2025,2,6,June,2025-06,17,2,Tuesday,false,false,,true,Summer
20250618,2025-06-18,2025,2,6,June,2025-06,18,3,Wednesday,false,false,,true,Summer
20250619,2025-06-19,2025,2,6,June,2025-06,19,4,Thursday,false,false,,true,Summer
20250620,2025-06-20,2025,2,6,June,2025-06,20,5,Friday,false,false,,true,Summer
20250621,2025-06-21,2025,2,6,June,2025-06,21,6,Saturday,true,false,,false,Summer
20250622,2025-06-22,2025,2,6,June,2025-06,22,7,Sunday,true,false,,false,Summer
20250623,2025-06-23,2025,2,6,June,2025-06,23,1,Monday,false,false,,true,Summer
20250624,2025-06-24,2025,2,6,June,2025-06,24,2,Tuesday,false,false,,true,Summer
20250625,2025-06-25,2025,2,6,June,2025-06,25,3,Wednesday,false,false,,true,Summer
20250626,2025-06-26,2025,2,6,June,2025-06,26,4,Thursday,false,false,,true,Summer
20250627,2025-06-27,2025,2,6,June,2025-06,27,5,Friday,false,false,,true,Summer
20250628,2025-06-28,2025,2,6,June,2025-06,28,6,Saturday,true,false,,false,Summer
20250629,2025-06-29,2025,2,6,June,2025-06,29,7,Sunday,true,false,,false,Summer
20250630,2025-06-30,2025,2,6,June,2025-06,30,1,Monday,false,false,,true,Summer
20250701,2025-07-01,2025,3,7,July,2025-07,1,2,Tuesday,false,false,,true,Summer
20250702,2025-07-02,2025,3,7,July,2025-07,2,3,Wednesday,false,false,,true,Summer
20250703,2025-07-03,2025,3,7,July,2025-07,3,4,Thursday,false,false,,true,Summer
20250704,2025-07-04,2025,3,7,July,2025-07,4,5,Friday,false,false,,true,Summer
20250705,2025-07-05,2025,3,7,July,2025-07,5,6,Saturday,true,false,,false,Summer
20250706,2025-07-06,2025,3,7,July,2025-07,6,7,Sunday,true,false,,false,Summer
20250707,2025-07-07,2025,3,7,July,2025-07,7,1,Monday,false,false,,true,Summer
20250708,2025-07-08,2025,3,7,July,2025-07,8,2,Tuesday,false,false,,true,Summer
20250709,2025-07-09,2025,3,7,July,2025-07,9,3,Wednesday,false,false,,true,Summer
20250710,2025-07-10,2025,3,7,July,2025-07,10,4,Thursday,false,false,,true,Summer
20250711,2025-07-11,2025,3,7,July,2025-07,11,5,Friday,false,false,,true,Summer
20250712,2025-07-12,2025,3,7,July,2025-07,12,6,Saturday,true,false,,false,Summer
20250713,2025-07-13,2025,3,7,July,2025-07,13,7,Sunday,true,false,,false,Summer
20250714,2025-07-14,2025,3,7,July,2025-07,14,1,Monday,false,false,,true,Summer
20250715,2025-07-15,2025,3,7,July,2025-07,15,2,Tuesday,false,false,,true,Summer
20250716,2025-07-16,2025,3,7,July,2025-07,16,3,Wednesday,false,false,,true,Summer
20250717,2025-07-17,2025,3,7,July,2025-07,17,4,Thursday,false,false,,true,Summer
20250718,2025-07-18,2025,3,7,July,2025-07,18,5,Friday,false,false,,true,Summer
20250719,2025-07-19,2025,3,7,July,2025-07,19,6,Saturday,true,false,,false,Summer
20250720,2025-07-20,2025,3,7,July,2025-07,20,7,Sunday,true,false,,false,Summer
20250721,2025-07-21,2025,3,7,July,2025-07,21,1,Monday,false,false,,true,Summer
20250722,2025-07-22,2025,3,7,July,2025-07,22,2,Tuesday,false,false,,true,Summer
20250723,2025-07-23,2025,3,7,July,2025-07,23,3,Wednesday,false,false,,true,Summer
20250724,2025-07-24,2025,3,7,July,2025-07,24,4,Thursday,false,false,,true,Summer
20250725,2025-07-25,2025,3,7,July,2025-07,25,5,Friday,false,false,,true,Summer
20250726,2025-07-26,2025,3,7,July,2025-07,26,6,Saturday,true,false,,false,Summer
20250727,2025-07-27,2025,3,7,July,2025-07,27,7,Sunday,true,false,,false,Summer
20250728,2025-07-28,2025,3,7,July,2025-07,28,1,Monday,false,false,,true,Summer
20250729,2025-07-29,2025,3,7,July,2025-07,29,2,Tuesday,false,false,,true,Summer
20250730,2025-07-30,2025,3,7,July,2025-07,30,3,Wednesday,false,false,,true,Summer
20250731,2025-07-31,2025,3,7,July,2025-07,31,4,Thursday,false,false,,true,Summer
20250801,2025-08-01,2025,3,8,August,2025-08,1,5,Friday,false,false,,true,Summer
20250802,2025-08-02,2025,3,8,August,2025-08,2,6,Saturday,true,false,,false,Summer
20250803,2025-08-03,2025,3,8,August,2025-08,3,7,Sunday,true,false,,false,Summer
20250804,2025-08-04,2025,3,8,August,2025-08,4,1,Monday,false,false,,true,Summer
20250805,2025-08-05,2025,3,8,August,2025-08,5,2,Tuesday,false,false,,true,Summer
20250806,2025-08-06,2025,3,8,August,2025-08,6,3,Wednesday,false,false,,true,Summer
20250807,2025-08-07,2025,3,8,August,2025-08,7,4,Thursday,false,false,,true,Summer
20250808,2025-08-08,2025,3,8,August,2025-08,8,5,Friday,false,false,,true,Summer
20250809,2025-08-09,2025,3,8,August,2025-08,9,6,Saturday,true,false,,false,Summer
20250810,2025-08-10,2025,3,8,August,2025-08,10,7,Sunday,true,false,,false,Summer
20250811,2025-08-11,2025,3,8,August,2025-08,11,1,Monday,false,false,,true,Summer
20250812,2025-08-12,2025,3,8,August,2025-08,12,2,Tuesday,false,false,,true,Summer
20250813,2025-08-13,2025,3,8,August,2025-08,13,3,Wednesday,false,false,,true,Summer
20250814,2025-08-14,2025,3,8,August,2025-08,14,4,Thursday,false,false,,true,Summer
20250815,2025-08-15,2025,3,8,August,2025-08,15,5,Friday,false,false,,true,Summer
20250816,2025-08-16,2025,3,8,August,2025-08,16,6,Saturday,true,false,,false,Summer
20250817,2025-08-17,2025,3,8,August,2025-08,17,7,Sunday,true,false,,false,Summer
20250818,2025-08-18,2025,3,8,August,2025-08,18,1,Monday,false,false,,true,Summer
20250819,2025-08-19,2025,3,8,August,2025-08,19,2,Tuesday,false,false,,true,Summer
20250820,2025-08-20,2025,3,8,August,2025-08,20,3,Wednesday,false,false,,true,Summer
20250821,2025-08-21,2025,3,8,August,2025-08,21,4,Thursday,false,false,,true,Summer
20250822,2025-08-22,2025,3,8,August,2025-08,22,5,Friday,false,false,,true,Summer
20250823,2025-08-23,2025,3,8,August,2025-08,23,6,Saturday,true,false,,false,Summer
20250824,2025-08-24,2025,3,8,August,2025-08,24,7,Sunday,true,false,,false,Summer
20250825,2025-08-25,2025,3,8,August,2025-08,25,1,Monday,false,true,Late Summer Bank Holiday,false,Summer
20250826,2025-08-26,2025,3,8,August,2025-08,26,2,Tuesday,false,false,,true,Summer
20250827,2025-08-27,2025,3,8,August,2025-08,27,3,Wednesday,false,false,,true,Summer
20250828,2025-08-28,2025,3,8,August,2025-08,28,4,Thursday,false,false,,true,Summer
20250829,2025-08-29,2025,3,8,August,2025-08,29,5,Friday,false,false,,true,Summer
20250830,2025-08-30,2025,3,8,August,2025-08,30,6,Saturday,true,false,,false,Summer
20250831,2025-08-31,2025,3,8,August,2025-08,31,7,Sunday,true,false,,false,Summer
20250901,2025-09-01,2025,3,9,September,2025-09,1,1,Monday,false,false,,true,Autumn
20250902,2025-09-02,2025,3,9,September,2025-09,2,2,Tuesday,false,false,,true,Autumn
20250903,2025-09-03,2025,3,9,September,2025-09,3,3,Wednesday,false,false,,true,Autumn
20250904,2025-09-04,2025,3,9,September,2025-09,4,4,Thursday,false,false,,true,Autumn
20250905,2025-09-05,2025,3,9,September,2025-09,5,5,Friday,false,false,,true,Autumn
20250906,2025-09-06,2025,3,9,September,2025-09,6,6,Saturday,true,false,,false,Autumn
20250907,2025-09-07,2025,3,9,September,2025-09,7,7,Sunday,true,false,,false,Autumn
20250908,2025-09-08,2025,3,9,September,2025-09,8,1,Monday,false,false,,true,Autumn
20250909,2025-09-09,2025,3,9,September,2025-09,9,2,Tuesday,false,false,,true,Autumn
20250910,2025-09-10,2025,3,9,September,2025-09,10,3,Wednesday,false,false,,true,Autumn
20250911,2025-09-11,2025,3,9,September,2025-09,11,4,Thursday,false,false,,true,Autumn
20250912,2025-09-12,2025,3,9,September,2025-09,12,5,Friday,false,false,,true,Autumn
20250913,2025-09-13,2025,3,9,September,2025-09,13,6,Saturday,true,false,,false,Autumn
20250914,2025-09-14,2025,3,9,September,2025-09,14,7,Sunday,true,false,,false,Autumn
20250915,2025-09-15,2025,3,9,September,2025-09,15,1,Monday,false,false,,true,Autumn
20250916,2025-09-16,2025,3,9,September,2025-09,16,2,Tuesday,false,false,,true,Autumn
20250917,2025-09-17,2025,3,9,September,2025-09,17,3,Wednesday,false,false,,true,Autumn
20250918,2025-09-18,2025,3,9,September,2025-09,18,4,Thursday,false,false,,true,Autumn
20250919,2025-09-19,2025,3,9,September,2025-09,19,5,Friday,false,false,,true,Autumn
20250920,2025-09-20,2025,3,9,September,2025-09,20,6,Saturday,true,false,,false,Autumn
20250921,2025-09-21,2025,3,9,September,2025-09,21,7,Sunday,true,false,,false,Autumn
20250922,2025-09-22,2025,3,9,September,2025-09,22,1,Monday,false,false,,true,Autumn
20250923,2025-09-23,2025,3,9,September,2025-09,23,2,Tuesday,false,false,,true,Autumn
20250924,2025-09-24,2025,3,9,September,2025-09,24,3,Wednesday,false,false,,true,Autumn
20250925,2025-09-25,2025,3,9,September,2025-09,25,4,Thursday,false,false,,true,Autumn
20250926,2025-09-26,2025,3,9,September,2025-09,26,5,Friday,false,false,,true,Autumn
20250927,2025-09-27,2025,3,9,September,2025-09,27,6,Saturday,true,false,,false,Autumn
20250928,2025-09-28,2025,3,9,September,2025-09,28,7,Sunday,true,false,,false,Autumn
20250929,2025-09-29,2025,3,9,September,2025-09,29,1,Monday,false,false,,true,Autumn
20250930,2025-09-30,2025,3,9,September,2025-09,30,2,Tuesday,false,false,,true,Autumn
20251001,2025-10-01,2025,4,10,October,2025-10,1,3,Wednesday,false,false,,true,Autumn
20251002,2025-10-02,2025,4,10,October,2025-10,2,4,Thursday,false,false,,true,Autumn
20251003,2025-10-03,2025,4,10,October,2025-10,3,5,Friday,false,false,,true,Autumn
20251004,2025-10-04,2025,4,10,October,2025-10,4,6,Saturday,true,false,,false,Autumn
20251005,2025-10-05,2025,4,10,October,2025-10,5,7,Sunday,true,false,,false,Autumn
20251006,2025-10-06,2025,4,10,October,2025-10,6,1,Monday,false,false,,true,Autumn
20251007,2025-10-07,2025,4,10,October,2025-10,7,2,Tuesday,false,false,,true,Autumn
20251008,2025-10-08,2025,4,10,October,2025-10,8,3,Wednesday,false,false,,true,Autumn
20251009,2025-10-09,2025,4,10,October,2025-10,9,4,Thursday,false,false,,true,Autumn
20251010,2025-10-10,2025,4,10,October,2025-10,10,5,Friday,false,false,,true,Autumn
20251011,2025-10-11,2025,4,10,October,2025-10,11,6,Saturday,true,false,,false,Autumn
20251012,2025-10-12,2025,4,10,October,2025-10,12,7,Sunday,true,false,,false,Autumn
20251013,2025-10-13,2025,4,10,October,2025-10,13,1,Monday,false,false,,true,Autumn
20251014,2025-10-14,2025,4,10,October,2025-10,14,2,Tuesday,false,false,,true,Autumn
20251015,2025-10-15,2025,4,10,October,2025-10,15,3,Wednesday,false,false,,true,Autumn
20251016,2025-10-16,2025,4,10,October,2025-10,16,4,Thursday,false,false,,true,Autumn
20251017,2025-10-17,2025,4,10,October,2025-10,17,5,Friday,false,false,,true,Autumn
20251018,2025-10-18,2025,4,10,October,2025-10,18,6,Saturday,true,false,,false,Autumn
20251019,2025-10-19,2025,4,10,October,2025-10,19,7,Sunday,true,false,,false,Autumn
20251020,2025-10-20,2025,4,10,October,2025-10,20,1,Monday,false,false,,true,Autumn
20251021,2025-10-21,2025,4,10,October,2025-10,21,2,Tuesday,false,false,,true,Autumn
20251022,2025-10-22,2025,4,10,October,2025-10,22,3,Wednesday,false,false,,true,Autumn
20251023,2025-10-23,2025,4,10,October,2025-10,23,4,Thursday,false,false,,true,Autumn
20251024,2025-10-24,2025,4,10,October,2025-10,24,5,Friday,false,false,,true,Autumn
20251025,2025-10-25,2025,4,10,October,2025-10,25,6,Saturday,true,false,,false,Autumn
20251026,2025-10-26,2025,4,10,October,2025-10,26,7,Sunday,true,false,,false,Autumn
20251027,2025-10-27,2025,4,10,October,2025-10,27,1,Monday,false,false,,true,Autumn
20251028,2025-10-28,2025,4,10,October,2025-10,28,2,Tuesday,false,false,,true,Autumn
20251029,2025-10-29,2025,4,10,October,2025-10,29,3,Wednesday,false,false,,true,Autumn
20251030,2025-10-30,2025,4,10,October,2025-10,30,4,Thursday,false,false,,true,Autumn
20251031,2025-10-31,2025,4,10,October,2025-10,31,5,Friday,false,false,,true,Autumn
20251101,2025-11-01,2025,4,11,November,2025-11,1,6,Saturday,true,false,,false,Autumn
20251102,2025-11-02,2025,4,11,November,2025-11,2,7,Sunday,true,false,,false,Autumn
20251103,2025-11-03,2025,4,11,November,2025-11,3,1,Monday,false,false,,true,Autumn
20251104,2025-11-04,2025,4,11,November,2025-11,4,2,Tuesday,false,false,,true,Autumn
20251105,2025-11-05,2025,4,11,November,2025-11,5,3,Wednesday,false,false,,true,Autumn
20251106,2025-11-06,2025,4,11,November,2025-11,6,4,Thursday,false,false,,true,Autumn
20251107,2025-11-07,2025,4,11,November,2025-11,7,5,Friday,false,false,,true,Autumn
20251108,2025-11-08,2025,4,11,November,2025-11,8,6,Saturday,true,false,,false,Autumn
20251109,2025-11-09,2025,4,11,November,2025-11,9,7,Sunday,true,false,,false,Autumn
20251110,2025-11-10,2025,4,11,November,2025-11,10,1,Monday,false,false,,true,Autumn
20251111,2025-11-11,2025,4,11,November,2025-11,11,2,Tuesday,false,false,,true,Autumn
20251112,2025-11-12,2025,4,11,November,2025-11,12,3,Wednesday,false,false,,true,Autumn
20251113,2025-11-13,2025,4,11,November,2025-11,13,4,Thursday,false,false,,true,Autumn
20251114,2025-11-14,2025,4,11,November,2025-11,14,5,Friday,false,false,,true,Autumn
20251115,2025-11-15,2025,4,11,November,2025-11,15,6,Saturday,true,false,,false,Autumn
20251116,2025-11-16,2025,4,11,November,2025-11,16,7,Sunday,true,false,,false,Autumn
20251117,2025-11-17,2025,4,11,November,2025-11,17,1,Monday,false,false,,true,Autumn
20251118,2025-11-18,2025,4,11,November,2025-11,18,2,Tuesday,false,false,,true,Autumn
20251119,2025-11-19,2025,4,11,November,2025-11,19,3,Wednesday,false,false,,true,Autumn
20251120,2025-11-20,2025,4,11,November,2025-11,20,4,Thursday,false,false,,true,Autumn
20251121,2025-11-21,2025,4,11,November,2025-11,21,5,Friday,false,false,,true,Autumn
20251122,2025-11-22,2025,4,11,November,2025-11,22,6,Saturday,true,false,,false,Autumn
20251123,2025-11-23,2025,4,11,November,2025-11,23,7,Sunday,true,false,,false,Autumn
20251124,2025-11-24,2025,4,11,November,2025-11,24,1,Monday,false,false,,true,Autumn
20251125,2025-11-25,2025,4,11,November,2025-11,25,2,Tuesday,false,false,,true,Autumn
20251126,2025-11-26,2025,4,11,November,2025-11,26,3,Wednesday,false,false,,true,Autumn
20251127,2025-11-27,2025,4,11,November,2025-11,27,4,Thursday,false,false,,true,Autumn
20251128,2025-11-28,2025,4,11,November,2025-11,28,5,Friday,false,false,,true,Autumn
20251129,2025-11-29,2025,4,11,November,2025-11,29,6,Saturday,true,false,,false,Autumn
20251130,2025-11-30,2025,4,11,November,2025-11,30,7,Sunday,true,false,,false,Autumn
20251201,2025-12-01,2025,4,12,December,2025-12,1,1,Monday,false,false,,true,Winter
20251202,2025-12-02,2025,4,12,December,2025-12,2,2,Tuesday,false,false,,true,Winter
20251203,2025-12-03,2025,4,12,December,2025-12,3,3,Wednesday,false,false,,true,Winter
20251204,2025-12-04,2025,4,12,December,2025-12,4,4,Thursday,false,false,,true,Winter
20251205,2025-12-05,2025,4,12,December,2025-12,5,5,Friday,false,false,,true,Winter
20251206,2025-12-06,2025,4,12,December,2025-12,6,6,Saturday,true,false,,false,Winter
20251207,2025-12-07,2025,4,12,December,2025-12,7,7,Sunday,true,false,,false,Winter
20251208,2025-12-08,2025,4,12,December,2025-12,8,1,Monday,false,false,,true,Winter
20251209,2025-12-09,2025,4,12,December,2025-12,9,2,Tuesday,false,false,,true,Winter
20251210,2025-12-10,2025,4,12,December,2025-12,10,3,Wednesday,false,false,,true,Winter
20251211,2025-12-11,2025,4,12,December,2025-12,11,4,Thursday,false,false,,true,Winter
20251212,2025-12-12,2025,4,12,December,2025-12,12,5,Friday,false,false,,true,Winter
20251213,2025-12-13,2025,4,12,December,2025-12,13,6,Saturday,true,false,,false,Winter
20251214,2025-12-14,2025,4,12,December,2025-12,14,7,Sunday,true,false,,false,Winter
20251215,2025-12-15,2025,4,12,December,2025-12,15,1,Monday,false,false,,true,Winter
20251216,2025-12-16,2025,4,12,December,2025-12,16,2,Tuesday,false,false,,true,Winter
20251217,2025-12-17,2025,4,12,December,2025-12,17,3,Wednesday,false,false,,true,Winter
20251218,2025-12-18,2025,4,12,December,2025-12,18,4,Thursday,false,false,,true,Winter
20251219,2025-12-19,2025,4,12,December,2025-12,19,5,Friday,false,false,,true,Winter
20251220,2025-12-20,2025,4,12,December,2025-12,20,6,Saturday,true,false,,false,Winter
20251221,2025-12-21,2025,4,12,December,2025-12,21,7,Sunday,true,false,,false,Winter
20251222,2025-12-22,2025,4,12,December,2025-12,22,1,Monday,false,false,,true,Winter
20251223,2025-12-23,2025,4,12,December,2025-12,23,2,Tuesday,false,false,,true,Winter
20251224,2025-12-24,2025,4,12,December,2025-12,24,3,Wednesday,false,false,,true,Winter
20251225,2025-12-25,2025,4,12,December,2025-12,25,4,Thursday,false,true,Christmas Day,false,Winter
20251226,2025-12-26,2025,4,12,December,2025-12,26,5,Friday,false,true,Boxing Day,false,Winter
20251227,2025-12-27,2025,4,12,December,2025-12,27,6,Saturday,true,false,,false,Winter
20251228,2025-12-28,2025,4,12,December,2025-12,28,7,Sunday,true,false,,false,Winter
20251229,2025-12-29,2025,4,12,December,2025-12,29,1,Monday,false,false,,true,Winter
20251230,2025-12-30,2025,4,12,December,2025-12,30,2,Tuesday,false,false,,true,Winter
20251231,2025-12-31,2025,4,12,December,2025-12,31,3,Wednesday,false,false,,true,Winter
20260101,2026-01-01,2026,1,1,January,2026-01,1,4,Thursday,false,true,New Year's Day,false,Winter
20260102,2026-01-02,2026,1,1,January,2026-01,2,5,Friday,false,false,,true,Winter
20260103,2026-01-03,2026,1,1,January,2026-01,3,6,Saturday,true,false,,false,Winter
20260104,2026-01-04,2026,1,1,January,2026-01,4,7,Sunday,true,false,,false,Winter
20260105,2026-01-05,2026,1,1,January,2026-01,5,1,Monday,false,false,,true,Winter
20260106,2026-01-06,2026,1,1,January,2026-01,6,2,Tuesday,false,false,,true,Winter
20260107,2026-01-07,2026,1,1,January,2026-01,7,3,Wednesday,false,false,,true,Winter
20260108,2026-01-08,2026,1,1,January,2026-01,8,4,Thursday,false,false,,true,Winter
20260109,2026-01-09,2026,1,1,January,2026-01,9,5,Friday,false,false,,true,Winter
20260110,2026-01-10,2026,1,1,January,2026-01,10,6,Saturday,true,false,,false,Winter
20260111,2026-01-11,2026,1,1,January,2026-01,11,7,Sunday,true,false,,false,Winter
20260112,2026-01-12,2026,1,1,January,2026-01,12,1,Monday,false,false,,true,Winter
20260113,2026-01-13,2026,1,1,January,2026-01,13,2,Tuesday,false,false,,true,Winter
20260114,2026-01-14,2026,1,1,January,2026-01,14,3,Wednesday,false,false,,true,Winter
20260115,2026-01-15,2026,1,1,January,2026-01,15,4,Thursday,false,false,,true,Winter
20260116,2026-01-16,2026,1,1,January,2026-01,16,5,Friday,false,false,,true,Winter
20260117,2026-01-17,2026,1,1,January,2026-01,17,6,Saturday,true,false,,false,Winter
20260118,2026-01-18,2026,1,1,January,2026-01,18,7,Sunday,true,false,,false,Winter
20260119,2026-01-19,2026,1,1,January,2026-01,19,1,Monday,false,false,,true,Winter
20260120,2026-01-20,2026,1,1,January,2026-01,20,2,Tuesday,false,false,,true,Winter
20260121,2026-01-21,2026,1,1,January,2026-01,21,3,Wednesday,false,false,,true,Winter
20260122,2026-01-22,2026,1,1,January,2026-01,22,4,Thursday,false,false,,true,Winter
20260123,2026-01-23,2026,1,1,January,2026-01,23,5,Friday,false,false,,true,Winter
20260124,2026-01-24,2026,1,1,January,2026-01,24,6,Saturday,true,false,,false,Winter
20260125,2026-01-25,2026,1,1,January,2026-01,25,7,Sunday,true,false,,false,Winter
20260126,2026-01-26,2026,1,1,January,2026-01,26,1,Monday,false,false,,true,Winter
20260127,2026-01-27,2026,1,1,January,2026-01,27,2,Tuesday,false,false,,true,Winter
20260128,2026-01-28,2026,1,1,January,2026-01,28,3,Wednesday,false,false,,true,Winter
20260129,2026-01-29,2026,1,1,January,2026-01,29,4,Thursday,false,false,,true,Winter
20260130,2026-01-30,2026,1,1,January,2026-01,30,5,Friday,false,false,,true,Winter
20260131,2026-01-31,2026,1,1,January,2026-01,31,6,Saturday,true,false,,false,Winter
20260201,2026-02-01,2026,1,2,February,2026-02,1,7,Sunday,true,false,,false,Winter
20260202,2026-02-02,2026,1,2,February,2026-02,2,1,Monday,false,false,,true,Winter
20260203,2026-02-03,2026,1,2,February,2026-02,3,2,Tuesday,false,false,,true,Winter
20260204,2026-02-04,2026,1,2,February,2026-02,4,3,Wednesday,false,false,,true,Winter
20260205,2026-02-05,2026,1,2,February,2026-02,5,4,Thursday,false,false,,true,Winter
20260206,2026-02-06,2026,1,2,February,2026-02,6,5,Friday,false,false,,true,Winter
20260207,2026-02-07,2026,1,2,February,2026-02,7,6,Saturday,true,false,,false,Winter
20260208,2026-02-08,2026,1,2,February,2026-02,8,7,Sunday,true,false,,false,Winter
20260209,2026-02-09,2026,1,2,February,2026-02,9,1,Monday,false,false,,true,Winter
20260210,2026-02-10,2026,1,2,February,2026-02,10,2,Tuesday,false,false,,true,Winter
20260211,2026-02-11,2026,1,2,February,2026-02,11,3,Wednesday,false,false,,true,Winter
20260212,2026-02-12,2026,1,2,February,2026-02,12,4,Thursday,false,false,,true,Winter
20260213,2026-02-13,2026,1,2,February,2026-02,13,5,Friday,false,false,,true,Winter
20260214,2026-02-14,2026,1,2,February,2026-02,14,6,Saturday,true,false,,false,Winter
20260215,2026-02-15,2026,1,2,February,2026-02,15,7,Sunday,true,false,,false,Winter
20260216,2026-02-16,2026,1,2,February,2026-02,16,1,Monday,false,false,,true,Winter
20260217,2026-02-17,2026,1,2,February,2026-02,17,2,Tuesday,false,false,,true,Winter
20260218,2026-02-18,2026,1,2,February,2026-02,18,3,Wednesday,false,false,,true,Winter
20260219,2026-02-19,2026,1,2,February,2026-02,19,4,Thursday,false,false,,true,Winter
20260220,2026-02-20,2026,1,2,February,2026-02,20,5,Friday,false,false,,true,Winter
20260221,2026-02-21,2026,1,2,February,2026-02,21,6,Saturday,true,false,,false,Winter
20260222,2026-02-22,2026,1,2,February,2026-02,22,7,Sunday,true,false,,false,Winter
20260223,2026-02-23,2026,1,2,February,2026-02,23,1,Monday,false,false,,true,Winter
20260224,2026-02-24,2026,1,2,February,2026-02,24,2,Tuesday,false,false,,true,Winter
20260225,2026-02-25,2026,1,2,February,2026-02,25,3,Wednesday,false,false,,true,Winter
20260226,2026-02-26,2026,1,2,February,2026-02,26,4,Thursday,false,false,,true,Winter
20260227,2026-02-27,2026,1,2,February,2026-02,27,5,Friday,false,false,,true,Winter
20260228,2026-02-28,2026,1,2,February,2026-02,28,6,Saturday,true,false,,false,Winter
20260301,2026-03-01,2026,1,3,March,2026-03,1,7,Sunday,true,false,,false,Spring
20260302,2026-03-02,2026,1,3,March,2026-03,2,1,Monday,false,false,,true,Spring
20260303,2026-03-03,2026,1,3,March,2026-03,3,2,Tuesday,false,false,,true,Spring
20260304,2026-03-04,2026,1,3,March,2026-03,4,3,Wednesday,false,false,,true,Spring
20260305,2026-03-05,2026,1,3,March,2026-03,5,4,Thursday,false,false,,true,Spring
20260306,2026-03-06,2026,1,3,March,2026-03,6,5,Friday,false,false,,true,Spring
20260307,2026-03-07,2026,1,3,March,2026-03,7,6,Saturday,true,false,,false,Spring
20260308,2026-03-08,2026,1,3,March,2026-03,8,7,Sunday,true,false,,false,Spring
20260309,2026-03-09,2026,1,3,March,2026-03,9,1,Monday,false,false,,true,Spring
20260310,2026-03-10,2026,1,3,March,2026-03,10,2,Tuesday,false,false,,true,Spring
20260311,2026-03-11,2026,1,3,March,2026-03,11,3,Wednesday,false,false,,true,Spring
20260312,2026-03-12,2026,1,3,March,2026-03,12,4,Thursday,false,false,,true,Spring
20260313,2026-03-13,2026,1,3,March,2026-03,13,5,Friday,false,false,,true,Spring
20260314,2026-03-14,2026,1,3,March,2026-03,14,6,Saturday,true,false,,false,Spring
20260315,2026-03-15,2026,1,3,March,2026-03,15,7,Sunday,true,false,,false,Spring
20260316,2026-03-16,2026,1,3,March,2026-03,16,1,Monday,false,false,,true,Spring
20260317,2026-03-17,2026,1,3,March,2026-03,17,2,Tuesday,false,false,,true,Spring
20260318,2026-03-18,2026,1,3,March,2026-03,18,3,Wednesday,false,false,,true,Spring
20260319,2026-03-19,2026,1,3,March,2026-03,19,4,Thursday,false,false,,true,Spring
20260320,2026-03-20,2026,1,3,March,2026-03,20,5,Friday,false,false,,true,Spring
20260321,2026-03-21,2026,1,3,March,2026-03,21,6,Saturday,true,false,,false,Spring
20260322,2026-03-22,2026,1,3,March,2026-03,22,7,Sunday,true,false,,false,Spring
20260323,2026-03-23,2026,1,3,March,2026-03,23,1,Monday,false,false,,true,Spring
20260324,2026-03-24,2026,1,3,March,2026-03,24,2,Tuesday,false,false,,true,Spring
20260325,2026-03-25,2026,1,3,March,2026-03,25,3,Wednesday,false,false,,true,Spring
20260326,2026-03-26,2026,1,3,March,2026-03,26,4,Thursday,false,false,,true,Spring
20260327,2026-03-27,2026,1,3,March,2026-03,27,5,Friday,false,false,,true,Spring
20260328,2026-03-28,2026,1,3,March,2026-03,28,6,Saturday,true,false,,false,Spring
20260329,2026-03-29,2026,1,3,March,2026-03,29,7,Sunday,true,false,,false,Spring
20260330,2026-03-30,2026,1,3,March,2026-03,30,1,Monday,false,false,,true,Spring
20260331,2026-03-31,2026,1,3,March,2026-03,31,2,Tuesday,false,false,,true,Spring
20260401,2026-04-01,2026,2,4,April,2026-04,1,3,Wednesday,false,false,,true,Spring
20260402,2026-04-02,2026,2,4,April,2026-04,2,4,Thursday,false,false,,true,Spring
20260403,2026-04-03,2026,2,4,April,2026-04,3,5,Friday,false,true,Good Friday,false,Spring
20260404,2026-04-04,2026,2,4,April,2026-04,4,6,Saturday,true,false,,false,Spring
20260405,2026-04-05,2026,2,4,April,2026-04,5,7,Sunday,true,false,,false,Spring
20260406,2026-04-06,2026,2,4,April,2026-04,6,1,Monday,false,true,Easter Monday,false,Spring
20260407,2026-04-07,2026,2,4,April,2026-04,7,2,Tuesday,false,false,,true,Spring
20260408,2026-04-08,2026,2,4,April,2026-04,8,3,Wednesday,false,false,,true,Spring
20260409,2026-04-09,2026,2,4,April,2026-04,9,4,Thursday,false,false,,true,Spring
20260410,2026-04-10,2026,2,4,April,2026-04,10,5,Friday,false,false,,true,Spring
20260411,2026-04-11,2026,2,4,April,2026-04,11,6,Saturday,true,false,,false,Spring
20260412,2026-04-12,2026,2,4,April,2026-04,12,7,Sunday,true,false,,false,Spring
20260413,2026-04-13,2026,2,4,April,2026-04,13,1,Monday,false,false,,true,Spring
20260414,2026-04-14,2026,2,4,April,2026-04,14,2,Tuesday,false,false,,true,Spring
20260415,2026-04-15,2026,2,4,April,2026-04,15,3,Wednesday,false,false,,true,Spring
20260416,2026-04-16,2026,2,4,April,2026-04,16,4,Thursday,false,false,,true,Spring
20260417,2026-04-17,2026,2,4,April,2026-04,17,5,Friday,false,false,,true,Spring
20260418,2026-04-18,2026,2,4,April,2026-04,18,6,Saturday,true,false,,false,Spring
20260419,2026-04-19,2026,2,4,April,2026-04,19,7,Sunday,true,false,,false,Spring
20260420,2026-04-20,2026,2,4,April,2026-04,20,1,Monday,false,false,,true,Spring
20260421,2026-04-21,2026,2,4,April,2026-04,21,2,Tuesday,false,false,,true,Spring
20260422,2026-04-22,2026,2,4,April,2026-04,22,3,Wednesday,false,false,,true,Spring
20260423,2026-04-23,2026,2,4,April,2026-04,23,4,Thursday,false,false,,true,Spring
20260424,2026-04-24,2026,2,4,April,2026-04,24,5,Friday,false,false,,true,Spring
20260425,2026-04-25,2026,2,4,April,2026-04,25,6,Saturday,true,false,,false,Spring
20260426,2026-04-26,2026,2,4,April,2026-04,26,7,Sunday,true,false,,false,Spring
20260427,2026-04-27,2026,2,4,April,2026-04,27,1,Monday,false,false,,true,Spring
20260428,2026-04-28,2026,2,4,April,2026-04,28,2,Tuesday,false,false,,true,Spring
20260429,2026-04-29,2026,2,4,April,2026-04,29,3,Wednesday,false,false,,true,Spring
20260430,2026-04-30,2026,2,4,April,2026-04,30,4,Thursday,false,false,,true,Spring
20260501,2026-05-01,2026,2,5,May,2026-05,1,5,Friday,false,false,,true,Spring
20260502,2026-05-02,2026,2,5,May,2026-05,2,6,Saturday,true,false,,false,Spring
20260503,2026-05-03,2026,2,5,May,2026-05,3,7,Sunday,true,false,,false,Spring
20260504,2026-05-04,2026,2,5,May,2026-05,4,1,Monday,false,true,May Day,false,Spring
20260505,2026-05-05,2026,2,5,May,2026-05,5,2,Tuesday,false,false,,true,Spring
20260506,2026-05-06,2026,2,5,May,2026-05,6,3,Wednesday,false,false,,true,Spring
20260507,2026-05-07,2026,2,5,May,2026-05,7,4,Thursday,false,false,,true,Spring
20260508,2026-05-08,2026,2,5,May,2026-05,8,5,Friday,false,false,,true,Spring
20260509,2026-05-09,2026,2,5,May,2026-05,9,6,Saturday,true,false,,false,Spring
20260510,2026-05-10,2026,2,5,May,2026-05,10,7,Sunday,true,false,,false,Spring
20260511,2026-05-11,2026,2,5,May,2026-05,11,1,Monday,false,false,,true,Spring
20260512,2026-05-12,2026,2,5,May,2026-05,12,2,Tuesday,false,false,,true,Spring
20260513,2026-05-13,2026,2,5,May,2026-05,13,3,Wednesday,false,false,,true,Spring
20260514,2026-05-14,2026,2,5,May,2026-05,14,4,Thursday,false,false,,true,Spring
20260515,2026-05-15,2026,2,5,May,2026-05,15,5,Friday,false,false,,true,Spring
20260516,2026-05-16,2026,2,5,May,2026-05,16,6,Saturday,true,false,,false,Spring
20260517,2026-05-17,2026,2,5,May,2026-05,17,7,Sunday,true,false,,false,Spring
20260518,2026-05-18,2026,2,5,May,2026-05,18,1,Monday,false,false,,true,Spring
20260519,2026-05-19,2026,2,5,May,2026-05,19,2,Tuesday,false,false,,true,Spring
20260520,2026-05-20,2026,2,5,May,2026-05,20,3,Wednesday,false,false,,true,Spring
20260521,2026-05-21,2026,2,5,May,2026-05,21,4,Thursday,false,false,,true,Spring
20260522,2026-05-22,2026,2,5,May,2026-05,22,5,Friday,false,false,,true,Spring
20260523,2026-05-23,2026,2,5,May,2026-05,23,6,Saturday,true,false,,false,Spring
20260524,2026-05-24,2026,2,5,May,2026-05,24,7,Sunday,true,false,,false,Spring
20260525,2026-05-25,2026,2,5,May,2026-05,25,1,Monday,false,true,Spring Bank Holiday,false,Spring
20260526,2026-05-26,2026,2,5,May,2026-05,26,2,Tuesday,false,false,,true,Spring
20260527,2026-05-27,2026,2,5,May,2026-05,27,3,Wednesday,false,false,,true,Spring
20260528,2026-05-28,2026,2,5,May,2026-05,28,4,Thursday,false,false,,true,Spring
20260529,2026-05-29,2026,2,5,May,2026-05,29,5,Friday,false,false,,true,Spring
20260530,2026-05-30,2026,2,5,May,2026-05,30,6,Saturday,true,false,,false,Spring
20260531,2026-05-31,2026,2,5,May,2026-05,31,7,Sunday,true,false,,false,Spring
20260601,2026-06-01,2026,2,6,June,2026-06,1,1,Monday,false,false,,true,Summer
20260602,2026-06-02,2026,2,6,June,2026-06,2,2,Tuesday,false,false,,true,Summer
20260603,2026-06-03,2026,2,6,June,2026-06,3,3,Wednesday,false,false,,true,Summer
20260604,2026-06-04,2026,2,6,June,2026-06,4,4,Thursday,false,false,,true,Summer
20260605,2026-06-05,2026,2,6,June,2026-06,5,5,Friday,false,false,,true,Summer
20260606,2026-06-06,2026,2,6,June,2026-06,6,6,Saturday,true,false,,false,Summer
20260607,2026-06-07,2026,2,6,June,2026-06,7,7,Sunday,true,false,,false,Summer
20260608,2026-06-08,2026,2,6,June,2026-06,8,1,Monday,false,false,,true,Summer
20260609,2026-06-09,2026,2,6,June,2026-06,9,2,Tuesday,false,false,,true,Summer
20260610,2026-06-10,2026,2,6,June,2026-06,10,3,Wednesday,false,false,,true,Summer
20260611,2026-06-11,2026,2,6,June,2026-06,11,4,Thursday,false,false,,true,Summer
20260612,2026-06-12,2026,2,6,June,2026-06,12,5,Friday,false,false,,true,Summer
20260613,2026-06-13,2026,2,6,June,2026-06,13,6,Saturday,true,false,,false,Summer
20260614,2026-06-14,2026,2,6,June,2026-06,14,7,Sunday,true,false,,false,Summer
20260615,2026-06-15,2026,2,6,June,2026-06,15,1,Monday,false,false,,true,Summer
20260616,2026-06-16,2026,2,6,June,2026-06,16,2,Tuesday,false,false,,true,Summer
20260617,2026-06-17,2026,2,6,June,2026-06,17,3,Wednesday,false,false,,true,Summer
20260618,2026-06-18,2026,2,6,June,2026-06,18,4,Thursday,false,false,,true,Summer
20260619,2026-06-19,2026,2,6,June,2026-06,19,5,Friday,false,false,,true,Summer
20260620,2026-06-20,2026,2,6,June,2026-06,20,6,Saturday,true,false,,false,Summer
20260621,2026-06-21,2026,2,6,June,2026-06,21,7,Sunday,true,false,,false,Summer
20260622,2026-06-22,2026,2,6,June,2026-06,22,1,Monday,false,false,,true,Summer
20260623,2026-06-23,2026,2,6,June,2026-06,23,2,Tuesday,false,false,,true,Summer
20260624,2026-06-24,2026,2,6,June,2026-06,24,3,Wednesday,false,false,,true,Summer
20260625,2026-06-25,2026,2,6,June,2026-06,25,4,Thursday,false,false,,true,Summer
20260626,2026-06-26,2026,2,6,June,2026-06,26,5,Friday,false,false,,true,Summer
20260627,2026-06-27,2026,2,6,June,2026-06,27,6,Saturday,true,false,,false,Summer
20260628,2026-06-28,2026,2,6,June,2026-06,28,7,Sunday,true,false,,false,Summer
20260629,2026-06-29,2026,2,6,June,2026-06,29,1,Monday,false,false,,true,Summer
20260630,2026-06-30,2026,2,6,June,2026-06,30,2,Tuesday,false,false,,true,Summer
20260701,2026-07-01,2026,3,7,July,2026-07,1,3,Wednesday,false,false,,true,Summer
20260702,2026-07-02,2026,3,7,July,2026-07,2,4,Thursday,false,false,,true,Summer
20260703,2026-07-03,2026,3,7,July,2026-07,3,5,Friday,false,false,,true,Summer
20260704,2026-07-04,2026,3,7,July,2026-07,4,6,Saturday,true,false,,false,Summer
20260705,2026-07-05,2026,3,7,July,2026-07,5,7,Sunday,true,false,,false,Summer
20260706,2026-07-06,2026,3,7,July,2026-07,6,1,Monday,false,false,,true,Summer
20260707,2026-07-07,2026,3,7,July,2026-07,7,2,Tuesday,false,false,,true,Summer
20260708,2026-07-08,2026,3,7,July,2026-07,8,3,Wednesday,false,false,,true,Summer
20260709,2026-07-09,2026,3,7,July,2026-07,9,4,Thursday,false,false,,true,Summer
20260710,2026-07-10,2026,3,7,July,2026-07,10,5,Friday,false,false,,true,Summer
20260711,2026-07-11,2026,3,7,July,2026-07,11,6,Saturday,true,false,,false,Summer
20260712,2026-07-12,2026,3,7,July,2026-07,12,7,Sunday,true,false,,false,Summer
20260713,2026-07-13,2026,3,7,July,2026-07,13,1,Monday,false,false,,true,Summer
20260714,2026-07-14,2026,3,7,July,2026-07,14,2,Tuesday,false,false,,true,Summer
20260715,2026-07-15,2026,3,7,July,2026-07,15,3,Wednesday,false,false,,true,Summer
20260716,2026-07-16,2026,3,7,July,2026-07,16,4,Thursday,false,false,,true,Summer
20260717,2026-07-17,2026,3,7,July,2026-07,17,5,Friday,false,false,,true,Summer
20260718,2026-07-18,2026,3,7,July,2026-07,18,6,Saturday,true,false,,false,Summer
20260719,2026-07-19,2026,3,7,July,2026-07,19,7,Sunday,true,false,,false,Summer
20260720,2026-07-20,2026,3,7,July,2026-07,20,1,Monday,false,false,,true,Summer
20260721,2026-07-21,2026,3,7,July,2026-07,21,2,Tuesday,false,false,,true,Summer
20260722,2026-07-22,2026,3,7,July,2026-07,22,3,Wednesday,false,false,,true,Summer
20260723,2026-07-23,2026,3,7,July,2026-07,23,4,Thursday,false,false,,true,Summer
20260724,2026-07-24,2026,3,7,July,2026-07,24,5,Friday,false,false,,true,Summer
20260725,2026-07-25,2026,3,7,July,2026-07,25,6,Saturday,true,false,,false,Summer
20260726,2026-07-26,2026,3,7,July,2026-07,26,7,Sunday,true,false,,false,Summer
20260727,2026-07-27,2026,3,7,July,2026-07,27,1,Monday,false,false,,true,Summer
20260728,2026-07-28,2026,3,7,July,2026-07,28,2,Tuesday,false,false,,true,Summer
20260729,2026-07-29,2026,3,7,July,2026-07,29,3,Wednesday,false,false,,true,Summer
20260730,2026-07-30,2026,3,7,July,2026-07,30,4,Thursday,false,false,,true,Summer
20260731,2026-07-31,2026,3,7,July,2026-07,31,5,Friday,false,false,,true,Summer
20260801,2026-08-01,2026,3,8,August,2026-08,1,6,Saturday,true,false,,false,Summer
20260802,2026-08-02,2026,3,8,August,2026-08,2,7,Sunday,true,false,,false,Summer
20260803,2026-08-03,2026,3,8,August,2026-08,3,1,Monday,false,false,,true,Summer
20260804,2026-08-04,2026,3,8,August,2026-08,4,2,Tuesday,false,false,,true,Summer
20260805,2026-08-05,2026,3,8,August,2026-08,5,3,Wednesday,false,false,,true,Summer
20260806,2026-08-06,2026,3,8,August,2026-08,6,4,Thursday,false,false,,true,Summer
20260807,2026-08-07,2026,3,8,August,2026-08,7,5,Friday,false,false,,true,Summer
20260808,2026-08-08,2026,3,8,August,2026-08,8,6,Saturday,true,false,,false,Summer
20260809,2026-08-09,2026,3,8,August,2026-08,9,7,Sunday,true,false,,false,Summer
20260810,2026-08-10,2026,3,8,August,2026-08,10,1,Monday,false,false,,true,Summer
20260811,2026-08-11,2026,3,8,August,2026-08,11,2,Tuesday,false,false,,true,Summer
20260812,2026-08-12,2026,3,8,August,2026-08,12,3,Wednesday,false,false,,true,Summer
20260813,2026-08-13,2026,3,8,August,2026-08,13,4,Thursday,false,false,,true,Summer
20260814,2026-08-14,2026,3,8,August,2026-08,14,5,Friday,false,false,,true,Summer
20260815,2026-08-15,2026,3,8,August,2026-08,15,6,Saturday,true,false,,false,Summer
20260816,2026-08-16,2026,3,8,August,2026-08,16,7,Sunday,true,false,,false,Summer
20260817,2026-08-17,2026,3,8,August,2026-08,17,1,Monday,false,false,,true,Summer
20260818,2026-08-18,2026,3,8,August,2026-08,18,2,Tuesday,false,false,,true,Summer
20260819,2026-08-19,2026,3,8,August,2026-08,19,3,Wednesday,false,false,,true,Summer
20260820,2026-08-20,2026,3,8,August,2026-08,20,4,Thursday,false,false,,true,Summer
20260821,2026-08-21,2026,3,8,August,2026-08,21,5,Friday,false,false,,true,Summer
20260822,2026-08-22,2026,3,8,August,2026-08,22,6,Saturday,true,false,,false,Summer
20260823,2026-08-23,2026,3,8,August,2026-08,23,7,Sunday,true,false,,false,Summer
20260824,2026-08-24,2026,3,8,August,2026-08,24,1,Monday,false,false,,true,Summer
20260825,2026-08-25,2026,3,8,August,2026-08,25,2,Tuesday,false,false,,true,Summer
20260826,2026-08-26,2026,3,8,August,2026-08,26,3,Wednesday,false,false,,true,Summer
20260827,2026-08-27,2026,3,8,August,2026-08,27,4,Thursday,false,false,,true,Summer
20260828,2026-08-28,2026,3,8,August,2026-08,28,5,Friday,false,false,,true,Summer
20260829,2026-08-29,2026,3,8,August,2026-08,29,6,Saturday,true,false,,false,Summer
20260830,2026-08-30,2026,3,8,August,2026-08,30,7,Sunday,true,false,,false,Summer
20260831,2026-08-31,2026,3,8,August,2026-08,31,1,Monday,false,true,Late Summer Bank Holiday,false,Summer
20260901,2026-09-01,2026,3,9,September,2026-09,1,2,Tuesday,false,false,,true,Autumn
20260902,2026-09-02,2026,3,9,September,2026-09,2,3,Wednesday,false,false,,true,Autumn
20260903,2026-09-03,2026,3,9,September,2026-09,3,4,Thursday,false,false,,true,Autumn
20260904,2026-09-04,2026,3,9,September,2026-09,4,5,Friday,false,false,,true,Autumn
20260905,2026-09-05,2026,3,9,September,2026-09,5,6,Saturday,true,false,,false,Autumn
20260906,2026-09-06,2026,3,9,September,2026-09,6,7,Sunday,true,false,,false,Autumn
20260907,2026-09-07,2026,3,9,September,2026-09,7,1,Monday,false,false,,true,Autumn
20260908,2026-09-08,2026,3,9,September,2026-09,8,2,Tuesday,false,false,,true,Autumn
20260909,2026-09-09,2026,3,9,September,2026-09,9,3,Wednesday,false,false,,true,Autumn
20260910,2026-09-10,2026,3,9,September,2026-09,10,4,Thursday,false,false,,true,Autumn
20260911,2026-09-11,2026,3,9,September,2026-09,11,5,Friday,false,false,,true,Autumn
20260912,2026-09-12,2026,3,9,September,2026-09,12,6,Saturday,true,false,,false,Autumn
20260913,2026-09-13,2026,3,9,September,2026-09,13,7,Sunday,true,false,,false,Autumn
20260914,2026-09-14,2026,3,9,September,2026-09,14,1,Monday,false,false,,true,Autumn
20260915,2026-09-15,2026,3,9,September,2026-09,15,2,Tuesday,false,false,,true,Autumn
20260916,2026-09-16,2026,3,9,September,2026-09,16,3,Wednesday,false,false,,true,Autumn
20260917,2026-09-17,2026,3,9,September,2026-09,17,4,Thursday,false,false,,true,Autumn
20260918,2026-09-18,2026,3,9,September,2026-09,18,5,Friday,false,false,,true,Autumn
20260919,2026-09-19,2026,3,9,September,2026-09,19,6,Saturday,true,false,,false,Autumn
20260920,2026-09-20,2026,3,9,September,2026-09,20,7,Sunday,true,false,,false,Autumn
20260921,2026-09-21,2026,3,9,September,2026-09,21,1,Monday,false,false,,true,Autumn
20260922,2026-09-22,2026,3,9,September,2026-09,22,2,Tuesday,false,false,,true,Autumn
20260923,2026-09-23,2026,3,9,September,2026-09,23,3,Wednesday,false,false,,true,Autumn
20260924,2026-09-24,2026,3,9,September,2026-09,24,4,Thursday,false,false,,true,Autumn
20260925,2026-09-25,2026,3,9,September,2026-09,25,5,Friday,false,false,,true,Autumn
20260926,2026-09-26,2026,3,9,September,2026-09,26,6,Saturday,true,false,,false,Autumn
20260927,2026-09-27,2026,3,9,September,2026-09,27,7,Sunday,true,false,,false,Autumn
