date_key,region_id,mean_forecast_gco2_kwh,min_forecast_gco2_kwh,max_forecast_gco2_kwh,periods
20230101,1,8.9,0,25,48
20230101,2,34.0,17,54,48
20230101,3,28.6,1,65,48
20230101,4,12.7,0,49,48
20230101,5,138.3,111,175,48
20230101,6,32.9,6,86,48
20230101,7,214.8,106,349,48
20230101,8,124.3,35,228,48
20230101,9,249.8,178,353,48
20230101,10,90.7,7,192,48
20230101,11,214.9,138,310,48
20230101,12,167.9,100,240,48
20230101,13,83.1,13,166,48
20230101,14,75.1,20,161,48
20230101,15,117.4,72,183,48
20230101,16,41.8,13,97,48
20230101,17,126.6,53,225,48
20230101,18,108.5,65,168,48
20230102,1,0.0,0,1,48
20230102,2,24.0,11,56,48
20230102,3,39.6,10,79,48
20230102,4,5.1,1,37,48
20230102,5,168.8,93,230,48
20230102,6,60.5,7,134,48
20230102,7,314.3,213,380,48
20230102,8,177.5,54,255,48
20230102,9,345.5,187,410,48
20230102,10,178.7,95,265,48
20230102,11,222.0,62,339,48
20230102,12,243.3,133,307,48
20230102,13,170.5,129,228,48
20230102,14,167.0,132,212,48
20230102,15,174.5,115,225,48
20230102,16,36.9,11,82,48
20230102,17,229.4,151,298,48
20230102,18,160.2,107,212,48
20230103,1,0.2,0,2,48
20230103,2,20.3,6,38,48
20230103,3,16.5,5,44,48
20230103,4,11.3,1,52,48
20230103,5,136.4,64,189,48
20230103,6,29.6,7,94,48
20230103,7,258.3,83,344,48
20230103,8,70.8,11,161,48
20230103,9,226.1,118,312,48
20230103,10,105.1,35,164,48
20230103,11,168.1,110,258,48
20230103,12,160.8,92,230,48
20230103,13,102.8,43,146,48
20230103,14,98.6,46,159,48
20230103,15,112.9,63,150,48
20230103,16,16.7,5,34,48
20230103,17,118.3,38,190,48
20230103,18,101.6,58,136,48
20230104,1,0.0,0,0,48
20230104,2,14.2,7,33,48
20230104,3,20.9,12,34,48
20230104,4,5.3,3,17,48
20230104,5,97.1,61,156,48
20230104,6,32.9,11,75,48
20230104,7,137.3,63,312,48
20230104,8,38.8,23,79,48
20230104,9,113.7,69,149,48
20230104,10,63.8,6,128,48
20230104,11,123.6,85,170,48
20230104,12,109.4,87,142,48
20230104,13,71.0,36,113,48
20230104,14,80.9,52,114,48
20230104,15,72.5,56,101,48
20230104,16,13.0,5,28,48
20230104,17,65.4,27,142,48
20230104,18,64.6,46,90,48
20230105,1,0.0,0,1,48
20230105,2,28.7,8,58,48
20230105,3,27.0,14,55,48
20230105,4,9.0,1,25,48
20230105,5,144.4,64,207,48
20230105,6,53.5,7,138,48
20230105,7,237.0,110,353,48
20230105,8,74.8,13,210,48
20230105,9,166.5,78,305,48
20230105,10,94.6,34,173,48
20230105,11,241.0,160,341,48
20230105,12,162.5,82,228,48
20230105,13,109.2,46,177,48
20230105,14,129.7,57,206,48
20230105,15,112.5,55,176,48
20230105,16,28.2,6,69,48
20230105,17,145.8,23,286,48
20230105,18,105.1,48,166,48
20230106,1,0.0,0,0,48
20230106,2,13.7,8,32,48
20230106,3,21.7,9,35,48
20230106,4,6.3,4,10,48
20230106,5,109.6,64,180,48
20230106,6,28.0,10,63,48
20230106,7,228.3,85,356,48
20230106,8,47.8,15,139,48
20230106,9,165.6,102,269,48
20230106,10,86.4,28,166,48
20230106,11,188.6,93,266,48
20230106,12,138.1,92,204,48
20230106,13,94.9,39,160,48
20230106,14,99.5,48,172,48
20230106,15,93.4,54,150,48
20230106,16,10.9,6,21,48
20230106,17,103.2,24,201,48
20230106,18,84.5,49,137,48
20230107,1,0.0,0,0,48
20230107,2,21.5,8,156,48
20230107,3,27.9,15,44,48
20230107,4,9.1,1,53,48
20230107,5,73.1,37,98,48
20230107,6,26.0,10,95,48
20230107,7,110.5,69,214,48
20230107,8,39.7,13,75,48
20230107,9,116.7,87,376,48
20230107,10,66.6,23,263,48
20230107,11,165.5,84,226,48
20230107,12,104.6,73,133,48
20230107,13,64.8,30,140,48
20230107,14,67.5,45,88,48
20230107,15,68.4,54,86,48
20230107,16,17.1,5,36,48
20230107,17,72.7,35,124,48
20230107,18,62.8,49,100,48
20230108,1,0.0,0,0,48
20230108,2,15.9,6,32,48
20230108,3,17.3,4,30,48
20230108,4,9.1,3,20,48
20230108,5,88.2,65,137,48
20230108,6,20.6,4,37,48
20230108,7,183.3,113,342,48
20230108,8,35.3,17,81,48
20230108,9,130.3,93,208,48
20230108,10,74.1,44,105,48
20230108,11,130.1,70,183,48
20230108,12,121.9,94,163,48
20230108,13,81.6,55,104,48
20230108,14,94.9,76,110,48
20230108,15,77.4,61,107,48
20230108,16,13.4,5,25,48
20230108,17,71.4,25,148,48
20230108,18,69.1,53,98,48
20230109,1,0.0,0,0,48
20230109,2,15.1,10,26,48
20230109,3,7.6,2,26,48
20230109,4,6.8,4,12,48
20230109,5,123.7,81,154,48
20230109,6,15.1,3,34,48
20230109,7,193.0,53,324,48
20230109,8,38.7,4,89,48
20230109,9,178.0,113,273,48
20230109,10,51.4,9,118,48
20230109,11,121.6,60,173,48
20230109,12,151.8,111,197,48
20230109,13,76.5,34,121,48
20230109,14,98.5,68,128,48
20230109,15,86.9,54,116,48
20230109,16,12.6,7,26,48
20230109,17,89.6,27,189,48
20230109,18,77.4,49,107,48
20230110,1,0.0,0,0,48
20230110,2,16.3,6,42,48
20230110,3,14.5,5,21,48
20230110,4,8.3,3,24,48
20230110,5,93.9,61,122,48
20230110,6,28.1,8,70,48
20230110,7,153.1,66,323,48
20230110,8,43.7,16,69,48
20230110,9,196.8,133,253,48
20230110,10,76.0,10,112,48
20230110,11,165.4,121,204,48
20230110,12,141.3,101,174,48
20230110,13,84.4,42,121,48
20230110,14,93.4,72,123,48
20230110,15,89.4,66,120,48
20230110,16,14.4,6,36,48
20230110,17,85.3,34,154,48
20230110,18,80.6,58,111,48
20230111,1,0.0,0,0,48
20230111,2,9.1,6,22,48
20230111,3,14.3,4,26,48
20230111,4,4.8,3,14,48
20230111,5,82.6,63,116,48
20230111,6,17.1,10,30,48
20230111,7,113.7,44,286,48
20230111,8,33.0,14,58,48
20230111,9,166.6,86,238,48
20230111,10,69.5,15,100,48
20230111,11,173.1,78,217,48
20230111,12,124.1,91,145,48
20230111,13,77.0,53,93,48
20230111,14,84.4,65,101,48
20230111,15,77.7,64,100,48
20230111,16,8.3,4,21,48
20230111,17,59.8,28,115,48
20230111,18,68.4,55,90,48
20230112,1,0.4,0,4,48
20230112,2,26.5,10,71,48
20230112,3,20.0,4,35,48
20230112,4,5.9,1,14,48
20230112,5,101.3,73,153,48
20230112,6,24.1,10,42,48
20230112,7,176.7,74,302,48
20230112,8,49.4,31,110,48
20230112,9,140.4,74,250,48
20230112,10,73.4,16,107,48
20230112,11,161.0,125,201,48
20230112,12,123.6,90,164,48
20230112,13,78.7,35,103,48
20230112,14,87.6,58,110,48
20230112,15,83.2,64,118,48
20230112,16,20.3,10,57,48
20230112,17,85.1,36,190,48
20230112,18,75.2,55,110,48
20230113,1,0.6,0,4,48
20230113,2,17.7,6,30,48
20230113,3,19.7,1,33,48
20230113,4,5.8,1,17,48
20230113,5,110.4,70,174,48
20230113,6,24.9,8,49,48
20230113,7,176.7,85,339,48
20230113,8,69.4,22,161,48
20230113,9,187.8,99,299,48
20230113,10,69.6,23,100,48
20230113,11,168.6,73,286,48
20230113,12,143.4,90,207,48
20230113,13,82.3,45,119,48
20230113,14,97.2,64,138,48
20230113,15,94.2,59,145,48
20230113,16,17.1,6,32,48
20230113,17,96.3,49,191,48
20230113,18,83.9,53,130,48
20230114,1,0.0,0,0,48
20230114,2,9.1,4,14,48
20230114,3,8.7,4,15,48
20230114,4,3.5,2,6,48
20230114,5,89.6,64,124,48
20230114,6,8.2,4,17,48
20230114,7,103.7,61,157,48
20230114,8,28.0,8,49,48
20230114,9,135.4,100,179,48
20230114,10,53.5,4,91,48
20230114,11,164.9,106,206,48
20230114,12,125.1,83,152,48
20230114,13,67.1,37,94,48
20230114,14,84.2,53,106,48
20230114,15,70.5,49,84,48
20230114,16,9.3,4,16,48
20230114,17,44.8,24,98,48
20230114,18,61.0,42,74,48
20230115,1,0.0,0,0,48
20230115,2,14.7,5,38,48
20230115,3,44.0,6,118,48
20230115,4,11.0,2,47,48
20230115,5,156.4,75,274,48
20230115,6,52.1,8,176,48
20230115,7,207.3,61,385,48
20230115,8,137.5,10,337,48
20230115,9,260.0,114,464,48
20230115,10,88.3,16,229,48
20230115,11,242.6,108,384,48
20230115,12,187.1,123,275,48
20230115,13,97.6,45,157,48
20230115,14,111.5,66,171,48
20230115,15,132.4,62,232,48
20230115,16,19.3,5,72,48
20230115,17,134.3,31,353,48
20230115,18,118.0,53,213,48
20230116,1,0.6,0,29,48
20230116,2,29.8,21,39,48
20230116,3,69.5,34,118,48
20230116,4,29.6,1,91,48
20230116,5,203.9,163,238,48
20230116,6,98.0,26,167,48
20230116,7,359.9,268,390,48
20230116,8,252.2,78,334,48
20230116,9,364.3,298,458,48
20230116,10,146.9,55,249,48
20230116,11,297.8,202,390,48
20230116,12,270.5,199,333,48
20230116,13,147.8,108,193,48
20230116,14,156.6,109,202,48
20230116,15,196.3,153,225,48
20230116,16,36.4,16,68,48
20230116,17,288.5,178,372,48
20230116,18,182.1,138,208,48
20230117,1,18.5,5,46,48
20230117,2,32.7,10,74,48
20230117,3,71.5,12,122,48
20230117,4,5.1,2,12,48
20230117,5,198.9,97,234,48
20230117,6,110.2,26,218,48
20230117,7,349.4,175,385,48
20230117,8,189.7,27,290,48
20230117,9,353.1,172,422,48
20230117,10,245.4,107,295,48
20230117,11,320.9,184,381,48
20230117,12,301.0,131,375,48
20230117,13,281.3,179,346,48
20230117,14,302.6,217,378,48
20230117,15,229.8,129,275,48
20230117,16,27.1,8,85,48
20230117,17,272.0,35,368,48
20230117,18,208.5,109,250,48
20230118,1,89.6,35,130,48
20230118,2,64.0,29,90,48
20230118,3,49.7,21,78,48
20230118,4,19.0,4,34,48
20230118,5,159.8,90,208,48
20230118,6,84.3,34,118,48
20230118,7,301.0,159,358,48
20230118,8,121.1,34,194,48
20230118,9,270.7,161,356,48
20230118,10,176.9,124,211,48
20230118,11,242.8,135,355,48
20230118,12,265.7,143,357,48
20230118,13,206.6,139,251,48
20230118,14,249.0,167,296,48
20230118,15,177.7,104,228,48
20230118,16,53.6,19,78,48
20230118,17,209.4,78,294,48
20230118,18,165.3,94,206,48
20230119,1,25.7,0,56,48
20230119,2,27.8,13,51,48
20230119,3,80.3,22,116,48
20230119,4,5.2,3,11,48
20230119,5,223.3,156,283,48
20230119,6,113.6,57,182,48
20230119,7,358.0,300,386,48
20230119,8,166.2,91,221,48
20230119,9,347.0,249,386,48
20230119,10,231.3,146,285,48
20230119,11,306.9,178,380,48
20230119,12,327.0,258,367,48
20230119,13,263.0,176,313,48
20230119,14,293.3,221,334,48
20230119,15,228.8,168,269,48
20230119,16,20.5,8,32,48
20230119,17,273.9,183,354,48
20230119,18,206.1,158,239,48
20230120,1,95.1,0,174,48
20230120,2,75.3,16,114,48
20230120,3,119.6,24,170,48
20230120,4,46.3,2,110,48
20230120,5,217.5,152,270,48
20230120,6,180.6,50,275,48
20230120,7,365.9,342,388,48
20230120,8,258.6,91,350,48
20230120,9,353.1,239,434,48
20230120,10,155.7,122,195,48
20230120,11,310.0,184,382,48
20230120,12,307.1,249,358,48
20230120,13,183.0,145,228,48
20230120,14,220.5,181,267,48
20230120,15,219.6,156,257,48
20230120,16,109.6,11,207,48
20230120,17,301.4,179,364,48
20230120,18,210.7,145,240,48
20230121,1,35.6,0,63,48
20230121,2,38.2,27,61,48
20230121,3,49.4,24,64,48
20230121,4,11.3,6,20,48
20230121,5,254.9,196,288,48
20230121,6,86.1,53,150,48
20230121,7,321.7,268,371,48
20230121,8,122.9,63,160,48
20230121,9,390.4,314,419,48
20230121,10,262.3,189,313,48
20230121,11,285.0,152,351,48
20230121,12,279.1,220,318,48
20230121,13,245.9,189,297,48
20230121,14,231.7,175,299,48
20230121,15,217.7,173,239,48
20230121,16,29.2,19,45,48
20230121,17,235.7,154,308,48
20230121,18,194.8,153,216,48
20230122,1,0.0,0,0,48
20230122,2,22.4,11,35,48
20230122,3,51.6,17,103,48
20230122,4,7.8,2,26,48
20230122,5,243.4,155,304,48
20230122,6,83.9,37,140,48
20230122,7,346.0,278,383,48
20230122,8,165.6,43,301,48
20230122,9,358.6,248,425,48
20230122,10,263.3,227,299,48
20230122,11,296.8,224,370,48
20230122,12,277.7,185,370,48
20230122,13,241.4,168,310,48
20230122,14,219.4,149,308,48
20230122,15,215.0,151,270,48
20230122,16,26.5,9,45,48
20230122,17,256.9,162,360,48
20230122,18,193.7,137,245,48
20230123,1,15.3,0,62,48
20230123,2,25.2,16,49,48
20230123,3,83.4,40,117,48
20230123,4,3.7,2,9,48
20230123,5,271.9,222,303,48
20230123,6,116.8,68,156,48
20230123,7,383.3,365,391,48
20230123,8,260.7,188,311,48
20230123,9,404.6,370,429,48
20230123,10,303.7,279,324,48
20230123,11,335.6,249,386,48
20230123,12,343.6,313,384,48
20230123,13,307.8,277,340,48
20230123,14,301.5,259,348,48
20230123,15,269.6,240,289,48
20230123,16,22.5,12,35,48
20230123,17,345.5,299,367,48
20230123,18,243.6,219,261,48
20230124,1,44.5,3,74,48
20230124,2,41.1,14,56,48
20230124,3,75.0,19,126,48
20230124,4,8.6,2,64,48
20230124,5,281.5,212,309,48
20230124,6,133.0,95,163,48
20230124,7,383.4,289,391,48
20230124,8,252.8,173,326,48
20230124,9,392.9,334,420,48
20230124,10,300.8,208,337,48
20230124,11,328.9,89,387,48
20230124,12,336.3,153,380,48
20230124,13,313.1,146,355,48
20230124,14,319.4,162,376,48
20230124,15,269.9,176,297,48
20230124,16,30.4,17,55,48
20230124,17,344.3,246,380,48
20230124,18,246.0,158,270,48
20230125,1,54.7,30,163,48
20230125,2,43.4,28,113,48
20230125,3,51.1,23,67,48
20230125,4,11.9,3,35,48
20230125,5,217.0,147,263,48
20230125,6,124.7,86,170,48
20230125,7,373.9,274,386,48
20230125,8,167.0,94,210,48
20230125,9,325.5,243,356,48
20230125,10,242.1,116,299,48
20230125,11,312.3,205,364,48
20230125,12,298.0,214,340,48
20230125,13,280.6,137,323,48
20230125,14,320.8,150,360,48
20230125,15,229.5,151,256,48
20230125,16,36.0,20,67,48
20230125,17,284.0,180,334,48
20230125,18,210.4,147,233,48
20230126,1,166.8,133,229,48
20230126,2,90.1,50,151,48
20230126,3,91.0,27,151,48
20230126,4,28.8,2,61,48
20230126,5,191.4,138,229,48
20230126,6,161.7,104,200,48
20230126,7,331.1,225,374,48
20230126,8,237.7,102,319,48
20230126,9,321.8,252,377,48
20230126,10,150.4,64,224,48
20230126,11,295.8,221,382,48
20230126,12,296.0,214,334,48
20230126,13,178.2,101,234,48
20230126,14,222.4,127,271,48
20230126,15,208.7,154,247,48
20230126,16,112.5,48,164,48
20230126,17,246.2,102,345,48
20230126,18,198.8,144,227,48
20230127,1,129.9,77,238,48
20230127,2,83.6,57,129,48
20230127,3,101.3,24,161,48
20230127,4,9.8,1,45,48
20230127,5,271.2,166,323,48
20230127,6,173.9,128,229,48
20230127,7,353.6,236,389,48
20230127,8,283.5,162,348,48
20230127,9,410.4,250,456,48
20230127,10,219.3,122,290,48
20230127,11,305.9,203,376,48
20230127,12,294.4,207,349,48
20230127,13,234.2,151,290,48
20230127,14,247.9,187,280,48
20230127,15,246.3,155,296,48
20230127,16,74.7,42,127,48
20230127,17,319.7,253,374,48
20230127,18,230.3,156,271,48
20230128,1,72.8,13,154,48
20230128,2,47.0,15,88,48
20230128,3,111.0,35,154,48
20230128,4,11.8,2,31,48
20230128,5,265.8,160,302,48
20230128,6,153.6,60,181,48
20230128,7,379.4,269,390,48
20230128,8,278.9,85,353,48
20230128,9,411.8,299,446,48
20230128,10,284.5,234,317,48
20230128,11,348.6,286,388,48
20230128,12,341.2,273,388,48
20230128,13,288.8,225,331,48
20230128,14,288.8,218,361,48
20230128,15,271.9,186,296,48
20230128,16,77.7,11,116,48
20230128,17,327.8,177,381,48
20230128,18,252.1,164,274,48
20230129,1,1.4,0,21,48
20230129,2,14.7,5,27,48
20230129,3,12.9,2,31,48
20230129,4,6.7,3,12,48
20230129,5,98.5,73,145,48
20230129,6,29.9,9,56,48
20230129,7,206.1,89,320,48
20230129,8,34.6,11,67,48
20230129,9,207.8,143,280,48
20230129,10,138.8,100,219,48
20230129,11,222.5,148,332,48
20230129,12,185.8,123,256,48
20230129,13,147.6,110,196,48
20230129,14,162.4,121,217,48
20230129,15,119.2,83,164,48
20230129,16,10.7,4,21,48
20230129,17,98.5,19,150,48
20230129,18,104.5,70,144,48
20230130,1,0.6,0,16,48
20230130,2,18.3,4,40,48
20230130,3,34.6,1,88,48
20230130,4,5.6,2,14,48
20230130,5,170.4,76,227,48
20230130,6,73.0,11,130,48
20230130,7,281.1,110,373,48
20230130,8,102.1,11,197,48
20230130,9,251.8,133,349,48
20230130,10,164.0,66,254,48
20230130,11,249.7,136,392,48
20230130,12,230.1,114,330,48
20230130,13,183.1,82,278,48
20230130,14,210.6,113,310,48
20230130,15,158.4,86,226,48
20230130,16,26.7,4,84,48
20230130,17,201.4,50,309,48
20230130,18,144.2,72,205,48
20230131,1,0.0,0,0,48
20230131,2,24.6,9,34,48
20230131,3,19.7,6,41,48
20230131,4,11.4,4,15,48
20230131,5,135.2,73,190,48
20230131,6,55.0,8,89,48
20230131,7,177.2,83,300,48
20230131,8,53.0,15,87,48
20230131,9,207.7,124,284,48
20230131,10,133.9,65,203,48
20230131,11,178.0,95,253,48
20230131,12,162.6,93,228,48
20230131,13,155.0,78,228,48
20230131,14,198.0,108,275,48
20230131,15,126.6,66,185,48
20230131,16,21.6,7,28,48
20230131,17,95.0,30,176,48
20230131,18,112.0,62,160,48
20230201,1,0.0,0,0,48
20230201,2,11.2,6,17,48
20230201,3,16.1,1,43,48
20230201,4,3.7,2,7,48
20230201,5,123.6,64,186,48
20230201,6,20.4,2,50,48
20230201,7,136.8,57,203,48
20230201,8,51.0,12,108,48
20230201,9,199.3,121,269,48
20230201,10,99.5,65,126,48
20230201,11,173.5,88,285,48
20230201,12,157.8,96,217,48
20230201,13,111.2,67,144,48
20230201,14,131.5,74,186,48
20230201,15,105.2,71,144,48
20230201,16,9.8,6,17,48
20230201,17,68.6,40,100,48
20230201,18,90.0,61,121,48
20230202,1,0.0,0,0,48
20230202,2,11.4,9,15,48
20230202,3,14.9,3,35,48
20230202,4,5.9,3,9,48
20230202,5,94.6,71,122,48
20230202,6,23.8,7,48,48
20230202,7,193.0,90,301,48
20230202,8,34.0,13,63,48
20230202,9,174.0,116,233,48
20230202,10,98.0,71,143,48
20230202,11,180.4,101,300,48
20230202,12,136.7,87,185,48
20230202,13,118.7,79,159,48
20230202,14,156.8,90,215,48
20230202,15,102.1,70,132,48
20230202,16,11.6,9,15,48
20230202,17,80.4,46,128,48
20230202,18,88.7,61,118,48
20230203,1,0.0,0,0,48
20230203,2,12.6,9,17,48
20230203,3,31.7,6,59,48
20230203,4,3.5,2,6,48
20230203,5,143.4,74,211,48
20230203,6,41.0,15,91,48
20230203,7,247.0,106,333,48
20230203,8,103.0,15,212,48
20230203,9,261.5,121,389,48
20230203,10,109.3,75,163,48
20230203,11,219.2,113,340,48
20230203,12,182.0,89,276,48
20230203,13,113.5,80,153,48
20230203,14,124.6,78,168,48
20230203,15,131.5,76,202,48
20230203,16,12.7,7,22,48
20230203,17,135.1,54,227,48
20230203,18,115.8,63,176,48
20230204,1,0.0,0,0,48
20230204,2,12.3,6,24,48
20230204,3,26.0,3,40,48
20230204,4,5.1,3,9,48
20230204,5,152.6,91,195,48
20230204,6,43.9,23,59,48
20230204,7,276.3,106,365,48
20230204,8,62.6,27,120,48
20230204,9,255.7,100,380,48
20230204,10,174.0,106,247,48
20230204,11,232.3,116,312,48
20230204,12,210.6,120,289,48
20230204,13,167.6,124,216,48
20230204,14,163.4,126,208,48
20230204,15,149.4,93,189,48
20230204,16,16.5,5,38,48
20230204,17,120.7,50,189,48
20230204,18,130.7,79,167,48
20230205,1,0.3,0,5,48
20230205,2,11.0,0,18,48
20230205,3,44.7,1,85,48
20230205,4,5.1,2,16,48
20230205,5,180.7,2,280,48
20230205,6,77.5,1,120,48
20230205,7,275.8,1,384,48
20230205,8,146.5,1,277,48
20230205,9,259.5,3,445,48
20230205,10,151.5,60,250,48
20230205,11,188.0,53,358,48
20230205,12,172.5,60,273,48
20230205,13,113.6,70,172,48
20230205,14,101.8,67,153,48
20230205,15,145.3,74,243,48
20230205,16,25.5,6,53,48
20230205,17,166.9,79,248,48
20230205,18,131.2,69,213,48
20230206,1,41.6,8,67,48
20230206,2,35.2,13,57,48
20230206,3,50.4,23,77,48
20230206,4,12.8,5,25,48
20230206,5,228.9,155,284,48
20230206,6,95.4,51,145,48
20230206,7,370.6,340,385,48
20230206,8,171.6,90,224,48
20230206,9,372.0,327,406,48
20230206,10,292.8,250,335,48
20230206,11,278.4,115,382,48
20230206,12,299.0,232,348,48
20230206,13,267.7,127,327,48
20230206,14,245.3,104,346,48
20230206,15,237.5,191,274,48
20230206,16,24.2,16,37,48
20230206,17,249.5,149,301,48
20230206,18,213.7,168,248,48
20230207,1,89.3,0,216,48
20230207,2,43.5,14,63,48
20230207,3,107.8,15,166,48
20230207,4,9.9,2,59,48
20230207,5,265.9,203,296,48
20230207,6,161.3,74,219,48
20230207,7,380.3,347,390,48
20230207,8,267.2,83,340,48
20230207,9,421.0,347,454,48
20230207,10,305.1,271,338,48
20230207,11,310.3,167,385,48
20230207,12,335.8,294,388,48
20230207,13,294.1,253,342,48
20230207,14,280.5,218,379,48
20230207,15,273.4,243,308,48
20230207,16,63.1,15,130,48
20230207,17,325.6,236,371,48
20230207,18,252.3,222,280,48
20230208,1,0.8,0,4,48
20230208,2,15.9,8,28,48
20230208,3,37.8,14,59,48
20230208,4,6.9,4,11,48
20230208,5,162.0,111,205,48
20230208,6,93.8,34,147,48
20230208,7,325.3,129,386,48
20230208,8,119.2,42,179,48
20230208,9,307.2,189,381,48
20230208,10,254.6,180,321,48
20230208,11,271.1,128,361,48
20230208,12,269.8,200,328,48
20230208,13,276.8,223,337,48
20230208,14,319.2,277,369,48
20230208,15,206.0,143,257,48
20230208,16,15.4,8,26,48
20230208,17,214.7,102,297,48
20230208,18,183.8,123,232,48
20230209,1,0.0,0,0,48
20230209,2,11.0,7,25,48
20230209,3,36.7,6,81,48
20230209,4,5.3,4,9,48
20230209,5,184.0,111,223,48
20230209,6,67.5,28,95,48
20230209,7,316.9,131,387,48
20230209,8,124.0,37,237,48
20230209,9,323.4,198,401,48
20230209,10,250.8,182,309,48
20230209,11,278.8,155,378,48
20230209,12,280.7,206,348,48
20230209,13,271.3,223,319,48
20230209,14,304.1,235,353,48
20230209,15,208.0,144,254,48
20230209,16,11.4,8,29,48
20230209,17,203.4,93,282,48
20230209,18,183.3,123,224,48
20230210,1,0.0,0,0,48
20230210,2,15.8,6,30,48
20230210,3,28.7,11,56,48
20230210,4,7.5,4,12,48
20230210,5,139.9,64,170,48
20230210,6,52.0,13,111,48
20230210,7,330.2,97,371,48
20230210,8,77.0,18,136,48
20230210,9,249.9,129,317,48
20230210,10,204.1,123,260,48
20230210,11,250.0,120,348,48
20230210,12,229.2,120,274,48
20230210,13,227.5,133,278,48
20230210,14,272.1,158,356,48
20230210,15,169.8,88,215,48
20230210,16,14.1,5,25,48
20230210,17,184.6,38,264,48
20230210,18,152.1,73,196,48
20230211,1,0.0,0,0,48
20230211,2,15.4,4,29,48
20230211,3,63.8,5,128,48
20230211,4,4.9,3,10,48
20230211,5,175.5,66,285,48
20230211,6,64.5,8,153,48
20230211,7,309.6,91,391,48
20230211,8,202.3,12,375,48
20230211,9,330.3,115,490,48
20230211,10,220.5,86,326,48
20230211,11,264.3,107,385,48
20230211,12,240.1,100,337,48
20230211,13,200.4,109,291,48
20230211,14,200.1,143,265,48
20230211,15,195.1,82,285,48
20230211,16,20.8,5,67,48
20230211,17,220.3,30,360,48
20230211,18,174.5,68,256,48
20230212,1,4.0,0,23,48
20230212,2,33.4,17,68,48
20230212,3,97.2,26,152,48
20230212,4,7.0,3,33,48
20230212,5,229.9,189,279,48
20230212,6,115.3,38,163,48
20230212,7,360.3,284,389,48
20230212,8,285.8,140,389,48
20230212,9,404.9,285,496,48
20230212,10,288.2,247,334,48
20230212,11,285.6,208,355,48
20230212,12,277.0,232,362,48
20230212,13,223.2,173,317,48
20230212,14,215.7,173,318,48
20230212,15,243.0,204,289,48
20230212,16,48.5,33,66,48
20230212,17,285.9,185,356,48
20230212,18,220.4,181,264,48
20230213,1,27.6,0,76,48
20230213,2,54.4,35,82,48
20230213,3,105.5,25,152,48
20230213,4,17.5,3,70,48
20230213,5,251.8,200,285,48
20230213,6,106.4,38,147,48
20230213,7,345.4,240,379,48
20230213,8,266.0,108,364,48
20230213,9,402.3,297,481,48
20230213,10,282.1,237,326,48
20230213,11,311.9,160,376,48
20230213,12,338.0,225,401,48
20230213,13,294.6,215,346,48
20230213,14,289.1,209,361,48
20230213,15,263.5,222,301,48
20230213,16,53.8,37,86,48
20230213,17,279.2,155,325,48
20230213,18,241.1,211,274,48
20230214,1,29.1,0,102,48
20230214,2,38.7,18,66,48
20230214,3,51.9,15,95,48
20230214,4,7.3,2,18,48
20230214,5,207.4,148,246,48
20230214,6,111.2,59,175,48
20230214,7,357.6,280,376,48
20230214,8,210.1,39,329,48
20230214,9,390.0,222,485,48
20230214,10,270.6,181,327,48
20230214,11,271.9,103,373,48
20230214,12,308.8,196,383,48
20230214,13,271.7,200,339,48
20230214,14,257.0,199,367,48
20230214,15,242.4,157,287,48
20230214,16,38.7,28,58,48
20230214,17,273.3,108,333,48
20230214,18,218.4,135,259,48
20230215,1,0.0,0,1,48
20230215,2,17.6,14,25,48
20230215,3,26.6,8,45,48
20230215,4,5.9,4,8,48
20230215,5,129.1,99,172,48
20230215,6,51.3,36,70,48
20230215,7,303.8,211,366,48
20230215,8,75.5,31,132,48
20230215,9,232.8,162,328,48
20230215,10,148.7,98,196,48
20230215,11,213.4,145,338,48
20230215,12,207.5,149,279,48
20230215,13,174.2,137,211,48
20230215,14,203.6,178,228,48
20230215,15,151.4,123,192,48
20230215,16,20.9,13,31,48
20230215,17,143.6,83,209,48
20230215,18,133.9,105,172,48
20230216,1,17.6,0,83,48
20230216,2,44.6,10,103,48
20230216,3,79.9,8,182,48
20230216,4,25.7,2,85,48
20230216,5,175.1,92,237,48
20230216,6,72.3,23,164,48
20230216,7,292.9,104,366,48
20230216,8,185.6,27,345,48
20230216,9,263.2,118,389,48
20230216,10,147.4,104,254,48
20230216,11,243.4,112,360,48
20230216,12,221.0,126,356,48
20230216,13,162.7,129,243,48
20230216,14,174.8,130,225,48
20230216,15,166.0,92,247,48
20230216,16,86.1,16,169,48
20230216,17,198.9,77,309,48
20230216,18,158.4,83,239,48
20230217,1,1.3,0,14,48
20230217,2,28.2,9,107,48
20230217,3,49.2,13,146,48
20230217,4,20.6,5,89,48
20230217,5,128.2,85,212,48
20230217,6,42.6,9,135,48
20230217,7,180.1,62,350,48
20230217,8,106.0,32,313,48
20230217,9,179.7,99,359,48
20230217,10,98.6,77,126,48
20230217,11,208.5,127,368,48
20230217,12,167.0,124,224,48
20230217,13,114.1,83,153,48
20230217,14,133.3,88,210,48
20230217,15,116.9,73,199,48
20230217,16,30.1,10,109,48
20230217,17,113.0,34,271,48
20230217,18,104.5,62,186,48
20230218,1,14.4,7,29,48
20230218,2,40.7,23,66,48
20230218,3,47.1,19,80,48
20230218,4,35.9,4,85,48
20230218,5,141.4,104,210,48
20230218,6,20.5,8,47,48
20230218,7,181.2,96,320,48
20230218,8,92.0,42,181,48
20230218,9,159.1,93,274,48
20230218,10,78.5,52,110,48
20230218,11,160.3,99,269,48
20230218,12,138.6,99,188,48
20230218,13,90.4,75,109,48
20230218,14,106.3,72,154,48
20230218,15,98.9,74,138,48
20230218,16,61.2,22,108,48
20230218,17,107.9,47,192,48
20230218,18,94.2,71,131,48
20230219,1,0.2,0,6,48
20230219,2,16.1,9,43,48
20230219,3,30.8,20,63,48
20230219,4,5.2,3,6,48
20230219,5,144.3,88,190,48
20230219,6,24.7,12,40,48
20230219,7,168.5,110,258,48
20230219,8,70.9,28,153,48
20230219,9,191.2,124,330,48
20230219,10,130.3,67,188,48
20230219,11,161.9,57,255,48
20230219,12,133.1,92,165,48
20230219,13,119.0,85,185,48
20230219,14,122.3,88,186,48
20230219,15,113.7,94,147,48
20230219,16,15.4,8,44,48
20230219,17,82.6,58,125,48
20230219,18,97.1,80,123,48
20230220,1,0.0,0,0,48
20230220,2,14.6,9,23,48
20230220,3,35.3,15,57,48
20230220,4,6.4,5,8,48
20230220,5,108.7,90,150,48
20230220,6,34.7,22,56,48
20230220,7,210.5,122,355,48
20230220,8,54.4,28,110,48
20230220,9,181.8,130,257,48
20230220,10,122.5,98,177,48
20230220,11,164.4,91,314,48
20230220,12,156.4,108,241,48
20230220,13,130.6,108,165,48
20230220,14,152.2,124,198,48
20230220,15,117.1,94,175,48
20230220,16,14.4,11,24,48
20230220,17,114.5,65,251,48
20230220,18,101.4,78,151,48
20230221,1,1.8,0,13,48
20230221,2,26.4,11,50,48
20230221,3,59.8,14,122,48
20230221,4,8.7,3,18,48
20230221,5,201.0,139,256,48
20230221,6,84.1,50,126,48
20230221,7,327.0,116,384,48
20230221,8,198.4,53,321,48
20230221,9,300.9,166,398,48
20230221,10,221.1,127,288,48
20230221,11,299.3,192,382,48
20230221,12,279.7,194,352,48
20230221,13,211.9,138,309,48
20230221,14,201.9,134,343,48
20230221,15,198.3,103,252,48
20230221,16,22.6,9,47,48
20230221,17,259.7,94,354,48
20230221,18,182.6,100,234,48
20230222,1,5.3,0,47,48
20230222,2,32.0,22,67,48
20230222,3,71.2,12,122,48
20230222,4,7.6,2,47,48
20230222,5,219.8,140,280,48
20230222,6,75.7,24,104,48
20230222,7,365.6,339,381,48
20230222,8,241.3,82,303,48
20230222,9,336.0,200,416,48
20230222,10,281.8,205,339,48
20230222,11,294.5,152,382,48
20230222,12,324.1,260,385,48
20230222,13,286.0,222,334,48
20230222,14,288.4,201,367,48
20230222,15,240.3,169,287,48
20230222,16,48.1,20,74,48
20230222,17,298.6,218,345,48
20230222,18,220.2,154,254,48
20230223,1,8.1,0,87,48
20230223,2,28.3,7,76,48
20230223,3,79.6,15,142,48
20230223,4,12.6,3,51,48
20230223,5,200.1,105,291,48
20230223,6,55.8,23,81,48
20230223,7,324.6,214,384,48
20230223,8,206.6,26,326,48
20230223,9,277.7,116,366,48
20230223,10,173.6,105,278,48
20230223,11,280.4,163,380,48
20230223,12,283.0,144,351,48
20230223,13,203.3,165,243,48
20230223,14,224.4,151,290,48
20230223,15,195.9,124,237,48
20230223,16,28.8,5,76,48
20230223,17,249.3,82,326,48
20230223,18,178.6,104,218,48
20230224,1,0.0,0,0,48
20230224,2,13.6,6,23,48
20230224,3,54.2,5,99,48
20230224,4,5.9,3,19,48
20230224,5,126.5,78,160,48
20230224,6,33.9,14,64,48
20230224,7,324.7,137,380,48
20230224,8,139.4,16,248,48
20230224,9,186.1,108,255,48
20230224,10,160.1,100,200,48
20230224,11,261.5,185,352,48
20230224,12,219.8,130,278,48
20230224,13,175.0,115,225,48
20230224,14,190.4,125,265,48
20230224,15,147.7,99,177,48
20230224,16,26.9,6,49,48
20230224,17,202.4,77,288,48
20230224,18,135.9,85,163,48
20230225,1,5.0,0,26,48
20230225,2,25.1,10,58,48
20230225,3,55.4,17,96,48
20230225,4,24.1,3,72,48
20230225,5,136.9,103,184,48
20230225,6,57.3,21,112,48
20230225,7,273.0,127,364,48
20230225,8,143.2,55,238,48
20230225,9,169.8,103,266,48
20230225,10,113.4,88,156,48
20230225,11,286.0,172,373,48
20230225,12,182.5,134,232,48
20230225,13,126.6,100,163,48
20230225,14,135.6,102,188,48
20230225,15,127.5,101,169,48
20230225,16,54.7,9,142,48
20230225,17,189.3,104,255,48
20230225,18,122.0,91,168,48
20230226,1,84.0,11,309,48
20230226,2,56.2,23,146,48
20230226,3,108.7,47,183,48
20230226,4,44.4,4,104,48
20230226,5,207.3,138,277,48
20230226,6,115.3,22,199,48
20230226,7,301.4,149,374,48
20230226,8,229.1,143,340,48
20230226,9,268.3,167,393,48
20230226,10,155.1,117,198,48
20230226,11,302.9,176,388,48
20230226,12,192.7,136,326,48
20230226,13,126.9,102,164,48
20230226,14,123.3,98,176,48
20230226,15,168.6,120,237,48
20230226,16,132.7,55,190,48
20230226,17,264.1,176,314,48
20230226,18,170.4,119,233,48
20230227,1,237.9,157,318,48
20230227,2,91.5,42,185,48
20230227,3,114.3,42,163,48
20230227,4,50.9,3,95,48
20230227,5,265.7,201,301,48
20230227,6,185.1,131,231,48
20230227,7,364.6,340,381,48
20230227,8,301.1,225,351,48
20230227,9,355.0,277,397,48
20230227,10,245.5,153,303,48
20230227,11,331.8,207,387,48
20230227,12,302.1,244,381,48
20230227,13,222.2,132,319,48
20230227,14,204.0,120,288,48
20230227,15,244.9,183,280,48
20230227,16,189.3,155,216,48
20230227,17,321.8,262,351,48
20230227,18,243.1,191,273,48
20230228,1,174.0,70,311,48
20230228,2,73.6,40,162,48
20230228,3,86.0,18,134,48
20230228,4,17.4,3,48,48
20230228,5,260.3,205,283,48
20230228,6,142.5,79,211,48
20230228,7,374.8,362,387,48
20230228,8,283.3,193,336,48
20230228,9,342.0,249,377,48
20230228,10,267.1,205,317,48
20230228,11,352.1,271,387,48
20230228,12,350.1,293,376,48
20230228,13,292.5,246,328,48
20230228,14,284.9,239,320,48
20230228,15,259.0,235,275,48
20230228,16,136.6,74,227,48
20230228,17,330.1,263,368,48
20230228,18,249.9,223,271,48
20230301,1,111.8,19,203,48
20230301,2,55.6,22,116,48
20230301,3,55.3,14,83,48
20230301,4,12.5,3,45,48
20230301,5,252.7,174,313,48
20230301,6,136.3,47,169,48
20230301,7,367.5,353,389,48
20230301,8,225.0,172,291,48
20230301,9,297.9,222,362,48
20230301,10,300.5,269,327,48
20230301,11,352.5,293,389,48
20230301,12,322.7,280,372,48
20230301,13,291.3,264,314,48
20230301,14,266.1,201,331,48
20230301,15,244.0,223,270,48
20230301,16,82.5,50,125,48
20230301,17,316.2,246,381,48
20230301,18,231.0,217,250,48
20230302,1,247.8,163,334,48
20230302,2,112.4,72,148,48
20230302,3,96.3,19,142,48
20230302,4,33.9,3,88,48
20230302,5,255.3,173,295,48
20230302,6,137.3,47,203,48
20230302,7,371.4,341,386,48
20230302,8,298.6,159,346,48
20230302,9,350.8,291,387,48
20230302,10,235.3,206,298,48
20230302,11,336.9,205,390,48
20230302,12,338.6,275,377,48
20230302,13,255.3,217,300,48
20230302,14,259.0,208,319,48
20230302,15,251.9,231,268,48
20230302,16,166.0,85,239,48
20230302,17,344.2,289,369,48
20230302,18,247.9,232,268,48
20230303,1,230.4,128,332,48
20230303,2,106.1,74,142,48
20230303,3,95.0,33,123,48
20230303,4,25.5,3,62,48
20230303,5,247.8,217,275,48
20230303,6,152.4,85,220,48
20230303,7,379.7,370,388,48
20230303,8,305.9,236,340,48
20230303,9,353.2,272,402,48
20230303,10,268.9,247,293,48
20230303,11,359.6,290,388,48
20230303,12,339.2,278,372,48
20230303,13,243.5,187,292,48
20230303,14,213.3,149,281,48
20230303,15,251.1,231,269,48
20230303,16,180.8,130,230,48
20230303,17,359.2,295,379,48
20230303,18,249.9,229,261,48
20230304,1,250.4,156,312,48
20230304,2,109.7,66,133,48
20230304,3,86.3,40,116,48
20230304,4,2.9,2,3,48
20230304,5,217.7,166,268,48
20230304,6,141.8,63,197,48
20230304,7,384.7,372,391,48
20230304,8,267.3,216,311,48
20230304,9,318.3,254,373,48
20230304,10,281.4,259,318,48
20230304,11,348.4,254,390,48
20230304,12,324.7,266,375,48
20230304,13,252.6,193,301,48
20230304,14,227.5,168,293,48
20230304,15,239.4,219,271,48
20230304,16,170.2,122,211,48
20230304,17,360.7,253,385,48
20230304,18,239.3,224,268,48
20230305,1,234.3,152,315,48
20230305,2,98.6,58,157,48
20230305,3,107.1,74,135,48
20230305,4,3.0,3,3,48
20230305,5,242.8,211,268,48
20230305,6,167.3,112,216,48
20230305,7,375.5,355,389,48
20230305,8,256.3,189,308,48
20230305,9,350.9,310,403,48
20230305,10,299.5,258,378,48
20230305,11,364.8,298,390,48
20230305,12,304.0,234,377,48
20230305,13,259.7,196,333,48
20230305,14,230.5,178,311,48
20230305,15,256.4,226,298,48
20230305,16,117.8,62,162,48
20230305,17,335.2,240,372,48
20230305,18,246.0,215,277,48
20230306,1,114.6,62,209,48
20230306,2,79.9,50,131,48
20230306,3,69.1,30,108,48
20230306,4,18.7,2,47,48
20230306,5,223.6,163,261,48
20230306,6,127.0,91,175,48
20230306,7,366.1,305,383,48
20230306,8,198.5,142,258,48
20230306,9,316.6,274,364,48
20230306,10,273.1,219,353,48
20230306,11,339.6,235,388,48
20230306,12,318.0,274,359,48
20230306,13,279.7,231,337,48
20230306,14,282.4,225,354,48
20230306,15,238.6,202,270,48
20230306,16,55.7,22,130,48
20230306,17,313.9,275,361,48
20230306,18,223.6,191,259,48
20230307,1,134.2,89,288,48
20230307,2,88.0,64,145,48
20230307,3,82.6,24,138,48
20230307,4,5.6,2,29,48
20230307,5,230.0,141,304,48
20230307,6,151.6,113,201,48
20230307,7,380.0,362,389,48
20230307,8,255.6,173,342,48
20230307,9,369.3,283,447,48
20230307,10,328.7,236,395,48
20230307,11,357.6,303,389,48
20230307,12,346.4,300,387,48
20230307,13,307.1,233,355,48
20230307,14,277.0,208,321,48
20230307,15,264.0,208,306,48
20230307,16,100.3,60,206,48
20230307,17,326.7,270,366,48
20230307,18,251.7,201,299,48
20230308,1,253.3,195,319,48
20230308,2,84.3,36,127,48
20230308,3,84.1,43,99,48
20230308,4,11.3,2,43,48
20230308,5,275.8,218,303,48
20230308,6,159.8,89,192,48
20230308,7,346.5,330,361,48
20230308,8,261.1,145,309,48
20230308,9,383.5,308,436,48
20230308,10,241.0,203,363,48
20230308,11,352.9,292,381,48
20230308,12,313.9,231,381,48
20230308,13,216.9,169,266,48
20230308,14,197.2,151,244,48
20230308,15,243.0,180,270,48
20230308,16,157.9,134,184,48
20230308,17,292.5,246,348,48
20230308,18,237.4,182,261,48
20230309,1,193.3,103,262,48
20230309,2,43.6,16,76,48
20230309,3,44.0,6,72,48
20230309,4,7.9,2,37,48
20230309,5,215.2,85,275,48
20230309,6,83.4,23,118,48
20230309,7,323.8,39,366,48
20230309,8,144.7,26,247,48
20230309,9,307.6,112,409,48
20230309,10,251.2,132,345,48
20230309,11,302.8,163,371,48
20230309,12,260.5,104,367,48
20230309,13,223.0,115,345,48
20230309,14,206.2,92,348,48
20230309,15,200.3,80,271,48
20230309,16,88.6,25,141,48
20230309,17,236.9,63,292,48
20230309,18,191.0,76,257,48
20230310,1,73.6,0,229,48
20230310,2,28.7,12,71,48
20230310,3,74.4,3,142,48
20230310,4,31.9,2,71,48
20230310,5,191.2,85,267,48
20230310,6,128.7,22,196,48
20230310,7,266.3,25,388,48
20230310,8,184.6,29,303,48
20230310,9,247.5,123,358,48
20230310,10,179.7,119,302,48
20230310,11,274.2,147,387,48
20230310,12,202.8,99,284,48
20230310,13,151.5,111,223,48
20230310,14,135.1,78,199,48
20230310,15,167.1,88,241,48
20230310,16,79.1,24,141,48
20230310,17,223.9,27,329,48
20230310,18,160.8,77,228,48
20230311,1,12.3,0,189,48
20230311,2,37.0,10,119,48
20230311,3,57.4,4,105,48
20230311,4,4.2,3,10,48
20230311,5,219.0,81,257,48
20230311,6,128.9,38,192,48
20230311,7,326.4,54,375,48
20230311,8,184.9,26,272,48
20230311,9,325.4,83,416,48
20230311,10,288.8,105,378,48
20230311,11,302.5,157,361,48
20230311,12,234.3,102,289,48
20230311,13,175.9,91,245,48
20230311,14,148.4,63,188,48
20230311,15,200.6,78,233,48
20230311,16,98.8,18,139,48
20230311,17,251.2,40,345,48
20230311,18,193.1,66,226,48
20230312,1,0.4,0,4,48
20230312,2,6.9,4,13,48
20230312,3,3.9,1,18,48
20230312,4,3.0,2,4,48
20230312,5,92.6,64,136,48
20230312,6,27.8,15,42,48
20230312,7,113.2,33,287,48
20230312,8,39.4,20,95,48
20230312,9,116.2,63,221,48
20230312,10,92.7,51,118,48
20230312,11,169.0,51,297,48
20230312,12,118.6,72,181,48
20230312,13,82.5,63,106,48
20230312,14,72.2,50,96,48
20230312,15,78.6,54,121,48
20230312,16,9.5,4,20,48
20230312,17,71.5,43,151,48
20230312,18,68.3,47,107,48
20230313,1,0.1,0,3,48
20230313,2,7.5,4,20,48
20230313,3,6.2,2,27,48
20230313,4,4.1,3,7,48
20230313,5,80.5,53,114,48
20230313,6,24.8,15,50,48
20230313,7,121.4,64,205,48
20230313,8,29.8,19,52,48
20230313,9,108.9,74,145,48
20230313,10,75.2,45,111,48
20230313,11,170.5,86,266,48
20230313,12,115.7,80,157,48
20230313,13,68.7,52,92,48
20230313,14,64.2,42,95,48
20230313,15,67.8,50,86,48
20230313,16,16.4,9,33,48
20230313,17,80.6,51,146,48
20230313,18,62.1,45,78,48
20230314,1,0.0,0,1,48
20230314,2,12.3,8,23,48
20230314,3,39.2,5,93,48
20230314,4,3.3,3,4,48
20230314,5,155.0,96,271,48
20230314,6,62.3,26,134,48
20230314,7,260.7,122,362,48
20230314,8,116.0,41,248,48
20230314,9,211.9,105,409,48
20230314,10,153.8,65,260,48
20230314,11,206.9,34,366,48
20230314,12,193.9,120,315,48
20230314,13,146.3,79,251,48
20230314,14,137.7,91,216,48
20230314,15,133.1,69,237,48
20230314,16,55.6,34,78,48
20230314,17,173.5,98,228,48
20230314,18,127.3,69,220,48
20230315,1,95.7,4,171,48
20230315,2,36.1,16,70,48
20230315,3,73.1,12,130,48
20230315,4,10.2,3,29,48
20230315,5,219.6,77,276,48
20230315,6,105.0,19,165,48
20230315,7,322.9,93,383,48
20230315,8,176.6,18,293,48
20230315,9,306.5,71,402,48
20230315,10,261.0,103,345,48
20230315,11,338.4,180,385,48
20230315,12,255.7,80,353,48
20230315,13,226.0,98,327,48
20230315,14,209.8,89,321,48
20230315,15,213.2,71,277,48
20230315,16,59.1,22,101,48
20230315,17,248.5,52,351,48
20230315,18,198.1,64,254,48
20230316,1,1.7,0,46,48
20230316,2,16.8,8,28,48
20230316,3,31.5,9,73,48
20230316,4,4.6,3,8,48
20230316,5,106.7,63,147,48
20230316,6,19.2,5,41,48
20230316,7,173.3,101,258,48
20230316,8,71.7,12,132,48
20230316,9,164.8,62,247,48
20230316,10,112.1,54,167,48
20230316,11,291.3,172,377,48
20230316,12,175.3,84,281,48
20230316,13,116.4,68,183,48
20230316,14,118.6,73,187,48
20230316,15,117.2,65,176,48
20230316,16,13.7,6,24,48
20230316,17,79.5,51,116,48
20230316,18,101.7,60,147,48
20230317,1,7.8,0,22,48
20230317,2,25.9,7,53,48
20230317,3,81.0,7,145,48
20230317,4,12.2,2,51,48
20230317,5,204.8,82,263,48
20230317,6,76.8,8,167,48
20230317,7,236.3,67,370,48
20230317,8,190.4,32,328,48
20230317,9,265.1,84,413,48
20230317,10,213.8,126,262,48
20230317,11,312.6,217,384,48
20230317,12,231.6,146,290,48
20230317,13,162.3,83,205,48
20230317,14,142.5,66,195,48
20230317,15,185.0,91,250,48
20230317,16,56.0,7,108,48
20230317,17,153.5,66,220,48
20230317,18,166.9,77,226,48
20230318,1,0.1,0,2,48
20230318,2,13.3,4,24,48
20230318,3,45.7,8,86,48
20230318,4,2.8,2,6,48
20230318,5,197.8,118,256,48
20230318,6,83.4,37,115,48
20230318,7,270.3,70,384,48
20230318,8,148.6,25,239,48
20230318,9,283.1,167,334,48
20230318,10,236.6,147,306,48
20230318,11,278.5,146,374,48
20230318,12,237.1,116,321,48
20230318,13,176.5,125,257,48
20230318,14,152.2,98,210,48
20230318,15,179.3,104,217,48
20230318,16,34.0,22,51,48
20230318,17,204.2,115,301,48
20230318,18,165.0,94,201,48
20230319,1,7.0,0,39,48
20230319,2,19.4,4,62,48
20230319,3,49.8,7,100,48
20230319,4,3.6,2,18,48
20230319,5,206.4,102,280,48
20230319,6,84.1,12,169,48
20230319,7,268.0,104,376,48
20230319,8,162.7,20,315,48
20230319,9,258.9,132,368,48
20230319,10,248.0,151,324,48
20230319,11,259.2,167,386,48
20230319,12,207.9,106,349,48
20230319,13,165.4,89,298,48
20230319,14,144.7,81,264,48
20230319,15,172.4,86,247,48
20230319,16,58.6,14,136,48
20230319,17,208.0,79,302,48
20230319,18,161.3,76,228,48
20230320,1,7.9,0,29,48
20230320,2,30.7,11,72,48
20230320,3,39.0,2,75,48
20230320,4,9.5,2,68,48
20230320,5,203.8,93,249,48
20230320,6,64.4,7,128,48
20230320,7,357.5,183,373,48
20230320,8,199.4,24,295,48
20230320,9,286.7,125,351,48
20230320,10,216.1,135,287,48
20230320,11,332.9,161,379,48
20230320,12,269.6,143,354,48
20230320,13,192.6,125,278,48
20230320,14,171.8,105,270,48
20230320,15,188.3,98,226,48
20230320,16,93.9,31,152,48
20230320,17,269.0,110,322,48
20230320,18,182.4,90,213,48
20230321,1,0.0,0,0,48
20230321,2,18.6,8,36,48
20230321,3,29.9,15,64,48
20230321,4,4.8,2,10,48
20230321,5,106.3,57,136,48
20230321,6,18.9,11,32,48
20230321,7,237.3,172,346,48
20230321,8,49.9,17,140,48
20230321,9,137.6,74,197,48
20230321,10,113.3,58,150,48
20230321,11,174.4,49,324,48
20230321,12,177.4,116,254,48
20230321,13,132.3,87,181,48
20230321,14,154.0,101,233,48
20230321,15,109.1,72,146,48
20230321,16,16.9,5,32,48
20230321,17,120.0,70,239,48
20230321,18,98.7,64,128,48
20230322,1,0.0,0,0,48
20230322,2,7.6,4,14,48
20230322,3,23.6,6,51,48
20230322,4,4.3,2,8,48
20230322,5,71.8,45,114,48
20230322,6,12.7,3,26,48
20230322,7,160.7,103,256,48
20230322,8,25.7,6,66,48
20230322,9,83.3,33,179,48
20230322,10,73.8,20,108,48
20230322,11,170.9,28,311,48
20230322,12,140.6,91,232,48
20230322,13,89.8,44,123,48
20230322,14,103.8,60,160,48
20230322,15,76.0,46,116,48
20230322,16,7.8,3,15,48
20230322,17,59.1,33,95,48
20230322,18,66.2,40,99,48
20230323,1,0.0,0,1,48
20230323,2,10.5,5,17,48
20230323,3,24.5,9,48,48
20230323,4,2.9,2,4,48
20230323,5,86.0,54,124,48
20230323,6,10.1,3,18,48
20230323,7,215.1,124,358,48
20230323,8,37.6,10,117,48
20230323,9,76.6,42,124,48
20230323,10,68.3,20,114,48
20230323,11,177.2,69,282,48
20230323,12,138.8,87,198,48
20230323,13,86.5,43,141,48
20230323,14,101.2,63,160,48
20230323,15,77.8,51,131,48
20230323,16,8.9,4,19,48
20230323,17,101.8,68,231,48
20230323,18,70.3,46,117,48
20230324,1,1.9,0,5,48
20230324,2,14.5,11,20,48
20230324,3,23.9,8,44,48
20230324,4,2.7,2,4,48
20230324,5,101.7,81,116,48
20230324,6,8.6,4,14,48
20230324,7,140.3,71,220,48
20230324,8,38.3,14,57,48
20230324,9,105.0,48,156,48
20230324,10,84.6,43,106,48
20230324,11,207.1,58,298,48
20230324,12,148.3,92,183,48
20230324,13,94.6,69,120,48
20230324,14,103.2,76,142,48
20230324,15,81.0,56,102,48
20230324,16,12.4,10,18,48
20230324,17,91.5,40,124,48
20230324,18,74.5,50,91,48
20230325,1,0.0,0,1,48
20230325,2,14.9,9,27,48
20230325,3,33.6,10,77,48
20230325,4,2.2,1,8,48
20230325,5,130.9,73,249,48
20230325,6,23.8,3,79,48
20230325,7,221.5,77,386,48
20230325,8,107.2,19,283,48
20230325,9,166.0,57,362,48
20230325,10,122.4,28,287,48
20230325,11,206.5,39,364,48
20230325,12,149.3,73,238,48
20230325,13,95.8,31,167,48
20230325,14,101.5,23,167,48
20230325,15,108.3,44,211,48
20230325,16,14.1,8,35,48
20230325,17,152.1,54,333,48
20230325,18,99.9,44,195,48
20230326,1,0.1,0,1,46
20230326,2,22.5,11,42,46
20230326,3,30.5,4,72,46
20230326,4,3.9,1,17,46
20230326,5,145.6,101,194,46
20230326,6,63.5,14,194,46
20230326,7,322.7,249,384,46
20230326,8,132.5,28,218,46
20230326,9,195.3,105,276,46
20230326,10,180.1,126,282,46
20230326,11,331.1,241,390,46
20230326,12,197.5,147,267,46
20230326,13,119.4,99,166,46
20230326,14,100.4,82,117,46
20230326,15,143.8,106,177,46
20230326,16,17.0,7,38,46
20230326,17,229.7,126,340,46
20230326,18,134.6,96,168,46
20230327,1,102.5,3,172,48
20230327,2,61.8,14,116,48
20230327,3,80.3,30,110,48
20230327,4,13.2,1,44,48
20230327,5,188.1,113,257,48
20230327,6,118.5,34,191,48
20230327,7,349.5,302,385,48
20230327,8,210.9,100,279,48
20230327,9,287.0,195,344,48
20230327,10,247.3,166,380,48
20230327,11,305.6,194,387,48
20230327,12,240.5,145,337,48
20230327,13,215.4,112,338,48
20230327,14,202.1,97,320,48
20230327,15,201.5,132,271,48
20230327,16,81.5,14,163,48
20230327,17,288.4,219,375,48
20230327,18,193.0,127,248,48
20230328,1,68.9,0,169,48
20230328,2,47.1,15,87,48
20230328,3,47.0,18,76,48
20230328,4,7.9,2,20,48
20230328,5,138.6,110,157,48
20230328,6,57.0,22,108,48
20230328,7,349.6,274,379,48
20230328,8,150.1,54,256,48
20230328,9,189.8,135,234,48
20230328,10,169.3,118,261,48
20230328,11,294.6,144,362,48
20230328,12,223.8,164,294,48
20230328,13,171.9,145,216,48
20230328,14,170.5,140,217,48
20230328,15,155.2,117,178,48
20230328,16,53.7,19,94,48
20230328,17,245.2,168,305,48
20230328,18,148.8,111,169,48
20230329,1,0.1,0,3,48
20230329,2,23.0,9,41,48
20230329,3,23.4,8,42,48
20230329,4,6.4,2,11,48
20230329,5,130.3,76,179,48
20230329,6,34.4,8,74,48
20230329,7,329.1,181,368,48
20230329,8,85.3,26,179,48
20230329,9,176.7,95,284,48
20230329,10,180.0,91,273,48
20230329,11,297.4,203,362,48
20230329,12,207.7,124,296,48
20230329,13,174.8,86,256,48
20230329,14,165.3,77,264,48
20230329,15,140.8,78,202,48
20230329,16,25.1,8,46,48
20230329,17,199.7,81,299,48
20230329,18,131.3,70,188,48
20230330,1,4.9,0,12,48
20230330,2,27.3,10,52,48
20230330,3,42.8,18,86,48
20230330,4,2.6,2,4,48
20230330,5,117.8,76,188,48
20230330,6,23.6,8,64,48
20230330,7,263.5,136,366,48
20230330,8,127.8,38,269,48
20230330,9,153.1,97,296,48
20230330,10,107.9,86,146,48
20230330,11,254.0,180,340,48
20230330,12,173.1,109,247,48
20230330,13,110.4,73,159,48
20230330,14,106.3,48,158,48
20230330,15,113.5,79,177,48
20230330,16,40.8,9,77,48
20230330,17,184.2,104,284,48
20230330,18,109.2,77,171,48
20230331,1,0.6,0,5,48
20230331,2,25.4,16,39,48
20230331,3,58.1,9,101,48
20230331,4,2.5,2,3,48
20230331,5,136.5,81,180,48
20230331,6,50.8,6,84,48
20230331,7,276.3,147,345,48
20230331,8,132.2,40,242,48
20230331,9,201.8,105,298,48
20230331,10,129.4,69,173,48
20230331,11,271.2,221,323,48
20230331,12,177.5,96,272,48
20230331,13,104.7,55,151,48
20230331,14,71.5,24,124,48
20230331,15,128.4,72,168,48
20230331,16,23.5,11,38,48
20230331,17,213.2,111,322,48
20230331,18,121.4,70,161,48
20230401,1,2.5,0,10,48
20230401,2,30.0,15,50,48
20230401,3,64.5,24,107,48
20230401,4,6.1,2,24,48
20230401,5,134.6,85,191,48
20230401,6,61.5,25,117,48
20230401,7,315.4,196,380,48
20230401,8,168.4,68,267,48
20230401,9,155.8,109,229,48
20230401,10,120.3,75,147,48
20230401,11,278.7,203,372,48
20230401,12,177.5,119,241,48
20230401,13,84.3,48,118,48
20230401,14,60.7,14,113,48
20230401,15,120.6,79,159,48
20230401,16,44.7,12,110,48
20230401,17,253.8,128,336,48
20230401,18,120.0,78,159,48
20230402,1,13.4,0,39,48
20230402,2,46.7,27,65,48
20230402,3,98.1,40,139,48
20230402,4,19.0,3,42,48
20230402,5,196.3,130,247,48
20230402,6,121.3,53,214,48
20230402,7,327.6,199,385,48
20230402,8,201.3,112,304,48
20230402,9,225.5,130,351,48
20230402,10,140.8,84,237,48
20230402,11,327.5,232,391,48
20230402,12,196.4,101,286,48
20230402,13,88.5,52,150,48
20230402,14,51.2,20,103,48
20230402,15,148.3,98,213,48
20230402,16,115.5,42,194,48
20230402,17,276.4,173,353,48
20230402,18,152.7,103,202,48
20230403,1,0.6,0,12,48
20230403,2,20.9,9,40,48
20230403,3,52.4,26,86,48
20230403,4,5.8,3,12,48
20230403,5,178.7,149,210,48
20230403,6,57.0,28,96,48
20230403,7,334.2,263,375,48
20230403,8,119.5,64,200,48
20230403,9,226.6,157,286,48
20230403,10,241.1,193,291,48
20230403,11,302.4,128,386,48
20230403,12,249.0,132,320,48
20230403,13,211.0,138,298,48
20230403,14,178.9,83,314,48
20230403,15,175.1,116,213,48
20230403,16,52.4,16,74,48
20230403,17,236.8,173,319,48
20230403,18,164.3,114,199,48
20230404,1,43.2,0,91,48
20230404,2,30.7,18,44,48
20230404,3,44.3,19,84,48
20230404,4,11.3,6,20,48
20230404,5,183.3,151,238,48
20230404,6,53.2,25,81,48
20230404,7,353.9,274,384,48
20230404,8,148.0,68,231,48
20230404,9,258.6,170,331,48
20230404,10,292.4,207,363,48
20230404,11,277.6,51,388,48
20230404,12,253.3,107,351,48
20230404,13,258.7,122,357,48
20230404,14,242.8,101,362,48
20230404,15,198.3,123,255,48
20230404,16,33.5,18,64,48
20230404,17,260.8,180,322,48
20230404,18,184.5,115,236,48
20230405,1,60.0,0,147,48
20230405,2,43.4,17,76,48
20230405,3,53.9,29,90,48
20230405,4,20.8,3,54,48
20230405,5,188.5,161,229,48
20230405,6,74.0,46,194,48
20230405,7,371.6,353,388,48
20230405,8,205.2,87,361,48
20230405,9,307.5,244,392,48
20230405,10,299.1,247,369,48
20230405,11,356.5,282,389,48
20230405,12,292.8,220,382,48
20230405,13,273.5,198,345,48
20230405,14,257.8,168,355,48
20230405,15,225.1,183,259,48
20230405,16,57.4,20,131,48
20230405,17,288.0,215,373,48
20230405,18,209.3,169,246,48
20230406,1,2.7,0,18,48
20230406,2,30.8,15,65,48
20230406,3,35.7,20,53,48
20230406,4,4.2,2,8,48
20230406,5,163.5,139,198,48
20230406,6,32.5,18,74,48
20230406,7,334.3,213,379,48
20230406,8,150.3,44,262,48
20230406,9,230.3,135,316,48
20230406,10,228.4,173,296,48
20230406,11,297.8,142,389,48
20230406,12,259.9,133,334,48
20230406,13,221.1,156,292,48
20230406,14,202.1,125,313,48
20230406,15,177.6,118,219,48
20230406,16,41.6,13,103,48
20230406,17,259.5,120,350,48
20230406,18,167.3,105,214,48
20230407,1,6.9,0,26,48
20230407,2,45.1,25,72,48
20230407,3,45.3,16,82,48
20230407,4,7.8,3,28,48
20230407,5,184.4,147,245,48
20230407,6,84.0,20,136,48
20230407,7,362.1,307,390,48
20230407,8,189.6,69,271,48
20230407,9,251.0,179,354,48
20230407,10,271.2,189,395,48
20230407,11,302.9,138,390,48
20230407,12,269.7,161,357,48
20230407,13,236.9,167,362,48
20230407,14,189.0,122,354,48
20230407,15,195.2,135,271,48
20230407,16,86.8,38,130,48
20230407,17,313.1,263,379,48
20230407,18,189.8,142,252,48
20230408,1,0.0,0,0,48
20230408,2,23.3,13,34,48
20230408,3,20.3,6,39,48
20230408,4,8.2,5,11,48
20230408,5,188.6,150,218,48
20230408,6,32.6,6,79,48
20230408,7,337.4,223,386,48
20230408,8,110.2,26,176,48
20230408,9,250.4,192,297,48
20230408,10,345.5,306,388,48
20230408,11,292.4,108,383,48
20230408,12,251.5,129,331,48
20230408,13,278.6,163,361,48
20230408,14,236.1,113,355,48
20230408,15,202.1,142,246,48
20230408,16,38.3,18,78,48
20230408,17,247.9,140,373,48
20230408,18,185.6,128,231,48
20230409,1,0.0,0,0,48
20230409,2,12.5,4,24,48
20230409,3,14.3,4,38,48
20230409,4,7.1,3,12,48
20230409,5,114.9,89,150,48
20230409,6,14.9,4,26,48
20230409,7,289.2,161,359,48
20230409,8,36.1,8,78,48
20230409,9,154.4,108,195,48
20230409,10,259.3,147,354,48
20230409,11,249.9,43,375,48
20230409,12,145.8,60,209,48
20230409,13,173.6,52,296,48
20230409,14,179.6,48,317,48
20230409,15,137.9,84,184,48
20230409,16,12.0,5,22,48
20230409,17,118.4,58,191,48
20230409,18,120.8,72,164,48
20230410,1,0.0,0,0,48
20230410,2,6.5,4,9,48
20230410,3,15.4,8,24,48
20230410,4,8.8,6,11,48
20230410,5,66.9,53,83,48
20230410,6,9.4,7,13,48
20230410,7,156.0,68,327,48
20230410,8,24.1,12,51,48
20230410,9,86.0,55,108,48
20230410,10,104.9,32,156,48
20230410,11,137.8,31,253,48
20230410,12,81.4,43,120,48
20230410,13,88.5,33,134,48
20230410,14,78.1,31,153,48
20230410,15,67.9,33,100,48
20230410,16,7.0,5,12,48
20230410,17,82.0,45,123,48
20230410,18,61.1,31,86,48
20230411,1,0.0,0,0,48
20230411,2,18.2,8,32,48
20230411,3,18.1,5,42,48
20230411,4,12.2,8,19,48
20230411,5,111.8,73,153,48
20230411,6,12.0,4,22,48
20230411,7,288.0,198,346,48
20230411,8,46.6,8,83,48
20230411,9,148.4,95,208,48
20230411,10,115.9,47,172,48
20230411,11,256.6,171,367,48
20230411,12,147.7,88,204,48
20230411,13,117.7,54,172,48
20230411,14,120.8,55,209,48
20230411,15,105.7,64,147,48
20230411,16,21.2,11,37,48
20230411,17,151.9,108,229,48
20230411,18,98.2,61,133,48
20230412,1,0.0,0,0,48
20230412,2,20.5,11,36,48
20230412,3,35.6,9,77,48
20230412,4,11.2,8,16,48
20230412,5,113.9,70,156,48
20230412,6,16.9,6,27,48
20230412,7,263.5,187,307,48
20230412,8,52.8,10,117,48
20230412,9,145.8,93,185,48
20230412,10,107.9,72,164,48
20230412,11,230.5,95,354,48
20230412,12,122.9,57,178,48
20230412,13,111.1,60,173,48
20230412,14,119.0,47,189,48
20230412,15,105.4,70,145,48
20230412,16,25.1,15,49,48
20230412,17,80.2,30,149,48
20230412,18,93.6,62,129,48
20230413,1,7.6,0,97,48
20230413,2,29.0,10,50,48
20230413,3,35.9,8,83,48
20230413,4,8.0,6,10,48
20230413,5,132.4,73,196,48
20230413,6,16.1,5,33,48
20230413,7,227.6,111,380,48
20230413,8,76.0,9,223,48
20230413,9,152.4,71,282,48
20230413,10,121.5,74,214,48
20230413,11,250.5,72,387,48
20230413,12,179.3,81,353,48
20230413,13,151.3,78,298,48
20230413,14,172.4,62,333,48
20230413,15,124.3,68,216,48
20230413,16,37.4,9,84,48
20230413,17,122.9,40,340,48
20230413,18,114.0,59,208,48
20230414,1,90.8,21,200,48
20230414,2,45.9,33,74,48
20230414,3,62.0,18,110,48
20230414,4,23.0,7,59,48
20230414,5,208.5,166,248,48
20230414,6,87.0,20,160,48
20230414,7,376.7,359,389,48
20230414,8,286.6,187,339,48
20230414,9,326.5,261,364,48
20230414,10,291.3,229,344,48
20230414,11,328.8,183,389,48
20230414,12,335.7,258,377,48
20230414,13,289.3,205,345,48
20230414,14,274.5,187,358,48
20230414,15,243.9,212,275,48
20230414,16,97.1,68,121,48
20230414,17,338.1,284,376,48
20230414,18,232.1,206,258,48
20230415,1,125.0,0,260,48
20230415,2,44.1,10,90,48
20230415,3,53.3,29,84,48
20230415,4,7.2,3,12,48
20230415,5,180.7,137,216,48
20230415,6,65.5,24,117,48
20230415,7,359.9,305,388,48
20230415,8,220.2,131,290,48
20230415,9,298.1,227,339,48
20230415,10,270.5,201,347,48
20230415,11,285.0,95,390,48
20230415,12,229.1,127,335,48
20230415,13,178.4,94,296,48
20230415,14,140.9,94,240,48
20230415,15,192.7,135,233,48
20230415,16,77.6,9,133,48
20230415,17,308.9,267,350,48
20230415,18,186.0,136,223,48
20230416,1,28.2,0,212,48
20230416,2,29.9,12,94,48
20230416,3,75.8,33,114,48
20230416,4,9.3,7,12,48
20230416,5,164.9,106,252,48
20230416,6,72.7,27,135,48
20230416,7,374.5,348,391,48
20230416,8,193.6,95,275,48
20230416,9,298.2,228,345,48
20230416,10,288.4,216,360,48
20230416,11,347.4,258,392,48
20230416,12,247.7,180,338,48
20230416,13,238.9,154,354,48
20230416,14,227.5,148,366,48
20230416,15,207.4,172,267,48
20230416,16,48.3,10,104,48
20230416,17,307.3,254,386,48
20230416,18,193.0,160,256,48
20230417,1,83.9,0,216,48
20230417,2,56.7,26,114,48
20230417,3,86.9,5,137,48
20230417,4,14.3,2,71,48
20230417,5,219.8,161,265,48
20230417,6,99.4,39,170,48
20230417,7,378.9,358,392,48
20230417,8,273.3,209,316,48
20230417,9,330.5,232,352,48
20230417,10,309.0,253,365,48
20230417,11,345.1,254,392,48
20230417,12,305.8,247,357,48
20230417,13,283.6,201,362,48
20230417,14,259.5,117,371,48
20230417,15,246.8,190,278,48
20230417,16,68.6,31,139,48
20230417,17,340.5,243,389,48
20230417,18,231.7,180,265,48
20230418,1,1.0,0,12,48
20230418,2,22.9,11,47,48
20230418,3,23.5,4,52,48
20230418,4,3.4,2,8,48
20230418,5,151.5,85,195,48
20230418,6,19.7,7,36,48
20230418,7,269.3,47,380,48
20230418,8,123.8,24,268,48
20230418,9,181.2,69,317,48
20230418,10,184.4,113,281,48
20230418,11,260.9,75,380,48
20230418,12,235.0,141,335,48
20230418,13,177.2,113,233,48
20230418,14,167.4,97,220,48
20230418,15,149.9,86,202,48
20230418,16,23.9,6,54,48
20230418,17,223.2,70,347,48
20230418,18,140.2,78,191,48
20230419,1,2.6,0,15,48
20230419,2,15.0,4,43,48
20230419,3,6.9,2,19,48
20230419,4,4.0,2,10,48
20230419,5,111.8,67,189,48
20230419,6,16.0,3,46,48
20230419,7,230.6,72,343,48
20230419,8,49.7,18,123,48
20230419,9,138.0,64,233,48
20230419,10,153.6,113,211,48
20230419,11,215.8,53,343,48
20230419,12,168.3,69,272,48
20230419,13,151.3,100,219,48
20230419,14,153.1,89,239,48
20230419,15,111.9,61,160,48
20230419,16,17.6,4,40,48
20230419,17,136.2,56,217,48
20230419,18,102.3,55,147,48
20230420,1,1.9,0,10,48
20230420,2,27.2,8,81,48
20230420,3,26.0,3,43,48
20230420,4,3.7,2,16,48
20230420,5,144.7,88,200,48
20230420,6,40.8,10,90,48
20230420,7,269.5,152,353,48
20230420,8,89.4,35,195,48
20230420,9,170.2,65,273,48
20230420,10,163.3,75,225,48
20230420,11,165.4,26,314,48
20230420,12,175.6,86,252,48
20230420,13,149.9,75,210,48
20230420,14,124.3,54,199,48
20230420,15,122.6,60,172,48
20230420,16,48.4,15,100,48
20230420,17,182.7,93,271,48
20230420,18,117.8,59,169,48
20230421,1,0.1,0,1,48
20230421,2,20.8,10,65,48
20230421,3,23.4,2,43,48
20230421,4,4.5,1,10,48
20230421,5,151.9,112,187,48
20230421,6,41.8,5,109,48
20230421,7,352.8,314,380,48
20230421,8,121.3,71,187,48
20230421,9,228.6,177,319,48
20230421,10,263.5,175,359,48
20230421,11,252.1,146,376,48
20230421,12,230.5,173,305,48
20230421,13,216.8,152,305,48
20230421,14,185.3,125,268,48
20230421,15,170.3,136,226,48
20230421,16,30.7,11,67,48
20230421,17,257.3,185,298,48
20230421,18,159.1,127,204,48
20230422,1,0.0,0,0,48
20230422,2,12.2,7,22,48
20230422,3,52.0,10,97,48
20230422,4,5.0,4,6,48
20230422,5,139.0,101,175,48
20230422,6,39.0,12,88,48
20230422,7,370.9,325,388,48
20230422,8,170.9,51,280,48
20230422,9,263.6,163,329,48
20230422,10,260.0,172,315,48
20230422,11,323.0,195,388,48
20230422,12,191.6,83,282,48
20230422,13,184.8,134,257,48
20230422,14,170.2,130,225,48
20230422,15,175.4,132,216,48
20230422,16,19.4,8,48,48
20230422,17,289.3,211,352,48
20230422,18,162.2,124,203,48
20230423,1,6.5,0,33,48
20230423,2,12.9,5,25,48
20230423,3,27.8,6,56,48
20230423,4,6.3,5,11,48
20230423,5,120.7,64,157,48
20230423,6,22.6,10,50,48
20230423,7,325.1,239,374,48
20230423,8,116.0,32,194,48
20230423,9,206.4,116,256,48
20230423,10,202.7,115,267,48
20230423,11,269.1,151,379,48
20230423,12,171.2,135,257,48
20230423,13,142.8,99,222,48
20230423,14,126.6,91,192,48
20230423,15,140.6,90,184,48
20230423,16,16.3,4,36,48
20230423,17,209.7,148,259,48
20230423,18,128.8,82,164,48
20230424,1,16.5,0,43,48
20230424,2,20.2,5,36,48
20230424,3,38.4,13,60,48
20230424,4,5.1,4,7,48
20230424,5,114.3,50,187,48
20230424,6,38.3,12,92,48
20230424,7,349.1,224,388,48
20230424,8,135.4,26,205,48
20230424,9,192.5,79,272,48
20230424,10,210.3,99,277,48
20230424,11,278.8,182,382,48
20230424,12,207.8,102,310,48
20230424,13,179.1,99,242,48
20230424,14,160.6,86,236,48
20230424,15,152.9,82,210,48
20230424,16,16.4,4,41,48
20230424,17,267.3,114,343,48
20230424,18,143.2,74,197,48
20230425,1,90.9,27,247,48
20230425,2,50.9,27,105,48
20230425,3,65.3,32,106,48
20230425,4,5.8,4,14,48
20230425,5,199.0,129,304,48
20230425,6,90.0,33,193,48
20230425,7,357.6,303,384,48
20230425,8,226.9,105,307,48
20230425,9,277.7,181,403,48
20230425,10,280.2,174,384,48
20230425,11,290.9,130,383,48
20230425,12,247.4,164,344,48
20230425,13,223.6,163,362,48
20230425,14,203.4,153,358,48
20230425,15,207.4,154,280,48
20230425,16,69.3,22,150,48
20230425,17,326.4,269,375,48
20230425,18,198.1,149,269,48
20230426,1,239.7,179,303,48
20230426,2,97.3,50,146,48
20230426,3,93.9,70,115,48
20230426,4,10.5,5,33,48
20230426,5,281.9,209,306,48
20230426,6,155.9,98,196,48
20230426,7,361.9,312,383,48
20230426,8,248.0,210,289,48
20230426,9,340.6,300,397,48
20230426,10,333.6,297,380,48
20230426,11,334.0,242,383,48
20230426,12,280.4,194,357,48
20230426,13,261.5,153,363,48
20230426,14,227.9,125,362,48
20230426,15,251.9,213,282,48
20230426,16,147.5,113,176,48
20230426,17,327.9,278,373,48
20230426,18,244.7,212,272,48
20230427,1,55.8,0,275,48
20230427,2,39.0,13,136,48
20230427,3,43.0,4,90,48
20230427,4,20.5,6,47,48
20230427,5,210.5,176,258,48
20230427,6,52.7,19,106,48
20230427,7,361.5,334,382,48
20230427,8,208.2,105,301,48
20230427,9,299.2,204,362,48
20230427,10,229.1,88,341,48
20230427,11,351.7,282,383,48
20230427,12,255.2,106,352,48
20230427,13,220.6,123,336,48
20230427,14,217.7,114,335,48
20230427,15,201.6,137,260,48
20230427,16,66.2,10,178,48
20230427,17,288.5,194,344,48
20230427,18,192.3,128,254,48
20230428,1,91.8,0,184,48
20230428,2,59.2,24,91,48
20230428,3,98.9,26,132,48
20230428,4,66.3,6,125,48
20230428,5,220.7,137,282,48
20230428,6,122.3,27,168,48
20230428,7,339.1,297,382,48
20230428,8,232.4,109,306,48
20230428,9,288.6,161,380,48
20230428,10,230.6,89,329,48
20230428,11,322.9,228,389,48
20230428,12,220.0,159,302,48
20230428,13,167.1,125,221,48
20230428,14,150.4,120,191,48
20230428,15,200.9,133,249,48
20230428,16,87.8,21,141,48
20230428,17,282.0,164,365,48
20230428,18,192.6,130,233,48
20230429,1,236.6,109,328,48
20230429,2,81.2,41,109,48
20230429,3,99.0,47,118,48
20230429,4,5.9,5,7,48
20230429,5,232.7,181,305,48
20230429,6,113.5,66,150,48
20230429,7,364.7,303,390,48
20230429,8,239.8,152,290,48
20230429,9,324.9,269,364,48
20230429,10,316.5,267,374,48
20230429,11,308.3,152,391,48
20230429,12,213.3,106,317,48
20230429,13,163.0,97,256,48
20230429,14,127.0,97,158,48
20230429,15,215.9,165,255,48
20230429,16,133.3,43,185,48
20230429,17,342.9,294,377,48
20230429,18,214.4,176,245,48
20230430,1,67.3,0,247,48
20230430,2,29.6,3,77,48
20230430,3,43.9,17,64,48
20230430,4,7.1,5,13,48
20230430,5,152.3,107,212,48
20230430,6,64.0,24,108,48
20230430,7,334.1,228,382,48
20230430,8,139.1,75,205,48
20230430,9,245.3,163,294,48
20230430,10,265.2,214,315,48
20230430,11,288.5,199,381,48
20230430,12,148.0,59,279,48
20230430,13,116.3,66,252,48
20230430,14,97.3,66,191,48
20230430,15,155.4,122,201,48
20230430,16,51.0,4,110,48
20230430,17,290.0,219,356,48
20230430,18,151.6,119,198,48
20230501,1,28.4,0,262,48
20230501,2,20.8,2,152,48
20230501,3,26.0,12,55,48
20230501,4,8.1,6,25,48
20230501,5,187.7,112,234,48
20230501,6,74.3,26,156,48
20230501,7,286.3,186,387,48
20230501,8,139.8,72,247,48
20230501,9,249.3,161,311,48
20230501,10,299.1,255,328,48
20230501,11,256.0,146,380,48
20230501,12,149.6,101,275,48
20230501,13,110.1,69,260,48
20230501,14,102.0,69,211,48
20230501,15,162.4,124,215,48
20230501,16,34.1,11,136,48
20230501,17,223.2,114,375,48
20230501,18,149.2,116,216,48
20230502,1,275.5,220,338,48
20230502,2,108.4,62,156,48
20230502,3,79.1,45,110,48
20230502,4,22.8,6,63,48
20230502,5,293.7,226,317,48
20230502,6,161.8,99,201,48
20230502,7,362.2,324,390,48
20230502,8,234.1,161,265,48
20230502,9,320.9,256,356,48
20230502,10,280.1,234,324,48
20230502,11,299.0,177,386,48
20230502,12,231.3,168,342,48
20230502,13,183.7,122,311,48
20230502,14,160.4,110,292,48
20230502,15,219.4,194,261,48
20230502,16,181.5,143,211,48
20230502,17,333.2,283,386,48
20230502,18,222.3,202,257,48
20230503,1,82.5,0,260,48
20230503,2,66.8,17,155,48
20230503,3,43.7,11,77,48
20230503,4,54.6,10,103,48
20230503,5,237.9,85,317,48
20230503,6,73.9,14,126,48
20230503,7,318.9,200,372,48
20230503,8,169.7,19,246,48
20230503,9,260.3,123,345,48
20230503,10,202.1,65,313,48
20230503,11,242.9,122,338,48
20230503,12,199.0,95,313,48
20230503,13,154.4,69,282,48
20230503,14,138.3,73,253,48
20230503,15,168.9,71,243,48
20230503,16,104.4,20,175,48
20230503,17,247.7,114,341,48
20230503,18,166.9,70,239,48
20230504,1,0.0,0,0,48
20230504,2,7.5,1,30,48
20230504,3,20.7,9,36,48
20230504,4,6.1,1,16,48
20230504,5,124.4,85,187,48
20230504,6,22.2,4,43,48
20230504,7,248.9,21,369,48
20230504,8,54.0,17,142,48
20230504,9,132.2,74,202,48
20230504,10,110.9,51,219,48
20230504,11,276.0,130,376,48
20230504,12,123.4,49,243,48
20230504,13,119.0,54,251,48
20230504,14,129.6,52,292,48
20230504,15,101.7,56,180,48
20230504,16,14.3,1,35,48
20230504,17,128.5,47,237,48
20230504,18,93.3,49,166,48
20230505,1,0.0,0,0,48
20230505,2,2.7,2,4,48
20230505,3,27.7,4,58,48
20230505,4,10.9,2,61,48
20230505,5,229.1,118,305,48
20230505,6,57.9,7,151,48
20230505,7,358.3,301,387,48
20230505,8,182.9,6,318,48
20230505,9,262.6,132,355,48
20230505,10,223.0,161,276,48
20230505,11,288.6,179,387,48
20230505,12,189.8,103,333,48
20230505,13,180.7,117,254,48
20230505,14,169.8,112,282,48
20230505,15,168.6,103,226,48
20230505,16,30.3,9,71,48
20230505,17,268.4,115,351,48
20230505,18,158.4,95,214,48
20230506,1,0.0,0,1,48
20230506,2,6.2,2,19,48
20230506,3,39.6,4,71,48
20230506,4,2.7,2,4,48
20230506,5,240.6,139,301,48
20230506,6,109.4,28,182,48
20230506,7,374.7,353,387,48
20230506,8,279.0,189,322,48
20230506,9,314.5,201,363,48
20230506,10,278.4,186,344,48
20230506,11,307.9,168,386,48
20230506,12,221.2,147,335,48
20230506,13,177.8,120,298,48
20230506,14,156.5,111,253,48
20230506,15,201.5,133,248,48
20230506,16,61.3,14,148,48
20230506,17,345.9,312,375,48
20230506,18,193.7,133,243,48
20230507,1,0.0,0,0,48
20230507,2,11.4,1,21,48
20230507,3,21.1,10,32,48
20230507,4,2.4,2,5,48
20230507,5,200.0,120,255,48
20230507,6,77.4,36,126,48
20230507,7,350.5,270,381,48
20230507,8,172.5,59,269,48
20230507,9,259.6,185,327,48
20230507,10,238.3,168,279,48
20230507,11,230.5,65,355,48
20230507,12,140.0,84,218,48
20230507,13,122.0,83,246,48
20230507,14,117.1,83,248,48
20230507,15,150.0,112,184,48
20230507,16,45.1,3,97,48
20230507,17,298.0,218,355,48
20230507,18,147.1,112,175,48
20230508,1,0.4,0,6,48
20230508,2,3.8,1,11,48
20230508,3,48.6,19,90,48
20230508,4,1.4,1,3,48
20230508,5,162.1,109,220,48
20230508,6,34.1,9,63,48
20230508,7,358.0,337,376,48
20230508,8,143.7,35,234,48
20230508,9,213.4,151,275,48
20230508,10,202.4,142,260,48
20230508,11,208.5,90,342,48
20230508,12,152.1,112,204,48
20230508,13,153.1,111,253,48
20230508,14,138.5,94,288,48
20230508,15,141.8,116,172,48
20230508,16,30.2,2,128,48
20230508,17,242.9,165,301,48
20230508,18,134.6,105,162,48
20230509,1,219.7,18,310,48
20230509,2,80.7,7,132,48
20230509,3,56.9,27,97,48
20230509,4,2.6,1,16,48
20230509,5,258.0,151,303,48
20230509,6,105.8,39,146,48
20230509,7,363.9,334,383,48
20230509,8,250.1,139,309,48
20230509,9,304.9,176,358,48
20230509,10,235.1,142,314,48
20230509,11,318.9,199,379,48
20230509,12,193.6,144,304,48
20230509,13,160.2,108,252,48
20230509,14,147.4,93,210,48
20230509,15,194.4,115,248,48
20230509,16,174.9,122,197,48
20230509,17,307.7,264,340,48
20230509,18,198.9,128,246,48
20230510,1,241.6,185,322,48
20230510,2,100.2,57,148,48
20230510,3,74.0,55,91,48
20230510,4,1.9,1,16,48
20230510,5,241.7,199,289,48
20230510,6,97.9,67,132,48
20230510,7,333.3,202,378,48
20230510,8,209.9,133,250,48
20230510,9,317.9,284,349,48
20230510,10,256.7,197,335,48
20230510,11,264.9,105,380,48
20230510,12,209.0,146,309,48
20230510,13,196.3,131,308,48
20230510,14,177.1,131,293,48
20230510,15,206.1,163,256,48
20230510,16,111.6,51,189,48
20230510,17,281.4,197,339,48
20230510,18,200.0,156,254,48
20230511,1,284.4,202,351,48
20230511,2,117.0,102,176,48
20230511,3,89.9,21,130,48
20230511,4,1.5,1,8,48
20230511,5,294.9,231,324,48
20230511,6,142.5,57,204,48
20230511,7,363.9,315,385,48
20230511,8,264.9,212,290,48
20230511,9,337.3,304,353,48
20230511,10,305.1,251,352,48
20230511,11,275.3,128,379,48
20230511,12,247.6,157,329,48
20230511,13,220.5,159,315,48
20230511,14,179.8,122,296,48
20230511,15,234.0,197,266,48
20230511,16,172.1,129,212,48
20230511,17,330.6,278,363,48
20230511,18,232.3,200,265,48
20230512,1,197.3,5,318,48
20230512,2,73.1,18,150,48
20230512,3,53.9,23,78,48
20230512,4,19.7,1,54,48
20230512,5,180.6,141,223,48
20230512,6,89.1,59,133,48
20230512,7,348.6,296,376,48
20230512,8,197.0,121,272,48
20230512,9,208.2,145,299,48
20230512,10,145.3,77,243,48
20230512,11,245.5,79,379,48
20230512,12,188.3,81,287,48
20230512,13,142.5,79,247,48
20230512,14,143.5,72,246,48
20230512,15,147.8,101,213,48
20230512,16,158.3,119,199,48
20230512,17,283.7,201,350,48
20230512,18,157.3,110,213,48
20230513,1,9.9,0,30,48
20230513,2,22.9,2,45,48
20230513,3,85.3,35,107,48
20230513,4,24.0,1,115,48
20230513,5,230.4,170,308,48
20230513,6,109.1,65,151,48
20230513,7,352.2,282,391,48
20230513,8,200.9,106,317,48
20230513,9,208.5,100,353,48
20230513,10,142.6,57,236,48
20230513,11,222.8,65,389,48
20230513,12,122.9,75,165,48
20230513,13,105.2,71,133,48
20230513,14,105.6,80,138,48
20230513,15,137.7,91,211,48
20230513,16,105.7,72,168,48
20230513,17,300.5,231,380,48
20230513,18,145.0,104,206,48
20230514,1,0.0,0,0,48
20230514,2,4.9,1,20,48
20230514,3,51.9,11,92,48
20230514,4,1.4,1,4,48
20230514,5,219.9,170,279,48
20230514,6,49.8,9,110,48
20230514,7,361.9,294,391,48
20230514,8,218.1,142,310,48
20230514,9,285.5,180,358,48
20230514,10,237.1,136,323,48
20230514,11,247.0,69,386,48
20230514,12,150.4,83,254,48
20230514,13,122.1,71,235,48
20230514,14,108.9,70,177,48
20230514,15,164.4,105,213,48
20230514,16,49.3,16,108,48
20230514,17,320.7,265,382,48
20230514,18,159.5,108,198,48
20230515,1,0.0,0,0,48
20230515,2,2.1,1,4,48
20230515,3,23.2,0,72,48
20230515,4,1.4,1,3,48
20230515,5,173.1,124,233,48
20230515,6,39.9,0,66,48
20230515,7,351.1,281,378,48
20230515,8,157.7,85,244,48
20230515,9,214.3,118,348,48
20230515,10,142.0,47,272,48
20230515,11,192.0,22,344,48
20230515,12,164.5,91,230,48
20230515,13,136.6,73,211,48
20230515,14,145.4,84,244,48
20230515,15,132.9,73,189,48
20230515,16,29.8,7,65,48
20230515,17,256.0,169,317,48
20230515,18,127.8,71,177,48
20230516,1,0.2,0,2,48
20230516,2,1.3,0,4,48
20230516,3,5.8,0,29,48
20230516,4,1.7,1,3,48
20230516,5,213.4,123,304,48
20230516,6,38.0,5,113,48
20230516,7,351.7,311,385,48
20230516,8,155.6,31,264,48
20230516,9,277.9,200,362,48
20230516,10,236.2,167,341,48
20230516,11,224.3,44,380,48
20230516,12,158.8,82,265,48
20230516,13,133.6,83,224,48
20230516,14,123.3,83,192,48
20230516,15,152.9,98,225,48
20230516,16,38.8,1,126,48
20230516,17,266.8,176,345,48
20230516,18,145.4,98,218,48
20230517,1,1.2,0,10,48
20230517,2,6.8,0,42,48
20230517,3,65.1,11,128,48
20230517,4,11.2,1,72,48
20230517,5,294.7,204,344,48
20230517,6,77.3,8,185,48
20230517,7,365.4,321,389,48
20230517,8,249.0,189,316,48
20230517,9,327.6,264,362,48
20230517,10,276.7,229,334,48
20230517,11,262.5,85,388,48
20230517,12,210.0,122,333,48
20230517,13,184.0,114,312,48
20230517,14,174.4,113,296,48
20230517,15,206.6,166,251,48
20230517,16,76.9,1,155,48
20230517,17,326.8,286,367,48
20230517,18,199.1,155,241,48
20230518,1,0.0,0,0,48
20230518,2,1.0,1,1,48
20230518,3,75.2,18,132,48
20230518,4,1.7,1,2,48
20230518,5,258.6,183,301,48
20230518,6,62.4,10,114,48
20230518,7,361.4,313,388,48
20230518,8,239.2,199,278,48
20230518,9,306.5,261,344,48
20230518,10,272.1,215,306,48
20230518,11,235.0,70,382,48
20230518,12,194.5,125,290,48
20230518,13,179.5,127,259,48
20230518,14,173.6,127,247,48
20230518,15,197.3,152,240,48
20230518,16,34.6,9,75,48
20230518,17,328.9,286,371,48
20230518,18,185.2,144,222,48
20230519,1,2.1,0,10,48
20230519,2,8.2,0,21,48
20230519,3,77.2,17,114,48
20230519,4,7.4,1,79,48
20230519,5,318.2,242,369,48
20230519,6,84.9,12,144,48
20230519,7,364.2,327,388,48
20230519,8,268.6,190,313,48
20230519,9,339.0,241,377,48
20230519,10,246.7,134,332,48
20230519,11,208.6,43,336,48
20230519,12,196.8,115,273,48
20230519,13,167.7,81,247,48
20230519,14,163.6,81,234,48
20230519,15,203.4,135,250,48
20230519,16,62.9,14,104,48
20230519,17,328.3,285,373,48
20230519,18,194.2,134,232,48
20230520,1,0.1,0,1,48
20230520,2,1.8,0,7,48
20230520,3,37.6,9,72,48
20230520,4,1.1,1,2,48
20230520,5,189.3,126,239,48
20230520,6,33.8,6,70,48
20230520,7,313.1,180,382,48
20230520,8,138.4,44,233,48
20230520,9,166.6,71,269,48
20230520,10,109.0,64,159,48
20230520,11,169.9,24,362,48
20230520,12,97.8,53,150,48
20230520,13,85.4,53,131,48
20230520,14,85.4,52,132,48
20230520,15,104.1,53,148,48
20230520,16,26.4,5,58,48
20230520,17,272.4,154,350,48
20230520,18,106.3,55,149,48
20230521,1,1.9,0,9,48
20230521,2,4.8,1,20,48
20230521,3,31.1,4,79,48
20230521,4,1.9,1,2,48
20230521,5,162.9,106,194,48
20230521,6,30.7,3,89,48
20230521,7,331.3,250,383,48
20230521,8,136.3,71,250,48
20230521,9,165.9,108,278,48
20230521,10,100.2,63,127,48
20230521,11,177.0,58,382,48
20230521,12,102.6,71,175,48
20230521,13,89.3,69,120,48
20230521,14,89.4,67,133,48
20230521,15,97.5,69,135,48
20230521,16,51.2,22,92,48
20230521,17,272.9,173,351,48
20230521,18,103.9,73,137,48
20230522,1,0.0,0,0,48
20230522,2,0.5,0,9,48
20230522,3,21.3,4,41,48
20230522,4,1.5,1,4,48
20230522,5,117.0,81,156,48
20230522,6,23.8,1,54,48
20230522,7,353.1,290,383,48
20230522,8,123.6,19,177,48
20230522,9,173.8,122,216,48
20230522,10,114.8,57,156,48
20230522,11,217.8,54,377,48
20230522,12,175.7,122,224,48
20230522,13,143.4,90,202,48
20230522,14,167.6,121,258,48
20230522,15,118.3,78,145,48
20230522,16,30.4,13,72,48
20230522,17,274.0,177,347,48
20230522,18,118.0,77,141,48
20230523,1,0.0,0,0,48
20230523,2,0.2,0,1,48
20230523,3,30.4,7,62,48
20230523,4,1.5,1,2,48
20230523,5,164.5,75,223,48
20230523,6,23.0,10,44,48
20230523,7,362.4,308,389,48
20230523,8,144.9,24,220,48
20230523,9,262.9,136,332,48
20230523,10,157.0,57,334,48
20230523,11,218.9,83,385,48
20230523,12,170.0,98,283,48
20230523,13,145.2,80,269,48
20230523,14,147.5,96,244,48
20230523,15,142.5,81,226,48
20230523,16,5.9,0,58,48
20230523,17,288.3,197,352,48
20230523,18,135.8,81,205,48
20230524,1,0.0,0,0,48
20230524,2,0.5,0,5,48
20230524,3,31.8,4,69,48
20230524,4,1.5,1,6,48
20230524,5,170.4,108,234,48
20230524,6,30.0,1,74,48
20230524,7,362.0,310,385,48
20230524,8,160.7,62,253,48
20230524,9,261.5,193,349,48
20230524,10,235.2,158,296,48
20230524,11,195.6,35,349,48
20230524,12,200.5,136,288,48
20230524,13,223.9,167,303,48
20230524,14,231.6,174,333,48
20230524,15,169.0,119,224,48
20230524,16,6.8,0,36,48
20230524,17,289.9,230,342,48
20230524,18,156.3,114,209,48
20230525,1,0.9,0,4,48
20230525,2,9.0,2,13,48
20230525,3,57.4,31,91,48
20230525,4,8.5,2,15,48
20230525,5,217.6,146,271,48
20230525,6,66.7,19,105,48
20230525,7,367.7,338,386,48
20230525,8,232.3,141,288,48
20230525,9,311.2,242,361,48
20230525,10,179.6,123,274,48
20230525,11,193.5,58,321,48
20230525,12,188.5,131,263,48
20230525,13,147.6,110,192,48
20230525,14,139.4,105,173,48
20230525,15,165.6,126,207,48
20230525,16,41.8,26,53,48
20230525,17,328.7,299,366,48
20230525,18,161.5,128,195,48
20230526,1,3.6,0,7,48
20230526,2,10.2,3,20,48
20230526,3,68.2,32,107,48
20230526,4,7.6,2,15,48
20230526,5,244.3,182,302,48
20230526,6,69.9,26,139,48
20230526,7,335.6,235,385,48
20230526,8,194.7,113,297,48
20230526,9,289.2,190,363,48
20230526,10,123.6,68,196,48
20230526,11,190.2,45,345,48
20230526,12,166.9,98,268,48
20230526,13,132.7,93,205,48
20230526,14,133.4,94,206,48
20230526,15,150.3,96,208,48
20230526,16,50.1,19,74,48
20230526,17,322.1,244,372,48
20230526,18,149.2,100,201,48
20230527,1,0.0,0,0,48
20230527,2,2.8,1,7,48
20230527,3,32.4,17,59,48
20230527,4,6.0,1,15,48
20230527,5,123.9,59,206,48
20230527,6,20.9,8,35,48
20230527,7,286.0,125,379,48
20230527,8,59.2,15,176,48
20230527,9,186.0,98,285,48
20230527,10,162.4,110,239,48
20230527,11,155.6,21,325,48
20230527,12,103.1,44,229,48
20230527,13,117.1,56,211,48
20230527,14,112.1,56,191,48
20230527,15,106.3,66,178,48
20230527,16,2.8,1,17,48
20230527,17,204.0,73,351,48
20230527,18,99.8,60,162,48
20230528,1,2.3,0,6,48
20230528,2,9.9,3,16,48
20230528,3,43.2,18,72,48
20230528,4,9.3,3,15,48
20230528,5,101.8,42,150,48
20230528,6,29.8,9,57,48
20230528,7,302.2,223,365,48
20230528,8,76.0,21,140,48
20230528,9,168.2,110,249,48
20230528,10,112.5,48,184,48
20230528,11,121.5,23,288,48
20230528,12,99.6,42,177,48
20230528,13,95.4,59,180,48
20230528,14,92.9,59,174,48
20230528,15,92.1,59,139,48
20230528,16,18.0,5,30,48
20230528,17,201.0,138,262,48
20230528,18,90.2,62,128,48
20230529,1,1.5,0,3,48
20230529,2,5.7,3,12,48
20230529,3,43.7,25,63,48
20230529,4,2.9,2,5,48
20230529,5,128.9,89,178,48
20230529,6,25.5,9,40,48
20230529,7,253.6,143,346,48
20230529,8,83.6,43,160,48
20230529,9,136.1,83,197,48
20230529,10,63.3,27,84,48
20230529,11,137.9,24,288,48
20230529,12,71.9,31,116,48
20230529,13,64.8,41,88,48
20230529,14,66.1,40,91,48
20230529,15,76.8,45,108,48
20230529,16,19.3,6,41,48
20230529,17,183.6,106,250,48
20230529,18,77.4,46,109,48
20230530,1,7.0,1,12,48
20230530,2,13.4,3,20,48
20230530,3,69.1,39,97,48
20230530,4,3.1,1,6,48
20230530,5,197.1,151,225,48
20230530,6,76.9,23,115,48
20230530,7,314.8,226,363,48
20230530,8,185.9,70,252,48
20230530,9,208.5,130,296,48
20230530,10,78.9,40,110,48
20230530,11,154.4,32,289,48
20230530,12,128.0,51,238,48
20230530,13,87.4,37,149,48
20230530,14,92.7,32,183,48
20230530,15,118.0,73,165,48
20230530,16,50.5,15,76,48
20230530,17,256.3,180,325,48
20230530,18,119.6,76,162,48
20230531,1,4.2,0,14,48
20230531,2,9.1,1,22,48
20230531,3,94.2,44,141,48
20230531,4,1.2,0,3,48
20230531,5,237.2,177,265,48
20230531,6,72.1,27,114,48
20230531,7,325.0,262,353,48
20230531,8,210.5,146,257,48
20230531,9,266.1,194,337,48
20230531,10,77.0,31,148,48
20230531,11,235.1,50,361,48
20230531,12,167.8,92,247,48
20230531,13,109.4,76,199,48
20230531,14,122.3,77,212,48
20230531,15,148.4,118,187,48
20230531,16,49.5,26,85,48
20230531,17,255.6,203,298,48
20230531,18,144.8,117,176,48
20230601,1,1.5,0,4,48
20230601,2,5.3,2,13,48
20230601,3,61.0,17,105,48
20230601,4,2.3,1,4,48
20230601,5,183.7,151,216,48
20230601,6,52.8,11,114,48
20230601,7,337.0,288,370,48
20230601,8,212.2,121,279,48
20230601,9,242.2,174,292,48
20230601,10,56.2,23,90,48
20230601,11,218.8,41,370,48
20230601,12,167.3,57,257,48
20230601,13,105.2,79,137,48
20230601,14,126.5,80,210,48
20230601,15,128.1,81,157,48
20230601,16,50.3,21,78,48
20230601,17,281.1,251,316,48
20230601,18,129.7,89,155,48
20230602,1,3.8,1,8,48
20230602,2,6.9,2,11,48
20230602,3,56.3,38,73,48
20230602,4,1.7,1,4,48
20230602,5,167.2,117,228,48
20230602,6,58.8,22,108,48
20230602,7,332.5,257,372,48
20230602,8,210.1,113,310,48
20230602,9,229.9,111,348,48
20230602,10,74.4,22,116,48
20230602,11,234.5,29,385,48
20230602,12,181.7,60,270,48
20230602,13,119.8,78,168,48
20230602,14,138.7,79,197,48
20230602,15,131.7,70,189,48
20230602,16,60.7,24,93,48
20230602,17,287.9,215,346,48
20230602,18,133.8,78,187,48
20230603,1,7.8,3,14,48
20230603,2,14.4,5,24,48
20230603,3,58.4,12,91,48
20230603,4,4.8,3,7,48
20230603,5,150.7,86,200,48
20230603,6,39.2,24,60,48
20230603,7,302.4,170,367,48
20230603,8,155.1,67,250,48
20230603,9,200.5,108,311,48
20230603,10,120.0,82,151,48
20230603,11,204.2,37,377,48
20230603,12,147.3,49,256,48
20230603,13,136.3,100,170,48
20230603,14,141.9,100,186,48
20230603,15,123.8,76,177,48
20230603,16,53.9,31,87,48
20230603,17,260.5,154,334,48
20230603,18,125.2,77,174,48
20230604,1,13.0,8,22,48
20230604,2,20.9,14,32,48
20230604,3,49.4,33,84,48
20230604,4,3.8,2,7,48
20230604,5,187.5,129,252,48
20230604,6,41.2,20,80,48
20230604,7,317.4,229,373,48
20230604,8,179.7,96,269,48
20230604,9,223.3,147,299,48
20230604,10,110.1,65,153,48
20230604,11,226.7,66,383,48
20230604,12,156.6,67,272,48
20230604,13,129.8,102,180,48
20230604,14,140.2,109,203,48
20230604,15,132.9,87,176,48
20230604,16,62.0,43,89,48
20230604,17,267.0,160,338,48
20230604,18,134.1,89,177,48
20230605,1,11.1,6,20,48
20230605,2,20.5,12,32,48
20230605,3,67.3,34,87,48
20230605,4,2.6,1,19,48
20230605,5,243.9,199,283,48
20230605,6,85.9,21,153,48
20230605,7,355.3,309,378,48
20230605,8,291.8,241,336,48
20230605,9,315.6,251,356,48
20230605,10,107.4,59,156,48
20230605,11,242.9,42,385,48
20230605,12,238.2,153,322,48
20230605,13,167.1,111,208,48
20230605,14,182.0,80,221,48
20230605,15,176.5,144,200,48
20230605,16,104.3,73,130,48
20230605,17,323.0,281,354,48
20230605,18,178.1,149,198,48
20230606,1,12.7,6,24,48
20230606,2,21.7,10,33,48
20230606,3,74.1,42,104,48
20230606,4,5.5,1,35,48
20230606,5,266.4,221,294,48
20230606,6,113.0,20,182,48
20230606,7,357.4,316,377,48
20230606,8,317.9,245,347,48
20230606,9,338.5,307,370,48
20230606,10,119.7,59,163,48
20230606,11,261.4,92,386,48
20230606,12,247.9,176,314,48
20230606,13,182.7,140,208,48
20230606,14,197.5,136,243,48
20230606,15,193.5,172,215,48
20230606,16,108.0,84,135,48
20230606,17,322.0,279,350,48
20230606,18,192.9,172,211,48
20230607,1,10.0,1,26,48
20230607,2,20.0,7,38,48
20230607,3,52.2,24,95,48
20230607,4,8.6,1,55,48
20230607,5,204.7,129,288,48
20230607,6,49.2,10,124,48
20230607,7,316.6,209,379,48
20230607,8,206.4,71,358,48
20230607,9,261.0,118,357,48
20230607,10,105.7,55,204,48
20230607,11,250.2,110,380,48
20230607,12,223.1,81,338,48
20230607,13,135.6,70,219,48
20230607,14,153.1,80,248,48
20230607,15,150.6,84,220,48
20230607,16,59.2,13,127,48
20230607,17,247.3,142,348,48
20230607,18,148.7,80,218,48
20230608,1,3.5,0,8,48
20230608,2,16.8,11,23,48
20230608,3,43.3,8,71,48
20230608,4,13.0,1,60,48
20230608,5,191.4,146,226,48
20230608,6,23.0,10,46,48
20230608,7,292.4,180,346,48
20230608,8,164.8,74,234,48
20230608,9,275.0,193,323,48
20230608,10,79.1,25,168,48
20230608,11,231.1,80,364,48
20230608,12,219.1,91,309,48
20230608,13,122.8,81,171,48
20230608,14,152.3,101,212,48
20230608,15,137.5,103,178,48
20230608,16,20.2,11,54,48
20230608,17,202.0,135,260,48
20230608,18,132.4,101,168,48
20230609,1,0.1,0,1,48
20230609,2,14.9,11,19,48
20230609,3,25.8,14,39,48
20230609,4,1.7,1,4,48
20230609,5,146.3,109,187,48
20230609,6,30.8,7,72,48
20230609,7,259.6,139,331,48
20230609,8,99.9,50,177,48
20230609,9,217.3,143,284,48
20230609,10,82.3,30,142,48
20230609,11,221.7,99,376,48
20230609,12,186.6,90,281,48
20230609,13,99.0,56,150,48
20230609,14,120.8,85,160,48
20230609,15,117.1,81,165,48
20230609,16,21.3,11,53,48
20230609,17,209.8,114,287,48
20230609,18,112.8,78,157,48
20230610,1,0.0,0,1,48
20230610,2,10.2,6,13,48
20230610,3,22.8,13,38,48
20230610,4,2.2,1,4,48
20230610,5,81.2,55,105,48
20230610,6,24.8,9,50,48
20230610,7,257.8,115,377,48
20230610,8,74.1,39,110,48
20230610,9,165.5,108,227,48
20230610,10,66.5,23,101,48
20230610,11,191.7,78,304,48
20230610,12,137.4,79,190,48
20230610,13,81.8,37,127,48
20230610,14,103.3,46,163,48
20230610,15,91.9,62,130,48
20230610,16,8.6,5,11,48
20230610,17,146.8,72,222,48
20230610,18,86.0,57,117,48
20230611,1,5.7,0,35,48
20230611,2,29.4,10,58,48
20230611,3,92.8,18,152,48
20230611,4,12.8,2,63,48
20230611,5,203.0,103,286,48
20230611,6,115.8,30,221,48
20230611,7,334.1,230,379,48
20230611,8,194.2,74,325,48
20230611,9,274.3,222,375,48
20230611,10,188.9,87,308,48
20230611,11,237.8,115,358,48
20230611,12,185.6,94,261,48
20230611,13,169.2,112,253,48
20230611,14,164.6,121,218,48
20230611,15,170.8,118,250,48
20230611,16,62.2,9,142,48
20230611,17,312.9,165,372,48
20230611,18,166.6,109,244,48
20230612,1,37.3,20,57,48
20230612,2,61.2,33,89,48
20230612,3,143.7,112,172,48
20230612,4,46.5,4,78,48
20230612,5,242.1,174,350,48
20230612,6,192.3,151,251,48
20230612,7,361.8,324,385,48
20230612,8,306.6,269,342,48
20230612,9,320.8,258,372,48
20230612,10,231.0,173,300,48
20230612,11,235.3,73,388,48
20230612,12,229.8,180,321,48
20230612,13,210.6,189,241,48
20230612,14,207.5,177,277,48
20230612,15,216.3,179,245,48
20230612,16,137.6,105,167,48
20230612,17,344.3,300,374,48
20230612,18,215.3,182,244,48
20230613,1,9.7,0,25,48
20230613,2,32.8,21,50,48
20230613,3,101.4,47,142,48
20230613,4,18.0,1,109,48
20230613,5,234.2,176,292,48
20230613,6,128.2,53,198,48
20230613,7,348.8,257,383,48
20230613,8,257.9,141,340,48
20230613,9,279.0,165,340,48
20230613,10,143.4,75,225,48
20230613,11,245.7,60,388,48
20230613,12,237.3,144,335,48
20230613,13,190.6,159,255,48
20230613,14,219.5,169,316,48
20230613,15,189.6,131,247,48
20230613,16,80.3,21,136,48
20230613,17,313.3,160,371,48
20230613,18,185.7,134,236,48
20230614,1,1.9,0,9,48
20230614,2,22.4,15,35,48
20230614,3,66.9,40,87,48
20230614,4,15.9,1,66,48
20230614,5,201.9,154,277,48
20230614,6,69.8,33,124,48
20230614,7,308.6,185,387,48
20230614,8,200.3,139,279,48
20230614,9,266.6,197,338,48
20230614,10,159.6,74,208,48
20230614,11,251.7,76,387,48
20230614,12,248.8,128,359,48
20230614,13,193.4,153,266,48
20230614,14,217.3,153,316,48
20230614,15,180.7,130,236,48
20230614,16,35.4,20,87,48
20230614,17,265.9,63,356,48
20230614,18,171.2,128,217,48
20230615,1,5.7,0,22,48
20230615,2,35.8,23,64,48
20230615,3,134.5,55,154,48
20230615,4,18.0,1,90,48
20230615,5,274.2,243,302,48
20230615,6,143.6,73,206,48
20230615,7,341.9,244,388,48
20230615,8,276.1,190,347,48
20230615,9,334.3,253,392,48
20230615,10,194.7,150,257,48
20230615,11,237.5,45,389,48
20230615,12,260.5,155,364,48
20230615,13,203.9,141,281,48
20230615,14,211.6,136,331,48
20230615,15,218.1,153,269,48
20230615,16,81.7,23,126,48
20230615,17,302.3,124,382,48
20230615,18,208.1,158,246,48
20230616,1,14.3,0,46,48
20230616,2,36.4,22,65,48
20230616,3,104.7,78,135,48
20230616,4,5.0,1,26,48
20230616,5,289.4,269,325,48
20230616,6,180.5,111,231,48
20230616,7,366.0,322,389,48
20230616,8,311.8,261,359,48
20230616,9,364.1,309,417,48
20230616,10,209.0,144,261,48
20230616,11,262.7,64,388,48
20230616,12,272.0,168,381,48
20230616,13,217.2,137,307,48
20230616,14,214.2,115,349,48
20230616,15,228.0,166,274,48
20230616,16,113.9,70,181,48
20230616,17,346.9,289,383,48
20230616,18,223.3,173,264,48
20230617,1,1.0,0,8,48
20230617,2,28.3,19,47,48
20230617,3,81.0,30,137,48
20230617,4,13.5,1,75,48
20230617,5,279.7,224,333,48
20230617,6,155.2,92,234,48
20230617,7,367.6,323,389,48
20230617,8,291.7,178,353,48
20230617,9,333.6,253,381,48
20230617,10,197.7,141,253,48
20230617,11,278.8,87,388,48
20230617,12,250.1,102,373,48
20230617,13,190.6,122,281,48
20230617,14,177.3,122,289,48
20230617,15,210.4,137,263,48
20230617,16,73.1,21,124,48
20230617,17,349.6,268,383,48
20230617,18,203.8,137,253,48
20230618,1,0.0,0,0,48
20230618,2,20.5,14,30,48
20230618,3,55.5,38,78,48
20230618,4,2.2,1,6,48
20230618,5,201.0,128,270,48
20230618,6,172.0,108,209,48
20230618,7,359.9,285,390,48
20230618,8,211.0,133,284,48
20230618,9,277.9,213,331,48
20230618,10,142.5,43,191,48
20230618,11,264.5,72,388,48
20230618,12,221.8,109,326,48
20230618,13,163.8,92,244,48
20230618,14,166.4,93,262,48
20230618,15,175.1,114,226,48
20230618,16,31.3,10,67,48
20230618,17,334.3,269,384,48
20230618,18,168.3,117,215,48
20230619,1,0.0,0,0,48
20230619,2,18.0,12,54,48
20230619,3,62.9,32,113,48
20230619,4,14.8,1,94,48
20230619,5,243.5,210,283,48
20230619,6,73.2,40,205,48
20230619,7,329.3,235,390,48
20230619,8,177.7,94,249,48
20230619,9,299.0,254,391,48
20230619,10,178.3,103,252,48
20230619,11,260.4,109,385,48
20230619,12,277.1,197,358,48
20230619,13,203.6,129,282,48
20230619,14,224.6,167,317,48
20230619,15,196.1,153,257,48
20230619,16,16.1,10,43,48
20230619,17,256.3,165,361,48
20230619,18,181.2,141,235,48
20230620,1,1.6,0,12,48
20230620,2,40.4,16,70,48
20230620,3,132.8,96,158,48
20230620,4,22.8,1,62,48
20230620,5,251.6,191,304,48
20230620,6,174.3,111,240,48
20230620,7,366.7,319,390,48
20230620,8,299.8,230,345,48
20230620,9,330.3,264,403,48
20230620,10,154.6,72,235,48
20230620,11,281.4,116,385,48
20230620,12,300.8,211,370,48
20230620,13,186.5,112,270,48
20230620,14,220.5,145,327,48
20230620,15,218.7,168,260,48
20230620,16,90.9,14,167,48
20230620,17,346.6,292,383,48
20230620,18,213.3,166,248,48
20230621,1,3.4,0,19,48
20230621,2,28.9,11,74,48
20230621,3,111.9,79,145,48
20230621,4,13.7,1,85,48
20230621,5,249.3,206,304,48
20230621,6,105.2,63,205,48
20230621,7,361.9,309,387,48
20230621,8,282.1,164,361,48
20230621,9,352.6,259,451,48
20230621,10,226.3,164,282,48
20230621,11,262.5,107,389,48
20230621,12,306.7,192,392,48
20230621,13,231.4,193,277,48
20230621,14,226.4,161,299,48
20230621,15,228.1,169,282,48
20230621,16,70.0,10,145,48
20230621,17,327.8,237,384,48
20230621,18,217.4,157,269,48
20230622,1,5.8,0,17,48
20230622,2,37.2,28,47,48
20230622,3,127.9,110,154,48
20230622,4,13.5,1,85,48
20230622,5,295.6,244,319,48
20230622,6,219.5,159,275,48
20230622,7,350.1,290,389,48
20230622,8,322.9,263,361,48
20230622,9,387.0,336,431,48
20230622,10,234.3,154,292,48
20230622,11,263.1,101,388,48
20230622,12,306.9,234,390,48
20230622,13,229.2,164,310,48
20230622,14,224.0,157,326,48
20230622,15,245.0,196,295,48
20230622,16,111.7,69,154,48
20230622,17,345.6,291,387,48
20230622,18,236.7,193,280,48
20230623,1,0.0,0,0,48
20230623,2,16.5,7,38,48
20230623,3,77.3,38,121,48
20230623,4,1.9,1,6,48
20230623,5,210.3,141,290,48
20230623,6,114.4,44,225,48
20230623,7,333.9,256,378,48
20230623,8,193.8,94,309,48
20230623,9,318.0,250,381,48
20230623,10,215.4,164,248,48
20230623,11,249.9,76,366,48
20230623,12,244.3,120,339,48
20230623,13,209.2,134,283,48
20230623,14,203.3,110,323,48
20230623,15,195.2,125,249,48
20230623,16,31.8,7,92,48
20230623,17,301.3,192,369,48
20230623,18,183.5,117,237,48
20230624,1,0.0,0,0,48
20230624,2,12.1,8,18,48
20230624,3,38.6,17,64,48
20230624,4,2.0,1,4,48
20230624,5,147.1,84,225,48
20230624,6,45.7,24,83,48
20230624,7,216.4,77,364,48
20230624,8,89.2,28,196,48
20230624,9,216.8,104,315,48
20230624,10,173.6,141,210,48
20230624,11,201.5,60,333,48
20230624,12,162.9,67,263,48
20230624,13,164.1,122,216,48
20230624,14,155.8,106,217,48
20230624,15,135.6,81,191,48
20230624,16,11.2,7,18,48
20230624,17,163.2,42,318,48
20230624,18,122.7,76,176,48
20230625,1,0.4,0,5,48
20230625,2,17.1,8,31,48
20230625,3,49.0,28,73,48
20230625,4,8.3,1,62,48
20230625,5,152.3,109,211,48
20230625,6,28.9,13,65,48
20230625,7,178.5,94,294,48
20230625,8,75.3,36,145,48
20230625,9,192.6,147,265,48
20230625,10,88.0,11,158,48
20230625,11,169.5,29,369,48
20230625,12,143.1,87,240,48
20230625,13,118.3,68,180,48
20230625,14,158.7,99,240,48
20230625,15,113.8,75,154,48
20230625,16,13.4,7,29,48
20230625,17,89.7,9,190,48
20230625,18,100.3,65,142,48
20230626,1,0.0,0,0,48
20230626,2,11.7,7,22,48
20230626,3,28.1,15,62,48
20230626,4,1.2,1,2,48
20230626,5,143.3,106,221,48
20230626,6,27.0,13,59,48
20230626,7,237.9,114,356,48
20230626,8,70.6,26,156,48
20230626,9,207.7,148,315,48
20230626,10,165.6,36,258,48
20230626,11,210.8,53,365,48
20230626,12,173.8,113,263,48
20230626,13,150.2,78,226,48
20230626,14,140.1,100,229,48
20230626,15,128.7,96,200,48
20230626,16,14.7,6,47,48
20230626,17,169.6,73,294,48
20230626,18,119.3,86,187,48
20230627,1,0.0,0,1,48
20230627,2,17.5,9,55,48
20230627,3,52.8,33,88,48
20230627,4,1.4,0,2,48
20230627,5,205.0,156,242,48
20230627,6,62.9,17,156,48
20230627,7,322.5,268,363,48
20230627,8,145.9,78,220,48
20230627,9,305.6,258,338,48
20230627,10,235.9,194,273,48
20230627,11,275.0,131,370,48
20230627,12,231.5,164,288,48
20230627,13,218.0,165,275,48
20230627,14,212.2,142,304,48
20230627,15,186.9,148,215,48
20230627,16,28.0,7,83,48
20230627,17,255.7,173,337,48
20230627,18,175.8,136,204,48
20230628,1,3.8,0,11,48
20230628,2,28.3,20,39,48
20230628,3,73.6,44,105,48
20230628,4,1.2,0,4,48
20230628,5,256.8,222,284,48
20230628,6,126.0,59,163,48
20230628,7,342.8,311,382,48
20230628,8,235.6,141,283,48
20230628,9,357.4,293,436,48
20230628,10,220.8,173,272,48
20230628,11,313.8,209,377,48
20230628,12,265.4,199,356,48
20230628,13,223.4,181,282,48
20230628,14,228.6,171,323,48
20230628,15,215.9,187,255,48
20230628,16,82.5,20,124,48
20230628,17,307.3,256,366,48
20230628,18,207.9,182,241,48
20230629,1,1.2,0,8,48
20230629,2,24.3,15,39,48
20230629,3,55.5,21,103,48
20230629,4,4.8,1,37,48
20230629,5,213.1,165,273,48
20230629,6,114.1,55,190,48
20230629,7,345.2,292,375,48
20230629,8,223.6,133,271,48
20230629,9,332.4,272,418,48
20230629,10,192.5,155,260,48
20230629,11,208.5,38,362,48
20230629,12,253.0,185,324,48
20230629,13,191.6,141,235,48
20230629,14,180.1,113,261,48
20230629,15,184.8,138,234,48
20230629,16,63.5,16,101,48
20230629,17,313.6,263,359,48
20230629,18,182.0,141,216,48
20230630,1,0.5,0,3,48
20230630,2,16.0,11,22,48
20230630,3,25.3,13,49,48
20230630,4,1.9,1,5,48
20230630,5,144.0,89,210,48
20230630,6,45.9,14,97,48
20230630,7,294.6,195,359,48
20230630,8,124.0,42,214,48
20230630,9,244.3,162,337,48
20230630,10,120.0,23,232,48
20230630,11,211.9,92,354,48
20230630,12,169.3,95,236,48
20230630,13,138.3,62,246,48
20230630,14,159.8,100,264,48
20230630,15,129.9,86,183,48
20230630,16,24.4,10,53,48
20230630,17,223.6,112,317,48
20230630,18,124.1,77,174,48
20230701,1,0.0,0,0,48
20230701,2,7.4,4,11,48
20230701,3,18.4,12,23,48
20230701,4,3.4,2,5,48
20230701,5,87.2,62,106,48
20230701,6,51.7,30,65,48
20230701,7,48.9,8,208,48
20230701,8,38.9,28,52,48
20230701,9,148.9,105,195,48
20230701,10,58.8,41,87,48
20230701,11,168.0,72,299,48
20230701,12,108.6,72,132,48
20230701,13,82.0,61,117,48
20230701,14,114.7,81,162,48
20230701,15,81.7,60,103,48
20230701,16,7.4,5,10,48
20230701,17,37.1,3,119,48
20230701,18,70.1,50,88,48
20230702,1,0.0,0,0,48
20230702,2,7.0,5,9,48
20230702,3,19.4,8,30,48
20230702,4,3.2,2,4,48
20230702,5,89.7,68,112,48
20230702,6,49.2,15,76,48
20230702,7,133.9,68,207,48
20230702,8,40.7,25,59,48
20230702,9,161.9,128,209,48
20230702,10,92.3,57,129,48
20230702,11,143.9,42,274,48
20230702,12,104.4,68,155,48
20230702,13,94.7,76,116,48
20230702,14,98.4,68,141,48
20230702,15,86.1,69,106,48
20230702,16,6.5,4,9,48
20230702,17,71.9,27,114,48
20230702,18,76.1,60,93,48
20230703,1,0.0,0,0,48
20230703,2,10.1,7,17,48
20230703,3,17.3,11,28,48
20230703,4,2.5,2,4,48
20230703,5,94.7,72,127,48
20230703,6,28.7,13,39,48
20230703,7,105.3,60,169,48
20230703,8,37.7,30,54,48
20230703,9,145.9,94,188,48
20230703,10,89.6,54,122,48
20230703,11,129.3,20,235,48
20230703,12,102.2,66,142,48
20230703,13,92.2,61,121,48
20230703,14,98.5,75,133,48
20230703,15,79.9,61,111,48
20230703,16,7.8,5,13,48
20230703,17,75.1,45,118,48
20230703,18,70.5,54,99,48
20230704,1,6.9,0,14,48
20230704,2,19.2,11,29,48
20230704,3,48.3,12,90,48
20230704,4,1.5,1,4,48
20230704,5,163.1,90,243,48
20230704,6,64.8,17,120,48
20230704,7,290.4,91,368,48
20230704,8,146.6,29,278,48
20230704,9,238.5,105,394,48
20230704,10,135.0,38,222,48
20230704,11,204.7,123,345,48
20230704,12,159.3,93,286,48
20230704,13,134.3,55,202,48
20230704,14,148.6,74,216,48
20230704,15,133.7,65,221,48
20230704,16,54.4,9,100,48
20230704,17,241.2,56,332,48
20230704,18,132.0,61,212,48
20230705,1,8.0,2,16,48
20230705,2,21.3,15,35,48
20230705,3,46.7,23,83,48
20230705,4,4.9,1,40,48
20230705,5,180.2,116,242,48
20230705,6,39.8,18,79,48
20230705,7,246.0,169,347,48
20230705,8,139.9,88,193,48
20230705,9,232.4,162,335,48
20230705,10,137.8,61,223,48
20230705,11,156.5,21,374,48
20230705,12,136.3,70,253,48
20230705,13,136.3,88,214,48
20230705,14,139.1,98,221,48
20230705,15,132.8,91,202,48
20230705,16,36.9,19,61,48
20230705,17,179.5,112,301,48
20230705,18,125.2,85,185,48
20230706,1,2.2,0,8,48
20230706,2,19.5,10,33,48
20230706,3,64.5,26,98,48
20230706,4,2.7,1,5,48
20230706,5,179.1,127,228,48
20230706,6,63.7,37,93,48
20230706,7,291.5,189,359,48
20230706,8,124.0,41,211,48
20230706,9,239.6,185,285,48
20230706,10,178.0,136,229,48
20230706,11,218.0,49,345,48
20230706,12,175.1,118,239,48
20230706,13,184.2,152,226,48
20230706,14,208.6,147,309,48
20230706,15,157.5,121,183,48
20230706,16,26.6,10,51,48
20230706,17,222.3,70,320,48
20230706,18,147.4,113,174,48
20230707,1,0.0,0,0,48
20230707,2,20.1,5,57,48
20230707,3,50.3,29,79,48
20230707,4,4.4,2,14,48
20230707,5,150.3,103,195,48
20230707,6,47.6,13,144,48
20230707,7,133.3,23,315,48
20230707,8,69.3,26,128,48
20230707,9,183.6,121,239,48
20230707,10,123.1,37,208,48
20230707,11,249.6,58,388,48
20230707,12,156.3,70,239,48
20230707,13,143.4,64,228,48
20230707,14,183.1,103,293,48
20230707,15,127.1,80,183,48
20230707,16,16.1,4,46,48
20230707,17,78.7,9,253,48
20230707,18,111.0,67,158,48
20230708,1,0.0,0,0,48
20230708,2,16.8,6,42,48
20230708,3,45.0,15,94,48
20230708,4,5.7,2,20,48
20230708,5,142.0,80,220,48
20230708,6,43.9,7,111,48
20230708,7,182.1,21,389,48
20230708,8,114.1,25,248,48
20230708,9,214.1,118,313,48
20230708,10,136.1,37,211,48
20230708,11,232.0,110,378,48
20230708,12,147.7,96,280,48
20230708,13,135.9,66,226,48
20230708,14,152.8,117,232,48
20230708,15,127.8,74,207,48
20230708,16,13.5,4,36,48
20230708,17,147.1,2,380,48
20230708,18,116.4,67,195,48
20230709,1,1.9,0,9,48
20230709,2,18.0,12,27,48
20230709,3,78.8,39,120,48
20230709,4,1.8,1,3,48
20230709,5,193.6,151,237,48
20230709,6,69.5,35,108,48
20230709,7,334.0,249,387,48
20230709,8,186.5,118,253,48
20230709,9,286.5,211,350,48
20230709,10,192.6,160,229,48
20230709,11,193.2,33,376,48
20230709,12,174.8,73,291,48
20230709,13,182.0,133,227,48
20230709,14,184.7,124,252,48
20230709,15,169.9,119,226,48
20230709,16,21.0,11,50,48
20230709,17,282.9,199,355,48
20230709,18,160.7,113,210,48
20230710,1,8.0,6,12,48
20230710,2,27.0,23,55,48
20230710,3,87.9,56,136,48
20230710,4,6.2,1,46,48
20230710,5,206.4,145,249,48
20230710,6,63.3,27,122,48
20230710,7,320.4,248,373,48
20230710,8,192.4,98,282,48
20230710,9,275.7,202,335,48
20230710,10,199.6,132,243,48
20230710,11,260.8,113,359,48
20230710,12,219.3,146,293,48
20230710,13,207.1,186,257,48
20230710,14,226.7,161,297,48
20230710,15,186.1,155,223,48
20230710,16,32.9,15,50,48
20230710,17,259.8,148,329,48
20230710,18,176.1,142,211,48
20230711,1,0.4,0,6,48
20230711,2,25.6,18,35,48
20230711,3,62.2,28,99,48
20230711,4,9.6,1,61,48
20230711,5,173.6,141,216,48
20230711,6,64.6,26,105,48
20230711,7,313.4,225,365,48
20230711,8,174.6,101,223,48
20230711,9,244.9,190,306,48
20230711,10,140.1,97,171,48
20230711,11,216.8,64,352,48
20230711,12,216.6,174,275,48
20230711,13,164.0,127,209,48
20230711,14,207.8,162,291,48
20230711,15,161.8,137,196,48
20230711,16,28.0,16,49,48
20230711,17,232.7,103,328,48
20230711,18,153.3,123,187,48
20230712,1,0.2,0,3,48
20230712,2,28.3,12,37,48
20230712,3,64.8,31,108,48
20230712,4,2.5,1,7,48
20230712,5,171.7,105,220,48
20230712,6,57.4,32,103,48
20230712,7,311.6,180,368,48
20230712,8,141.7,53,238,48
20230712,9,232.7,107,286,48
20230712,10,147.4,116,185,48
20230712,11,204.1,39,352,48
20230712,12,197.4,82,260,48
20230712,13,166.7,142,199,48
20230712,14,203.7,152,239,48
20230712,15,156.8,93,196,48
20230712,16,26.7,11,72,48
20230712,17,215.2,148,326,48
20230712,18,147.7,89,189,48
20230713,1,7.7,0,13,48
20230713,2,24.3,18,36,48
20230713,3,100.5,44,138,48
20230713,4,3.5,1,33,48
20230713,5,206.4,181,243,48
20230713,6,124.0,76,172,48
20230713,7,346.1,291,376,48
20230713,8,223.4,166,258,48
20230713,9,273.1,237,312,48
20230713,10,205.2,133,242,48
20230713,11,245.8,61,379,48
20230713,12,212.6,110,288,48
20230713,13,204.4,155,240,48
20230713,14,213.3,138,281,48
20230713,15,191.8,152,228,48
20230713,16,47.1,19,86,48
20230713,17,306.1,229,347,48
20230713,18,184.8,151,219,48
20230714,1,5.2,0,18,48
20230714,2,20.0,6,35,48
20230714,3,69.0,6,114,48
20230714,4,6.5,1,58,48
20230714,5,185.2,97,268,48
20230714,6,88.7,13,176,48
20230714,7,275.7,94,376,48
20230714,8,150.1,21,279,48
20230714,9,227.0,112,339,48
20230714,10,179.8,74,252,48
20230714,11,249.7,93,349,48
20230714,12,185.5,96,322,48
20230714,13,192.8,95,277,48
20230714,14,225.2,155,316,48
20230714,15,164.0,82,247,48
20230714,16,40.2,5,92,48
20230714,17,227.2,27,358,48
20230714,18,156.1,69,239,48
20230715,1,1.7,0,14,48
20230715,2,18.9,5,84,48
20230715,3,13.3,2,22,48
20230715,4,3.0,1,14,48
20230715,5,99.9,83,117,48
20230715,6,15.7,5,57,48
20230715,7,70.5,7,204,48
20230715,8,32.8,16,48,48
20230715,9,116.9,89,150,48
20230715,10,57.9,24,103,48
20230715,11,125.8,52,205,48
20230715,12,83.5,55,123,48
20230715,13,70.8,38,116,48
20230715,14,101.6,59,156,48
20230715,15,68.8,45,88,48
20230715,16,15.0,4,62,48
20230715,17,28.8,3,60,48
20230715,18,59.6,38,81,48
20230716,1,0.6,0,7,48
20230716,2,10.9,6,21,48
20230716,3,19.3,12,39,48
20230716,4,4.6,2,17,48
20230716,5,137.1,103,181,48
20230716,6,16.1,6,54,48
20230716,7,60.0,13,131,48
20230716,8,41.9,22,72,48
20230716,9,147.3,105,212,48
20230716,10,91.8,67,117,48
20230716,11,173.9,66,347,48
20230716,12,117.4,77,182,48
20230716,13,110.4,87,146,48
20230716,14,147.9,121,220,48
20230716,15,94.6,73,140,48
20230716,16,8.5,5,16,48
20230716,17,40.6,2,107,48
20230716,18,80.2,60,120,48
20230717,1,0.0,0,0,48
20230717,2,14.0,9,28,48
20230717,3,40.8,9,92,48
20230717,4,2.4,2,4,48
20230717,5,140.5,96,232,48
20230717,6,77.2,24,158,48
20230717,7,294.5,133,383,48
20230717,8,134.4,43,247,48
20230717,9,212.0,137,310,48
20230717,10,149.0,40,230,48
20230717,11,186.4,11,387,48
20230717,12,158.3,51,291,48
20230717,13,150.9,62,248,48
20230717,14,163.7,87,275,48
20230717,15,136.9,80,222,48
20230717,16,15.5,6,70,48
20230717,17,222.5,68,355,48
20230717,18,129.5,75,215,48
20230718,1,15.4,0,33,48
20230718,2,44.3,26,72,48
20230718,3,94.0,33,126,48
20230718,4,10.3,2,36,48
20230718,5,242.8,225,266,48
20230718,6,182.8,67,296,48
20230718,7,364.3,340,389,48
20230718,8,277.9,228,328,48
20230718,9,347.4,300,430,48
20230718,10,267.6,225,293,48
20230718,11,270.3,65,387,48
20230718,12,225.9,109,337,48
20230718,13,244.4,184,303,48
20230718,14,243.3,176,331,48
20230718,15,224.5,191,260,48
20230718,16,105.4,60,136,48
20230718,17,340.4,303,368,48
20230718,18,220.6,192,254,48
20230719,1,1.2,0,14,48
20230719,2,24.3,16,43,48
20230719,3,102.5,76,137,48
20230719,4,2.6,2,20,48
20230719,5,248.5,236,266,48
20230719,6,122.9,86,165,48
20230719,7,345.0,298,380,48
20230719,8,231.5,191,280,48
20230719,9,324.9,278,364,48
20230719,10,252.8,230,281,48
20230719,11,266.3,119,384,48
20230719,12,245.0,146,322,48
20230719,13,253.7,192,300,48
20230719,14,264.6,179,348,48
20230719,15,221.8,185,251,48
20230719,16,50.6,29,103,48
20230719,17,317.1,264,356,48
20230719,18,210.8,177,242,48
20230720,1,0.3,0,3,48
20230720,2,23.7,18,29,48
20230720,3,105.1,60,134,48
20230720,4,2.0,2,2,48
20230720,5,241.4,215,257,48
20230720,6,159.1,127,186,48
20230720,7,356.9,304,389,48
20230720,8,236.3,207,267,48
20230720,9,331.2,289,399,48
20230720,10,256.3,217,290,48
20230720,11,294.0,143,390,48
20230720,12,247.4,128,334,48
20230720,13,261.9,190,313,48
20230720,14,274.5,178,374,48
20230720,15,229.1,187,260,48
20230720,16,32.8,14,56,48
20230720,17,327.0,280,357,48
20230720,18,214.4,181,242,48
20230721,1,1.7,0,12,48
20230721,2,28.0,22,34,48
20230721,3,103.5,44,123,48
20230721,4,7.1,1,81,48
20230721,5,225.6,182,270,48
20230721,6,86.5,37,163,48
20230721,7,355.1,313,382,48
20230721,8,244.7,209,281,48
20230721,9,309.4,261,371,48
20230721,10,229.5,193,262,48
20230721,11,283.0,86,387,48
20230721,12,252.9,143,341,48
20230721,13,248.1,188,302,48
20230721,14,271.7,173,364,48
20230721,15,219.5,180,258,48
20230721,16,44.1,22,75,48
20230721,17,293.3,227,343,48
20230721,18,205.1,169,243,48
20230722,1,4.5,0,18,48
20230722,2,16.4,7,34,48
20230722,3,37.3,13,74,48
20230722,4,2.1,2,3,48
20230722,5,141.4,99,197,48
20230722,6,32.3,13,100,48
20230722,7,259.8,173,349,48
20230722,8,123.8,52,181,48
20230722,9,204.8,104,295,48
20230722,10,127.5,49,201,48
20230722,11,196.0,63,354,48
20230722,12,136.8,90,244,48
20230722,13,131.3,67,231,48
20230722,14,146.8,104,287,48
20230722,15,122.5,76,200,48
20230722,16,30.3,6,69,48
20230722,17,218.0,164,298,48
20230722,18,118.2,73,190,48
20230723,1,0.0,0,0,48
20230723,2,7.2,5,12,48
20230723,3,28.3,18,45,48
20230723,4,3.1,2,4,48
20230723,5,115.2,64,159,48
20230723,6,26.4,16,61,48
20230723,7,191.8,98,342,48
20230723,8,55.6,29,102,48
20230723,9,150.9,84,281,48
20230723,10,71.2,39,163,48
20230723,11,159.3,59,277,48
20230723,12,113.3,49,207,48
20230723,13,92.9,54,170,48
20230723,14,130.3,89,190,48
20230723,15,91.3,52,150,48
20230723,16,6.6,4,13,48
20230723,17,113.5,72,186,48
20230723,18,82.3,47,133,48
20230724,1,0.0,0,0,48
20230724,2,21.8,10,35,48
20230724,3,104.7,15,148,48
20230724,4,7.1,2,29,48
20230724,5,181.3,78,263,48
20230724,6,98.4,18,184,48
20230724,7,323.4,170,375,48
20230724,8,199.2,48,278,48
20230724,9,253.3,161,365,48
20230724,10,197.0,107,247,48
20230724,11,253.9,164,377,48
20230724,12,190.0,127,293,48
20230724,13,199.3,128,254,48
20230724,14,208.5,157,266,48
20230724,15,178.5,102,237,48
20230724,16,34.8,8,69,48
20230724,17,286.4,158,352,48
20230724,18,169.5,99,226,48
20230725,1,1.7,0,13,48
20230725,2,26.0,16,55,48
20230725,3,118.3,89,153,48
20230725,4,11.4,2,51,48
20230725,5,228.4,188,262,48
20230725,6,117.5,81,155,48
20230725,7,345.2,287,380,48
20230725,8,251.2,187,330,48
20230725,9,339.6,289,400,48
20230725,10,274.4,246,318,48
20230725,11,256.2,74,389,48
20230725,12,226.8,149,295,48
20230725,13,251.1,200,298,48
20230725,14,245.5,177,334,48
20230725,15,226.0,189,268,48
20230725,16,40.6,11,112,48
20230725,17,296.0,209,337,48
20230725,18,211.4,174,254,48
20230726,1,14.9,0,59,48
20230726,2,37.3,12,91,48
20230726,3,118.6,30,169,48
20230726,4,20.2,2,64,48
20230726,5,203.0,135,232,48
20230726,6,98.8,20,171,48
20230726,7,339.3,249,380,48
20230726,8,225.2,94,302,48
20230726,9,290.3,216,346,48
20230726,10,210.9,121,264,48
20230726,11,258.3,50,387,48
20230726,12,198.7,94,297,48
20230726,13,207.1,145,289,48
20230726,14,225.3,144,332,48
20230726,15,197.4,134,238,48
20230726,16,74.5,10,148,48
20230726,17,272.7,164,326,48
20230726,18,189.2,123,229,48
20230727,1,0.0,0,0,48
20230727,2,20.7,11,29,48
20230727,3,108.7,21,141,48
20230727,4,21.2,2,95,48
20230727,5,216.1,138,252,48
20230727,6,103.6,13,208,48
20230727,7,295.9,161,368,48
20230727,8,233.5,91,286,48
20230727,9,307.6,221,347,48
20230727,10,152.6,70,199,48
20230727,11,251.0,146,381,48
20230727,12,208.6,164,274,48
20230727,13,153.8,86,205,48
20230727,14,160.6,113,246,48
20230727,15,184.6,127,223,48
20230727,16,41.5,10,86,48
20230727,17,240.0,88,342,48
20230727,18,172.1,114,212,48
20230728,1,7.3,0,32,48
20230728,2,31.9,11,72,48
20230728,3,119.3,31,169,48
20230728,4,23.0,2,102,48
20230728,5,227.2,165,257,48
20230728,6,147.8,66,215,48
20230728,7,338.2,295,372,48
20230728,8,246.6,85,333,48
20230728,9,323.3,204,393,48
20230728,10,213.4,114,262,48
20230728,11,289.1,170,375,48
20230728,12,208.7,105,299,48
20230728,13,210.7,144,278,48
20230728,14,225.9,166,298,48
20230728,15,208.8,141,246,48
20230728,16,66.9,10,122,48
20230728,17,289.3,176,352,48
20230728,18,199.6,128,239,48
20230729,1,0.0,0,0,48
20230729,2,14.0,6,32,48
20230729,3,32.6,16,49,48
20230729,4,3.1,2,8,48
20230729,5,126.1,78,159,48
20230729,6,49.4,28,73,48
20230729,7,125.3,31,289,48
20230729,8,59.3,34,90,48
20230729,9,192.2,131,241,48
20230729,10,105.8,43,155,48
20230729,11,169.6,15,301,48
20230729,12,127.4,74,180,48
20230729,13,119.0,84,159,48
20230729,14,137.1,98,217,48
20230729,15,106.0,63,137,48
20230729,16,11.0,5,24,48
20230729,17,96.8,29,172,48
20230729,18,93.7,56,123,48
20230730,1,1.6,0,14,48
20230730,2,14.8,9,29,48
20230730,3,51.7,24,79,48
20230730,4,5.5,2,11,48
20230730,5,137.2,115,167,48
20230730,6,57.9,31,101,48
20230730,7,130.5,56,240,48
20230730,8,83.1,56,167,48
20230730,9,161.4,118,224,48
20230730,10,79.4,43,118,48
20230730,11,205.1,94,328,48
20230730,12,129.5,100,172,48
20230730,13,92.8,65,124,48
20230730,14,119.7,88,155,48
20230730,15,102.7,82,135,48
20230730,16,18.7,8,54,48
20230730,17,108.4,33,208,48
20230730,18,92.0,73,124,48
20230731,1,4.3,0,23,48
20230731,2,20.7,10,64,48
20230731,3,34.8,21,60,48
20230731,4,19.3,2,104,48
20230731,5,157.2,122,182,48
20230731,6,44.0,10,71,48
20230731,7,222.0,108,292,48
20230731,8,96.0,53,130,48
20230731,9,202.2,149,244,48
20230731,10,108.4,50,164,48
20230731,11,199.0,139,288,48
20230731,12,163.3,135,200,48
20230731,13,123.7,69,160,48
20230731,14,149.8,106,191,48
20230731,15,123.9,98,145,48
20230731,16,26.8,8,66,48
20230731,17,159.8,70,226,48
20230731,18,114.8,90,137,48
20230801,1,7.5,0,23,48
20230801,2,38.1,16,61,48
20230801,3,88.5,18,169,48
20230801,4,36.9,2,72,48
20230801,5,184.5,140,257,48
20230801,6,101.6,15,258,48
20230801,7,250.8,122,368,48
20230801,8,176.5,56,297,48
20230801,9,243.1,165,344,48
20230801,10,158.7,85,263,48
20230801,11,207.3,83,361,48
20230801,12,150.3,93,221,48
20230801,13,156.1,97,216,48
20230801,14,165.9,120,215,48
20230801,15,158.1,99,236,48
20230801,16,60.3,15,106,48
20230801,17,194.2,68,333,48
20230801,18,148.8,91,219,48
20230802,1,0.0,0,0,48
20230802,2,13.4,8,22,48
20230802,3,53.9,32,86,48
20230802,4,6.1,2,59,48
20230802,5,151.4,92,196,48
20230802,6,37.5,16,73,48
20230802,7,229.0,81,313,48
20230802,8,110.8,57,159,48
20230802,9,187.6,106,271,48
20230802,10,94.4,31,176,48
20230802,11,182.0,72,318,48
20230802,12,123.6,91,168,48
20230802,13,124.1,74,161,48
20230802,14,150.0,116,193,48
20230802,15,119.1,80,152,48
20230802,16,11.5,7,25,48
20230802,17,152.6,73,223,48
20230802,18,107.7,73,137,48
20230803,1,0.0,0,0,48
20230803,2,11.1,7,20,48
20230803,3,52.1,35,74,48
20230803,4,6.2,2,49,48
20230803,5,131.9,103,169,48
20230803,6,62.0,34,95,48
20230803,7,225.8,91,319,48
20230803,8,98.8,46,130,48
20230803,9,190.0,118,285,48
20230803,10,133.2,35,231,48
20230803,11,213.0,86,319,48
20230803,12,136.8,92,176,48
20230803,13,153.1,68,241,48
20230803,14,180.1,115,290,48
20230803,15,130.1,90,176,48
20230803,16,8.5,6,14,48
20230803,17,122.0,41,196,48
20230803,18,116.2,82,159,48
20230804,1,6.1,0,32,48
20230804,2,35.0,12,92,48
20230804,3,88.2,34,154,48
20230804,4,19.4,3,50,48
20230804,5,215.1,134,280,48
20230804,6,126.8,50,293,48
20230804,7,273.7,105,386,48
20230804,8,212.4,53,355,48
20230804,9,321.6,223,413,48
20230804,10,219.8,140,278,48
20230804,11,273.4,107,388,48
20230804,12,192.1,135,308,48
20230804,13,229.6,187,260,48
20230804,14,247.0,210,295,48
20230804,15,202.0,142,265,48
20230804,16,62.1,8,177,48
20230804,17,228.7,72,374,48
20230804,18,186.6,121,259,48
20230805,1,31.3,19,42,48
20230805,2,72.7,45,115,48
20230805,3,116.4,54,151,48
20230805,4,26.2,2,68,48
20230805,5,252.1,168,291,48
20230805,6,134.9,81,229,48
20230805,7,305.9,144,384,48
20230805,8,240.8,110,323,48
20230805,9,270.4,129,355,48
20230805,10,146.1,22,253,48
20230805,11,180.8,10,379,48
20230805,12,166.4,84,310,48
20230805,13,156.3,62,276,48
20230805,14,164.3,85,291,48
20230805,15,174.2,95,252,48
20230805,16,130.7,69,190,48
20230805,17,259.0,134,373,48
20230805,18,174.8,95,253,48
20230806,1,22.8,9,39,48
20230806,2,45.5,18,62,48
20230806,3,90.3,38,125,48
20230806,4,52.6,3,114,48
20230806,5,134.4,102,175,48
20230806,6,80.9,35,157,48
20230806,7,188.2,45,358,48
20230806,8,117.4,78,190,48
20230806,9,144.8,100,222,48
20230806,10,65.5,21,131,48
20230806,11,207.9,74,344,48
20230806,12,84.8,56,129,48
20230806,13,82.4,50,133,48
20230806,14,95.7,72,150,48
20230806,15,101.7,69,149,48
20230806,16,60.7,35,101,48
20230806,17,140.4,48,284,48
20230806,18,99.7,65,148,48
20230807,1,2.9,0,10,48
20230807,2,18.0,12,31,48
20230807,3,86.7,20,133,48
20230807,4,9.3,2,42,48
20230807,5,164.3,107,201,48
20230807,6,116.0,21,199,48
20230807,7,293.2,207,371,48
20230807,8,166.7,69,251,48
20230807,9,255.2,153,315,48
20230807,10,160.1,43,233,48
20230807,11,211.4,52,377,48
20230807,12,121.1,68,233,48
20230807,13,145.5,86,231,48
20230807,14,144.2,105,244,48
20230807,15,151.7,105,203,48
20230807,16,37.3,11,68,48
20230807,17,243.0,121,323,48
20230807,18,143.7,95,183,48
20230808,1,0.0,0,0,48
20230808,2,11.7,9,16,48
20230808,3,72.5,25,109,48
20230808,4,7.1,3,28,48
20230808,5,164.6,93,228,48
20230808,6,121.2,25,190,48
20230808,7,332.7,194,382,48
20230808,8,183.4,69,270,48
20230808,9,265.6,165,361,48
20230808,10,133.7,48,196,48
20230808,11,258.7,96,379,48
20230808,12,157.6,94,261,48
20230808,13,136.4,77,193,48
20230808,14,147.8,119,250,48
20230808,15,158.1,101,217,48
20230808,16,10.1,8,18,48
20230808,17,274.8,120,362,48
20230808,18,148.0,94,202,48
20230809,1,4.8,0,29,48
20230809,2,27.8,12,74,48
20230809,3,124.9,37,175,48
20230809,4,39.0,3,95,48
20230809,5,225.0,134,289,48
20230809,6,141.9,30,276,48
20230809,7,342.5,222,391,48
20230809,8,245.2,106,372,48
20230809,9,321.7,235,440,48
20230809,10,165.3,94,224,48
20230809,11,282.4,125,388,48
20230809,12,195.8,104,318,48
20230809,13,174.4,107,229,48
20230809,14,192.8,131,272,48
20230809,15,202.2,138,277,48
20230809,16,41.7,9,111,48
20230809,17,292.8,102,387,48
20230809,18,189.7,121,260,48
20230810,1,13.4,0,49,48
20230810,2,38.4,14,83,48
20230810,3,138.8,65,175,48
20230810,4,28.2,2,99,48
20230810,5,231.6,126,270,48
20230810,6,175.8,117,222,48
20230810,7,340.2,275,385,48
20230810,8,259.4,133,317,48
20230810,9,313.0,220,362,48
20230810,10,163.5,106,209,48
20230810,11,271.1,133,368,48
20230810,12,226.6,100,336,48
20230810,13,189.5,153,235,48
20230810,14,232.4,155,312,48
20230810,15,211.5,161,247,48
20230810,16,67.9,13,122,48
20230810,17,316.7,207,376,48
20230810,18,201.6,151,238,48
20230811,1,0.0,0,0,48
20230811,2,20.8,4,54,48
20230811,3,31.2,16,60,48
20230811,4,7.8,3,19,48
20230811,5,103.9,65,166,48
20230811,6,59.5,24,127,48
20230811,7,225.0,57,319,48
20230811,8,72.5,25,143,48
20230811,9,176.8,72,302,48
20230811,10,91.2,28,142,48
20230811,11,240.9,35,378,48
20230811,12,167.7,86,250,48
20230811,13,132.5,71,183,48
20230811,14,190.3,108,264,48
20230811,15,121.0,54,183,48
20230811,16,17.4,4,43,48
20230811,17,138.0,35,250,48
20230811,18,109.6,48,168,48
20230812,1,0.0,0,0,48
20230812,2,17.4,7,49,48
20230812,3,48.6,15,65,48
20230812,4,5.8,3,18,48
20230812,5,106.3,75,130,48
20230812,6,47.1,30,85,48
20230812,7,132.9,21,279,48
20230812,8,55.2,37,84,48
20230812,9,150.8,71,234,48
20230812,10,72.7,37,113,48
20230812,11,252.2,101,366,48
20230812,12,138.2,81,237,48
20230812,13,94.6,54,168,48
20230812,14,125.7,73,232,48
20230812,15,102.6,68,160,48
20230812,16,15.2,6,46,48
20230812,17,107.2,47,203,48
20230812,18,90.7,57,148,48
20230813,1,1.0,0,6,48
20230813,2,16.6,11,28,48
20230813,3,31.2,15,59,48
20230813,4,2.8,2,6,48
20230813,5,145.8,98,227,48
20230813,6,24.5,11,62,48
20230813,7,206.2,97,364,48
20230813,8,108.9,44,236,48
20230813,9,221.9,102,356,48
20230813,10,69.9,19,114,48
20230813,11,220.1,56,355,48
20230813,12,194.7,92,320,48
20230813,13,102.2,54,156,48
20230813,14,135.9,97,239,48
20230813,15,119.7,72,189,48
20230813,16,20.4,8,66,48
20230813,17,159.0,54,343,48
20230813,18,110.4,64,181,48
20230814,1,17.9,5,37,48
20230814,2,43.6,29,58,48
20230814,3,91.6,53,114,48
20230814,4,26.6,2,70,48
20230814,5,188.4,141,252,48
20230814,6,74.4,31,119,48
20230814,7,309.7,243,375,48
20230814,8,215.7,118,256,48
20230814,9,265.4,215,307,48
20230814,10,124.5,87,164,48
20230814,11,238.2,52,380,48
20230814,12,222.8,114,318,48
20230814,13,146.6,111,175,48
20230814,14,180.2,125,250,48
20230814,15,170.3,131,202,48
20230814,16,83.2,27,112,48
20230814,17,246.1,161,314,48
20230814,18,165.1,135,186,48
20230815,1,14.2,5,21,48
20230815,2,40.1,28,53,48
20230815,3,125.3,72,162,48
20230815,4,27.3,2,61,48
20230815,5,233.9,165,296,48
20230815,6,157.1,40,273,48
20230815,7,347.0,291,389,48
20230815,8,249.6,119,376,48
20230815,9,323.8,214,473,48
20230815,10,153.8,79,246,48
20230815,11,272.3,86,390,48
20230815,12,236.6,123,385,48
20230815,13,182.9,141,294,48
20230815,14,211.9,140,345,48
20230815,15,204.4,161,287,48
20230815,16,89.4,48,135,48
20230815,17,306.5,212,380,48
20230815,18,198.2,156,275,48
20230816,1,22.0,3,49,48
20230816,2,44.1,23,82,48
20230816,3,145.5,99,173,48
20230816,4,31.3,3,78,48
20230816,5,292.4,268,310,48
20230816,6,225.3,138,283,48
20230816,7,364.5,322,390,48
20230816,8,310.9,257,357,48
20230816,9,370.5,321,417,48
20230816,10,198.9,87,243,48
20230816,11,282.0,127,390,48
20230816,12,268.1,157,371,48
20230816,13,222.9,130,296,48
20230816,14,246.5,187,351,48
20230816,15,244.3,198,284,48
20230816,16,104.4,30,152,48
20230816,17,347.0,289,387,48
20230816,18,235.4,193,274,48
20230817,1,9.7,0,30,48
20230817,2,16.8,7,23,48
20230817,3,64.0,14,111,48
20230817,4,4.7,2,6,48
20230817,5,228.1,120,273,48
20230817,6,72.3,15,127,48
20230817,7,296.8,156,356,48
20230817,8,156.3,36,233,48
20230817,9,307.9,268,340,48
20230817,10,122.4,62,162,48
20230817,11,201.1,93,337,48
20230817,12,251.9,180,300,48
20230817,13,148.0,92,188,48
20230817,14,177.3,125,217,48
20230817,15,171.9,121,212,48
20230817,16,18.5,9,37,48
20230817,17,238.0,121,339,48
20230817,18,160.0,109,196,48
20230818,1,26.1,0,39,48
20230818,2,21.6,9,29,48
20230818,3,38.5,13,58,48
20230818,4,9.0,6,12,48
20230818,5,144.1,94,187,48
20230818,6,41.4,10,60,48
20230818,7,204.2,98,300,48
20230818,8,67.6,23,107,48
20230818,9,258.8,200,299,48
20230818,10,156.1,98,220,48
20230818,11,191.6,106,285,48
20230818,12,183.4,135,226,48
20230818,13,169.5,115,220,48
20230818,14,198.6,137,254,48
20230818,15,150.0,112,178,48
20230818,16,21.5,12,41,48
20230818,17,100.8,35,172,48
20230818,18,131.9,97,160,48
20230819,1,1.6,0,35,48
20230819,2,14.7,5,29,48
20230819,3,11.5,2,28,48
20230819,4,7.8,3,15,48
20230819,5,97.3,62,161,48
20230819,6,16.2,3,47,48
20230819,7,153.5,15,345,48
20230819,8,29.7,6,64,48
20230819,9,185.0,86,274,48
20230819,10,68.5,18,110,48
20230819,11,197.2,60,370,48
20230819,12,127.1,53,231,48
20230819,13,108.0,46,185,48
20230819,14,172.6,94,270,48
20230819,15,98.3,46,163,48
20230819,16,14.7,5,25,48
20230819,17,83.2,17,177,48
20230819,18,87.6,41,147,48
20230820,1,0.2,0,2,48
20230820,2,20.0,6,38,48
20230820,3,29.2,10,60,48
20230820,4,5.1,2,14,48
20230820,5,165.0,97,221,48
20230820,6,19.2,6,45,48
20230820,7,287.6,133,370,48
20230820,8,79.7,14,157,48
20230820,9,245.1,138,359,48
20230820,10,124.1,30,228,48
20230820,11,233.5,67,383,48
20230820,12,166.1,66,293,48
20230820,13,161.5,107,264,48
20230820,14,196.4,132,299,48
20230820,15,136.9,78,222,48
20230820,16,15.0,8,39,48
20230820,17,159.6,46,257,48
20230820,18,124.8,69,201,48
20230821,1,0.0,0,0,48
20230821,2,17.4,8,45,48
20230821,3,28.3,12,56,48
20230821,4,7.1,4,16,48
20230821,5,177.3,133,211,48
20230821,6,41.8,18,89,48
20230821,7,322.9,236,370,48
20230821,8,85.8,34,141,48
20230821,9,249.6,189,297,48
20230821,10,146.2,86,196,48
20230821,11,236.4,90,382,48
20230821,12,195.5,139,245,48
20230821,13,196.4,169,222,48
20230821,14,268.4,230,306,48
20230821,15,159.4,127,186,48
20230821,16,15.5,7,36,48
20230821,17,194.6,129,263,48
20230821,18,146.1,117,171,48
20230822,1,0.9,0,9,48
20230822,2,15.6,9,22,48
20230822,3,47.5,7,95,48
20230822,4,3.6,2,5,48
20230822,5,208.5,134,292,48
20230822,6,41.3,7,116,48
20230822,7,326.1,254,383,48
20230822,8,139.3,35,278,48
20230822,9,312.8,214,426,48
20230822,10,168.7,120,257,48
20230822,11,251.3,34,388,48
20230822,12,256.0,187,370,48
20230822,13,216.6,175,289,48
20230822,14,271.6,230,323,48
20230822,15,189.1,137,271,48
20230822,16,22.8,8,60,48
20230822,17,240.4,103,349,48
20230822,18,172.8,130,249,48
20230823,1,1.9,0,9,48
20230823,2,19.3,13,29,48
20230823,3,117.4,70,165,48
20230823,4,3.1,2,16,48
20230823,5,288.9,205,325,48
20230823,6,176.9,30,247,48
20230823,7,367.0,310,387,48
20230823,8,275.5,175,339,48
20230823,9,364.2,239,436,48
20230823,10,211.5,81,275,48
20230823,11,283.5,72,390,48
20230823,12,302.2,180,395,48
20230823,13,249.2,61,328,48
20230823,14,280.0,62,362,48
20230823,15,242.2,96,308,48
20230823,16,38.9,11,60,48
20230823,17,332.2,181,374,48
20230823,18,225.1,104,282,48
20230824,1,23.1,0,113,48
20230824,2,23.6,18,37,48
20230824,3,103.4,61,144,48
20230824,4,7.4,2,33,48
20230824,5,274.2,218,300,48
20230824,6,142.3,43,210,48
20230824,7,358.9,278,387,48
20230824,8,263.1,148,314,48
20230824,9,356.3,259,396,48
20230824,10,181.3,42,218,48
20230824,11,291.0,105,383,48
20230824,12,315.1,115,373,48
20230824,13,244.6,137,283,48
20230824,14,305.5,189,352,48
20230824,15,239.1,161,274,48
20230824,16,42.4,20,68,48
20230824,17,325.9,138,367,48
20230824,18,222.7,137,250,48
20230825,1,6.9,0,21,48
20230825,2,30.2,23,46,48
20230825,3,105.9,69,137,48
20230825,4,5.6,2,84,48
20230825,5,271.4,222,298,48
20230825,6,111.6,60,173,48
20230825,7,370.3,346,387,48
20230825,8,271.1,219,302,48
20230825,9,345.3,326,378,48
20230825,10,179.0,132,217,48
20230825,11,296.8,115,388,48
20230825,12,298.8,238,350,48
20230825,13,224.2,167,257,48
20230825,14,272.1,191,316,48
20230825,15,228.7,195,257,48
20230825,16,71.5,52,92,48
20230825,17,324.5,294,349,48
20230825,18,216.2,189,240,48
20230826,1,3.8,0,6,48
20230826,2,22.2,16,33,48
20230826,3,89.5,67,112,48
20230826,4,2.8,2,9,48
20230826,5,246.1,217,270,48
20230826,6,83.5,42,154,48
20230826,7,340.0,266,377,48
20230826,8,219.7,157,274,48
20230826,9,320.5,267,361,48
20230826,10,151.6,121,183,48
20230826,11,225.1,23,378,48
20230826,12,222.4,86,300,48
20230826,13,176.1,128,233,48
20230826,14,203.5,130,290,48
20230826,15,188.9,140,231,48
20230826,16,45.1,14,96,48
20230826,17,276.3,221,337,48
20230826,18,177.0,133,215,48
20230827,1,4.2,0,12,48
20230827,2,21.6,16,28,48
20230827,3,40.6,25,65,48
20230827,4,3.3,2,13,48
20230827,5,222.7,179,289,48
20230827,6,51.2,13,158,48
20230827,7,299.3,201,371,48
20230827,8,137.6,65,253,48
20230827,9,277.3,215,350,48
20230827,10,105.7,55,163,48
20230827,11,211.8,67,332,48
20230827,12,164.6,77,255,48
20230827,13,135.0,97,197,48
20230827,14,157.1,106,233,48
20230827,15,146.0,114,203,48
20230827,16,31.5,12,55,48
20230827,17,210.5,115,300,48
20230827,18,136.6,111,186,48
20230828,1,0.0,0,0,48
20230828,2,15.6,10,20,48
20230828,3,61.2,17,96,48
20230828,4,2.6,2,5,48
20230828,5,213.5,133,287,48
20230828,6,114.1,27,164,48
20230828,7,352.8,325,381,48
20230828,8,176.1,52,264,48
20230828,9,289.4,205,354,48
20230828,10,151.6,51,215,48
20230828,11,245.9,104,379,48
20230828,12,236.9,161,311,48
20230828,13,196.2,92,268,48
20230828,14,239.8,102,324,48
20230828,15,183.9,113,240,48
20230828,16,26.3,9,51,48
20230828,17,276.9,153,355,48
20230828,18,171.2,106,222,48
20230829,1,0.7,0,4,48
20230829,2,11.1,8,17,48
20230829,3,42.0,10,73,48
20230829,4,3.5,2,5,48
20230829,5,215.0,165,260,48
20230829,6,96.8,26,149,48
20230829,7,368.1,334,382,48
20230829,8,154.8,95,193,48
20230829,9,284.4,218,324,48
20230829,10,170.9,95,211,48
20230829,11,271.5,160,338,48
20230829,12,249.3,210,302,48
20230829,13,213.5,138,256,48
20230829,14,257.6,194,302,48
20230829,15,190.9,140,225,48
20230829,16,9.4,7,14,48
20230829,17,280.4,233,333,48
20230829,18,175.3,133,205,48
20230830,1,6.7,0,127,48
20230830,2,21.8,12,30,48
20230830,3,78.5,19,115,48
20230830,4,3.0,2,8,48
20230830,5,188.5,126,245,48
20230830,6,92.0,28,173,48
20230830,7,341.2,296,386,48
20230830,8,155.8,42,238,48
20230830,9,263.7,190,319,48
20230830,10,144.1,90,176,48
20230830,11,241.1,112,366,48
20230830,12,249.2,201,334,48
20230830,13,190.4,141,240,48
20230830,14,235.6,185,302,48
20230830,15,177.5,134,236,48
20230830,16,34.9,11,67,48
20230830,17,256.6,125,360,48
20230830,18,167.3,124,225,48
20230831,1,43.2,6,204,48
20230831,2,21.9,17,27,48
20230831,3,108.9,71,130,48
20230831,4,2.9,2,17,48
20230831,5,279.2,245,299,48
20230831,6,154.4,84,222,48
20230831,7,370.5,342,388,48
20230831,8,250.3,198,298,48
20230831,9,330.1,300,356,48
20230831,10,189.8,132,228,48
20230831,11,303.7,173,375,48
20230831,12,289.6,213,351,48
20230831,13,236.8,193,290,48
20230831,14,272.0,222,347,48
20230831,15,231.7,204,258,48
20230831,16,51.6,18,73,48
20230831,17,329.6,279,371,48
20230831,18,219.3,194,242,48
20230901,1,76.9,3,242,48
20230901,2,18.9,14,34,48
20230901,3,106.3,63,141,48
20230901,4,3.0,2,4,48
20230901,5,281.0,252,298,48
20230901,6,147.1,112,214,48
20230901,7,372.6,331,387,48
20230901,8,246.5,191,291,48
20230901,9,344.3,318,379,48
20230901,10,193.7,155,238,48
20230901,11,301.0,171,390,48
20230901,12,281.7,192,328,48
20230901,13,248.1,216,288,48
20230901,14,291.5,247,348,48
20230901,15,234.8,213,267,48
20230901,16,35.5,14,52,48
20230901,17,348.7,313,376,48
20230901,18,221.4,203,250,48
20230902,1,56.0,0,202,48
20230902,2,18.0,11,43,48
20230902,3,82.4,35,116,48
20230902,4,3.5,2,5,48
20230902,5,241.1,171,276,48
20230902,6,105.9,31,153,48
20230902,7,362.1,290,389,48
20230902,8,207.2,73,281,48
20230902,9,317.3,262,351,48
20230902,10,169.5,125,229,48
20230902,11,285.7,87,390,48
20230902,12,228.4,82,330,48
20230902,13,207.7,140,266,48
20230902,14,241.7,148,326,48
20230902,15,201.6,131,242,48
20230902,16,26.0,10,59,48
20230902,17,301.0,183,374,48
20230902,18,190.9,126,225,48
20230903,1,50.6,0,96,48
20230903,2,29.8,8,59,48
20230903,3,29.4,16,53,48
20230903,4,10.5,3,22,48
20230903,5,145.5,74,234,48
20230903,6,51.3,19,78,48
20230903,7,266.0,133,387,48
20230903,8,74.4,23,184,48
20230903,9,245.3,157,352,48
20230903,10,163.4,126,231,48
20230903,11,245.1,76,365,48
20230903,12,141.4,57,265,48
20230903,13,156.1,106,235,48
20230903,14,160.0,97,270,48
20230903,15,138.7,86,208,48
20230903,16,33.6,15,51,48
20230903,17,156.9,76,274,48
20230903,18,128.5,78,196,48
20230904,1,71.6,0,177,48
20230904,2,38.5,9,76,48
20230904,3,36.0,11,78,48
20230904,4,3.5,2,6,48
20230904,5,223.0,143,288,48
20230904,6,66.1,26,136,48
20230904,7,316.7,247,368,48
20230904,8,171.4,63,282,48
20230904,9,331.3,268,405,48
20230904,10,179.1,146,217,48
20230904,11,238.7,49,356,48
20230904,12,234.7,153,319,48
20230904,13,197.2,153,256,48
20230904,14,202.8,142,261,48
20230904,15,188.2,143,253,48
20230904,16,32.7,13,71,48
20230904,17,238.1,168,305,48
20230904,18,175.4,133,236,48
20230905,1,180.5,50,300,48
20230905,2,41.2,13,76,48
20230905,3,39.2,26,61,48
20230905,4,2.6,2,8,48
20230905,5,231.1,166,284,48
20230905,6,47.8,15,98,48
20230905,7,317.8,234,385,48
20230905,8,186.2,126,276,48
20230905,9,331.9,257,386,48
20230905,10,189.0,118,274,48
20230905,11,252.4,61,378,48
20230905,12,279.9,181,356,48
20230905,13,220.7,154,303,48
20230905,14,239.9,149,335,48
20230905,15,207.6,145,258,48
20230905,16,55.9,19,105,48
20230905,17,254.5,167,293,48
20230905,18,195.1,135,236,48
20230906,1,92.7,12,262,48
20230906,2,46.1,16,113,48
20230906,3,81.2,34,120,48
20230906,4,7.4,2,31,48
20230906,5,269.7,230,312,48
20230906,6,139.1,69,217,48
20230906,7,362.0,304,387,48
20230906,8,191.7,142,275,48
20230906,9,342.3,283,432,48
20230906,10,231.5,184,297,48
20230906,11,309.0,163,400,48
20230906,12,292.6,217,369,48
20230906,13,259.6,199,312,48
20230906,14,273.9,195,333,48
20230906,15,234.4,187,293,48
20230906,16,37.4,13,85,48
20230906,17,298.8,234,383,48
20230906,18,219.1,174,275,48
20230907,1,236.4,150,313,48
20230907,2,103.5,78,147,48
20230907,3,84.4,70,102,48
20230907,4,3.0,2,11,48
20230907,5,270.1,249,287,48
20230907,6,172.8,117,248,48
20230907,7,356.8,296,386,48
20230907,8,207.1,168,257,48
20230907,9,354.1,284,411,48
20230907,10,234.9,184,279,48
20230907,11,290.6,147,386,48
20230907,12,287.0,175,347,48
20230907,13,255.7,182,308,48
20230907,14,266.0,182,340,48
20230907,15,239.3,183,281,48
20230907,16,113.9,80,152,48
20230907,17,315.9,262,370,48
20230907,18,231.8,180,269,48
20230908,1,246.1,85,357,48
20230908,2,79.4,23,145,48
20230908,3,59.8,39,86,48
20230908,4,2.1,2,6,48
20230908,5,295.2,263,320,48
20230908,6,249.4,200,303,48
20230908,7,367.3,308,390,48
20230908,8,249.1,189,300,48
20230908,9,388.1,341,431,48
20230908,10,253.5,207,289,48
20230908,11,301.9,135,391,48
20230908,12,309.5,227,381,48
20230908,13,282.4,219,326,48
20230908,14,299.2,212,357,48
20230908,15,260.2,212,291,48
20230908,16,132.0,69,169,48
20230908,17,356.8,296,387,48
20230908,18,252.4,212,278,48
20230909,1,46.3,0,161,48
20230909,2,25.3,11,43,48
20230909,3,53.0,22,93,48
20230909,4,2.0,2,2,48
20230909,5,250.0,178,321,48
20230909,6,118.6,40,233,48
20230909,7,366.3,303,389,48
20230909,8,214.6,119,300,48
20230909,9,337.9,238,430,48
20230909,10,211.0,167,277,48
20230909,11,293.7,87,390,48
20230909,12,252.7,110,381,48
20230909,13,248.5,169,326,48
20230909,14,280.2,180,362,48
20230909,15,219.4,136,296,48
20230909,16,30.7,8,67,48
20230909,17,339.2,212,386,48
20230909,18,206.1,129,275,48
20230910,1,226.4,1,310,48
20230910,2,86.3,22,142,48
20230910,3,64.3,48,91,48
20230910,4,3.1,2,13,48
20230910,5,247.1,206,272,48
20230910,6,106.1,52,160,48
20230910,7,355.3,292,383,48
20230910,8,219.6,175,274,48
20230910,9,357.5,292,410,48
20230910,10,206.0,162,236,48
20230910,11,289.5,115,382,48
20230910,12,277.3,231,361,48
20230910,13,232.4,197,281,48
20230910,14,252.2,179,322,48
20230910,15,222.2,196,268,48
20230910,16,107.5,44,154,48
20230910,17,329.6,269,377,48
20230910,18,216.8,194,251,48
20230911,1,55.1,0,149,48
20230911,2,26.5,17,50,48
20230911,3,93.6,44,120,48
20230911,4,4.9,2,21,48
20230911,5,239.1,126,303,48
20230911,6,130.6,42,233,48
20230911,7,330.3,286,362,48
20230911,8,213.4,128,268,48
20230911,9,335.3,188,420,48
20230911,10,193.6,99,258,48
20230911,11,316.9,193,389,48
20230911,12,305.9,231,375,48
20230911,13,249.3,158,302,48
20230911,14,294.5,235,330,48
20230911,15,228.8,150,282,48
20230911,16,41.7,23,65,48
20230911,17,318.1,283,370,48
20230911,18,213.4,146,260,48
20230912,1,158.4,2,272,48
20230912,2,56.7,19,105,48
20230912,3,82.1,55,108,48
20230912,4,2.2,2,13,48
20230912,5,251.8,140,303,48
20230912,6,180.1,141,214,48
20230912,7,338.7,280,378,48
20230912,8,208.0,106,281,48
20230912,9,344.9,151,413,48
20230912,10,241.7,93,299,48
20230912,11,300.6,189,388,48
20230912,12,303.5,210,361,48
20230912,13,274.9,120,325,48
20230912,14,313.4,167,355,48
20230912,15,244.0,139,290,48
20230912,16,88.5,32,133,48
20230912,17,287.5,219,333,48
20230912,18,231.7,140,265,48
20230913,1,174.6,0,326,48
20230913,2,65.8,6,124,48
20230913,3,59.5,30,84,48
20230913,4,4.2,2,12,48
20230913,5,217.5,135,262,48
20230913,6,153.2,79,192,48
20230913,7,322.6,242,380,48
20230913,8,145.8,52,212,48
20230913,9,291.6,147,385,48
20230913,10,163.5,52,288,48
20230913,11,246.3,95,362,48
20230913,12,245.2,189,303,48
20230913,13,180.6,65,283,48
20230913,14,208.5,102,310,48
20230913,15,189.9,128,244,48
20230913,16,63.4,12,129,48
20230913,17,249.5,90,327,48
20230913,18,179.2,131,216,48
20230914,1,48.3,9,73,48
20230914,2,30.5,8,43,48
20230914,3,59.3,19,94,48
20230914,4,7.8,4,12,48
20230914,5,201.8,90,289,48
20230914,6,120.4,36,200,48
20230914,7,322.6,178,381,48
20230914,8,145.8,27,244,48
20230914,9,316.0,162,442,48
20230914,10,204.3,113,287,48
20230914,11,245.1,104,380,48
20230914,12,242.8,134,353,48
20230914,13,224.7,135,291,48
20230914,14,247.3,177,307,48
20230914,15,200.5,108,274,48
20230914,16,19.2,8,35,48
20230914,17,216.0,45,354,48
20230914,18,180.3,93,248,48
20230915,1,213.2,11,336,48
20230915,2,67.6,22,103,48
20230915,3,59.8,20,80,48
20230915,4,4.8,4,10,48
20230915,5,247.4,165,284,48
20230915,6,171.2,86,213,48
20230915,7,351.5,292,380,48
20230915,8,194.0,64,259,48
20230915,9,343.8,224,406,48
20230915,10,179.5,105,242,48
20230915,11,270.3,128,373,48
20230915,12,251.9,121,339,48
20230915,13,196.2,128,262,48
20230915,14,201.3,134,284,48
20230915,15,208.1,135,250,48
20230915,16,96.9,26,157,48
20230915,17,311.8,196,358,48
20230915,18,201.9,130,239,48
20230916,1,208.4,89,273,48
20230916,2,58.2,16,90,48
20230916,3,26.9,19,41,48
20230916,4,8.1,2,25,48
20230916,5,176.8,136,243,48
20230916,6,48.2,25,94,48
20230916,7,273.1,147,334,48
20230916,8,91.8,39,148,48
20230916,9,287.8,190,360,48
20230916,10,144.3,52,209,48
20230916,11,244.3,160,336,48
20230916,12,193.6,125,312,48
20230916,13,151.1,90,187,48
20230916,14,149.7,96,231,48
20230916,15,150.6,121,191,48
20230916,16,68.8,35,110,48
20230916,17,198.4,130,267,48
20230916,18,144.4,114,185,48
20230917,1,123.0,0,281,48
20230917,2,40.0,6,76,48
20230917,3,28.3,13,49,48
20230917,4,4.6,2,10,48
20230917,5,146.6,112,199,48
20230917,6,26.3,11,39,48
20230917,7,228.2,99,350,48
20230917,8,82.0,32,145,48
20230917,9,274.9,172,382,48
20230917,10,103.3,37,192,48
20230917,11,248.2,173,332,48
20230917,12,208.0,177,260,48
20230917,13,135.3,79,219,48
20230917,14,155.1,88,233,48
20230917,15,137.5,102,195,48
20230917,16,56.8,13,90,48
20230917,17,136.4,65,221,48
20230917,18,128.4,90,176,48
20230918,1,2.0,0,28,48
20230918,2,5.5,2,13,48
20230918,3,13.3,7,21,48
20230918,4,2.7,2,4,48
20230918,5,96.6,54,136,48
20230918,6,25.1,14,49,48
20230918,7,126.7,38,273,48
20230918,8,27.9,11,47,48
20230918,9,135.6,64,208,48
20230918,10,38.3,12,72,48
20230918,11,148.7,26,270,48
20230918,12,119.8,49,190,48
20230918,13,79.1,29,154,48
20230918,14,123.8,38,246,48
20230918,15,76.7,31,126,48
20230918,16,11.3,5,19,48
20230918,17,53.0,18,97,48
20230918,18,67.9,27,111,48
20230919,1,0.0,0,0,48
20230919,2,11.6,3,42,48
20230919,3,12.7,7,20,48
20230919,4,4.0,2,11,48
20230919,5,78.8,55,99,48
20230919,6,25.3,18,49,48
20230919,7,57.0,36,82,48
20230919,8,30.4,17,46,48
20230919,9,119.5,74,150,48
20230919,10,21.5,11,35,48
20230919,11,140.9,102,191,48
20230919,12,112.9,68,136,48
20230919,13,60.4,40,75,48
20230919,14,114.3,83,139,48
20230919,15,65.6,43,78,48
20230919,16,14.5,4,42,48
20230919,17,28.9,12,58,48
20230919,18,57.6,39,72,48
20230920,1,0.0,0,0,48
20230920,2,8.5,5,16,48
20230920,3,13.3,6,26,48
20230920,4,4.6,3,11,48
20230920,5,75.8,44,122,48
20230920,6,32.5,20,52,48
20230920,7,49.0,18,109,48
20230920,8,37.9,25,64,48
20230920,9,165.0,110,237,48
20230920,10,25.5,1,55,48
20230920,11,199.6,121,323,48
20230920,12,149.3,103,214,48
20230920,13,75.4,42,124,48
20230920,14,121.0,80,171,48
20230920,15,79.2,56,118,48
20230920,16,8.8,5,17,48
20230920,17,39.5,24,97,48
20230920,18,68.8,47,104,48
20230921,1,7.8,0,22,48
20230921,2,10.5,4,16,48
20230921,3,31.5,13,57,48
20230921,4,4.4,3,6,48
20230921,5,170.1,72,277,48
20230921,6,48.2,13,109,48
20230921,7,274.8,92,356,48
20230921,8,78.6,16,168,48
20230921,9,292.4,169,424,48
20230921,10,168.6,44,262,48
20230921,11,274.4,132,378,48
20230921,12,203.8,123,294,48
20230921,13,201.1,73,295,48
20230921,14,239.6,82,332,48
20230921,15,168.0,82,243,48
20230921,16,8.8,4,17,48
20230921,17,126.8,31,237,48
20230921,18,146.8,70,214,48
20230922,1,15.4,0,45,48
20230922,2,18.9,8,46,48
20230922,3,33.7,19,51,48
20230922,4,4.9,2,11,48
20230922,5,176.0,146,215,48
20230922,6,42.0,20,79,48
20230922,7,220.3,68,352,48
20230922,8,75.6,37,142,48
20230922,9,313.0,249,420,48
20230922,10,146.5,80,217,48
20230922,11,222.0,10,372,48
20230922,12,202.4,131,318,48
20230922,13,180.1,113,253,48
20230922,14,207.7,136,276,48
20230922,15,156.5,115,221,48
20230922,16,27.4,9,50,48
20230922,17,84.6,33,155,48
20230922,18,137.7,102,196,48
20230923,1,12.3,0,58,48
20230923,2,25.5,4,60,48
20230923,3,34.1,7,66,48
20230923,4,4.2,2,13,48
20230923,5,168.0,82,235,48
20230923,6,78.5,8,139,48
20230923,7,204.3,42,331,48
20230923,8,128.1,8,260,48
20230923,9,331.3,151,427,48
20230923,10,126.8,27,236,48
20230923,11,211.0,60,370,48
20230923,12,181.9,107,272,48
20230923,13,154.0,76,248,48
20230923,14,181.7,126,279,48
20230923,15,151.5,72,207,48
20230923,16,49.9,4,97,48
20230923,17,134.9,27,244,48
20230923,18,138.8,68,187,48
20230924,1,0.0,0,0,48
20230924,2,6.2,4,14,48
20230924,3,9.3,4,18,48
20230924,4,3.5,3,8,48
20230924,5,64.3,43,80,48
20230924,6,10.0,4,18,48
20230924,7,138.7,77,198,48
20230924,8,14.6,6,25,48
20230924,9,102.1,33,154,48
20230924,10,37.4,7,73,48
20230924,11,139.4,41,213,48
20230924,12,115.4,72,139,48
20230924,13,68.4,38,95,48
20230924,14,118.8,90,155,48
20230924,15,65.9,41,78,48
20230924,16,5.1,3,9,48
20230924,17,51.2,31,73,48
20230924,18,57.5,36,66,48
20230925,1,0.0,0,0,48
20230925,2,8.6,5,18,48
20230925,3,21.6,4,48,48
20230925,4,4.8,3,9,48
20230925,5,119.0,56,228,48
20230925,6,26.6,5,68,48
20230925,7,176.8,84,371,48
20230925,8,35.8,4,104,48
20230925,9,225.9,121,393,48
20230925,10,118.1,20,234,48
20230925,11,192.5,19,377,48
20230925,12,161.8,77,298,48
20230925,13,155.9,54,283,48
20230925,14,218.0,103,330,48
20230925,15,124.5,67,231,48
20230925,16,12.6,5,40,48
20230925,17,91.2,43,211,48
20230925,18,109.2,58,205,48
20230926,1,0.0,0,0,48
20230926,2,11.7,7,18,48
20230926,3,20.9,3,37,48
20230926,4,5.0,4,7,48
20230926,5,151.3,94,223,48
20230926,6,46.1,18,88,48
20230926,7,182.4,82,359,48
20230926,8,54.1,18,114,48
20230926,9,265.0,120,372,48
20230926,10,121.1,33,186,48
20230926,11,245.7,42,384,48
20230926,12,209.2,124,296,48
20230926,13,182.5,92,235,48
20230926,14,251.0,146,315,48
20230926,15,146.7,72,207,48
20230926,16,11.2,4,24,48
20230926,17,106.4,57,173,48
20230926,18,130.1,66,183,48
20230927,1,0.0,0,0,48
20230927,2,19.4,10,44,48
20230927,3,22.7,3,48,48
20230927,4,6.6,2,13,48
20230927,5,139.1,62,240,48
20230927,6,46.5,8,93,48
20230927,7,196.0,102,301,48
20230927,8,68.4,11,167,48
20230927,9,255.3,62,473,48
20230927,10,132.5,12,283,48
20230927,11,259.9,122,383,48
20230927,12,216.7,96,331,48
20230927,13,191.9,74,303,48
20230927,14,253.1,159,362,48
20230927,15,155.6,62,241,48
20230927,16,19.6,8,42,48
20230927,17,123.7,43,204,48
20230927,18,137.3,54,210,48
20230928,1,0.0,0,0,48
20230928,2,10.8,0,27,48
20230928,3,10.1,1,18,48
20230928,4,6.0,2,17,48
20230928,5,107.4,2,179,48
20230928,6,21.6,0,69,48
20230928,7,128.7,22,312,48
20230928,8,28.3,15,70,48
20230928,9,185.7,69,375,48
20230928,10,68.6,14,142,48
20230928,11,225.0,140,333,48
20230928,12,186.4,95,302,48
20230928,13,150.9,53,241,48
20230928,14,234.0,35,330,48
20230928,15,116.5,57,201,48
20230928,16,10.9,8,21,48
20230928,17,75.7,31,150,48
20230928,18,101.1,49,176,48
20230929,1,0.0,0,0,48
20230929,2,8.3,6,12,48
20230929,3,12.3,4,23,48
20230929,4,4.3,3,6,48
20230929,5,118.3,80,177,48
20230929,6,24.0,9,44,48
20230929,7,114.9,8,264,48
20230929,8,34.0,12,59,48
20230929,9,219.5,153,324,48
20230929,10,99.0,25,214,48
20230929,11,219.9,15,383,48
20230929,12,175.4,98,244,48
20230929,13,144.4,75,241,48
20230929,14,200.1,85,317,48
20230929,15,118.7,63,184,48
20230929,16,9.3,6,20,48
20230929,17,50.9,15,90,48
20230929,18,101.4,53,155,48
20230930,1,2.2,0,11,48
20230930,2,31.0,10,84,48
20230930,3,24.3,8,62,48
20230930,4,4.8,2,14,48
20230930,5,189.3,76,250,48
20230930,6,71.1,15,123,48
20230930,7,252.3,68,370,48
20230930,8,142.2,20,303,48
20230930,9,339.7,138,462,48
20230930,10,185.0,42,251,48
20230930,11,282.9,124,380,48
20230930,12,223.4,116,284,48
20230930,13,217.7,87,252,48
20230930,14,248.6,170,340,48
20230930,15,183.3,80,238,48
20230930,16,34.5,8,83,48
20230930,17,195.4,46,324,48
20230930,18,165.9,70,212,48
20231001,1,12.0,0,68,48
20231001,2,15.4,6,48,48
20231001,3,21.8,2,68,48
20231001,4,4.4,2,11,48
20231001,5,116.3,64,223,48
20231001,6,53.8,13,130,48
20231001,7,181.4,46,379,48
20231001,8,72.2,16,193,48
20231001,9,198.1,100,377,48
20231001,10,93.9,29,171,48
20231001,11,272.8,126,363,48
20231001,12,186.1,113,317,48
20231001,13,142.5,78,244,48
20231001,14,203.6,147,321,48
20231001,15,127.0,75,220,48
20231001,16,11.6,5,29,48
20231001,17,121.3,40,265,48
20231001,18,112.5,64,195,48
20231002,1,38.6,0,88,48
20231002,2,29.3,5,53,48
20231002,3,69.7,24,99,48
20231002,4,7.0,3,16,48
20231002,5,230.6,113,276,48
20231002,6,122.1,44,184,48
20231002,7,330.6,83,385,48
20231002,8,155.3,61,216,48
20231002,9,335.6,198,410,48
20231002,10,238.5,48,300,48
20231002,11,340.0,224,390,48
20231002,12,273.7,164,332,48
20231002,13,271.7,86,321,48
20231002,14,308.4,130,360,48
20231002,15,227.4,101,268,48
20231002,16,19.2,6,33,48
20231002,17,261.0,60,337,48
20231002,18,203.6,85,241,48
20231003,1,11.2,0,66,48
20231003,2,11.7,3,43,48
20231003,3,7.5,2,27,48
20231003,4,4.7,2,16,48
20231003,5,86.5,47,140,48
20231003,6,13.2,3,42,48
20231003,7,102.6,18,262,48
20231003,8,20.5,5,66,48
20231003,9,122.4,66,193,48
20231003,10,41.5,16,113,48
20231003,11,161.5,32,252,48
20231003,12,144.1,84,213,48
20231003,13,74.8,41,128,48
20231003,14,113.3,56,180,48
20231003,15,74.4,39,113,48
20231003,16,10.8,3,29,48
20231003,17,50.1,4,103,48
20231003,18,64.7,33,95,48
20231004,1,0.9,0,18,48
20231004,2,10.7,4,18,48
20231004,3,8.7,1,18,48
20231004,4,3.9,2,7,48
20231004,5,99.5,49,170,48
20231004,6,12.7,5,31,48
20231004,7,146.2,4,340,48
20231004,8,27.4,9,74,48
20231004,9,125.7,61,211,48
20231004,10,56.0,23,106,48
20231004,11,208.6,48,307,48
20231004,12,165.5,74,268,48
20231004,13,105.0,60,181,48
20231004,14,161.5,81,268,48
20231004,15,88.6,34,153,48
20231004,16,14.8,6,26,48
20231004,17,82.5,17,178,48
20231004,18,80.2,35,136,48
20231005,1,0.8,0,6,48
20231005,2,21.7,7,57,48
20231005,3,12.1,3,34,48
20231005,4,5.4,3,8,48
20231005,5,138.6,74,209,48
20231005,6,65.0,8,115,48
20231005,7,175.9,66,355,48
20231005,8,70.9,13,180,48
20231005,9,187.9,100,283,48
20231005,10,72.9,20,133,48
20231005,11,255.4,136,380,48
20231005,12,217.0,118,321,48
20231005,13,147.4,60,217,48
20231005,14,226.1,126,307,48
20231005,15,128.4,69,194,48
20231005,16,29.6,7,105,48
20231005,17,161.8,65,291,48
20231005,18,119.2,61,187,48
20231006,1,0.0,0,0,48
20231006,2,11.0,6,27,48
20231006,3,4.1,1,10,48
20231006,4,4.8,2,9,48
20231006,5,97.4,68,149,48
20231006,6,21.4,4,63,48
20231006,7,146.6,9,309,48
20231006,8,27.3,9,78,48
20231006,9,112.2,57,190,48
20231006,10,65.8,23,119,48
20231006,11,209.9,53,372,48
20231006,12,149.8,89,252,48
20231006,13,89.0,52,151,48
20231006,14,120.8,69,204,48
20231006,15,85.1,52,146,48
20231006,16,13.4,5,47,48
20231006,17,77.6,3,163,48
20231006,18,75.0,44,130,48
20231007,1,10.2,0,35,48
20231007,2,13.5,5,28,48
20231007,3,2.4,1,7,48
20231007,4,3.1,2,8,48
20231007,5,96.2,62,164,48
20231007,6,27.2,8,66,48
20231007,7,165.7,45,333,48
20231007,8,46.3,11,135,48
20231007,9,143.7,80,285,48
20231007,10,66.6,22,99,48
20231007,11,247.3,63,381,48
20231007,12,183.4,110,307,48
20231007,13,94.5,51,156,48
20231007,14,116.9,60,197,48
20231007,15,94.7,60,168,48
20231007,16,13.5,5,40,48
20231007,17,125.1,48,261,48
20231007,18,86.7,55,155,48
20231008,1,16.4,0,68,48
20231008,2,18.3,7,46,48
20231008,3,9.0,3,17,48
20231008,4,4.7,2,14,48
20231008,5,126.9,71,196,48
20231008,6,61.9,14,136,48
20231008,7,258.6,76,376,48
20231008,8,90.1,22,181,48
20231008,9,228.9,155,304,48
20231008,10,137.7,70,193,48
20231008,11,258.7,85,390,48
20231008,12,216.8,144,325,48
20231008,13,185.9,118,276,48
20231008,14,222.3,139,321,48
20231008,15,145.0,97,213,48
20231008,16,27.3,9,61,48
20231008,17,171.5,77,283,48
20231008,18,132.5,86,197,48
20231009,1,52.7,0,139,48
20231009,2,36.4,10,76,48
20231009,3,38.0,3,76,48
20231009,4,14.6,2,40,48
20231009,5,203.2,98,278,48
20231009,6,153.8,40,248,48
20231009,7,328.2,124,377,48
20231009,8,206.9,43,328,48
20231009,9,332.4,166,470,48
20231009,10,184.9,78,317,48
20231009,11,347.7,248,391,48
20231009,12,309.5,208,388,48
20231009,13,247.0,126,340,48
20231009,14,278.0,190,360,48
20231009,15,218.7,114,294,48
20231009,16,67.9,34,111,48
20231009,17,258.4,130,347,48
20231009,18,202.7,110,261,48
20231010,1,17.9,0,113,48
20231010,2,19.9,5,72,48
20231010,3,10.5,3,32,48
20231010,4,14.8,8,31,48
20231010,5,128.1,60,187,48
20231010,6,49.1,19,91,48
20231010,7,239.7,62,374,48
20231010,8,59.9,12,132,48
20231010,9,189.9,82,293,48
20231010,10,102.3,28,172,48
20231010,11,308.4,139,389,48
20231010,12,221.3,103,333,48
20231010,13,166.2,54,262,48
20231010,14,221.0,110,316,48
20231010,15,137.0,60,199,48
20231010,16,25.1,10,61,48
20231010,17,131.5,32,244,48
20231010,18,123.2,54,180,48
20231011,1,0.0,0,1,48
20231011,2,8.6,5,13,48
20231011,3,8.8,3,23,48
20231011,4,8.8,6,12,48
20231011,5,143.5,62,225,48
20231011,6,42.6,13,125,48
20231011,7,269.6,78,369,48
20231011,8,81.4,10,218,48
20231011,9,199.0,80,374,48
20231011,10,81.5,23,153,48
20231011,11,263.3,164,384,48
20231011,12,205.5,107,318,48
20231011,13,124.4,56,192,48
20231011,14,157.3,120,197,48
20231011,15,124.5,60,200,48
20231011,16,7.3,4,16,48
20231011,17,135.3,22,270,48
20231011,18,110.9,53,179,48
20231012,1,52.8,0,126,48
20231012,2,48.0,10,84,48
20231012,3,37.3,6,74,48
20231012,4,8.7,4,19,48
20231012,5,213.4,142,256,48
20231012,6,174.3,39,265,48
20231012,7,352.7,194,383,48
20231012,8,243.9,55,371,48
20231012,9,410.7,231,513,48
20231012,10,233.9,108,319,48
20231012,11,356.1,315,389,48
20231012,12,331.2,227,397,48
20231012,13,266.3,135,357,48
20231012,14,249.9,117,354,48
20231012,15,243.5,138,298,48
20231012,16,53.8,7,136,48
20231012,17,308.8,136,356,48
20231012,18,224.4,118,281,48
20231013,1,0.6,0,20,48
20231013,2,8.9,5,17,48
20231013,3,6.0,3,13,48
20231013,4,11.9,7,18,48
20231013,5,99.1,52,143,48
20231013,6,23.6,5,53,48
20231013,7,129.5,60,248,48
20231013,8,37.1,13,78,48
20231013,9,147.1,81,240,48
20231013,10,66.0,8,106,48
20231013,11,185.7,85,306,48
20231013,12,162.6,101,223,48
20231013,13,89.0,40,121,48
20231013,14,115.6,84,149,48
20231013,15,85.8,55,127,48
20231013,16,12.5,6,27,48
20231013,17,76.9,35,173,48
20231013,18,75.6,49,106,48
20231014,1,0.0,0,1,48
20231014,2,7.7,6,12,48
20231014,3,3.1,2,5,48
20231014,4,7.8,5,12,48
20231014,5,72.3,58,109,48
20231014,6,13.6,7,25,48
20231014,7,127.6,32,252,48
20231014,8,24.1,10,47,48
20231014,9,119.5,72,202,48
20231014,10,75.3,30,125,48
20231014,11,123.9,38,236,48
20231014,12,132.1,91,179,48
20231014,13,94.6,56,143,48
20231014,14,131.2,96,160,48
20231014,15,72.0,59,99,48
20231014,16,6.8,4,20,48
20231014,17,64.9,15,118,48
20231014,18,63.8,53,90,48
20231015,1,19.2,0,106,48
20231015,2,19.8,5,69,48
20231015,3,29.1,5,83,48
20231015,4,13.1,4,39,48
20231015,5,112.8,60,223,48
20231015,6,56.3,10,142,48
20231015,7,276.3,163,379,48
20231015,8,136.4,20,320,48
20231015,9,243.1,90,431,48
20231015,10,104.8,15,237,48
20231015,11,228.0,49,387,48
20231015,12,164.7,80,269,48
20231015,13,113.7,35,220,48
20231015,14,124.3,63,213,48
20231015,15,130.5,60,241,48
20231015,16,23.0,5,86,48
20231015,17,164.5,81,310,48
20231015,18,118.0,56,218,48
20231016,1,134.6,0,188,48
20231016,2,103.6,6,136,48
20231016,3,91.4,6,146,48
20231016,4,134.4,5,207,48
20231016,5,248.8,83,294,48
20231016,6,189.8,14,269,48
20231016,7,318.8,110,353,48
20231016,8,300.6,37,389,48
20231016,9,443.6,234,480,48
20231016,10,213.3,35,264,48
20231016,11,327.9,278,381,48
20231016,12,276.5,154,401,48
20231016,13,214.0,80,297,48
20231016,14,207.1,133,293,48
20231016,15,250.3,102,291,48
20231016,16,104.9,5,147,48
20231016,17,269.8,52,325,48
20231016,18,234.3,82,268,48
20231017,1,171.2,0,255,48
20231017,2,103.7,31,191,48
20231017,3,29.7,6,65,48
20231017,4,80.7,28,141,48
20231017,5,166.5,71,241,48
20231017,6,76.2,20,140,48
20231017,7,216.8,60,291,48
20231017,8,155.4,28,298,48
20231017,9,270.4,116,454,48
20231017,10,41.0,3,116,48
20231017,11,298.0,192,357,48
20231017,12,233.3,130,363,48
20231017,13,113.3,45,169,48
20231017,14,150.6,64,196,48
20231017,15,150.1,66,234,48
20231017,16,88.9,44,144,48
20231017,17,138.8,52,230,48
20231017,18,142.9,63,219,48
20231018,1,0.2,0,7,48
20231018,2,12.4,5,38,48
20231018,3,6.8,3,12,48
20231018,4,24.5,12,32,48
20231018,5,83.0,62,116,48
20231018,6,21.0,6,58,48
20231018,7,125.4,54,255,48
20231018,8,25.4,13,40,48
20231018,9,99.6,49,134,48
20231018,10,44.3,10,100,48
20231018,11,263.3,191,367,48
20231018,12,157.2,123,204,48
20231018,13,71.3,44,111,48
20231018,14,99.5,76,127,48
20231018,15,75.2,64,97,48
20231018,16,17.2,6,50,48
20231018,17,46.7,23,82,48
20231018,18,66.4,57,83,48
20231019,1,3.9,0,24,48
20231019,2,8.9,6,17,48
20231019,3,7.3,4,14,48
20231019,4,11.9,9,16,48
20231019,5,115.8,78,169,48
20231019,6,23.7,6,56,48
20231019,7,230.9,61,368,48
20231019,8,46.1,17,116,48
20231019,9,140.7,90,233,48
20231019,10,35.4,18,78,48
20231019,11,284.3,196,380,48
20231019,12,185.8,123,263,48
20231019,13,82.4,38,151,48
20231019,14,112.4,61,207,48
20231019,15,98.9,68,153,48
20231019,16,8.5,5,17,48
20231019,17,109.5,41,220,48
20231019,18,86.0,56,138,48
20231020,1,24.0,4,32,46
20231020,2,15.7,8,19,46
20231020,3,10.7,8,16,46
20231020,4,18.0,11,22,46
20231020,5,74.6,64,87,46
20231020,6,20.2,8,48,46
20231020,7,117.1,79,208,46
20231020,8,23.0,17,36,46
20231020,9,93.5,74,134,46
20231020,10,41.0,20,63,46
20231020,11,281.3,214,347,46
20231020,12,171.6,144,204,46
20231020,13,88.4,63,127,46
20231020,14,130.1,90,175,46
20231020,15,78.1,70,99,46
20231020,16,16.2,7,21,46
20231020,17,57.6,32,97,46
20231020,18,69.7,62,83,46
20231022,1,35.9,18,83,16
20231022,2,81.5,37,100,16
20231022,3,113.6,40,145,16
20231022,4,176.1,57,206,16
20231022,5,265.2,231,282,16
20231022,6,251.8,213,302,16
20231022,7,372.1,351,386,16
20231022,8,404.0,362,433,16
20231022,9,512.2,466,562,16
20231022,10,247.4,182,271,16
20231022,11,366.9,293,384,16
20231022,12,267.3,238,289,16
20231022,13,215.6,197,260,16
20231022,14,194.4,180,208,16
20231022,15,277.3,254,289,16
20231022,16,108.9,76,126,16
20231022,17,306.1,262,349,16
20231022,18,255.8,233,270,16
20231023,1,109.8,0,219,48
20231023,2,56.1,10,100,48
20231023,3,38.9,5,68,48
20231023,4,108.5,30,162,48
20231023,5,224.4,128,279,48
20231023,6,163.6,36,289,48
20231023,7,315.0,150,350,48
20231023,8,309.2,89,403,48
20231023,9,486.6,238,613,48
20231023,10,181.5,65,256,48
20231023,11,342.2,262,383,48
20231023,12,297.1,209,380,48
20231023,13,209.9,115,284,48
20231023,14,204.8,131,273,48
20231023,15,237.5,118,288,48
20231023,16,91.9,12,149,48
20231023,17,263.6,120,308,48
20231023,18,222.7,107,270,48
20231024,1,29.6,0,168,48
20231024,2,43.1,9,99,48
20231024,3,65.2,4,112,48
20231024,4,109.8,27,176,48
20231024,5,193.5,112,257,48
20231024,6,163.5,29,279,48
20231024,7,322.7,122,386,48
20231024,8,276.9,55,382,48
20231024,9,381.4,227,459,48
20231024,10,175.2,90,233,48
20231024,11,343.8,272,389,48
20231024,12,264.2,204,376,48
20231024,13,196.4,129,276,48
20231024,14,202.9,138,296,48
20231024,15,214.9,117,260,48
20231024,16,57.1,11,114,48
20231024,17,274.7,112,364,48
20231024,18,200.6,105,245,48
20231025,1,61.2,18,124,48
20231025,2,49.6,23,85,48
20231025,3,75.9,36,111,48
20231025,4,110.7,49,166,48
20231025,5,225.6,121,281,48
20231025,6,190.6,70,291,48
20231025,7,360.3,316,386,48
20231025,8,325.8,236,387,48
20231025,9,465.9,420,499,48
20231025,10,223.0,117,284,48
20231025,11,352.1,282,388,48
20231025,12,261.4,220,309,48
20231025,13,201.9,132,258,48
20231025,14,187.0,132,236,48
20231025,15,248.5,207,285,48
20231025,16,33.0,22,47,48
20231025,17,299.1,231,357,48
20231025,18,226.0,190,258,48
20231026,1,26.7,0,90,48
20231026,2,24.2,7,68,48
20231026,3,37.4,7,64,48
20231026,4,58.0,22,103,48
20231026,5,188.8,132,244,48
20231026,6,85.5,9,157,48
20231026,7,362.7,217,383,48
20231026,8,265.3,104,338,48
20231026,9,443.6,380,509,48
20231026,10,158.3,106,226,48
20231026,11,334.1,235,385,48
20231026,12,298.1,198,403,48
20231026,13,202.4,121,287,48
20231026,14,205.8,110,332,48
20231026,15,216.1,163,254,48
20231026,16,24.1,6,54,48
20231026,17,288.5,81,335,48
20231026,18,199.2,135,237,48
20231027,1,15.0,0,81,48
20231027,2,16.9,8,53,48
20231027,3,44.8,6,69,48
20231027,4,48.1,24,84,48
20231027,5,212.0,141,258,48
20231027,6,75.6,11,135,48
20231027,7,341.3,140,382,48
20231027,8,222.6,78,318,48
20231027,9,444.1,258,490,48
20231027,10,181.3,94,247,48
20231027,11,331.7,216,383,48
20231027,12,239.9,151,317,48
20231027,13,184.6,110,253,48
20231027,14,171.9,108,230,48
20231027,15,206.7,124,247,48
20231027,16,8.3,6,17,48
20231027,17,227.1,66,296,48
20231027,18,184.4,104,221,48
20231028,1,0.0,0,0,48
20231028,2,8.8,6,13,48
20231028,3,16.9,4,34,48
20231028,4,22.1,12,42,48
20231028,5,146.6,70,198,48
20231028,6,37.0,13,63,48
20231028,7,205.9,83,324,48
20231028,8,108.5,24,193,48
20231028,9,305.4,103,445,48
20231028,10,85.6,17,141,48
20231028,11,274.4,181,343,48
20231028,12,170.1,134,220,48
20231028,13,94.8,47,132,48
20231028,14,95.9,50,140,48
20231028,15,126.1,67,162,48
20231028,16,7.5,5,11,48
20231028,17,112.6,52,180,48
20231028,18,109.6,62,144,48
20231029,1,0.0,0,0,50
20231029,2,8.3,5,12,50
20231029,3,27.4,7,44,50
20231029,4,24.2,8,49,50
20231029,5,114.3,67,161,50
20231029,6,28.9,13,44,50
20231029,7,148.3,60,260,50
20231029,8,106.1,25,250,50
20231029,9,200.8,102,389,50
20231029,10,74.9,23,109,50
20231029,11,258.2,183,350,50
20231029,12,133.7,98,175,50
20231029,13,75.8,34,125,50
20231029,14,78.7,38,138,50
20231029,15,101.5,67,162,50
20231029,16,6.0,4,9,50
20231029,17,85.0,52,136,50
20231029,18,88.4,62,140,50
20231030,1,0.0,0,0,48
20231030,2,8.9,5,13,48
20231030,3,33.2,12,53,48
20231030,4,40.5,15,70,48
20231030,5,195.3,75,275,48
20231030,6,70.9,11,114,48
20231030,7,292.8,98,381,48
20231030,8,185.4,37,314,48
20231030,9,393.0,135,517,48
20231030,10,132.4,17,286,48
20231030,11,290.3,168,385,48
20231030,12,263.2,120,372,48
20231030,13,165.2,41,320,48
20231030,14,176.9,58,328,48
20231030,15,183.5,74,266,48
20231030,16,7.6,5,13,48
20231030,17,182.0,44,282,48
20231030,18,163.2,66,234,48
20231031,1,0.0,0,0,48
20231031,2,7.8,4,12,48
20231031,3,33.0,9,59,48
20231031,4,56.1,9,106,48
20231031,5,192.3,97,257,48
20231031,6,71.4,6,139,48
20231031,7,280.4,101,376,48
20231031,8,210.4,46,346,48
20231031,9,457.1,235,545,48
20231031,10,181.8,88,239,48
20231031,11,296.8,231,372,48
20231031,12,218.7,143,278,48
20231031,13,156.9,82,216,48
20231031,14,146.1,69,199,48
20231031,15,193.7,125,246,48
20231031,16,8.0,4,15,48
20231031,17,184.1,27,311,48
20231031,18,169.7,105,220,48
20231101,1,0.0,0,0,48
20231101,2,6.4,4,13,48
20231101,3,14.2,6,31,48
20231101,4,9.7,7,18,48
20231101,5,92.9,75,140,48
20231101,6,24.1,8,40,48
20231101,7,128.4,59,254,48
20231101,8,59.6,23,122,48
20231101,9,173.1,77,291,48
20231101,10,73.4,13,164,48
20231101,11,216.4,96,325,48
20231101,12,152.5,105,205,48
20231101,13,88.5,43,121,48
20231101,14,101.4,63,138,48
20231101,15,93.0,69,132,48
20231101,16,5.9,4,12,48
20231101,17,73.9,40,128,48
20231101,18,80.0,61,112,48
20231102,1,0.0,0,0,48
20231102,2,14.6,7,22,48
20231102,3,22.3,12,37,48
20231102,4,19.5,9,56,48
20231102,5,123.7,62,189,48
20231102,6,26.1,5,59,48
20231102,7,176.3,51,294,48
20231102,8,82.2,17,162,48
20231102,9,180.8,64,320,48
20231102,10,39.4,6,69,48
20231102,11,297.6,253,341,48
20231102,12,180.5,104,241,48
20231102,13,68.4,25,112,48
20231102,14,84.5,34,139,48
20231102,15,99.1,58,142,48
20231102,16,12.4,6,22,48
20231102,17,113.4,2,193,48
20231102,18,88.4,50,119,48
20231103,1,2.8,0,15,48
20231103,2,20.3,8,38,48
20231103,3,32.7,13,62,48
20231103,4,13.7,9,28,48
20231103,5,116.7,69,165,48
20231103,6,33.0,10,82,48
20231103,7,214.5,75,354,48
20231103,8,99.7,33,260,48
20231103,9,193.5,111,355,48
20231103,10,35.6,3,84,48
20231103,11,281.4,207,362,48
20231103,12,154.9,106,287,48
20231103,13,73.6,20,122,48
20231103,14,115.1,48,187,48
20231103,15,105.4,60,166,48
20231103,16,33.1,7,100,48
20231103,17,98.9,4,230,48
20231103,18,96.4,55,157,48
20231104,1,17.6,10,28,48
20231104,2,38.0,22,62,48
20231104,3,79.3,31,126,48
20231104,4,30.5,5,110,48
20231104,5,208.6,119,278,48
20231104,6,84.6,42,125,48
20231104,7,323.7,201,387,48
20231104,8,256.7,131,339,48
20231104,9,321.5,148,393,48
20231104,10,104.8,42,165,48
20231104,11,299.3,196,371,48
20231104,12,183.4,131,222,48
20231104,13,118.7,52,188,48
20231104,14,123.1,54,188,48
20231104,15,164.3,102,200,48
20231104,16,113.3,76,148,48
20231104,17,220.2,139,298,48
20231104,18,161.3,101,198,48
20231105,1,14.7,7,21,48
20231105,2,33.7,21,47,48
20231105,3,67.6,26,103,48
20231105,4,21.6,5,49,48
20231105,5,179.8,123,217,48
20231105,6,92.4,25,219,48
20231105,7,272.1,149,344,48
20231105,8,233.1,148,320,48
20231105,9,299.8,199,435,48
20231105,10,110.1,32,185,48
20231105,11,262.7,101,349,48
20231105,12,199.3,145,247,48
20231105,13,136.0,75,197,48
20231105,14,145.5,94,197,48
20231105,15,158.4,106,211,48
20231105,16,77.5,37,106,48
20231105,17,180.4,126,276,48
20231105,18,152.7,109,197,48
20231106,1,7.1,4,13,48
20231106,2,20.8,10,33,48
20231106,3,30.1,9,59,48
20231106,4,20.7,11,46,48
20231106,5,127.9,79,185,48
20231106,6,26.4,5,72,48
20231106,7,227.1,86,323,48
20231106,8,158.4,42,282,48
20231106,9,272.7,119,388,48
20231106,10,96.6,46,132,48
20231106,11,293.6,157,378,48
20231106,12,215.8,139,331,48
20231106,13,127.2,73,182,48
20231106,14,159.3,86,250,48
20231106,15,145.6,89,200,48
20231106,16,31.7,9,63,48
20231106,17,133.2,45,210,48
20231106,18,132.0,78,181,48
20231107,1,2.4,0,9,48
20231107,2,22.8,11,36,48
20231107,3,41.2,14,88,48
20231107,4,20.8,11,39,48
20231107,5,124.7,79,172,48
20231107,6,55.3,6,198,48
20231107,7,256.5,87,362,48
20231107,8,171.3,25,322,48
20231107,9,278.3,127,398,48
20231107,10,97.7,47,134,48
20231107,11,272.3,93,383,48
20231107,12,238.5,120,355,48
20231107,13,147.5,69,214,48
20231107,14,191.2,86,268,48
20231107,15,153.5,87,233,48
20231107,16,32.0,10,69,48
20231107,17,175.7,57,274,48
20231107,18,142.1,77,216,48
20231108,1,0.0,0,0,48
20231108,2,13.3,9,29,48
20231108,3,21.4,6,54,48
20231108,4,18.8,12,29,48
20231108,5,125.0,78,185,48
20231108,6,26.5,11,55,48
20231108,7,208.4,69,370,48
20231108,8,88.9,19,199,48
20231108,9,250.4,100,427,48
20231108,10,108.2,46,198,48
20231108,11,277.7,148,371,48
20231108,12,195.4,112,318,48
20231108,13,125.4,67,193,48
20231108,14,144.4,50,220,48
20231108,15,135.2,82,202,48
20231108,16,10.9,5,38,48
20231108,17,101.5,36,203,48
20231108,18,117.8,73,180,48
20231109,1,10.3,0,32,48
20231109,2,32.9,11,66,48
20231109,3,74.8,10,151,48
20231109,4,40.8,15,89,48
20231109,5,152.5,92,231,48
20231109,6,66.5,11,125,48
20231109,7,240.6,100,322,48
20231109,8,223.7,39,360,48
20231109,9,329.3,164,433,48
20231109,10,99.1,64,158,48
20231109,11,280.4,162,362,48
20231109,12,216.9,79,331,48
20231109,13,121.4,56,205,48
20231109,14,142.7,43,259,48
20231109,15,170.1,93,228,48
20231109,16,48.5,12,96,48
20231109,17,168.1,56,234,48
20231109,18,156.3,80,210,48
20231110,1,1.0,0,7,48
20231110,2,21.0,8,38,48
20231110,3,83.2,27,139,48
20231110,4,33.3,22,60,48
20231110,5,172.3,107,238,48
20231110,6,84.6,29,188,48
20231110,7,283.0,157,374,48
20231110,8,256.8,84,378,48
20231110,9,382.5,197,486,48
20231110,10,121.0,51,197,48
20231110,11,279.7,188,362,48
20231110,12,212.6,87,314,48
20231110,13,142.1,67,209,48
20231110,14,157.8,51,230,48
20231110,15,186.7,103,251,48
20231110,16,30.6,7,65,48
20231110,17,213.8,120,343,48
20231110,18,171.3,96,232,48
20231111,1,57.7,0,227,48
20231111,2,32.8,9,73,48
20231111,3,83.7,26,134,48
20231111,4,35.6,4,71,48
20231111,5,183.3,100,261,48
20231111,6,133.7,12,248,48
20231111,7,304.6,153,379,48
20231111,8,248.5,65,396,48
20231111,9,368.5,180,505,48
20231111,10,172.0,67,296,48
20231111,11,284.8,134,374,48
20231111,12,215.3,146,302,48
20231111,13,163.0,67,260,48
20231111,14,159.1,65,258,48
20231111,15,197.1,100,288,48
20231111,16,59.5,8,114,48
20231111,17,249.5,77,347,48
20231111,18,184.1,89,268,48
20231112,1,58.5,0,227,48
20231112,2,24.4,9,84,48
20231112,3,28.0,5,45,48
20231112,4,13.0,7,29,48
20231112,5,184.3,132,241,48
20231112,6,64.1,9,101,48
20231112,7,308.3,148,367,48
20231112,8,184.9,70,277,48
20231112,9,414.2,225,533,48
20231112,10,209.7,110,269,48
20231112,11,321.7,244,369,48
20231112,12,245.2,167,308,48
20231112,13,203.0,121,256,48
20231112,14,193.4,102,239,48
20231112,15,205.4,131,232,48
20231112,16,27.0,6,96,48
20231112,17,200.4,62,260,48
20231112,18,184.3,112,211,48
20231113,1,0.0,0,2,48
20231113,2,18.3,10,45,48
20231113,3,25.5,7,50,48
20231113,4,29.2,22,54,48
20231113,5,125.6,81,154,48
20231113,6,25.3,7,58,48
20231113,7,144.2,77,240,48
20231113,8,62.4,29,103,48
20231113,9,157.4,100,244,48
20231113,10,48.5,0,111,48
20231113,11,265.4,169,351,48
20231113,12,188.0,126,236,48
20231113,13,104.7,45,139,48
20231113,14,134.8,42,201,48
20231113,15,101.0,72,135,48
20231113,16,18.1,9,38,48
20231113,17,93.5,49,181,48
20231113,18,91.7,66,115,48
20231114,1,0.0,0,0,48
20231114,2,24.8,12,44,48
20231114,3,57.6,6,92,48
20231114,4,64.3,22,98,48
20231114,5,170.6,79,244,48
20231114,6,73.7,7,159,48
20231114,7,242.6,108,322,48
20231114,8,196.5,16,321,48
20231114,9,268.8,91,441,48
20231114,10,75.2,23,126,48
20231114,11,302.0,208,355,48
20231114,12,207.4,139,278,48
20231114,13,105.9,31,158,48
20231114,14,122.8,33,182,48
20231114,15,152.9,74,222,48
20231114,16,23.4,11,55,48
20231114,17,151.1,58,259,48
20231114,18,137.9,67,195,48
20231115,1,32.3,0,281,48
20231115,2,51.0,9,111,48
20231115,3,60.2,10,145,48
20231115,4,84.7,28,151,48
20231115,5,160.0,89,244,48
20231115,6,105.9,6,306,48
20231115,7,278.3,89,390,48
20231115,8,252.3,18,438,48
20231115,9,329.2,82,520,48
20231115,10,99.1,27,236,48
20231115,11,309.3,114,390,48
20231115,12,293.7,159,378,48
20231115,13,130.6,36,201,48
20231115,14,161.5,46,237,48
20231115,15,183.9,72,277,48
20231115,16,79.7,9,167,48
20231115,17,197.2,40,377,48
20231115,18,173.7,63,271,48
20231116,1,158.5,25,317,48
20231116,2,112.1,45,190,48
20231116,3,163.7,109,212,48
20231116,4,67.6,23,121,48
20231116,5,238.9,200,278,48
20231116,6,230.6,72,308,48
20231116,7,374.0,351,387,48
20231116,8,403.6,359,429,48
20231116,9,491.7,451,511,48
20231116,10,293.5,256,346,48
20231116,11,359.4,325,385,48
20231116,12,376.6,348,413,48
20231116,13,248.8,207,322,48
20231116,14,213.9,187,264,48
20231116,15,300.6,267,318,48
20231116,16,163.5,129,207,48
20231116,17,339.5,292,371,48
20231116,18,287.2,254,303,48
20231117,1,153.6,0,290,48
20231117,2,90.1,10,144,48
20231117,3,144.5,14,209,48
20231117,4,59.2,18,152,48
20231117,5,229.9,137,256,48
20231117,6,177.7,7,297,48
20231117,7,357.0,83,387,48
20231117,8,347.2,21,425,48
20231117,9,462.8,198,505,48
20231117,10,279.4,171,349,48
20231117,11,354.4,262,388,48
20231117,12,369.0,184,419,48
20231117,13,280.2,164,357,48
20231117,14,259.1,160,354,48
20231117,15,286.9,128,325,48
20231117,16,147.3,9,226,48
20231117,17,300.6,50,370,48
20231117,18,272.0,107,310,48
20231118,1,0.1,0,1,48
20231118,2,8.0,4,11,48
20231118,3,12.8,7,18,48
20231118,4,16.4,11,23,48
20231118,5,92.1,63,120,48
20231118,6,11.9,5,22,48
20231118,7,124.9,78,214,48
20231118,8,47.9,8,100,48
20231118,9,181.4,116,280,48
20231118,10,62.6,24,148,48
20231118,11,208.7,115,311,48
20231118,12,170.1,104,235,48
20231118,13,96.4,58,139,48
20231118,14,132.3,70,179,48
20231118,15,99.0,68,127,48
20231118,16,8.3,4,12,48
20231118,17,57.4,30,112,48
20231118,18,83.8,59,107,48
20231119,1,1.6,0,12,48
20231119,2,19.0,6,38,48
20231119,3,23.0,10,42,48
20231119,4,18.6,12,25,48
20231119,5,91.9,61,144,48
20231119,6,15.0,5,53,48
20231119,7,151.1,76,265,48
20231119,8,92.2,21,193,48
20231119,9,199.5,111,331,48
20231119,10,42.6,16,69,48
20231119,11,212.2,105,268,48
20231119,12,181.9,129,274,48
20231119,13,65.7,37,103,48
20231119,14,90.5,38,133,48
20231119,15,100.2,68,161,48
20231119,16,24.8,8,66,48
20231119,17,93.3,33,176,48
20231119,18,89.1,60,139,48
20231120,1,8.4,0,58,48
20231120,2,17.8,11,37,48
20231120,3,61.7,24,113,48
20231120,4,44.2,17,104,48
20231120,5,155.5,70,237,48
20231120,6,76.5,21,141,48
20231120,7,274.8,81,357,48
20231120,8,208.1,51,390,48
20231120,9,348.8,111,489,48
20231120,10,178.3,30,324,48
20231120,11,298.3,207,358,48
20231120,12,290.6,130,392,48
20231120,13,191.5,40,332,48
20231120,14,189.7,39,336,48
20231120,15,197.1,72,280,48
20231120,16,16.8,10,26,48
20231120,17,197.9,55,310,48
20231120,18,177.1,64,249,48
20231121,1,23.3,0,88,48
20231121,2,50.2,10,110,48
20231121,3,116.2,26,197,48
20231121,4,100.0,24,179,48
20231121,5,184.9,107,259,48
20231121,6,166.9,35,302,48
20231121,7,308.9,117,390,48
20231121,8,287.7,67,406,48
20231121,9,392.1,244,509,48
20231121,10,144.6,60,236,48
20231121,11,342.8,260,390,48
20231121,12,336.4,236,414,48
20231121,13,181.6,88,261,48
20231121,14,208.1,112,288,48
20231121,15,231.2,125,286,48
20231121,16,53.4,15,119,48
20231121,17,254.2,90,371,48
20231121,18,212.6,110,266,48
20231122,1,23.2,0,57,48
20231122,2,17.9,4,33,48
20231122,3,28.8,10,51,48
20231122,4,20.7,14,29,48
20231122,5,124.9,70,154,48
20231122,6,43.5,5,78,48
20231122,7,305.6,80,378,48
20231122,8,72.8,9,134,48
20231122,9,286.8,77,402,48
20231122,10,182.6,44,253,48
20231122,11,265.3,126,378,48
20231122,12,239.0,102,285,48
20231122,13,202.9,67,279,48
20231122,14,233.5,116,335,48
20231122,15,172.0,63,219,48
20231122,16,15.1,6,27,48
20231122,17,120.8,37,194,48
20231122,18,151.4,55,195,48
20231123,1,0.1,0,5,48
20231123,2,4.7,4,8,48
20231123,3,9.7,3,16,48
20231123,4,13.3,11,16,48
20231123,5,77.0,56,98,48
20231123,6,9.2,3,21,48
20231123,7,196.1,54,279,48
20231123,8,29.0,9,44,48
20231123,9,168.3,77,229,48
20231123,10,65.2,38,110,48
20231123,11,192.0,98,302,48
20231123,12,145.5,96,199,48
20231123,13,79.6,49,129,48
20231123,14,101.1,58,183,48
20231123,15,88.2,60,119,48
20231123,16,10.3,5,19,48
20231123,17,78.3,27,115,48
20231123,18,77.1,55,104,48
20231124,1,0.0,0,0,48
20231124,2,7.6,3,14,48
20231124,3,30.5,3,82,48
20231124,4,18.7,11,33,48
20231124,5,118.1,63,180,48
20231124,6,37.0,5,126,48
20231124,7,212.7,55,378,48
20231124,8,120.5,23,255,48
20231124,9,247.4,148,319,48
20231124,10,61.2,27,101,48
20231124,11,238.2,134,335,48
20231124,12,182.1,110,254,48
20231124,13,74.3,39,107,48
20231124,14,94.3,71,128,48
20231124,15,114.1,67,172,48
20231124,16,24.2,9,71,48
20231124,17,127.4,26,334,48
20231124,18,104.5,57,162,48
20231125,1,65.1,0,208,48
20231125,2,43.4,13,87,48
20231125,3,105.1,36,158,48
20231125,4,40.3,11,66,48
20231125,5,166.9,96,236,48
20231125,6,166.6,41,281,48
20231125,7,323.4,181,390,48
20231125,8,251.1,120,354,48
20231125,9,292.0,160,380,48
20231125,10,95.6,64,164,48
20231125,11,266.8,90,391,48
20231125,12,236.1,145,342,48
20231125,13,113.9,72,168,48
20231125,14,131.5,75,197,48
20231125,15,171.7,107,236,48
20231125,16,86.4,10,161,48
20231125,17,274.3,89,382,48
20231125,18,167.4,94,231,48
20231126,1,112.1,32,208,48
20231126,2,50.8,25,94,48
20231126,3,115.8,66,148,48
20231126,4,40.6,11,75,48
20231126,5,257.6,198,293,48
20231126,6,184.0,88,253,48
20231126,7,377.0,259,388,48
20231126,8,326.4,229,368,48
20231126,9,371.8,320,410,48
20231126,10,208.7,146,275,48
20231126,11,362.9,319,382,48
20231126,12,316.7,237,352,48
20231126,13,201.0,132,229,48
20231126,14,195.9,122,237,48
20231126,15,246.6,199,279,48
20231126,16,108.6,76,133,48
20231126,17,336.6,221,366,48
20231126,18,235.5,187,262,48
20231127,1,90.2,0,198,48
20231127,2,46.3,13,101,48
20231127,3,77.8,39,120,48
20231127,4,21.9,14,58,48
20231127,5,204.5,108,279,48
20231127,6,144.2,43,213,48
20231127,7,304.6,163,352,48
20231127,8,226.8,137,285,48
20231127,9,348.3,179,419,48
20231127,10,176.7,87,256,48
20231127,11,339.9,259,372,48
20231127,12,302.0,168,381,48
20231127,13,185.0,79,288,48
20231127,14,187.1,67,306,48
20231127,15,214.9,110,285,48
20231127,16,51.8,24,121,48
20231127,17,245.4,116,320,48
20231127,18,199.1,116,259,48
20231128,1,101.7,49,186,48
20231128,2,59.9,27,90,48
20231128,3,111.7,42,164,48
20231128,4,54.2,14,92,48
20231128,5,195.5,116,287,48
20231128,6,180.7,58,283,48
20231128,7,346.7,177,388,48
20231128,8,295.6,153,386,48
20231128,9,355.0,203,441,48
20231128,10,156.2,78,225,48
20231128,11,344.0,256,391,48
20231128,12,308.6,161,381,48
20231128,13,175.7,78,245,48
20231128,14,199.2,64,263,48
20231128,15,225.0,113,285,48
20231128,16,70.3,37,123,48
20231128,17,315.7,200,372,48
20231128,18,212.8,117,269,48
20231129,1,176.8,102,263,48
20231129,2,105.2,65,151,48
20231129,3,116.3,76,140,48
20231129,4,39.9,11,93,48
20231129,5,243.5,139,282,48
20231129,6,190.2,111,280,48
20231129,7,375.6,359,389,48
20231129,8,310.2,168,385,48
20231129,9,382.9,199,437,48
20231129,10,215.5,86,297,48
20231129,11,365.9,312,392,48
20231129,12,356.9,264,401,48
20231129,13,234.6,95,328,48
20231129,14,250.2,108,356,48
20231129,15,263.4,159,304,48
20231129,16,93.8,55,133,48
20231129,17,329.2,274,380,48
20231129,18,249.0,159,287,48
20231130,1,206.3,66,336,48
20231130,2,122.5,74,223,48
20231130,3,130.5,75,163,48
20231130,4,99.3,68,137,48
20231130,5,242.3,214,256,48
20231130,6,241.4,123,333,48
20231130,7,340.7,307,367,48
20231130,8,333.8,263,384,48
20231130,9,399.0,349,442,48
20231130,10,202.3,182,236,48
20231130,11,353.3,286,380,48
20231130,12,379.0,352,402,48
20231130,13,263.9,221,315,48
20231130,14,305.1,252,354,48
20231130,15,277.2,262,293,48
20231130,16,143.9,91,212,48
20231130,17,302.3,266,350,48
20231130,18,265.7,252,287,48
20231201,1,251.6,140,340,48
20231201,2,152.0,117,217,48
20231201,3,171.4,130,206,48
20231201,4,141.3,85,188,48
20231201,5,272.6,216,301,48
20231201,6,297.8,231,348,48
20231201,7,374.7,354,390,48
20231201,8,382.0,350,411,48
20231201,9,435.7,413,464,48
20231201,10,220.0,167,264,48
20231201,11,362.0,281,391,48
20231201,12,360.7,291,400,48
20231201,13,248.3,210,290,48
20231201,14,267.1,222,329,48
20231201,15,292.1,275,315,48
20231201,16,206.7,163,247,48
20231201,17,340.8,282,376,48
20231201,18,285.3,266,308,48
20231202,1,276.0,199,350,48
20231202,2,129.7,79,202,48
20231202,3,134.8,78,183,48
20231202,4,103.5,11,171,48
20231202,5,295.4,183,340,48
20231202,6,235.4,106,303,48
20231202,7,378.6,364,390,48
20231202,8,375.2,319,419,48
20231202,9,449.9,407,499,48
20231202,10,247.3,218,275,48
20231202,11,373.4,318,392,48
20231202,12,356.9,305,405,48
20231202,13,246.3,176,314,48
20231202,14,244.9,157,349,48
20231202,15,289.8,227,317,48
20231202,16,207.2,181,254,48
20231202,17,334.3,259,376,48
20231202,18,283.6,231,309,48
20231203,1,236.5,156,335,48
20231203,2,88.8,32,184,48
20231203,3,93.5,29,131,48
20231203,4,50.7,10,91,48
20231203,5,187.6,129,251,48
20231203,6,183.4,54,285,48
20231203,7,362.4,242,387,48
20231203,8,299.2,173,356,48
20231203,9,360.7,259,414,48
20231203,10,142.1,92,226,48
20231203,11,346.6,275,387,48
20231203,12,292.2,228,349,48
20231203,13,143.2,84,190,48
20231203,14,149.3,66,208,48
20231203,15,208.8,148,256,48
20231203,16,176.1,87,225,48
20231203,17,329.3,209,373,48
20231203,18,212.3,147,252,48
20231204,1,95.3,25,201,48
20231204,2,42.7,18,93,48
20231204,3,49.7,20,71,48
20231204,4,39.3,13,68,48
20231204,5,167.2,96,212,48
20231204,6,111.7,20,166,48
20231204,7,287.9,123,367,48
20231204,8,187.8,60,263,48
20231204,9,333.2,213,386,48
20231204,10,138.7,43,211,48
20231204,11,313.4,240,366,48
20231204,12,306.3,175,364,48
20231204,13,163.5,44,246,48
20231204,14,184.2,43,275,48
20231204,15,191.5,119,232,48
20231204,16,35.5,16,95,48
20231204,17,213.9,55,296,48
20231204,18,177.0,106,214,48
20231205,1,232.3,123,314,48
20231205,2,95.8,26,157,48
20231205,3,96.6,21,140,48
20231205,4,84.6,14,129,48
20231205,5,188.1,105,241,48
20231205,6,225.3,26,332,48
20231205,7,322.3,119,388,48
20231205,8,275.9,77,369,48
20231205,9,341.1,227,426,48
20231205,10,154.0,74,191,48
20231205,11,337.9,242,390,48
20231205,12,314.6,221,399,48
20231205,13,174.5,81,244,48
20231205,14,195.5,88,287,48
20231205,15,219.0,121,266,48
20231205,16,147.9,19,227,48
20231205,17,287.3,63,375,48
20231205,18,215.3,108,265,48
20231206,1,168.0,23,309,48
20231206,2,82.9,21,154,48
20231206,3,72.9,36,106,48
20231206,4,67.0,28,113,48
20231206,5,248.9,123,293,48
20231206,6,177.5,70,267,48
20231206,7,341.6,149,386,48
20231206,8,235.9,59,337,48
20231206,9,394.6,271,422,48
20231206,10,260.9,168,318,48
20231206,11,353.4,308,387,48
20231206,12,353.2,223,399,48
20231206,13,290.9,204,332,48
20231206,14,295.6,194,357,48
20231206,15,260.6,168,292,48
20231206,16,84.3,11,188,48
20231206,17,285.1,55,371,48
20231206,18,245.1,146,279,48
20231207,1,20.3,0,58,48
20231207,2,22.1,10,37,48
20231207,3,57.8,30,82,48
20231207,4,29.4,24,38,48
20231207,5,152.4,97,196,48
20231207,6,54.3,17,98,48
20231207,7,262.1,147,362,48
20231207,8,105.1,48,173,48
20231207,9,277.6,193,334,48
20231207,10,146.0,56,188,48
20231207,11,295.8,238,324,48
20231207,12,231.4,143,277,48
20231207,13,161.1,62,198,48
20231207,14,181.8,73,241,48
20231207,15,164.3,93,192,48
20231207,16,26.1,11,43,48
20231207,17,146.3,60,254,48
20231207,18,149.9,82,179,48
20231208,1,3.5,0,35,48
20231208,2,13.6,6,30,48
20231208,3,45.3,18,73,48
20231208,4,35.7,13,74,48
20231208,5,159.8,74,229,48
20231208,6,69.6,11,168,48
20231208,7,247.6,69,337,48
20231208,8,154.8,22,277,48
20231208,9,300.9,74,418,48
20231208,10,139.9,30,240,48
20231208,11,271.9,117,369,48
20231208,12,268.9,89,374,48
20231208,13,166.1,39,286,48
20231208,14,194.0,60,318,48
20231208,15,172.0,53,251,48
20231208,16,24.7,8,42,48
20231208,17,172.2,27,279,48
20231208,18,156.3,46,229,48
20231209,1,0.0,0,0,48
20231209,2,7.4,3,16,48
20231209,3,17.8,11,30,48
20231209,4,12.3,8,15,48
20231209,5,84.6,59,119,48
20231209,6,22.5,10,44,48
20231209,7,104.2,63,224,48
20231209,8,57.8,19,127,48
20231209,9,152.4,69,263,48
20231209,10,34.4,17,65,48
20231209,11,146.6,96,193,48
20231209,12,121.1,80,181,48
20231209,13,45.5,22,85,48
20231209,14,60.4,35,105,48
20231209,15,71.5,46,114,48
20231209,16,6.9,4,18,48
20231209,17,60.7,25,132,48
20231209,18,63.2,41,101,48
20231210,1,0.1,0,2,48
20231210,2,13.9,7,24,48
20231210,3,26.0,11,44,48
20231210,4,16.5,11,31,48
20231210,5,115.8,79,145,48
20231210,6,39.8,5,70,48
20231210,7,193.3,59,280,48
20231210,8,106.7,36,178,48
20231210,9,213.4,121,333,48
20231210,10,57.6,16,88,48
20231210,11,226.4,149,289,48
20231210,12,168.6,101,220,48
20231210,13,57.7,14,87,48
20231210,14,59.8,10,91,48
20231210,15,100.7,62,139,48
20231210,16,23.2,7,48,48
20231210,17,149.7,47,219,48
20231210,18,95.1,55,129,48
20231211,1,1.1,0,10,48
20231211,2,44.5,9,94,48
20231211,3,88.2,13,144,48
20231211,4,65.8,14,122,48
20231211,5,203.8,101,284,48
20231211,6,147.1,5,268,48
20231211,7,286.2,77,383,48
20231211,8,248.3,36,383,48
20231211,9,334.8,138,448,48
20231211,10,131.9,8,244,48
20231211,11,316.1,219,382,48
20231211,12,267.8,147,367,48
20231211,13,117.2,11,215,48
20231211,14,106.8,15,181,48
20231211,15,185.0,62,260,48
20231211,16,83.9,19,147,48
20231211,17,228.7,69,330,48
20231211,18,176.7,60,246,48
20231212,1,48.6,0,176,48
20231212,2,27.4,11,63,48
20231212,3,67.8,22,119,48
20231212,4,52.5,15,116,48
20231212,5,223.5,152,286,48
20231212,6,144.9,24,231,48
20231212,7,325.5,168,381,48
20231212,8,213.3,33,348,48
20231212,9,355.2,211,450,48
20231212,10,191.6,103,245,48
20231212,11,354.0,298,384,48
20231212,12,314.6,233,370,48
20231212,13,175.2,107,240,48
20231212,14,144.5,68,243,48
20231212,15,215.6,131,269,48
20231212,16,14.3,8,24,48
20231212,17,250.8,65,351,48
20231212,18,196.1,115,245,48
20231213,1,79.7,20,194,48
20231213,2,61.3,20,109,48
20231213,3,83.5,19,137,48
20231213,4,78.6,16,131,48
20231213,5,192.8,152,224,48
20231213,6,126.7,13,233,48
20231213,7,334.6,226,387,48
20231213,8,228.3,45,344,48
20231213,9,303.8,208,366,48
20231213,10,152.0,79,226,48
20231213,11,333.4,248,388,48
20231213,12,319.0,244,366,48
20231213,13,164.7,95,261,48
20231213,14,172.1,46,289,48
20231213,15,201.7,144,240,48
20231213,16,85.0,13,158,48
20231213,17,251.9,126,344,48
20231213,18,192.4,130,228,48
20231214,1,18.3,0,39,48
20231214,2,18.9,8,28,48
20231214,3,51.4,19,76,48
20231214,4,41.1,20,70,48
20231214,5,222.1,131,264,48
20231214,6,105.9,20,172,48
20231214,7,329.6,178,383,48
20231214,8,174.5,37,256,48
20231214,9,329.3,173,399,48
20231214,10,212.4,90,273,48
20231214,11,372.4,322,389,48
20231214,12,341.8,250,383,48
20231214,13,251.0,150,319,48
20231214,14,252.2,121,345,48
20231214,15,222.1,147,263,48
20231214,16,19.0,13,37,48
20231214,17,222.5,73,296,48
20231214,18,201.4,128,240,48
20231215,1,27.7,0,79,48
20231215,2,20.1,3,52,48
20231215,3,29.2,10,47,48
20231215,4,22.1,9,39,48
20231215,5,151.4,70,196,48
20231215,6,51.2,5,107,48
20231215,7,289.6,69,374,48
20231215,8,91.5,9,177,48
20231215,9,229.4,73,343,48
20231215,10,162.2,57,226,48
20231215,11,363.3,253,390,48
20231215,12,263.5,115,334,48
20231215,13,207.0,81,276,48
20231215,14,235.4,109,316,48
20231215,15,171.0,72,230,48
20231215,16,11.5,4,27,48
20231215,17,159.2,27,250,48
20231215,18,153.6,62,208,48
20231216,1,0.0,0,0,48
20231216,2,5.0,3,8,48
20231216,3,13.9,8,20,48
20231216,4,12.2,10,15,48
20231216,5,73.3,52,88,48
20231216,6,8.4,4,28,48
20231216,7,189.7,83,306,48
20231216,8,21.2,9,71,48
20231216,9,125.7,73,206,48
20231216,10,70.4,51,92,48
20231216,11,206.9,123,285,48
20231216,12,136.1,89,197,48
20231216,13,80.3,51,121,48
20231216,14,90.0,36,186,48
20231216,15,80.0,63,102,48
20231216,16,6.2,4,14,48
20231216,17,73.9,28,141,48
20231216,18,71.5,58,89,48
20231217,1,0.0,0,0,48
20231217,2,7.0,4,11,48
20231217,3,13.0,7,22,48
20231217,4,16.8,9,25,48
20231217,5,72.6,53,98,48
20231217,6,16.0,7,35,48
20231217,7,195.2,99,308,48
20231217,8,26.4,13,68,48
20231217,9,95.6,70,124,48
20231217,10,48.2,36,76,48
20231217,11,190.0,102,262,48
20231217,12,114.4,84,172,48
20231217,13,54.4,38,82,48
20231217,14,60.3,34,92,48
20231217,15,65.4,49,82,48
20231217,16,8.4,5,12,48
20231217,17,90.4,53,153,48
20231217,18,60.7,46,78,48
20231218,1,0.0,0,0,48
20231218,2,15.0,7,25,48
20231218,3,14.6,6,33,48
20231218,4,19.8,12,62,48
20231218,5,134.4,90,169,48
20231218,6,16.3,6,43,48
20231218,7,279.9,114,338,48
20231218,8,70.9,23,140,48
20231218,9,193.8,101,267,48
20231218,10,79.2,34,116,48
20231218,11,199.4,120,290,48
20231218,12,171.5,87,249,48
20231218,13,102.2,47,147,48
20231218,14,143.3,65,203,48
20231218,15,112.6,66,146,48
20231218,16,13.9,6,31,48
20231218,17,165.4,48,263,48
20231218,18,105.6,61,135,48
20231219,1,0.0,0,0,48
20231219,2,8.6,4,13,48
20231219,3,22.3,6,38,48
20231219,4,14.6,9,19,48
20231219,5,125.2,64,168,48
20231219,6,21.6,7,43,48
20231219,7,281.8,98,367,48
20231219,8,54.8,8,107,48
20231219,9,204.1,85,304,48
20231219,10,111.6,39,188,48
20231219,11,262.6,116,342,48
20231219,12,196.6,93,296,48
20231219,13,128.9,56,205,48
20231219,14,136.8,63,237,48
20231219,15,123.7,59,173,48
20231219,16,11.9,3,30,48
20231219,17,128.6,47,209,48
20231219,18,112.0,54,155,48
20231220,1,0.0,0,0,48
20231220,2,5.5,3,11,48
20231220,3,6.4,4,9,48
20231220,4,16.1,9,20,48
20231220,5,69.7,52,94,48
20231220,6,17.0,8,26,48
20231220,7,124.1,69,173,48
20231220,8,17.7,9,30,48
20231220,9,99.0,76,138,48
20231220,10,40.1,20,63,48
20231220,11,128.5,71,214,48
20231220,12,99.5,69,125,48
20231220,13,49.3,31,64,48
20231220,14,62.2,42,92,48
20231220,15,58.6,42,77,48
20231220,16,4.6,2,10,48
20231220,17,35.9,16,53,48
20231220,18,51.4,38,66,48
20231221,1,0.0,0,0,48
20231221,2,5.3,3,7,48
20231221,3,10.8,6,17,48
20231221,4,11.7,6,15,48
20231221,5,62.9,45,83,48
20231221,6,17.7,5,57,48
20231221,7,79.4,51,117,48
20231221,8,20.7,9,39,48
20231221,9,94.0,65,132,48
20231221,10,28.5,12,48,48
20231221,11,124.9,76,187,48
20231221,12,90.3,67,128,48
20231221,13,43.1,25,59,48
20231221,14,64.8,39,95,48
20231221,15,51.0,38,65,48
20231221,16,10.8,3,24,48
20231221,17,37.8,18,53,48
20231221,18,45.6,33,59,48
20231222,1,0.0,0,0,48
20231222,2,6.3,4,13,48
20231222,3,10.9,4,21,48
20231222,4,7.1,5,13,48
20231222,5,62.5,40,82,48
20231222,6,16.0,8,26,48
20231222,7,83.4,47,125,48
20231222,8,23.1,11,41,48
20231222,9,107.4,68,151,48
20231222,10,20.4,4,39,48
20231222,11,170.3,118,239,48
20231222,12,117.5,66,171,48
20231222,13,40.2,24,75,48
20231222,14,63.6,39,110,48
20231222,15,54.9,39,77,48
20231222,16,7.1,4,15,48
20231222,17,51.0,28,81,48
20231222,18,49.0,35,67,48
20231223,1,0.1,0,5,48
20231223,2,8.8,5,15,48
20231223,3,4.4,1,9,48
20231223,4,9.1,5,18,48
20231223,5,56.9,46,78,48
20231223,6,13.0,3,44,48
20231223,7,68.4,24,103,48
20231223,8,15.1,8,29,48
20231223,9,96.1,57,143,48
20231223,10,11.3,1,27,48
20231223,11,98.6,50,182,48
20231223,12,102.4,78,148,48
20231223,13,41.2,24,62,48
20231223,14,86.2,48,119,48
20231223,15,48.8,30,61,48
20231223,16,7.1,3,12,48
20231223,17,38.0,22,53,48
20231223,18,43.4,27,56,48
20231224,1,0.0,0,0,48
20231224,2,4.8,2,8,48
20231224,3,4.4,2,7,48
20231224,4,6.5,4,11,48
20231224,5,42.5,33,61,48
20231224,6,36.4,3,58,48
20231224,7,94.3,58,180,48
20231224,8,24.3,9,34,48
20231224,9,97.6,56,155,48
20231224,10,11.9,0,27,48
20231224,11,100.7,57,155,48
20231224,12,100.7,78,128,48
20231224,13,31.2,20,46,48
20231224,14,53.4,37,97,48
20231224,15,47.5,35,63,48
20231224,16,4.2,2,8,48
20231224,17,28.7,14,52,48
20231224,18,41.1,30,54,48
20231225,1,0.0,0,1,48
20231225,2,7.7,5,14,48
20231225,3,6.9,1,12,48
20231225,4,8.5,7,12,48
20231225,5,76.3,51,127,48
20231225,6,15.4,3,38,48
20231225,7,141.8,73,202,48
20231225,8,28.9,12,65,48
20231225,9,101.5,53,193,48
20231225,10,26.7,10,44,48
20231225,11,122.7,69,198,48
20231225,12,114.4,84,182,48
20231225,13,42.6,29,53,48
20231225,14,66.5,44,106,48
20231225,15,60.6,42,92,48
20231225,16,5.2,2,10,48
20231225,17,47.8,27,108,48
20231225,18,52.0,38,77,48
20231226,1,2.6,0,28,48
20231226,2,21.6,5,71,48
20231226,3,29.7,6,82,48
20231226,4,16.7,8,47,48
20231226,5,119.0,47,236,48
20231226,6,49.1,7,133,48
20231226,7,216.8,66,382,48
20231226,8,108.2,19,287,48
20231226,9,181.7,74,343,48
20231226,10,94.6,15,214,48
20231226,11,253.2,110,381,48
20231226,12,189.8,98,324,48
20231226,13,83.9,28,180,48
20231226,14,94.1,46,163,48
20231226,15,110.5,57,206,48
20231226,16,41.1,5,154,48
20231226,17,135.4,39,301,48
20231226,18,103.6,50,198,48
20231227,1,0.0,0,0,48
20231227,2,7.5,3,15,48
20231227,3,6.2,3,12,48
20231227,4,13.5,6,20,48
20231227,5,70.1,46,99,48
20231227,6,23.9,10,46,48
20231227,7,51.1,9,121,48
20231227,8,19.1,13,27,48
20231227,9,75.4,46,126,48
20231227,10,36.0,13,93,48
20231227,11,145.2,71,243,48
20231227,12,90.8,44,138,48
20231227,13,47.1,23,92,48
20231227,14,64.3,30,117,48
20231227,15,51.9,31,80,48
20231227,16,7.5,3,16,48
20231227,17,44.8,15,84,48
20231227,18,45.4,28,71,48
20231228,1,0.0,0,0,48
20231228,2,9.4,4,21,48
20231228,3,5.2,2,9,48
20231228,4,9.7,5,15,48
20231228,5,48.0,5,68,48
20231228,6,16.6,3,34,48
20231228,7,52.9,10,106,48
20231228,8,14.9,6,22,48
20231228,9,66.0,4,107,48
20231228,10,20.8,0,39,48
20231228,11,137.7,7,240,48
20231228,12,76.2,5,107,48
20231228,13,39.0,0,56,48
20231228,14,60.3,0,84,48
20231228,15,42.8,28,60,48
20231228,16,8.0,4,13,48
20231228,17,33.1,14,70,48
20231228,18,37.4,24,53,48
20231229,1,0.0,0,0,48
20231229,2,8.5,6,13,48
20231229,3,8.3,2,26,48
20231229,4,10.3,7,15,48
20231229,5,73.5,49,108,48
20231229,6,4.8,2,12,48
20231229,7,103.9,46,235,48
20231229,8,29.4,9,54,48
20231229,9,110.7,57,168,48
20231229,10,24.0,5,40,48
20231229,11,194.5,111,289,48
20231229,12,109.7,76,152,48
20231229,13,41.0,29,60,48
20231229,14,57.6,43,77,48
20231229,15,57.2,42,74,48
20231229,16,7.1,5,14,48
20231229,17,52.3,19,121,48
20231229,18,50.9,37,69,48
20231230,1,0.0,0,0,48
20231230,2,7.2,3,17,48
20231230,3,6.7,3,16,48
20231230,4,9.5,6,14,48
20231230,5,66.0,44,80,48
20231230,6,8.0,2,23,48
20231230,7,112.4,55,191,48
20231230,8,29.6,8,71,48
20231230,9,98.6,56,159,48
20231230,10,30.1,5,60,48
20231230,11,178.9,78,303,48
20231230,12,125.6,66,208,48
20231230,13,44.6,20,60,48
20231230,14,57.0,32,77,48
20231230,15,57.2,35,85,48
20231230,16,5.9,3,19,48
20231230,17,56.8,23,98,48
20231230,18,51.3,32,80,48
20231231,1,4.5,0,12,48
20231231,2,21.0,8,41,48
20231231,3,11.5,2,36,48
20231231,4,9.6,7,17,48
20231231,5,107.1,70,162,48
20231231,6,9.1,3,30,48
20231231,7,172.0,86,292,48
20231231,8,78.5,22,183,48
20231231,9,142.9,85,197,48
20231231,10,31.2,16,55,48
20231231,11,186.9,90,281,48
20231231,12,120.9,92,149,48
20231231,13,51.5,30,89,48
20231231,14,70.8,38,112,48
20231231,15,73.6,59,98,48
20231231,16,32.8,6,80,48
20231231,17,93.9,39,169,48
20231231,18,70.2,52,97,48
20240101,1,1.4,0,7,48
20240101,2,15.4,5,35,48
20240101,3,17.1,2,55,48
20240101,4,14.8,8,39,48
20240101,5,97.5,64,158,48
20240101,6,36.3,17,112,48
20240101,7,182.6,50,350,48
20240101,8,65.7,13,196,48
20240101,9,127.9,61,216,48
20240101,10,27.2,12,85,48
20240101,11,234.5,150,302,48
20240101,12,124.0,68,200,48
20240101,13,51.7,31,90,48
20240101,14,77.0,47,108,48
20240101,15,75.2,47,123,48
20240101,16,21.6,5,80,48
20240101,17,111.1,14,279,48
20240101,18,71.1,41,116,48
20240102,1,0.0,0,0,48
20240102,2,13.9,6,21,48
20240102,3,41.5,4,97,48
20240102,4,20.5,10,38,48
20240102,5,136.0,64,225,48
20240102,6,69.1,20,145,48
20240102,7,218.3,77,361,48
20240102,8,116.7,14,219,48
20240102,9,182.8,66,281,48
20240102,10,57.8,19,126,48
20240102,11,271.6,198,329,48
20240102,12,172.7,75,266,48
20240102,13,81.5,33,126,48
20240102,14,100.9,57,136,48
20240102,15,116.8,60,173,48
20240102,16,14.3,5,35,48
20240102,17,126.2,25,244,48
20240102,18,104.3,48,157,48
20240103,1,0.0,0,0,48
20240103,2,16.4,12,25,48
20240103,3,59.0,10,113,48
20240103,4,22.6,9,43,48
20240103,5,181.4,87,258,48
20240103,6,75.2,12,129,48
20240103,7,231.6,95,320,48
20240103,8,174.9,54,256,48
20240103,9,226.4,84,306,48
20240103,10,80.9,27,153,48
20240103,11,296.2,222,363,48
20240103,12,219.8,100,319,48
20240103,13,101.5,48,141,48
20240103,14,111.9,58,148,48
20240103,15,145.6,70,202,48
20240103,16,11.4,8,20,48
20240103,17,165.3,46,291,48
20240103,18,131.1,62,180,48
20240104,1,0.1,0,6,48
20240104,2,21.8,11,35,48
20240104,3,85.9,8,169,48
20240104,4,25.9,9,70,48
20240104,5,210.3,121,269,48
20240104,6,189.4,38,331,48
20240104,7,349.1,161,389,48
20240104,8,240.4,69,364,48
20240104,9,306.9,192,439,48
20240104,10,110.1,14,216,48
20240104,11,351.5,230,390,48
20240104,12,276.9,150,354,48
20240104,13,151.6,45,217,48
20240104,14,163.7,69,227,48
20240104,15,196.6,96,265,48
20240104,16,44.8,7,82,48
20240104,17,277.9,52,364,48
20240104,18,183.0,88,243,48
20240105,1,0.9,0,19,48
20240105,2,23.5,14,32,48
20240105,3,121.9,44,160,48
20240105,4,58.1,11,105,48
20240105,5,171.1,126,209,48
20240105,6,168.1,53,281,48
20240105,7,346.5,231,372,48
20240105,8,237.8,111,308,48
20240105,9,251.3,155,291,48
20240105,10,102.1,72,143,48
20240105,11,363.4,290,384,48
20240105,12,267.0,185,331,48
20240105,13,142.9,100,182,48
20240105,14,163.0,104,232,48
20240105,15,183.9,135,216,48
20240105,16,45.9,12,66,48
20240105,17,293.4,128,337,48
20240105,18,173.2,121,202,48
20240106,1,28.2,0,83,48
20240106,2,33.3,12,60,48
20240106,3,113.9,45,171,48
20240106,4,32.9,11,81,48
20240106,5,210.1,128,276,48
20240106,6,136.2,25,277,48
20240106,7,330.6,208,373,48
20240106,8,250.1,122,325,48
20240106,9,273.8,216,320,48
20240106,10,127.9,74,182,48
20240106,11,360.2,258,394,48
20240106,12,274.5,154,340,48
20240106,13,155.8,103,195,48
20240106,14,164.8,105,205,48
20240106,15,197.3,126,243,48
20240106,16,54.8,21,102,48
20240106,17,256.4,161,343,48
20240106,18,181.9,118,222,48
20240107,1,124.9,0,276,48
20240107,2,88.2,29,142,48
20240107,3,166.9,79,248,48
20240107,4,90.8,22,169,48
20240107,5,210.8,138,271,48
20240107,6,240.2,113,365,48
20240107,7,357.2,318,376,48
20240107,8,279.6,191,337,48
20240107,9,286.5,230,343,48
20240107,10,131.1,87,174,48
20240107,11,364.7,264,390,48
20240107,12,244.7,134,308,48
20240107,13,138.5,101,170,48
20240107,14,141.4,103,181,48
20240107,15,203.5,146,255,48
20240107,16,124.6,58,206,48
20240107,17,330.0,267,366,48
20240107,18,201.1,148,248,48
20240108,1,193.9,108,289,48
20240108,2,71.0,18,144,48
20240108,3,139.9,93,201,48
20240108,4,96.0,8,146,48
20240108,5,172.0,126,204,48
20240108,6,220.1,103,313,48
20240108,7,327.0,287,353,48
20240108,8,292.6,144,374,48
20240108,9,320.5,168,407,48
20240108,10,99.3,56,126,48
20240108,11,367.2,319,383,48
20240108,12,343.4,237,396,48
20240108,13,161.5,95,205,48
20240108,14,206.2,98,266,48
20240108,15,221.6,153,268,48
20240108,16,127.4,81,179,48
20240108,17,290.9,226,341,48
20240108,18,215.0,161,258,48
20240109,1,278.7,193,316,48
20240109,2,122.7,62,170,48
20240109,3,143.3,108,179,48
20240109,4,122.9,91,159,48
20240109,5,183.7,154,216,48
20240109,6,140.0,83,198,48
20240109,7,288.6,254,328,48
20240109,8,233.4,147,297,48
20240109,9,305.2,174,393,48
20240109,10,142.0,110,172,48
20240109,11,348.8,276,377,48
20240109,12,309.8,242,362,48
20240109,13,164.4,123,204,48
20240109,14,206.1,162,239,48
20240109,15,219.1,165,262,48
20240109,16,118.1,98,179,48
20240109,17,216.4,179,296,48
20240109,18,208.9,164,242,48
20240110,1,196.8,134,280,48
20240110,2,96.7,62,125,48
20240110,3,165.5,117,211,48
20240110,4,138.4,61,186,48
20240110,5,246.6,208,274,48
20240110,6,209.8,112,273,48
20240110,7,326.9,300,355,48
20240110,8,306.1,254,362,48
20240110,9,371.4,293,445,48
20240110,10,171.5,121,213,48
20240110,11,328.5,196,371,48
20240110,12,349.0,315,391,48
20240110,13,223.7,158,293,48
20240110,14,277.3,235,367,48
20240110,15,260.9,218,287,48
20240110,16,113.3,66,182,48
20240110,17,273.1,210,295,48
20240110,18,247.2,218,269,48
20240111,1,225.1,147,335,48
20240111,2,110.8,70,195,48
20240111,3,197.3,169,217,48
20240111,4,131.9,94,154,48
20240111,5,211.0,154,267,48
20240111,6,248.6,148,327,48
20240111,7,332.1,254,368,48
20240111,8,340.4,235,400,48
20240111,9,388.4,306,447,48
20240111,10,191.4,148,237,48
20240111,11,357.6,285,385,48
20240111,12,368.6,337,404,48
20240111,13,257.3,200,309,48
20240111,14,295.5,221,373,48
20240111,15,277.1,256,304,48
20240111,16,143.6,112,210,48
20240111,17,290.7,168,353,48
20240111,18,264.3,244,285,48
20240112,1,178.5,35,338,48
20240112,2,115.4,29,222,48
20240112,3,176.1,48,231,48
20240112,4,96.6,17,156,48
20240112,5,228.8,182,261,48
20240112,6,235.9,44,342,48
20240112,7,361.8,253,389,48
20240112,8,351.5,158,417,48
20240112,9,432.5,341,484,48
20240112,10,244.0,136,339,48
20240112,11,380.0,345,391,48
20240112,12,382.6,340,406,48
20240112,13,270.1,215,365,48
20240112,14,273.6,208,381,48
20240112,15,294.2,250,318,48
20240112,16,125.9,17,228,48
20240112,17,286.4,169,369,48
20240112,18,277.2,223,297,48
20240113,1,42.6,2,78,48
20240113,2,32.1,11,49,48
20240113,3,72.3,44,93,48
20240113,4,13.1,9,20,48
20240113,5,177.0,132,220,48
20240113,6,128.5,25,228,48
20240113,7,333.6,216,389,48
20240113,8,224.7,120,300,48
20240113,9,369.7,283,437,48
20240113,10,230.0,169,281,48
20240113,11,369.7,284,391,48
20240113,12,365.6,323,393,48
20240113,13,263.2,192,328,48
20240113,14,265.9,183,345,48
20240113,15,245.0,208,280,48
20240113,16,31.6,21,44,48
20240113,17,193.5,107,272,48
20240113,18,222.0,187,254,48
20240114,1,29.3,0,72,48
20240114,2,24.8,2,54,48
20240114,3,66.5,5,106,48
20240114,4,15.1,8,23,48
20240114,5,129.4,51,165,48
20240114,6,69.3,11,114,48
20240114,7,293.4,103,358,48
20240114,8,154.8,59,220,48
20240114,9,311.5,234,397,48
20240114,10,172.0,92,230,48
20240114,11,343.8,247,391,48
20240114,12,310.6,204,355,48
20240114,13,181.8,97,264,48
20240114,14,189.3,101,291,48
20240114,15,197.4,106,239,48
20240114,16,25.9,11,43,48
20240114,17,80.8,33,122,48
20240114,18,173.6,94,210,48
20240115,1,55.3,0,147,48
20240115,2,37.8,2,100,48
20240115,3,72.2,5,146,48
20240115,4,67.0,7,132,48
20240115,5,133.2,46,182,48
20240115,6,86.3,9,200,48
20240115,7,324.6,161,389,48
20240115,8,235.5,39,375,48
20240115,9,362.5,171,434,48
20240115,10,147.2,85,188,48
20240115,11,313.7,192,414,48
20240115,12,326.9,142,399,48
20240115,13,187.8,83,255,48
20240115,14,225.4,80,312,48
20240115,15,210.1,84,279,48
20240115,16,43.9,7,76,48
20240115,17,197.2,44,344,48
20240115,18,193.7,74,263,48
20240116,1,115.5,26,178,48
20240116,2,77.5,30,130,48
20240116,3,116.7,77,156,48
20240116,4,127.3,86,172,48
20240116,5,187.8,137,227,48
20240116,6,177.6,82,251,48
20240116,7,379.0,362,388,48
20240116,8,290.6,216,354,48
20240116,9,398.9,289,439,48
20240116,10,221.5,136,271,48
20240116,11,348.1,208,391,48
20240116,12,370.0,307,407,48
20240116,13,277.3,200,320,48
20240116,14,323.9,271,362,48
20240116,15,270.9,212,307,48
20240116,16,60.0,24,103,48
20240116,17,301.6,227,356,48
20240116,18,253.4,199,285,48
20240117,1,117.8,80,145,48
20240117,2,80.4,58,106,48
20240117,3,162.2,93,211,48
20240117,4,128.6,57,209,48
20240117,5,233.4,141,275,48
20240117,6,192.5,132,249,48
20240117,7,363.3,327,389,48
20240117,8,329.6,228,398,48
20240117,9,420.9,312,465,48
20240117,10,240.7,157,330,48
20240117,11,359.0,271,384,48
20240117,12,371.1,327,401,48
20240117,13,255.3,184,349,48
20240117,14,260.2,193,366,48
20240117,15,280.8,226,315,48
20240117,16,64.8,42,95,48
20240117,17,305.6,238,348,48
20240117,18,262.5,216,290,48
20240118,1,89.8,48,132,48
20240118,2,64.7,37,96,48
20240118,3,149.4,79,206,48
20240118,4,145.3,28,215,48
20240118,5,234.6,188,259,48
20240118,6,196.9,119,276,48
20240118,7,363.3,331,377,48
20240118,8,294.4,151,407,48
20240118,9,383.8,247,450,48
20240118,10,186.7,130,230,48
20240118,11,346.9,233,390,48
20240118,12,352.4,295,401,48
20240118,13,227.8,170,272,48
20240118,14,266.0,224,307,48
20240118,15,259.3,195,306,48
20240118,16,55.9,20,102,48
20240118,17,278.6,193,345,48
20240118,18,241.0,182,282,48
20240119,1,62.3,13,103,48
20240119,2,35.4,11,57,48
20240119,3,69.8,18,91,48
20240119,4,31.8,14,60,48
20240119,5,214.9,77,259,48
20240119,6,111.9,42,183,48
20240119,7,338.4,176,381,48
20240119,8,151.0,42,205,48
20240119,9,317.6,148,402,48
20240119,10,197.3,131,265,48
20240119,11,307.4,164,384,48
20240119,12,304.6,167,359,48
20240119,13,241.3,167,307,48
20240119,14,297.3,193,351,48
20240119,15,218.5,126,267,48
20240119,16,20.1,7,31,48
20240119,17,177.0,64,235,48
20240119,18,196.8,112,243,48
20240120,1,5.2,0,36,48
20240120,2,11.6,5,23,48
20240120,3,32.5,4,63,48
20240120,4,12.4,9,22,48
20240120,5,131.6,63,224,48
20240120,6,70.8,25,107,48
20240120,7,234.8,85,315,48
20240120,8,79.2,22,133,48
20240120,9,181.8,101,265,48
20240120,10,122.6,43,160,48
20240120,11,282.1,221,355,48
20240120,12,171.1,87,226,48
20240120,13,139.6,62,175,48
20240120,14,172.5,92,234,48
20240120,15,130.4,69,168,48
20240120,16,18.4,5,38,48
20240120,17,106.0,29,199,48
20240120,18,116.6,61,149,48
20240121,1,0.1,0,6,48
20240121,2,12.0,6,20,48
20240121,3,9.3,4,24,48
20240121,4,15.4,10,30,48
20240121,5,97.6,66,159,48
20240121,6,56.6,28,114,48
20240121,7,168.7,83,287,48
20240121,8,58.4,27,131,48
20240121,9,158.1,74,275,48
20240121,10,57.5,26,110,48
20240121,11,245.3,179,316,48
20240121,12,164.1,106,298,48
20240121,13,68.1,47,135,48
20240121,14,78.2,44,116,48
20240121,15,94.6,64,140,48
20240121,16,14.3,8,23,48
20240121,17,56.0,28,104,48
20240121,18,83.0,57,123,48
20240122,1,0.0,0,0,48
20240122,2,9.3,3,22,48
20240122,3,10.9,3,25,48
20240122,4,13.1,8,24,48
20240122,5,90.5,52,158,48
20240122,6,35.6,14,59,48
20240122,7,238.7,80,315,48
20240122,8,72.7,20,124,48
20240122,9,204.3,118,278,48
20240122,10,78.8,53,106,48
20240122,11,213.1,112,312,48
20240122,12,188.5,100,312,48
20240122,13,66.2,44,117,48
20240122,14,48.8,27,77,48
20240122,15,100.3,64,150,48
20240122,16,11.3,3,26,48
20240122,17,119.6,25,202,48
20240122,18,92.3,58,134,48
20240123,1,0.0,0,0,48
20240123,2,9.3,4,15,48
20240123,3,15.5,6,43,48
20240123,4,14.6,7,23,48
20240123,5,122.0,63,184,48
20240123,6,47.5,14,71,48
20240123,7,222.1,82,319,48
20240123,8,71.6,33,124,48
20240123,9,196.1,123,277,48
20240123,10,64.6,28,100,48
20240123,11,234.4,142,290,48
20240123,12,190.4,101,282,48
20240123,13,89.4,47,150,48
20240123,14,105.8,29,208,48
20240123,15,111.8,68,154,48
20240123,16,12.5,4,23,48
20240123,17,94.4,30,194,48
20240123,18,99.1,58,141,48
20240124,1,0.0,0,0,48
20240124,2,8.6,7,11,48
20240124,3,22.5,4,72,48
20240124,4,24.0,13,35,48
20240124,5,131.8,84,174,48
20240124,6,70.2,34,132,48
20240124,7,269.1,134,377,48
20240124,8,99.5,42,203,48
20240124,9,193.5,98,308,48
20240124,10,61.5,19,127,48
20240124,11,264.9,168,388,48
20240124,12,184.4,122,265,48
20240124,13,89.8,53,144,48
20240124,14,113.2,74,168,48
20240124,15,115.6,72,176,48
20240124,16,10.5,6,40,48
20240124,17,153.0,72,284,48
20240124,18,105.2,65,161,48
20240125,1,0.0,0,0,48
20240125,2,13.0,6,32,48
20240125,3,41.6,10,65,48
20240125,4,25.5,12,45,48
20240125,5,142.7,68,187,48
20240125,6,83.6,41,126,48
20240125,7,256.4,46,323,48
20240125,8,125.1,39,168,48
20240125,9,277.1,125,369,48
20240125,10,125.6,18,230,48
20240125,11,294.7,191,347,48
20240125,12,265.7,125,316,48
20240125,13,139.8,50,226,48
20240125,14,157.7,98,234,48
20240125,15,157.6,69,203,48
20240125,16,22.0,7,56,48
20240125,17,156.5,41,232,48
20240125,18,142.7,60,185,48
20240126,1,0.0,0,0,48
20240126,2,6.7,3,10,48
20240126,3,17.6,8,29,48
20240126,4,23.6,13,40,48
20240126,5,90.6,62,119,48
20240126,6,32.4,5,73,48
20240126,7,206.4,69,356,48
20240126,8,47.8,22,92,48
20240126,9,165.1,95,282,48
20240126,10,58.6,9,122,48
20240126,11,178.0,37,342,48
20240126,12,145.3,79,229,48
20240126,13,81.5,37,156,48
20240126,14,109.1,40,213,48
20240126,15,89.8,47,147,48
20240126,16,10.1,4,20,48
20240126,17,95.3,27,199,48
20240126,18,81.2,42,132,48
20240127,1,0.0,0,0,48
20240127,2,8.5,4,13,48
20240127,3,20.0,11,29,48
20240127,4,30.6,18,40,48
20240127,5,97.1,61,135,48
20240127,6,41.6,20,64,48
20240127,7,260.5,126,347,48
20240127,8,42.5,24,73,48
20240127,9,180.2,128,265,48
20240127,10,97.5,64,129,48
20240127,11,240.6,106,350,48
20240127,12,157.8,106,243,48
20240127,13,119.3,92,167,48
20240127,14,148.1,87,206,48
20240127,15,113.0,79,150,48
20240127,16,9.8,4,15,48
20240127,17,80.9,37,146,48
20240127,18,99.3,69,131,48
20240128,1,0.0,0,0,48
20240128,2,6.1,3,9,48
20240128,3,12.2,6,25,48
20240128,4,31.4,18,44,48
20240128,5,87.6,73,115,48
20240128,6,28.7,16,47,48
20240128,7,164.4,91,291,48
20240128,8,35.6,22,67,48
20240128,9,148.9,101,206,48
20240128,10,55.7,35,79,48
20240128,11,184.5,94,233,48
20240128,12,123.7,80,172,48
20240128,13,70.7,43,98,48
20240128,14,88.8,46,150,48
20240128,15,78.4,52,100,48
20240128,16,15.3,10,22,48
20240128,17,81.2,52,117,48
20240128,18,71.4,48,92,48
20240129,1,18.9,0,50,48
20240129,2,52.5,10,107,48
20240129,3,100.1,29,145,48
20240129,4,89.1,33,217,48
20240129,5,206.3,100,265,48
20240129,6,164.9,27,273,48
20240129,7,316.6,142,373,48
20240129,8,276.6,79,380,48
20240129,9,344.2,139,458,48
20240129,10,123.8,32,202,48
20240129,11,305.0,197,365,48
20240129,12,265.4,139,397,48
20240129,13,140.5,52,252,48
20240129,14,158.1,70,296,48
20240129,15,203.4,92,280,48
20240129,16,69.3,9,136,48
20240129,17,250.8,100,323,48
20240129,18,189.9,82,253,48
20240130,1,11.9,0,59,48
20240130,2,21.5,5,49,48
20240130,3,59.5,15,103,48
20240130,4,46.3,18,102,48
20240130,5,185.7,115,244,48
20240130,6,77.9,20,133,48
20240130,7,306.1,126,387,48
20240130,8,188.1,43,317,48
20240130,9,341.1,110,426,48
20240130,10,133.5,31,271,48
20240130,11,294.0,205,379,48
20240130,12,281.4,156,350,48
20240130,13,155.7,52,270,48
20240130,14,178.9,89,277,48
20240130,15,192.4,88,252,48
20240130,16,18.3,5,42,48
20240130,17,177.3,53,283,48
20240130,18,171.4,81,224,48
20240131,1,0.3,0,3,48
20240131,2,11.7,4,18,48
20240131,3,19.7,10,32,48
20240131,4,25.9,12,37,48
20240131,5,115.6,80,164,48
20240131,6,54.6,12,111,48
20240131,7,277.8,113,376,48
20240131,8,63.2,16,106,48
20240131,9,263.1,115,344,48
20240131,10,119.5,35,226,48
20240131,11,264.3,166,341,48
20240131,12,207.8,96,259,48
20240131,13,148.8,39,239,48
20240131,14,193.9,43,305,48
20240131,15,146.5,69,195,48
20240131,16,9.5,3,21,48
20240131,17,115.0,35,153,48
20240131,18,128.7,59,172,48
20240201,1,0.1,0,6,48
20240201,2,6.1,3,11,48
20240201,3,19.9,10,35,48
20240201,4,18.0,10,26,48
20240201,5,121.5,68,173,48
20240201,6,43.1,12,78,48
20240201,7,285.9,36,384,48
20240201,8,74.3,16,157,48
20240201,9,254.5,102,359,48
20240201,10,120.9,38,219,48
20240201,11,257.2,131,359,48
20240201,12,203.4,84,284,48
20240201,13,146.3,46,255,48
20240201,14,168.3,57,284,48
20240201,15,141.8,68,209,48
20240201,16,5.2,3,10,48
20240201,17,117.7,20,200,48
20240201,18,124.7,58,183,48
20240202,1,0.0,0,0,48
20240202,2,7.4,4,14,48
20240202,3,11.0,4,17,48
20240202,4,16.9,11,27,48
20240202,5,92.2,64,124,48
20240202,6,16.3,3,40,48
20240202,7,145.7,55,259,48
20240202,8,21.3,11,38,48
20240202,9,126.8,95,201,48
20240202,10,54.0,27,78,48
20240202,11,216.9,67,350,48
20240202,12,126.4,90,177,48
20240202,13,68.7,43,116,48
20240202,14,92.3,55,180,48
20240202,15,77.6,51,118,48
20240202,16,7.0,4,13,48
20240202,17,50.0,5,86,48
20240202,18,67.5,44,103,48
20240203,1,0.0,0,0,48
20240203,2,4.9,3,7,48
20240203,3,15.5,7,22,48
20240203,4,14.4,10,23,48
20240203,5,92.7,64,120,48
20240203,6,12.8,5,22,48
20240203,7,113.6,39,204,48
20240203,8,22.2,8,38,48
20240203,9,137.0,102,181,48
20240203,10,47.0,33,62,48
20240203,11,220.3,145,278,48
20240203,12,126.7,93,170,48
20240203,13,56.2,43,76,48
20240203,14,66.4,46,109,48
20240203,15,73.1,60,88,48
20240203,16,4.6,3,7,48
20240203,17,48.0,16,77,48
20240203,18,63.2,49,76,48
20240204,1,0.0,0,0,48
20240204,2,5.3,3,8,48
20240204,3,11.9,6,20,48
20240204,4,15.3,12,20,48
20240204,5,86.5,72,108,48
20240204,6,24.6,3,61,48
20240204,7,86.0,26,188,48
20240204,8,23.4,11,41,48
20240204,9,97.1,47,161,48
20240204,10,39.3,19,62,48
20240204,11,188.2,116,279,48
20240204,12,96.7,60,130,48
20240204,13,57.5,35,86,48
20240204,14,85.8,53,133,48
20240204,15,62.9,40,89,48
20240204,16,5.3,4,7,48
20240204,17,42.5,7,67,48
20240204,18,54.9,34,78,48
20240205,1,0.0,0,0,48
20240205,2,8.3,5,12,48
20240205,3,10.8,6,19,48
20240205,4,31.5,17,40,48
20240205,5,93.8,73,112,48
20240205,6,21.8,8,42,48
20240205,7,147.9,72,242,48
20240205,8,33.9,13,54,48
20240205,9,129.9,52,191,48
20240205,10,24.6,2,44,48
20240205,11,171.9,116,222,48
20240205,12,121.8,91,157,48
20240205,13,50.6,24,65,48
20240205,14,87.4,72,125,48
20240205,15,70.9,49,90,48
20240205,16,7.8,5,11,48
20240205,17,57.7,25,94,48
20240205,18,62.1,44,82,48
20240206,1,0.0,0,1,48
20240206,2,13.3,5,27,48
20240206,3,40.1,10,90,48
20240206,4,35.1,19,62,48
20240206,5,154.5,72,228,48
20240206,6,35.1,11,135,48
20240206,7,198.2,70,355,48
20240206,8,104.4,16,281,48
20240206,9,173.5,61,332,48
20240206,10,48.4,5,88,48
20240206,11,225.0,141,304,48
20240206,12,141.7,71,234,48
20240206,13,68.6,27,109,48
20240206,14,91.8,67,131,48
20240206,15,104.3,51,167,48
20240206,16,19.0,6,79,48
20240206,17,100.8,15,264,48
20240206,18,93.8,45,157,48
20240207,1,110.7,0,178,48
20240207,2,71.8,17,114,48
20240207,3,123.9,53,173,48
20240207,4,67.2,27,144,48
20240207,5,215.4,180,243,48
20240207,6,216.9,119,306,48
20240207,7,369.6,294,388,48
20240207,8,318.8,186,405,48
20240207,9,435.9,268,501,48
20240207,10,218.0,97,289,48
20240207,11,343.9,231,400,48
20240207,12,317.4,184,384,48
20240207,13,178.6,107,255,48
20240207,14,163.9,107,214,48
20240207,15,251.5,143,301,48
20240207,16,91.6,54,126,48
20240207,17,308.3,241,356,48
20240207,18,235.4,148,281,48
20240208,1,111.4,3,227,48
20240208,2,49.2,5,112,48
20240208,3,48.8,9,93,48
20240208,4,64.0,11,125,48
20240208,5,160.2,73,201,48
20240208,6,132.7,27,262,48
20240208,7,309.9,85,373,48
20240208,8,188.8,23,336,48
20240208,9,369.4,121,504,48
20240208,10,113.4,40,210,48
20240208,11,301.3,132,360,48
20240208,12,281.0,100,363,48
20240208,13,133.2,42,221,48
20240208,14,150.2,42,226,48
20240208,15,188.6,65,260,48
20240208,16,47.6,5,128,48
20240208,17,195.4,44,317,48
20240208,18,173.5,57,244,48
20240209,1,9.6,0,56,48
20240209,2,9.8,5,26,48
20240209,3,11.9,6,25,48
20240209,4,17.7,12,28,48
20240209,5,136.6,75,178,48
20240209,6,48.6,24,86,48
20240209,7,196.4,75,353,48
20240209,8,69.3,33,97,48
20240209,9,238.7,124,328,48
20240209,10,83.4,38,115,48
20240209,11,235.0,137,319,48
20240209,12,198.0,91,258,48
20240209,13,93.1,37,149,48
20240209,14,100.7,30,171,48
20240209,15,118.7,70,153,48
20240209,16,5.4,3,7,48
20240209,17,88.3,41,158,48
20240209,18,103.2,60,133,48
20240210,1,0.1,0,4,48
20240210,2,18.7,5,41,48
20240210,3,65.1,7,132,48
20240210,4,40.4,13,87,48
20240210,5,208.2,123,267,48
20240210,6,140.9,22,244,48
20240210,7,264.1,92,364,48
20240210,8,250.4,49,363,48
20240210,9,360.4,135,456,48
20240210,10,176.3,90,224,48
20240210,11,317.3,207,380,48
20240210,12,279.4,167,368,48
20240210,13,146.5,64,228,48
20240210,14,138.6,51,199,48
20240210,15,204.8,99,262,48
20240210,16,47.5,6,112,48
20240210,17,200.9,20,310,48
20240210,18,183.7,80,242,48
20240211,1,2.6,0,9,48
20240211,2,27.5,12,42,48
20240211,3,69.3,14,100,48
20240211,4,38.7,16,68,48
20240211,5,206.0,150,259,48
20240211,6,92.1,29,172,48
20240211,7,306.9,162,376,48
20240211,8,268.3,83,330,48
20240211,9,363.0,191,423,48
20240211,10,152.7,62,201,48
20240211,11,327.4,195,385,48
20240211,12,290.2,242,338,48
20240211,13,151.4,93,211,48
20240211,14,155.5,105,209,48
20240211,15,198.9,127,222,48
20240211,16,94.1,20,117,48
20240211,17,232.4,102,333,48
20240211,18,188.0,117,212,48
20240212,1,0.0,0,0,48
20240212,2,12.6,5,24,48
20240212,3,29.4,11,48,48
20240212,4,19.4,14,34,48
20240212,5,167.6,87,207,48
20240212,6,39.0,17,75,48
20240212,7,182.7,21,366,48
20240212,8,77.6,24,159,48
20240212,9,255.7,82,370,48
20240212,10,139.3,35,228,48
20240212,11,322.5,190,386,48
20240212,12,256.6,139,359,48
20240212,13,194.9,70,298,48
20240212,14,232.2,111,349,48
20240212,15,164.7,82,234,48
20240212,16,31.0,6,92,48
20240212,17,125.2,57,247,48
20240212,18,147.5,72,207,48
20240213,1,0.0,0,0,48
20240213,2,11.5,5,24,48
20240213,3,58.2,11,117,48
20240213,4,38.9,11,136,48
20240213,5,182.9,85,235,48
20240213,6,133.1,38,196,48
20240213,7,291.5,117,369,48
20240213,8,193.2,29,323,48
20240213,9,244.2,76,394,48
20240213,10,93.3,46,126,48
20240213,11,311.0,227,382,48
20240213,12,242.9,125,320,48
20240213,13,130.1,84,178,48
20240213,14,158.8,82,261,48
20240213,15,166.9,83,231,48
20240213,16,21.8,5,85,48
20240213,17,197.3,34,285,48
20240213,18,151.8,72,204,48
20240214,1,13.5,0,36,48
20240214,2,44.4,12,82,48
20240214,3,60.0,11,99,48
20240214,4,69.8,16,154,48
20240214,5,199.7,130,230,48
20240214,6,145.0,54,218,48
20240214,7,290.0,114,339,48
20240214,8,232.5,67,320,48
20240214,9,258.0,105,373,48
20240214,10,83.3,54,103,48
20240214,11,329.6,284,374,48
20240214,12,241.5,138,323,48
20240214,13,110.1,69,144,48
20240214,14,127.0,60,195,48
20240214,15,163.4,90,214,48
20240214,16,102.5,33,150,48
20240214,17,215.6,107,270,48
20240214,18,159.5,84,201,48
20240215,1,0.5,0,4,48
20240215,2,20.8,11,39,48
20240215,3,47.9,18,78,48
20240215,4,64.7,21,127,48
20240215,5,162.6,125,187,48
20240215,6,108.2,16,201,48
20240215,7,305.6,124,379,48
20240215,8,184.0,51,290,48
20240215,9,226.8,106,318,48
20240215,10,75.5,35,111,48
20240215,11,309.3,215,380,48
20240215,12,229.9,137,303,48
20240215,13,105.9,49,140,48
20240215,14,127.7,62,194,48
20240215,15,146.7,84,193,48
20240215,16,50.7,22,93,48
20240215,17,200.6,76,292,48
20240215,18,138.9,78,184,48
20240216,1,6.6,0,19,48
20240216,2,36.9,14,72,48
20240216,3,66.9,16,140,48
20240216,4,50.1,22,91,48
20240216,5,204.2,153,257,48
20240216,6,133.5,26,261,48
20240216,7,316.3,159,379,48
20240216,8,259.8,121,350,48
20240216,9,293.8,204,379,48
20240216,10,112.0,44,167,48
20240216,11,319.4,182,385,48
20240216,12,256.7,181,303,48
20240216,13,132.7,84,163,48
20240216,14,136.5,92,165,48
20240216,15,184.0,135,239,48
20240216,16,59.1,5,104,48
20240216,17,232.8,119,349,48
20240216,18,170.7,119,225,48
20240217,1,0.1,0,2,48
20240217,2,11.8,2,27,48
20240217,3,27.6,4,80,48
20240217,4,18.0,9,25,48
20240217,5,160.7,92,224,48
20240217,6,51.8,9,151,48
20240217,7,245.4,113,380,48
20240217,8,107.0,37,294,48
20240217,9,220.9,126,290,48
20240217,10,112.9,12,174,48
20240217,11,322.0,234,384,48
20240217,12,252.4,159,313,48
20240217,13,122.9,31,187,48
20240217,14,132.1,54,191,48
20240217,15,146.8,78,196,48
20240217,16,10.4,2,49,48
20240217,17,128.6,42,343,48
20240217,18,129.1,66,188,48
20240218,1,0.0,0,0,48
20240218,2,5.6,4,9,48
20240218,3,24.2,5,50,48
20240218,4,8.5,4,14,48
20240218,5,128.6,92,174,48
20240218,6,34.8,15,95,48
20240218,7,229.4,132,353,48
20240218,8,98.5,27,180,48
20240218,9,182.7,110,270,48
20240218,10,102.6,15,155,48
20240218,11,258.8,99,330,48
20240218,12,210.3,144,263,48
20240218,13,96.6,32,154,48
20240218,14,95.9,51,155,48
20240218,15,121.7,87,172,48
20240218,16,5.6,2,16,48
20240218,17,102.0,39,219,48
20240218,18,106.6,74,156,48
20240219,1,0.0,0,0,48
20240219,2,6.6,4,10,48
20240219,3,15.1,3,51,48
20240219,4,15.6,7,26,48
20240219,5,121.5,65,188,48
20240219,6,33.1,9,64,48
20240219,7,246.7,114,369,48
20240219,8,60.1,10,158,48
20240219,9,181.3,95,318,48
20240219,10,71.0,20,162,48
20240219,11,249.5,92,339,48
20240219,12,213.7,112,324,48
20240219,13,101.6,61,166,48
20240219,14,128.2,93,183,48
20240219,15,113.8,70,181,48
20240219,16,9.9,3,30,48
20240219,17,113.2,34,221,48
20240219,18,101.9,61,164,48
20240220,1,0.0,0,0,48
20240220,2,13.0,4,32,48
20240220,3,16.3,5,29,48
20240220,4,18.7,12,32,48
20240220,5,130.1,80,185,48
20240220,6,42.8,4,99,48
20240220,7,237.4,107,348,48
20240220,8,63.1,23,145,48
20240220,9,176.8,110,237,48
20240220,10,83.0,41,128,48
20240220,11,269.0,90,376,48
20240220,12,193.9,108,255,48
20240220,13,117.6,64,201,48
20240220,14,149.4,87,259,48
20240220,15,123.7,72,166,48
20240220,16,12.4,3,28,48
20240220,17,117.3,14,274,48
20240220,18,107.3,63,146,48
20240221,1,0.0,0,0,48
20240221,2,7.9,4,20,48
20240221,3,9.9,4,31,48
20240221,4,14.6,11,21,48
20240221,5,118.3,76,175,48
20240221,6,39.0,12,78,48
20240221,7,204.4,59,263,48
20240221,8,45.9,13,79,48
20240221,9,127.1,82,206,48
20240221,10,79.8,26,135,48
20240221,11,231.1,126,313,48
20240221,12,164.5,106,233,48
20240221,13,83.4,41,140,48
20240221,14,87.9,49,145,48
20240221,15,95.7,66,137,48
20240221,16,7.8,4,20,48
20240221,17,84.1,25,151,48
20240221,18,82.3,57,113,48
20240222,1,0.0,0,0,48
20240222,2,7.8,3,14,48
20240222,3,27.9,2,46,48
20240222,4,16.9,11,21,48
20240222,5,134.7,71,185,48
20240222,6,46.1,25,79,48
20240222,7,244.0,72,353,48
20240222,8,120.0,28,201,48
20240222,9,186.6,79,273,48
20240222,10,79.3,14,139,48
20240222,11,227.8,157,328,48
20240222,12,188.5,90,255,48
20240222,13,102.2,38,153,48
20240222,14,115.2,55,159,48
20240222,15,118.2,62,163,48
20240222,16,6.5,4,12,48
20240222,17,143.1,33,247,48
20240222,18,105.7,56,146,48
20240223,1,0.0,0,0,48
20240223,2,11.2,4,25,48
20240223,3,28.9,2,84,48
20240223,4,26.7,13,58,48
20240223,5,142.6,68,223,48
20240223,6,90.8,38,208,48
20240223,7,274.5,79,377,48
20240223,8,163.2,40,336,48
20240223,9,248.1,146,388,48
20240223,10,152.6,85,249,48
20240223,11,244.9,152,356,48
20240223,12,238.1,141,347,48
20240223,13,154.2,95,234,48
20240223,14,161.5,96,253,48
20240223,15,159.3,84,251,48
20240223,16,18.0,7,41,48
20240223,17,171.5,32,323,48
20240223,18,142.8,73,226,48
20240224,1,17.5,0,32,48
20240224,2,53.0,20,87,48
20240224,3,103.7,46,157,48
20240224,4,68.0,23,116,48
20240224,5,229.9,182,282,48
20240224,6,209.5,144,276,48
20240224,7,374.8,321,390,48
20240224,8,326.5,279,389,48
20240224,9,355.7,304,428,48
20240224,10,228.0,181,281,48
20240224,11,312.5,156,381,48
20240224,12,286.3,240,330,48
20240224,13,191.8,164,241,48
20240224,14,187.7,161,228,48
20240224,15,227.8,197,276,48
20240224,16,104.5,24,136,48
20240224,17,326.5,234,374,48
20240224,18,219.1,191,259,48
20240225,1,22.4,0,61,48
20240225,2,58.0,12,114,48
20240225,3,104.5,15,154,48
20240225,4,94.6,21,199,48
20240225,5,214.0,134,246,48
20240225,6,159.9,88,224,48
20240225,7,303.3,145,387,48
20240225,8,254.9,72,321,48
20240225,9,289.3,71,373,48
20240225,10,143.0,23,231,48
20240225,11,303.0,207,349,48
20240225,12,230.2,119,259,48
20240225,13,156.8,35,194,48
20240225,14,163.3,46,194,48
20240225,15,188.2,73,229,48
20240225,16,106.0,44,167,48
20240225,17,255.9,115,369,48
20240225,18,182.4,73,220,48
20240226,1,100.9,2,251,48
20240226,2,61.0,9,106,48
20240226,3,54.4,9,116,48
20240226,4,86.8,17,200,48
20240226,5,186.9,120,238,48
20240226,6,113.9,40,188,48
20240226,7,240.2,151,373,48
20240226,8,186.5,60,282,48
20240226,9,227.6,63,377,48
20240226,10,85.1,11,143,48
20240226,11,261.0,159,372,48
20240226,12,227.6,114,336,48
20240226,13,124.5,23,185,48
20240226,14,148.4,44,219,48
20240226,15,156.9,64,225,48
20240226,16,74.2,4,138,48
20240226,17,168.2,114,237,48
20240226,18,148.5,66,205,48
20240227,1,2.7,0,24,48
20240227,2,9.8,5,27,48
20240227,3,55.6,21,80,48
20240227,4,18.7,13,37,48
20240227,5,167.1,141,227,48
20240227,6,84.6,31,147,48
20240227,7,327.2,166,386,48
20240227,8,147.0,57,201,48
20240227,9,322.7,219,395,48
20240227,10,178.8,64,249,48
20240227,11,321.3,161,390,48
20240227,12,281.9,223,326,48
20240227,13,211.8,115,265,48
20240227,14,216.4,120,314,48
20240227,15,191.9,133,228,48
20240227,16,8.5,2,25,48
20240227,17,179.0,62,280,48
20240227,18,171.0,129,206,48
20240228,1,0.6,0,17,48
20240228,2,8.9,4,30,48
20240228,3,27.1,16,43,48
20240228,4,14.8,11,24,48
20240228,5,136.3,75,177,48
20240228,6,62.7,15,125,48
20240228,7,319.3,99,380,48
20240228,8,97.2,31,189,48
20240228,9,246.9,82,363,48
20240228,10,140.8,28,278,48
20240228,11,300.7,160,390,48
20240228,12,267.5,104,340,48
20240228,13,185.2,48,317,48
20240228,14,195.8,64,351,48
20240228,15,160.6,64,247,48
20240228,16,6.8,3,24,48
20240228,17,175.4,88,281,48
20240228,18,144.6,62,224,48
20240229,1,0.0,0,0,48
20240229,2,8.3,6,15,48
20240229,3,47.1,17,85,48
20240229,4,16.8,13,23,48
20240229,5,173.1,114,219,48
20240229,6,90.9,8,176,48
20240229,7,292.3,86,384,48
20240229,8,155.4,18,247,48
20240229,9,249.0,107,344,48
20240229,10,116.6,27,214,48
20240229,11,275.8,190,362,48
20240229,12,213.5,129,281,48
20240229,13,131.8,39,191,48
20240229,14,138.8,42,193,48
20240229,15,152.6,70,212,48
20240229,16,7.0,5,10,48
20240229,17,185.3,14,290,48
20240229,18,137.2,58,194,48
20240301,1,3.0,0,7,48
20240301,2,16.6,8,40,48
20240301,3,66.3,29,106,48
20240301,4,24.6,19,40,48
20240301,5,162.7,134,201,48
20240301,6,72.0,10,175,48
20240301,7,287.3,114,373,48
20240301,8,179.1,114,239,48
20240301,9,251.4,181,316,48
20240301,10,111.9,40,176,48
20240301,11,259.8,56,385,48
20240301,12,231.9,172,283,48
20240301,13,132.3,96,159,48
20240301,14,139.7,106,168,48
20240301,15,159.3,118,201,48
20240301,16,18.5,6,40,48
20240301,17,184.2,64,256,48
20240301,18,143.8,112,177,48
20240302,1,0.0,0,0,48
20240302,2,13.1,6,22,48
20240302,3,80.5,41,109,48
20240302,4,31.4,16,57,48
20240302,5,147.2,117,189,48
20240302,6,85.5,24,139,48
20240302,7,308.2,189,365,48
20240302,8,183.1,99,237,48
20240302,9,240.8,164,307,48
20240302,10,134.4,59,221,48
20240302,11,271.5,134,371,48
20240302,12,206.7,147,250,48
20240302,13,134.3,100,186,48
20240302,14,137.3,101,192,48
20240302,15,160.3,127,192,48
20240302,16,14.2,5,32,48
20240302,17,206.8,78,309,48
20240302,18,145.4,121,170,48
20240303,1,0.0,0,0,48
20240303,2,12.1,5,28,48
20240303,3,102.5,44,173,48
20240303,4,38.3,17,82,48
20240303,5,221.2,173,257,48
20240303,6,89.6,22,189,48
20240303,7,356.5,317,390,48
20240303,8,248.1,109,374,48
20240303,9,362.2,247,463,48
20240303,10,227.6,186,280,48
20240303,11,248.5,92,376,48
20240303,12,210.2,150,308,48
20240303,13,178.7,141,265,48
20240303,14,176.2,141,251,48
20240303,15,211.1,163,281,48
20240303,16,10.6,4,35,48
20240303,17,261.9,185,366,48
20240303,18,190.0,147,251,48
20240304,1,0.7,0,7,48
20240304,2,29.1,6,66,48
20240304,3,77.3,21,138,48
20240304,4,26.8,15,52,48
20240304,5,170.8,93,258,48
20240304,6,97.5,31,198,48
20240304,7,322.8,143,384,48
20240304,8,188.8,36,355,48
20240304,9,333.5,164,467,48
20240304,10,197.9,76,288,48
20240304,11,275.0,129,374,48
20240304,12,255.7,164,348,48
20240304,13,201.6,105,291,48
20240304,14,202.3,112,275,48
20240304,15,202.6,103,281,48
20240304,16,32.0,5,75,48
20240304,17,226.5,96,352,48
20240304,18,185.0,96,254,48
20240305,1,0.0,0,0,48
20240305,2,18.9,7,37,48
20240305,3,57.2,25,128,48
20240305,4,30.2,16,77,48
20240305,5,207.9,117,283,48
20240305,6,116.4,52,235,48
20240305,7,328.8,108,390,48
20240305,8,221.5,68,378,48
20240305,9,341.1,147,455,48
20240305,10,240.5,76,334,48
20240305,11,264.6,68,378,48
20240305,12,280.7,189,340,48
20240305,13,222.3,124,289,48
20240305,14,206.1,131,322,48
20240305,15,217.7,118,293,48
20240305,16,15.4,6,31,48
20240305,17,242.5,121,358,48
20240305,18,196.8,108,264,48
20240306,1,0.0,0,0,48
20240306,2,25.2,9,47,48
20240306,3,52.5,20,85,48
20240306,4,41.3,18,133,48
20240306,5,217.5,140,259,48
20240306,6,112.7,40,209,48
20240306,7,357.9,307,390,48
20240306,8,247.0,109,348,48
20240306,9,393.1,277,471,48
20240306,10,266.3,152,325,48
20240306,11,281.6,78,381,48
20240306,12,309.7,221,380,48
20240306,13,254.2,172,342,48
20240306,14,231.0,167,351,48
20240306,15,237.0,166,286,48
20240306,16,19.7,5,37,48
20240306,17,265.0,131,297,48
20240306,18,218.0,149,256,48
20240307,1,0.0,0,0,48
20240307,2,16.6,4,51,48
20240307,3,22.1,10,35,48
20240307,4,20.0,9,52,48
20240307,5,144.5,91,186,48
20240307,6,66.3,17,113,48
20240307,7,273.1,63,337,48
20240307,8,150.9,43,254,48
20240307,9,293.8,124,388,48
20240307,10,122.0,42,185,48
20240307,11,245.4,137,332,48
20240307,12,226.1,148,318,48
20240307,13,137.2,44,237,48
20240307,14,142.4,45,287,48
20240307,15,155.0,79,203,48
20240307,16,10.6,3,38,48
20240307,17,157.1,46,236,48
20240307,18,139.7,67,179,48
20240308,1,0.0,0,0,48
20240308,2,7.3,1,11,48
20240308,3,28.4,12,51,48
20240308,4,13.1,4,25,48
20240308,5,103.1,66,135,48
20240308,6,46.4,8,127,48
20240308,7,208.1,49,375,48
20240308,8,85.9,30,179,48
20240308,9,144.8,69,206,48
20240308,10,71.3,24,113,48
20240308,11,203.9,77,425,48
20240308,12,156.4,59,241,48
20240308,13,92.4,29,196,48
20240308,14,98.8,30,217,48
20240308,15,95.4,52,143,48
20240308,16,6.4,2,11,48
20240308,17,106.3,29,200,48
20240308,18,90.9,45,152,48
20240309,1,0.0,0,0,48
20240309,2,4.7,3,8,48
20240309,3,5.9,3,20,48
20240309,4,10.2,7,20,48
20240309,5,78.7,57,117,48
20240309,6,18.9,3,52,48
20240309,7,174.6,84,300,48
20240309,8,29.3,15,67,48
20240309,9,112.7,54,205,48
20240309,10,47.1,13,70,48
20240309,11,215.1,128,298,48
20240309,12,137.1,90,184,48
20240309,13,53.1,27,74,48
20240309,14,57.2,33,93,48
20240309,15,72.1,52,93,48
20240309,16,3.5,2,6,48
20240309,17,68.6,26,130,48
20240309,18,62.7,45,84,48
20240310,1,0.0,0,0,48
20240310,2,4.7,3,6,48
20240310,3,5.8,2,12,48
20240310,4,11.3,8,14,48
20240310,5,93.7,59,137,48
20240310,6,29.2,15,63,48
20240310,7,266.9,106,387,48
20240310,8,65.4,29,130,48
20240310,9,190.0,108,278,48
20240310,10,100.8,53,149,48
20240310,11,209.6,139,253,48
20240310,12,180.9,124,241,48
20240310,13,106.4,57,166,48
20240310,14,106.9,55,163,48
20240310,15,103.8,74,148,48
20240310,16,3.6,2,5,48
20240310,17,136.1,37,224,48
20240310,18,94.0,67,135,48
20240311,1,0.0,0,0,48
20240311,2,17.4,4,32,48
20240311,3,100.4,5,179,48
20240311,4,44.5,10,92,48
20240311,5,203.5,118,276,48
20240311,6,151.8,26,272,48
20240311,7,380.0,336,389,48
20240311,8,298.5,61,414,48
20240311,9,385.2,192,465,48
20240311,10,174.1,72,227,48
20240311,11,298.8,182,403,48
20240311,12,286.8,155,380,48
20240311,13,173.5,81,271,48
20240311,14,169.6,72,285,48
20240311,15,223.5,103,283,48
20240311,16,26.3,4,60,48
20240311,17,287.1,155,365,48
20240311,18,207.1,95,263,48
20240312,1,0.0,0,0,48
20240312,2,18.9,9,37,48
20240312,3,43.4,11,86,48
20240312,4,47.9,13,137,48
20240312,5,181.0,108,216,48
20240312,6,107.2,49,161,48
20240312,7,314.9,122,369,48
20240312,8,246.5,42,339,48
20240312,9,382.9,171,480,48
20240312,10,141.0,35,272,48
20240312,11,269.5,179,338,48
20240312,12,262.8,132,359,48
20240312,13,155.2,51,272,48
20240312,14,158.3,63,256,48
20240312,15,202.6,84,261,48
20240312,16,12.8,7,26,48
20240312,17,193.9,74,320,48
20240312,18,181.8,75,232,48
20240313,1,0.0,0,0,48
20240313,2,8.7,6,15,48
20240313,3,29.5,17,46,48
20240313,4,15.7,11,23,48
20240313,5,122.8,74,163,48
20240313,6,82.4,49,120,48
20240313,7,170.7,72,323,48
20240313,8,91.7,44,183,48
20240313,9,206.8,148,331,48
20240313,10,67.3,14,112,48
20240313,11,246.4,169,341,48
20240313,12,186.0,116,276,48
20240313,13,93.5,62,147,48
20240313,14,120.4,71,204,48
20240313,15,114.3,80,182,48
20240313,16,4.3,3,11,48
20240313,17,126.2,67,190,48
20240313,18,102.8,74,156,48
20240314,1,1.8,0,8,48
20240314,2,13.1,8,20,48
20240314,3,34.1,14,56,48
20240314,4,14.1,11,20,48
20240314,5,128.6,83,172,48
20240314,6,33.6,12,56,48
20240314,7,211.3,57,309,48
20240314,8,126.4,51,190,48
20240314,9,213.5,134,284,48
20240314,10,64.1,16,116,48
20240314,11,211.9,109,322,48
20240314,12,162.4,68,291,48
20240314,13,83.8,36,127,48
20240314,14,97.8,43,169,48
20240314,15,112.6,59,155,48
20240314,16,11.8,3,28,48
20240314,17,155.7,82,224,48
20240314,18,103.2,55,138,48
20240315,1,0.0,0,0,48
20240315,2,9.9,5,15,48
20240315,3,33.2,18,72,48
20240315,4,13.1,8,23,48
20240315,5,120.7,78,192,48
20240315,6,42.2,14,134,48
20240315,7,158.9,57,289,48
20240315,8,88.8,40,193,48
20240315,9,166.2,68,307,48
20240315,10,54.8,21,75,48
20240315,11,146.0,34,235,48
20240315,12,121.3,61,199,48
20240315,13,53.3,32,86,48
20240315,14,52.1,26,100,48
20240315,15,83.9,42,148,48
20240315,16,3.5,2,8,48
20240315,17,139.2,64,282,48
20240315,18,78.3,43,133,48
20240316,1,0.8,0,6,48
20240316,2,16.3,5,38,48
20240316,3,39.8,4,91,48
20240316,4,16.1,12,28,48
20240316,5,160.8,93,212,48
20240316,6,74.1,39,115,48
20240316,7,293.6,75,360,48
20240316,8,144.7,34,269,48
20240316,9,260.5,148,369,48
20240316,10,99.0,36,165,48
20240316,11,234.8,142,311,48
20240316,12,178.6,131,218,48
20240316,13,106.9,54,153,48
20240316,14,107.3,56,155,48
20240316,15,134.5,69,191,48
20240316,16,16.4,3,50,48
20240316,17,247.8,84,359,48
20240316,18,128.0,62,179,48
20240317,1,0.0,0,0,48
20240317,2,11.1,6,17,48
20240317,3,23.3,8,41,48
20240317,4,14.1,11,23,48
20240317,5,125.1,93,155,48
20240317,6,40.9,17,67,48
20240317,7,232.2,88,341,48
20240317,8,129.0,56,208,48
20240317,9,201.1,125,360,48
20240317,10,80.8,24,126,48
20240317,11,156.8,27,275,48
20240317,12,145.4,103,207,48
20240317,13,82.0,52,121,48
20240317,14,83.1,60,126,48
20240317,15,106.2,73,168,48
20240317,16,10.4,3,29,48
20240317,17,166.1,85,247,48
20240317,18,97.7,67,145,48
20240318,1,0.0,0,0,48
20240318,2,12.6,7,21,48
20240318,3,36.3,7,70,48
20240318,4,13.1,11,15,48
20240318,5,134.4,94,158,48
20240318,6,43.0,22,107,48
20240318,7,268.1,76,369,48
20240318,8,127.8,22,276,48
20240318,9,276.1,185,380,48
20240318,10,121.4,30,190,48
20240318,11,230.0,69,360,48
20240318,12,215.6,130,322,48
20240318,13,134.2,50,226,48
20240318,14,132.5,57,239,48
20240318,15,142.5,83,206,48
20240318,16,7.4,3,18,48
20240318,17,185.5,101,289,48
20240318,18,130.0,80,187,48
20240319,1,3.3,0,22,48
20240319,2,18.5,4,65,48
20240319,3,69.8,6,190,48
20240319,4,15.9,9,52,48
20240319,5,169.5,72,319,48
20240319,6,114.5,18,335,48
20240319,7,255.2,29,391,48
20240319,8,205.3,30,415,48
20240319,9,306.6,159,471,48
20240319,10,118.9,52,202,48
20240319,11,229.4,62,382,48
20240319,12,226.5,121,354,48
20240319,13,135.0,64,230,48
20240319,14,137.5,50,242,48
20240319,15,168.0,70,302,48
20240319,16,27.9,2,108,48
20240319,17,200.5,68,358,48
20240319,18,152.8,60,271,48
20240320,1,9.2,0,17,48
20240320,2,31.3,7,45,48
20240320,3,124.7,45,151,48
20240320,4,21.4,11,39,48
20240320,5,209.7,135,239,48
20240320,6,210.9,46,284,48
20240320,7,372.5,353,385,48
20240320,8,339.8,173,379,48
20240320,9,418.8,342,458,48
20240320,10,211.1,127,278,48
20240320,11,278.4,122,377,48
20240320,12,266.5,199,343,48
20240320,13,214.7,143,285,48
20240320,14,212.4,134,277,48
20240320,15,248.9,171,285,48
20240320,16,65.0,4,87,48
20240320,17,266.2,175,322,48
20240320,18,227.2,156,254,48
20240321,1,0.0,0,0,48
20240321,2,8.1,3,23,48
20240321,3,15.1,4,43,48
20240321,4,10.6,6,22,48
20240321,5,106.3,57,164,48
20240321,6,42.2,4,87,48
20240321,7,297.9,142,386,48
20240321,8,77.6,16,175,48
20240321,9,219.9,98,375,48
20240321,10,117.5,16,218,48
20240321,11,201.7,84,353,48
20240321,12,164.8,92,253,48
20240321,13,121.3,26,227,48
20240321,14,121.8,26,221,48
20240321,15,116.1,53,188,48
20240321,16,5.4,2,18,48
20240321,17,161.9,19,219,48
20240321,18,105.8,44,168,48
20240322,1,0.0,0,0,48
20240322,2,4.0,3,7,48
20240322,3,9.3,3,15,48
20240322,4,6.1,4,7,48
20240322,5,77.5,53,90,48
20240322,6,23.4,2,50,48
20240322,7,255.0,138,334,48
20240322,8,29.3,12,60,48
20240322,9,99.9,53,156,48
20240322,10,57.4,15,118,48
20240322,11,192.3,95,285,48
20240322,12,122.8,83,156,48
20240322,13,73.2,24,122,48
20240322,14,79.6,33,137,48
20240322,15,71.1,49,97,48
20240322,16,4.3,3,7,48
20240322,17,91.8,43,149,48
20240322,18,64.1,44,89,48
20240323,1,0.0,0,0,48
20240323,2,2.3,1,4,48
20240323,3,7.8,5,12,48
20240323,4,3.2,2,6,48
20240323,5,49.7,37,65,48
20240323,6,8.9,2,25,48
20240323,7,218.5,130,266,48
20240323,8,22.2,12,37,48
20240323,9,62.8,45,99,48
20240323,10,25.6,6,61,48
20240323,11,132.5,14,221,48
20240323,12,68.4,44,96,48
20240323,13,29.9,15,45,48
20240323,14,27.5,12,50,48
20240323,15,41.6,31,52,48
20240323,16,2.4,1,3,48
20240323,17,74.3,48,96,48
20240323,18,38.9,29,47,48
20240324,1,0.8,0,5,48
20240324,2,13.2,3,33,48
20240324,3,52.4,12,143,48
20240324,4,16.6,6,48,48
20240324,5,125.0,57,248,48
20240324,6,66.5,12,217,48
20240324,7,250.0,96,382,48
20240324,8,117.6,19,297,48
20240324,9,159.7,24,387,48
20240324,10,60.6,11,156,48
20240324,11,209.0,55,387,48
20240324,12,115.4,47,200,48
20240324,13,72.3,16,155,48
20240324,14,78.2,24,160,48
20240324,15,100.0,37,218,48
20240324,16,17.3,3,55,48
20240324,17,155.9,46,349,48
20240324,18,93.2,35,201,48
20240325,1,0.2,0,2,48
20240325,2,12.0,8,18,48
20240325,3,41.4,7,93,48
20240325,4,30.8,12,96,48
20240325,5,184.5,114,224,48
20240325,6,88.7,37,198,48
20240325,7,308.0,198,356,48
20240325,8,209.1,106,301,48
20240325,9,307.8,144,374,48
20240325,10,126.3,61,154,48
20240325,11,250.8,104,372,48
20240325,12,199.7,111,302,48
20240325,13,131.4,57,187,48
20240325,14,133.8,54,198,48
20240325,15,165.5,94,214,48
20240325,16,12.3,6,32,48
20240325,17,219.5,129,284,48
20240325,18,150.5,88,193,48
20240326,1,0.4,0,2,48
20240326,2,10.9,4,18,48
20240326,3,66.9,5,124,48
20240326,4,16.6,11,32,48
20240326,5,165.1,92,224,48
20240326,6,90.9,19,163,48
20240326,7,307.2,124,382,48
20240326,8,186.9,43,319,48
20240326,9,311.5,133,430,48
20240326,10,130.9,30,221,48
20240326,11,254.1,170,377,48
20240326,12,203.4,118,283,48
20240326,13,143.8,54,259,48
20240326,14,150.3,53,275,48
20240326,15,166.5,79,229,48
20240326,16,9.4,4,20,48
20240326,17,230.3,64,319,48
20240326,18,151.5,67,208,48
20240327,1,0.0,0,0,48
20240327,2,7.3,4,10,48
20240327,3,22.2,3,54,48
20240327,4,13.7,8,18,48
20240327,5,96.5,73,120,48
20240327,6,38.8,7,73,48
20240327,7,193.4,66,349,48
20240327,8,80.2,21,188,48
20240327,9,170.3,86,301,48
20240327,10,55.6,16,132,48
20240327,11,192.4,44,312,48
20240327,12,142.3,82,198,48
20240327,13,68.5,36,123,48
20240327,14,76.1,24,133,48
20240327,15,89.7,64,151,48
20240327,16,6.0,4,8,48
20240327,17,103.7,26,208,48
20240327,18,80.8,53,139,48
20240328,1,0.0,0,0,48
20240328,2,9.1,5,17,48
20240328,3,12.4,4,31,48
20240328,4,13.4,10,17,48
20240328,5,106.8,60,137,48
20240328,6,29.2,6,75,48
20240328,7,178.2,81,293,48
20240328,8,66.3,27,148,48
20240328,9,111.5,43,233,48
20240328,10,45.5,15,88,48
20240328,11,148.2,43,264,48
20240328,12,114.5,73,158,48
20240328,13,48.9,23,77,48
20240328,14,52.6,16,98,48
20240328,15,72.8,43,113,48
20240328,16,7.2,4,16,48
20240328,17,71.4,26,137,48
20240328,18,64.8,38,102,48
20240329,1,3.1,0,8,48
20240329,2,20.0,14,27,48
20240329,3,23.1,7,34,48
20240329,4,13.1,11,16,48
20240329,5,122.7,93,151,48
20240329,6,37.6,14,90,48
20240329,7,213.4,104,323,48
20240329,8,103.4,63,179,48
20240329,9,139.2,35,228,48
20240329,10,41.8,18,88,48
20240329,11,194.5,11,339,48
20240329,12,137.5,86,234,48
20240329,13,63.5,21,157,48
20240329,14,78.0,16,221,48
20240329,15,89.3,43,153,48
20240329,16,20.7,11,32,48
20240329,17,140.6,64,221,48
20240329,18,84.3,48,135,48
20240330,1,1.1,0,8,48
20240330,2,20.6,13,55,48
20240330,3,33.1,5,84,48
20240330,4,12.8,7,31,48
20240330,5,170.9,109,250,48
20240330,6,79.7,40,144,48
20240330,7,265.2,127,352,48
20240330,8,160.4,57,296,48
20240330,9,226.6,105,386,48
20240330,10,172.3,94,237,48
20240330,11,215.6,6,358,48
20240330,12,183.8,146,229,48
20240330,13,155.0,53,207,48
20240330,14,150.0,32,211,48
20240330,15,152.7,95,229,48
20240330,16,19.5,9,53,48
20240330,17,187.1,66,272,48
20240330,18,138.4,84,210,48
20240331,1,3.7,0,8,46
20240331,2,17.4,8,29,46
20240331,3,17.8,8,37,46
20240331,4,14.9,13,28,46
20240331,5,128.0,85,173,46
20240331,6,47.1,34,78,46
20240331,7,181.8,87,251,46
20240331,8,107.9,61,190,46
20240331,9,209.0,125,325,46
20240331,10,98.1,32,201,46
20240331,11,217.8,72,348,46
20240331,12,151.7,107,188,46
20240331,13,120.0,60,174,46
20240331,14,131.9,68,197,46
20240331,15,120.1,72,181,46
20240331,16,15.1,6,37,46
20240331,17,99.7,31,194,46
20240331,18,105.8,72,162,46
20240401,1,0.0,0,0,48
20240401,2,8.9,6,13,48
20240401,3,29.0,9,74,48
20240401,4,18.6,14,29,48
20240401,5,125.6,93,177,48
20240401,6,34.4,8,84,48
20240401,7,212.8,92,358,48
20240401,8,93.5,52,201,48
20240401,9,201.0,99,354,48
20240401,10,68.0,37,112,48
20240401,11,232.3,104,315,48
20240401,12,142.9,93,222,48
20240401,13,83.3,45,150,48
20240401,14,89.0,48,165,48
20240401,15,107.9,77,175,48
20240401,16,7.9,5,14,48
20240401,17,91.8,31,197,48
20240401,18,94.5,64,154,48
20240402,1,0.0,0,0,48
20240402,2,12.7,7,18,48
20240402,3,74.2,12,129,48
20240402,4,18.9,15,21,48
20240402,5,178.6,116,240,48
20240402,6,92.6,21,169,48
20240402,7,305.1,187,377,48
20240402,8,178.7,60,269,48
20240402,9,261.6,149,396,48
20240402,10,95.0,16,146,48
20240402,11,237.8,97,340,48
20240402,12,172.2,84,246,48
20240402,13,106.3,25,161,48
20240402,14,111.0,28,168,48
20240402,15,149.6,72,216,48
20240402,16,9.4,7,12,48
20240402,17,188.0,63,285,48
20240402,18,134.9,67,187,48
20240403,1,0.0,0,0,48
20240403,2,11.8,7,17,48
20240403,3,28.6,9,55,48
20240403,4,14.7,11,18,48
20240403,5,122.5,98,151,48
20240403,6,32.7,10,62,48
20240403,7,254.1,167,309,48
20240403,8,85.8,48,127,48
20240403,9,123.4,55,250,48
20240403,10,33.2,4,66,48
20240403,11,199.6,71,335,48
20240403,12,137.0,88,203,48
20240403,13,48.9,14,101,48
20240403,14,56.2,16,127,48
20240403,15,82.3,61,123,48
20240403,16,10.3,6,18,48
20240403,17,139.5,86,215,48
20240403,18,77.4,60,112,48
20240404,1,1.3,0,5,48
20240404,2,23.8,9,42,48
20240404,3,37.5,4,73,48
20240404,4,16.3,11,25,48
20240404,5,169.6,91,233,48
20240404,6,64.9,6,120,48
20240404,7,278.6,126,347,48
20240404,8,171.0,48,272,48
20240404,9,213.1,64,368,48
20240404,10,59.0,0,110,48
20240404,11,227.8,122,357,48
20240404,12,159.0,84,226,48
20240404,13,103.1,13,153,48
20240404,14,115.9,17,174,48
20240404,15,122.0,58,186,48
20240404,16,34.1,8,81,48
20240404,17,217.3,61,320,48
20240404,18,117.0,58,170,48
20240405,1,0.0,0,0,48
20240405,2,7.3,3,12,48
20240405,3,7.6,1,16,48
20240405,4,10.3,6,14,48
20240405,5,63.7,41,107,48
20240405,6,22.9,5,52,48
20240405,7,104.2,34,168,48
20240405,8,25.8,14,45,48
20240405,9,67.9,16,158,48
20240405,10,14.0,0,27,48
20240405,11,100.7,11,250,48
20240405,12,68.6,27,148,48
20240405,13,25.8,15,46,48
20240405,14,37.6,20,78,48
20240405,15,39.8,20,66,48
20240405,16,6.6,3,10,48
20240405,17,54.5,23,78,48
20240405,18,36.8,19,59,48
20240406,1,0.0,0,0,48
20240406,2,5.5,2,10,48
20240406,3,12.0,7,17,48
20240406,4,6.8,4,12,48
20240406,5,47.5,34,61,48
20240406,6,33.7,16,54,48
20240406,7,162.0,94,233,48
20240406,8,26.6,15,44,48
20240406,9,52.6,29,107,48
20240406,10,21.1,10,33,48
20240406,11,98.0,30,150,48
20240406,12,60.7,37,96,48
20240406,13,35.0,21,51,48
20240406,14,56.3,38,94,48
20240406,15,43.0,25,62,48
20240406,16,5.0,3,9,48
20240406,17,49.8,35,81,48
20240406,18,39.4,24,55,48
20240407,1,0.0,0,0,48
20240407,2,2.6,1,9,48
20240407,3,6.1,3,15,48
20240407,4,9.0,6,14,48
20240407,5,61.7,40,90,48
20240407,6,13.3,2,39,48
20240407,7,114.7,65,176,48
20240407,8,17.5,11,30,48
20240407,9,107.3,74,171,48
20240407,10,27.6,16,40,48
20240407,11,127.5,43,247,48
20240407,12,80.6,63,104,48
20240407,13,42.9,24,67,48
20240407,14,65.4,38,111,48
20240407,15,50.1,35,69,48
20240407,16,2.2,1,8,48
20240407,17,45.6,27,80,48
20240407,18,44.3,31,60,48
20240408,1,3.5,0,23,48
20240408,2,26.7,2,75,48
20240408,3,34.0,3,74,48
20240408,4,14.0,12,21,48
20240408,5,129.0,63,170,48
20240408,6,44.3,8,109,48
20240408,7,277.5,84,344,48
20240408,8,147.3,20,277,48
20240408,9,223.5,130,366,48
20240408,10,78.2,9,130,48
20240408,11,247.0,194,336,48
20240408,12,191.7,92,255,48
20240408,13,127.4,23,198,48
20240408,14,141.3,34,223,48
20240408,15,126.4,57,190,48
20240408,16,36.5,2,121,48
20240408,17,201.2,78,281,48
20240408,18,120.2,52,184,48
20240409,1,1.0,0,9,48
20240409,2,11.3,5,36,48
20240409,3,10.9,4,30,48
20240409,4,17.2,10,40,48
20240409,5,76.7,44,109,48
20240409,6,17.1,7,28,48
20240409,7,132.0,92,184,48
20240409,8,31.9,14,74,48
20240409,9,88.0,44,150,48
20240409,10,20.7,6,51,48
20240409,11,112.5,5,282,48
20240409,12,81.7,50,130,48
20240409,13,38.6,11,64,48
20240409,14,54.7,5,85,48
20240409,15,50.3,32,73,48
20240409,16,10.1,4,38,48
20240409,17,67.2,48,139,48
20240409,18,46.2,29,67,48
20240410,1,0.0,0,0,48
20240410,2,7.9,2,17,48
20240410,3,11.6,2,21,48
20240410,4,16.9,13,23,48
20240410,5,86.8,58,126,48
20240410,6,15.7,2,32,48
20240410,7,189.7,109,313,48
20240410,8,36.3,11,87,48
20240410,9,126.3,45,258,48
20240410,10,47.4,10,128,48
20240410,11,199.9,77,351,48
20240410,12,101.8,50,218,48
20240410,13,66.8,29,184,48
20240410,14,82.3,30,240,48
20240410,15,70.6,37,140,48
20240410,16,6.6,2,13,48
20240410,17,90.0,44,186,48
20240410,18,64.0,34,124,48
20240411,1,0.0,0,0,48
20240411,2,3.2,2,4,48
20240411,3,9.7,2,21,48
20240411,4,13.4,8,17,48
20240411,5,89.3,51,141,48
20240411,6,17.7,2,47,48
20240411,7,179.8,117,299,48
20240411,8,26.8,12,53,48
20240411,9,134.2,90,231,48
20240411,10,46.4,21,102,48
20240411,11,202.3,83,338,48
20240411,12,101.4,72,153,48
20240411,13,70.7,26,143,48
20240411,14,85.7,12,178,48
20240411,15,72.0,50,124,48
20240411,16,2.6,1,3,48
20240411,17,73.5,36,128,48
20240411,18,63.4,43,110,48
20240412,1,0.0,0,0,48
20240412,2,2.4,1,4,48
20240412,3,5.3,3,10,48
20240412,4,15.5,9,23,48
20240412,5,67.3,47,85,48
20240412,6,6.1,2,17,48
20240412,7,86.3,27,153,48
20240412,8,20.0,9,45,48
20240412,9,104.9,39,161,48
20240412,10,32.7,8,50,48
20240412,11,156.2,23,306,48
20240412,12,72.9,27,130,48
20240412,13,54.0,26,97,48
20240412,14,78.2,28,166,48
20240412,15,52.6,26,75,48
20240412,16,2.0,1,3,48
20240412,17,45.3,16,82,48
20240412,18,45.6,22,66,48
20240413,1,0.0,0,0,48
20240413,2,1.9,0,4,48
20240413,3,3.0,0,7,48
20240413,4,12.9,0,24,48
20240413,5,58.0,0,81,48
20240413,6,4.1,0,14,48
20240413,7,133.4,3,295,48
20240413,8,15.0,6,27,48
20240413,9,108.1,45,213,48
20240413,10,25.4,4,46,48
20240413,11,190.2,0,370,48
20240413,12,67.4,21,122,48
20240413,13,42.1,8,68,48
20240413,14,58.0,9,100,48
20240413,15,49.7,20,82,48
20240413,16,1.7,0,4,48
20240413,17,54.4,0,98,48
20240413,18,43.8,19,72,48
20240414,1,0.0,0,0,48
20240414,2,2.9,1,8,48
20240414,3,3.6,1,7,48
20240414,4,7.6,6,11,48
20240414,5,64.3,41,84,48
20240414,6,6.5,1,25,48
20240414,7,142.7,49,315,48
20240414,8,15.3,5,27,48
20240414,9,141.1,98,189,48
20240414,10,81.2,45,129,48
20240414,11,209.5,59,380,48
20240414,12,98.0,55,143,48
20240414,13,100.5,65,149,48
20240414,14,126.0,72,197,48
20240414,15,75.9,53,95,48
20240414,16,2.3,1,5,48
20240414,17,57.4,25,116,48
20240414,18,64.9,45,81,48
20240415,1,0.0,0,0,48
20240415,2,3.0,1,19,48
20240415,3,2.2,0,6,48
20240415,4,8.0,4,18,48
20240415,5,58.7,36,82,48
20240415,6,5.4,0,18,48
20240415,7,90.2,36,202,48
20240415,8,15.2,4,29,48
20240415,9,101.4,24,148,48
20240415,10,20.9,2,82,48
20240415,11,164.0,34,307,48
20240415,12,66.3,12,119,48
20240415,13,36.8,7,68,48
20240415,14,59.2,7,134,48
20240415,15,45.8,15,70,48
20240415,16,2.5,0,16,48
20240415,17,41.3,10,118,48
20240415,18,40.3,12,62,48
20240416,1,0.0,0,0,48
20240416,2,1.6,1,2,48
20240416,3,7.3,1,23,48
20240416,4,11.5,8,18,48
20240416,5,94.1,63,131,48
20240416,6,9.5,1,41,48
20240416,7,126.6,50,189,48
20240416,8,25.5,13,47,48
20240416,9,113.5,48,219,48
20240416,10,30.0,5,105,48
20240416,11,208.3,53,378,48
20240416,12,78.1,29,140,48
20240416,13,46.2,14,128,48
20240416,14,52.7,8,168,48
20240416,15,59.2,34,104,48
20240416,16,1.3,1,2,48
20240416,17,52.3,16,94,48
20240416,18,52.0,30,89,48
20240417,1,5.5,0,25,48
20240417,2,18.0,1,61,48
20240417,3,24.2,8,60,48
20240417,4,13.7,10,21,48
20240417,5,139.2,82,196,48
20240417,6,37.5,4,141,48
20240417,7,198.1,85,377,48
20240417,8,86.4,16,232,48
20240417,9,199.1,95,318,48
20240417,10,85.1,33,170,48
20240417,11,277.5,133,382,48
20240417,12,145.2,63,253,48
20240417,13,120.2,59,229,48
20240417,14,137.3,44,278,48
20240417,15,113.0,64,191,48
20240417,16,39.1,1,139,48
20240417,17,128.0,47,285,48
20240417,18,105.6,57,186,48
20240418,1,1.3,0,17,48
20240418,2,14.6,1,58,48
20240418,3,29.1,9,72,48
20240418,4,11.5,6,16,48
20240418,5,122.6,59,195,48
20240418,6,23.9,7,54,48
20240418,7,227.1,78,383,48
20240418,8,81.4,12,192,48
20240418,9,197.7,91,350,48
20240418,10,82.8,16,160,48
20240418,11,239.0,42,389,48
20240418,12,129.2,48,299,48
20240418,13,105.4,28,207,48
20240418,14,118.6,23,211,48
20240418,15,108.1,48,198,48
20240418,16,17.4,1,123,48
20240418,17,132.9,30,323,48
20240418,18,99.0,41,176,48
20240419,1,0.0,0,0,48
20240419,2,3.9,1,17,48
20240419,3,16.4,8,27,48
20240419,4,11.5,8,14,48
20240419,5,82.5,57,105,48
20240419,6,8.4,2,22,48
20240419,7,136.5,76,215,48
20240419,8,44.9,19,97,48
20240419,9,123.4,72,165,48
20240419,10,26.5,0,48,48
20240419,11,199.4,78,296,48
20240419,12,76.6,26,144,48
20240419,13,32.3,15,71,48
20240419,14,37.9,19,92,48
20240419,15,59.3,41,89,48
20240419,16,3.6,0,18,48
20240419,17,67.8,32,144,48
20240419,18,53.2,36,81,48
20240420,1,7.0,0,16,48
20240420,2,21.7,8,39,48
20240420,3,35.2,15,64,48
20240420,4,20.3,11,36,48
20240420,5,109.0,83,174,48
20240420,6,60.8,13,100,48
20240420,7,189.3,97,263,48
20240420,8,105.9,61,204,48
20240420,9,152.9,88,270,48
20240420,10,35.9,7,78,48
20240420,11,171.9,48,306,48
20240420,12,96.1,42,187,48
20240420,13,61.6,32,137,48
20240420,14,80.8,31,182,48
20240420,15,81.1,48,137,48
20240420,16,46.6,15,92,48
20240420,17,156.2,91,241,48
20240420,18,81.1,49,136,48
20240421,1,10.6,0,17,48
20240421,2,30.8,1,47,48
20240421,3,44.3,1,70,48
20240421,4,23.2,4,37,48
20240421,5,128.3,3,197,48
20240421,6,67.7,1,137,48
20240421,7,277.9,29,384,48
20240421,8,132.6,37,258,48
20240421,9,190.4,112,475,48
20240421,10,46.7,0,104,48
20240421,11,210.0,11,389,48
20240421,12,108.6,15,234,48
20240421,13,68.9,19,134,48
20240421,14,83.0,23,151,48
20240421,15,96.6,22,164,48
20240421,16,68.8,5,135,48
20240421,17,201.6,16,322,48
20240421,18,99.7,20,166,48
20240422,1,1.0,0,12,48
20240422,2,21.0,10,45,48
20240422,3,65.1,42,86,48
20240422,4,15.4,14,24,48
20240422,5,196.0,159,224,48
20240422,6,80.1,53,139,48
20240422,7,373.4,350,390,48
20240422,8,261.4,148,310,48
20240422,9,372.4,289,417,48
20240422,10,173.0,73,252,48
20240422,11,349.1,269,392,48
20240422,12,250.2,192,319,48
20240422,13,188.4,110,263,48
20240422,14,183.3,97,293,48
20240422,15,208.0,165,249,48
20240422,16,39.1,14,100,48
20240422,17,280.0,232,351,48
20240422,18,193.1,166,222,48
20240423,1,0.2,0,2,48
20240423,2,13.5,6,19,48
20240423,3,48.9,23,70,48
20240423,4,14.7,13,17,48
20240423,5,145.3,102,204,48
20240423,6,31.0,14,59,48
20240423,7,354.4,214,385,48
20240423,8,161.9,88,247,48
20240423,9,264.7,171,335,48
20240423,10,136.8,12,245,48
20240423,11,294.3,160,390,48
20240423,12,209.5,131,291,48
20240423,13,156.3,57,255,48
20240423,14,160.4,100,266,48
20240423,15,155.5,93,200,48
20240423,16,11.6,2,20,48
20240423,17,265.1,156,335,48
20240423,18,147.0,86,188,48
20240424,1,0.5,0,10,48
20240424,2,11.1,2,31,48
20240424,3,40.5,20,55,48
20240424,4,17.8,11,39,48
20240424,5,151.5,103,215,48
20240424,6,32.6,18,53,48
20240424,7,318.8,185,382,48
20240424,8,156.1,88,226,48
20240424,9,243.5,143,340,48
20240424,10,86.5,6,197,48
20240424,11,261.1,130,387,48
20240424,12,191.5,127,284,48
20240424,13,122.7,51,244,48
20240424,14,144.4,75,284,48
20240424,15,134.4,82,197,48
20240424,16,18.1,1,70,48
20240424,17,246.8,156,296,48
20240424,18,129.0,82,180,48
20240425,1,6.1,0,66,48
20240425,2,24.0,10,46,48
20240425,3,57.9,23,87,48
20240425,4,22.1,11,49,48
20240425,5,187.3,164,213,48
20240425,6,70.3,23,143,48
20240425,7,347.3,254,386,48
20240425,8,217.6,95,309,48
20240425,9,321.8,223,395,48
20240425,10,157.5,88,230,48
20240425,11,314.5,161,389,48
20240425,12,239.3,142,316,48
20240425,13,201.0,127,278,48
20240425,14,218.8,123,324,48
20240425,15,186.1,153,231,48
20240425,16,52.2,8,122,48
20240425,17,295.4,246,354,48
20240425,18,178.8,145,226,48
20240426,1,81.1,1,277,48
20240426,2,54.6,31,98,48
20240426,3,73.0,39,109,48
20240426,4,21.7,11,57,48
20240426,5,207.9,157,251,48
20240426,6,128.1,33,181,48
20240426,7,358.0,318,386,48
20240426,8,256.2,186,329,48
20240426,9,350.8,251,434,48
20240426,10,178.8,125,223,48
20240426,11,315.9,228,386,48
20240426,12,227.5,152,298,48
20240426,13,206.9,170,251,48
20240426,14,211.3,169,276,48
20240426,15,198.8,161,241,48
20240426,16,148.8,104,184,48
20240426,17,310.7,273,350,48
20240426,18,200.4,167,240,48
20240427,1,6.6,0,24,48
20240427,2,26.1,14,37,48
20240427,3,45.6,30,58,48
20240427,4,12.7,8,16,48
20240427,5,177.8,149,194,48
20240427,6,84.8,53,122,48
20240427,7,309.6,249,348,48
20240427,8,173.2,107,235,48
20240427,9,275.0,180,416,48
20240427,10,139.0,73,184,48
20240427,11,331.3,254,384,48
20240427,12,184.3,139,230,48
20240427,13,170.7,111,205,48
20240427,14,177.8,116,213,48
20240427,15,159.3,116,188,48
20240427,16,77.4,27,130,48
20240427,17,264.6,219,306,48
20240427,18,156.9,112,190,48
20240428,1,0.0,0,0,48
20240428,2,13.3,1,24,48
20240428,3,27.1,10,43,48
20240428,4,7.2,5,10,48
20240428,5,105.6,73,142,48
20240428,6,17.3,5,49,48
20240428,7,195.3,99,319,48
20240428,8,79.7,29,119,48
20240428,9,154.2,108,209,48
20240428,10,73.9,9,114,48
20240428,11,253.9,106,355,48
20240428,12,145.4,118,180,48
20240428,13,89.6,40,144,48
20240428,14,99.6,41,186,48
20240428,15,96.6,66,127,48
20240428,16,15.3,1,36,48
20240428,17,145.5,76,223,48
20240428,18,90.2,60,113,48
20240429,1,0.0,0,0,48
20240429,2,2.9,1,22,48
20240429,3,11.3,1,28,48
20240429,4,8.3,6,10,48
20240429,5,86.0,63,138,48
20240429,6,8.9,1,25,48
20240429,7,140.1,57,246,48
20240429,8,33.4,11,66,48
20240429,9,142.5,54,237,48
20240429,10,68.4,11,132,48
20240429,11,227.8,27,346,48
20240429,12,106.4,47,180,48
20240429,13,111.4,45,193,48
20240429,14,154.0,61,268,48
20240429,15,83.7,40,137,48
20240429,16,1.8,1,14,48
20240429,17,87.8,30,164,48
20240429,18,75.4,37,122,48
20240430,1,0.0,0,0,48
20240430,2,1.8,1,5,48
20240430,3,7.8,2,22,48
20240430,4,8.9,5,16,48
20240430,5,85.6,51,138,48
20240430,6,21.0,2,49,48
20240430,7,128.2,36,362,48
20240430,8,32.5,13,80,48
20240430,9,129.8,45,213,48
20240430,10,91.2,36,136,48
20240430,11,163.9,15,309,48
20240430,12,99.0,34,164,48
20240430,13,114.3,83,174,48
20240430,14,135.4,66,218,48
20240430,15,79.3,43,133,48
20240430,16,1.7,1,4,48
20240430,17,84.8,33,189,48
20240430,18,70.7,39,119,48
20240501,1,0.0,0,0,48
20240501,2,16.6,4,25,48
20240501,3,46.3,10,69,48
20240501,4,17.0,7,21,48
20240501,5,147.5,73,190,48
20240501,6,42.3,8,83,48
20240501,7,317.9,153,382,48
20240501,8,132.3,57,228,48
20240501,9,222.4,124,344,48
20240501,10,128.0,4,224,48
20240501,11,250.3,123,329,48
20240501,12,183.4,136,225,48
20240501,13,161.9,60,207,48
20240501,14,178.5,115,221,48
20240501,15,134.5,74,183,48
20240501,16,37.5,2,76,48
20240501,17,276.5,83,352,48
20240501,18,132.3,67,177,48
20240502,1,0.0,0,0,48
20240502,2,6.9,2,13,48
20240502,3,8.7,3,17,48
20240502,4,13.6,6,21,48
20240502,5,92.5,65,138,48
20240502,6,24.0,8,57,48
20240502,7,176.9,112,286,48
20240502,8,41.9,21,62,48
20240502,9,141.4,89,250,48
20240502,10,76.2,4,144,48
20240502,11,213.0,65,354,48
20240502,12,118.0,59,157,48
20240502,13,99.9,57,157,48
20240502,14,117.4,52,185,48
20240502,15,85.3,53,128,48
20240502,16,6.5,3,10,48
20240502,17,99.4,61,154,48
20240502,18,76.7,48,117,48
20240503,1,0.0,0,0,48
20240503,2,20.6,1,39,48
20240503,3,23.3,5,46,48
20240503,4,19.3,9,25,48
20240503,5,162.2,84,203,48
20240503,6,32.8,4,77,48
20240503,7,291.4,161,360,48
20240503,8,140.6,43,204,48
20240503,9,210.3,125,313,48
20240503,10,61.5,9,100,48
20240503,11,252.3,129,388,48
20240503,12,166.3,99,234,48
20240503,13,97.0,31,147,48
20240503,14,107.5,25,172,48
20240503,15,122.0,77,164,48
20240503,16,21.9,4,58,48
20240503,17,192.2,98,275,48
20240503,18,115.4,70,152,48
20240504,1,8.2,0,21,48
20240504,2,38.9,27,56,48
20240504,3,38.7,13,68,48
20240504,4,11.7,5,18,48
20240504,5,159.1,109,237,48
20240504,6,55.2,29,91,48
20240504,7,306.4,232,383,48
20240504,8,142.7,92,234,48
20240504,9,232.9,116,361,48
20240504,10,89.8,12,200,48
20240504,11,275.4,127,387,48
20240504,12,190.5,129,262,48
20240504,13,125.5,53,231,48
20240504,14,123.9,51,229,48
20240504,15,136.1,103,204,48
20240504,16,73.8,41,114,48
20240504,17,200.0,107,327,48
20240504,18,133.0,98,199,48
20240505,1,22.6,7,38,48
20240505,2,47.0,30,76,48
20240505,3,86.9,36,144,48
20240505,4,11.5,10,14,48
20240505,5,212.3,166,243,48
20240505,6,104.0,70,141,48
20240505,7,340.3,249,389,48
20240505,8,180.7,121,302,48
20240505,9,270.3,138,383,48
20240505,10,147.0,112,190,48
20240505,11,296.3,170,375,48
20240505,12,196.7,139,240,48
20240505,13,156.9,120,205,48
20240505,14,157.3,120,214,48
20240505,15,167.0,130,204,48
20240505,16,116.8,34,172,48
20240505,17,266.2,161,372,48
20240505,18,168.0,131,209,48
20240506,1,8.3,0,20,48
20240506,2,38.0,28,66,48
20240506,3,71.5,29,115,48
20240506,4,12.8,10,16,48
20240506,5,188.8,164,227,48
20240506,6,102.5,29,138,48
20240506,7,323.7,264,374,48
20240506,8,176.4,133,249,48
20240506,9,284.7,180,353,48
20240506,10,147.4,80,200,48
20240506,11,278.3,124,390,48
20240506,12,217.1,167,273,48
20240506,13,179.1,129,235,48
20240506,14,180.2,123,240,48
20240506,15,170.3,139,207,48
20240506,16,91.6,37,128,48
20240506,17,245.5,133,343,48
20240506,18,166.9,137,201,48
20240507,1,15.9,0,42,48
20240507,2,51.6,34,78,48
20240507,3,97.6,35,146,48
20240507,4,18.4,11,50,48
20240507,5,200.4,174,244,48
20240507,6,108.8,34,167,48
20240507,7,337.6,248,389,48
20240507,8,193.6,145,270,48
20240507,9,274.9,176,357,48
20240507,10,137.7,104,168,48
20240507,11,241.8,31,385,48
20240507,12,221.1,139,289,48
20240507,13,190.6,148,222,48
20240507,14,194.9,147,230,48
20240507,15,170.6,127,215,48
20240507,16,106.3,40,155,48
20240507,17,306.0,200,383,48
20240507,18,172.5,134,216,48
20240508,1,0.0,0,0,48
20240508,2,23.6,8,43,48
20240508,3,67.8,22,108,48
20240508,4,17.1,13,22,48
20240508,5,179.4,131,224,48
20240508,6,86.1,41,130,48
20240508,7,330.5,195,390,48
20240508,8,150.7,72,260,48
20240508,9,255.5,159,371,48
20240508,10,141.3,81,194,48
20240508,11,237.3,38,390,48
20240508,12,199.1,95,265,48
20240508,13,176.3,119,231,48
20240508,14,185.5,129,246,48
20240508,15,155.8,95,207,48
20240508,16,46.1,3,122,48
20240508,17,307.3,176,381,48
20240508,18,154.1,91,206,48
20240509,1,7.9,0,33,48
20240509,2,28.1,8,69,48
20240509,3,78.2,23,144,48
20240509,4,21.5,16,37,48
20240509,5,181.7,127,244,48
20240509,6,99.7,51,194,48
20240509,7,283.5,185,379,48
20240509,8,143.7,80,239,48
20240509,9,225.7,134,325,48
20240509,10,164.7,116,223,48
20240509,11,198.9,30,358,48
20240509,12,166.5,83,241,48
20240509,13,169.4,104,235,48
20240509,14,171.4,99,238,48
20240509,15,143.3,95,214,48
20240509,16,62.3,7,183,48
20240509,17,284.5,217,382,48
20240509,18,144.1,97,218,48
20240510,1,8.0,0,26,48
20240510,2,32.3,18,49,48
20240510,3,86.0,57,105,48
20240510,4,16.4,14,22,48
20240510,5,181.0,155,222,48
20240510,6,111.3,53,157,48
20240510,7,326.2,220,384,48
20240510,8,178.9,98,253,48
20240510,9,248.2,147,323,48
20240510,10,184.9,133,252,48
20240510,11,204.9,43,337,48
20240510,12,178.4,92,235,48
20240510,13,156.9,93,215,48
20240510,14,144.5,59,222,48
20240510,15,155.5,101,197,48
20240510,16,100.4,52,167,48
20240510,17,313.7,199,376,48
20240510,18,159.6,103,193,48
20240511,1,0.0,0,1,48
20240511,2,20.5,7,37,48
20240511,3,56.6,31,117,48
20240511,4,13.0,11,17,48
20240511,5,154.9,110,234,48
20240511,6,64.2,37,146,48
20240511,7,274.6,214,384,48
20240511,8,102.7,53,219,48
20240511,9,177.3,103,295,48
20240511,10,71.0,31,217,48
20240511,11,182.7,42,344,48
20240511,12,150.6,95,215,48
20240511,13,96.0,39,185,48
20240511,14,98.3,34,194,48
20240511,15,97.1,62,208,48
20240511,16,42.9,10,132,48
20240511,17,246.7,159,377,48
20240511,18,104.6,74,203,48
20240512,1,0.0,0,0,48
20240512,2,7.6,5,11,48
20240512,3,33.8,11,60,48
20240512,4,9.8,6,14,48
20240512,5,92.1,54,127,48
20240512,6,29.6,16,52,48
20240512,7,216.7,115,334,48
20240512,8,54.0,22,99,48
20240512,9,113.9,32,194,48
20240512,10,55.4,9,123,48
20240512,11,194.0,41,318,48
20240512,12,139.9,50,242,48
20240512,13,70.8,29,149,48
20240512,14,84.3,44,179,48
20240512,15,79.7,33,137,48
20240512,16,7.4,4,13,48
20240512,17,147.6,91,199,48
20240512,18,76.2,35,126,48
20240513,1,0.0,0,0,48
20240513,2,23.9,5,45,48
20240513,3,30.4,16,51,48
20240513,4,17.6,13,23,48
20240513,5,135.3,89,172,48
20240513,6,34.3,20,48,48
20240513,7,238.9,184,330,48
20240513,8,71.0,36,133,48
20240513,9,187.3,122,278,48
20240513,10,78.7,40,109,48
20240513,11,315.0,261,378,48
20240513,12,196.7,126,279,48
20240513,13,96.6,50,153,48
20240513,14,88.0,28,170,48
20240513,15,116.9,86,149,48
20240513,16,28.9,4,67,48
20240513,17,174.4,86,290,48
20240513,18,111.6,82,147,48
20240514,1,0.0,0,1,48
20240514,2,25.5,12,37,48
20240514,3,46.4,18,110,48
20240514,4,12.0,4,18,48
20240514,5,167.5,98,266,48
20240514,6,55.5,12,120,48
20240514,7,255.1,142,334,48
20240514,8,82.8,30,157,48
20240514,9,200.6,111,309,48
20240514,10,99.9,1,189,48
20240514,11,292.7,186,378,48
20240514,12,208.3,125,301,48
20240514,13,126.5,7,217,48
20240514,14,121.0,9,228,48
20240514,15,133.3,66,204,48
20240514,16,24.9,11,40,48
20240514,17,198.5,96,281,48
20240514,18,127.6,62,191,48
20240515,1,10.7,0,71,48
20240515,2,35.3,24,54,48
20240515,3,73.2,30,101,48
20240515,4,9.5,8,12,48
20240515,5,210.6,158,255,48
20240515,6,95.6,25,144,48
20240515,7,312.3,215,379,48
20240515,8,182.9,78,252,48
20240515,9,290.4,228,348,48
20240515,10,170.1,83,236,48
20240515,11,269.5,116,380,48
20240515,12,206.9,141,275,48
20240515,13,169.4,106,233,48
20240515,14,149.6,53,223,48
20240515,15,172.8,132,208,48
20240515,16,78.7,27,112,48
20240515,17,268.6,161,347,48
20240515,18,168.9,121,200,48
20240516,1,10.1,0,99,48
20240516,2,35.9,17,58,48
20240516,3,86.5,44,130,48
20240516,4,11.5,9,14,48
20240516,5,193.9,144,240,48
20240516,6,116.9,44,147,48
20240516,7,364.2,319,385,48
20240516,8,207.7,124,274,48
20240516,9,302.8,237,396,48
20240516,10,188.8,124,237,48
20240516,11,252.4,92,381,48
20240516,12,214.4,191,294,48
20240516,13,216.2,151,270,48
20240516,14,223.1,148,291,48
20240516,15,187.1,153,222,48
20240516,16,96.6,15,156,48
20240516,17,336.9,273,371,48
20240516,18,186.4,143,214,48
20240517,1,16.8,0,84,48
20240517,2,35.5,16,53,48
20240517,3,103.4,41,144,48
20240517,4,9.4,8,13,48
20240517,5,216.6,147,275,48
20240517,6,93.9,43,139,48
20240517,7,270.6,207,382,48
20240517,8,204.8,117,295,48
20240517,9,317.7,245,408,48
20240517,10,180.9,115,228,48
20240517,11,211.6,38,357,48
20240517,12,204.1,154,260,48
20240517,13,197.7,147,244,48
20240517,14,200.2,145,250,48
20240517,15,175.3,142,226,48
20240517,16,98.0,13,188,48
20240517,17,330.0,269,379,48
20240517,18,176.8,141,230,48
20240518,1,57.0,10,301,48
20240518,2,38.3,26,108,48
20240518,3,65.4,47,99,48
20240518,4,9.9,7,13,48
20240518,5,166.6,138,227,48
20240518,6,64.8,31,112,48
20240518,7,246.9,189,291,48
20240518,8,154.0,94,206,48
20240518,9,238.4,142,337,48
20240518,10,139.6,73,167,48
20240518,11,257.3,134,367,48
20240518,12,170.9,117,220,48
20240518,13,195.0,164,221,48
20240518,14,201.0,170,231,48
20240518,15,141.2,99,180,48
20240518,16,112.9,80,140,48
20240518,17,303.7,240,357,48
20240518,18,149.6,111,187,48
20240519,1,17.4,11,42,48
20240519,2,31.2,23,51,48
20240519,3,51.5,27,88,48
20240519,4,12.3,10,16,48
20240519,5,142.4,97,210,48
20240519,6,41.1,18,89,48
20240519,7,210.3,115,311,48
20240519,8,129.7,47,226,48
20240519,9,202.0,69,345,48
20240519,10,90.4,43,137,48
20240519,11,212.6,56,387,48
20240519,12,128.9,45,198,48
20240519,13,132.6,80,204,48
20240519,14,142.1,74,208,48
20240519,15,108.0,56,161,48
20240519,16,95.5,58,133,48
20240519,17,243.6,145,337,48
20240519,18,116.1,63,169,48
20240520,1,8.1,0,58,48
20240520,2,40.9,28,54,48
20240520,3,98.3,57,140,48
20240520,4,8.7,8,11,48
20240520,5,189.6,153,231,48
20240520,6,87.9,55,129,48
20240520,7,266.5,236,311,48
20240520,8,171.2,117,231,48
20240520,9,259.6,148,343,48
20240520,10,93.2,31,145,48
20240520,11,254.1,111,381,48
20240520,12,170.4,96,234,48
20240520,13,131.0,101,181,48
20240520,14,136.2,103,188,48
20240520,15,141.2,107,183,48
20240520,16,93.9,73,125,48
20240520,17,297.1,227,354,48
20240520,18,146.6,116,188,48
20240521,1,49.7,0,133,48
20240521,2,44.2,29,58,48
20240521,3,113.3,51,139,48
20240521,4,9.5,8,12,48
20240521,5,205.1,147,263,48
20240521,6,117.4,78,168,48
20240521,7,266.7,217,306,48
20240521,8,208.7,156,245,48
20240521,9,311.5,261,352,48
20240521,10,167.9,47,232,48
20240521,11,276.5,119,389,48
20240521,12,211.8,170,241,48
20240521,13,196.8,126,232,48
20240521,14,197.9,120,233,48
20240521,15,181.9,140,214,48
20240521,16,112.3,76,143,48
20240521,17,309.5,265,375,48
20240521,18,182.8,144,215,48
20240522,1,118.0,0,247,48
20240522,2,48.2,20,115,48
20240522,3,61.8,15,141,48
20240522,4,11.8,8,20,48
20240522,5,139.9,75,192,48
20240522,6,61.2,9,147,48
20240522,7,232.0,134,279,48
20240522,8,102.5,20,195,48
20240522,9,187.2,79,282,48
20240522,10,98.3,21,174,48
20240522,11,250.9,151,372,48
20240522,12,138.8,63,215,48
20240522,13,105.9,38,198,48
20240522,14,111.2,55,200,48
20240522,15,115.2,53,167,48
20240522,16,63.7,7,125,48
20240522,17,221.6,96,334,48
20240522,18,116.9,50,172,48
20240523,1,3.8,0,130,48
20240523,2,20.8,5,74,48
20240523,3,43.0,18,91,48
20240523,4,9.2,7,15,48
20240523,5,112.4,67,192,48
20240523,6,32.0,7,87,48
20240523,7,189.7,94,326,48
20240523,8,48.2,16,106,48
20240523,9,115.1,56,220,48
20240523,10,53.5,15,139,48
20240523,11,213.4,84,364,48
20240523,12,89.2,30,193,48
20240523,13,78.7,34,168,48
20240523,14,95.1,44,204,48
20240523,15,78.2,39,150,48
20240523,16,25.9,5,91,48
20240523,17,135.1,60,289,48
20240523,18,77.0,36,152,48
20240524,1,20.1,0,111,48
20240524,2,58.4,24,79,48
20240524,3,116.5,61,148,48
20240524,4,8.8,7,11,48
20240524,5,224.3,165,274,48
20240524,6,105.2,40,177,48
20240524,7,286.4,246,332,48
20240524,8,205.1,107,263,48
20240524,9,279.7,178,379,48
20240524,10,188.3,117,234,48
20240524,11,302.4,161,391,48
20240524,12,233.1,186,296,48
20240524,13,191.6,160,245,48
20240524,14,187.9,157,237,48
20240524,15,181.7,140,217,48
20240524,16,145.9,36,190,48
20240524,17,323.6,281,384,48
20240524,18,187.3,147,218,48
20240525,1,0.0,0,0,48
20240525,2,15.7,7,26,48
20240525,3,29.5,5,93,48
20240525,4,9.8,8,12,48
20240525,5,143.5,104,186,48
20240525,6,38.8,7,110,48
20240525,7,270.5,85,390,48
20240525,8,101.1,32,183,48
20240525,9,208.6,101,332,48
20240525,10,120.7,32,186,48
20240525,11,202.1,36,381,48
20240525,12,137.5,45,258,48
20240525,13,94.7,40,158,48
20240525,14,83.6,40,151,48
20240525,15,114.0,59,169,48
20240525,16,21.9,6,37,48
20240525,17,193.5,44,375,48
20240525,18,109.2,52,164,48
20240526,1,0.0,0,0,48
20240526,2,16.9,12,26,48
20240526,3,39.0,12,64,48
20240526,4,10.1,8,12,48
20240526,5,128.9,103,147,48
20240526,6,41.8,17,76,48
20240526,7,134.1,61,224,48
20240526,8,95.2,59,131,48
20240526,9,210.5,100,317,48
20240526,10,72.4,8,145,48
20240526,11,214.3,91,353,48
20240526,12,110.1,44,176,48
20240526,13,57.4,28,83,48
20240526,14,50.9,30,79,48
20240526,15,97.7,65,136,48
20240526,16,18.8,11,37,48
20240526,17,101.4,64,138,48
20240526,18,89.0,60,121,48
20240527,1,1.4,0,8,48
20240527,2,24.8,14,39,48
20240527,3,53.8,22,123,48
20240527,4,10.3,8,13,48
20240527,5,130.2,97,202,48
20240527,6,44.1,15,96,48
20240527,7,139.4,56,269,48
20240527,8,95.8,40,191,48
20240527,9,187.4,89,311,48
20240527,10,61.0,11,141,48
20240527,11,199.8,51,383,48
20240527,12,119.5,31,227,48
20240527,13,67.1,35,146,48
20240527,14,67.1,29,139,48
20240527,15,94.7,49,175,48
20240527,16,30.3,12,66,48
20240527,17,136.9,55,296,48
20240527,18,90.7,46,167,48
20240528,1,0.0,0,0,48
20240528,2,18.4,9,30,48
20240528,3,42.4,24,55,48
20240528,4,8.5,8,10,48
20240528,5,132.3,99,162,48
20240528,6,65.6,32,98,48
20240528,7,279.2,163,357,48
20240528,8,98.8,59,142,48
20240528,9,170.3,110,257,48
20240528,10,85.2,12,170,48
20240528,11,258.1,174,346,48
20240528,12,116.9,54,244,48
20240528,13,75.6,22,107,48
20240528,14,65.7,27,100,48
20240528,15,114.5,89,155,48
20240528,16,21.5,11,36,48
20240528,17,128.3,64,202,48
20240528,18,103.4,78,138,48
20240529,1,0.7,0,5,48
20240529,2,25.0,18,31,48
20240529,3,50.6,32,95,48
20240529,4,10.6,7,22,48
20240529,5,126.8,109,144,48
20240529,6,25.8,14,52,48
20240529,7,253.0,197,340,48
20240529,8,61.8,47,83,48
20240529,9,139.8,71,198,48
20240529,10,50.9,17,95,48
20240529,11,138.5,15,299,48
20240529,12,97.0,47,155,48
20240529,13,69.6,30,115,48
20240529,14,78.5,34,119,48
20240529,15,82.7,63,105,48
20240529,16,26.1,16,36,48
20240529,17,120.7,64,223,48
20240529,18,79.6,64,104,48
20240530,1,0.0,0,0,48
20240530,2,14.1,7,21,48
20240530,3,30.3,16,45,48
20240530,4,9.6,7,12,48
20240530,5,109.5,81,130,48
20240530,6,19.2,10,31,48
20240530,7,181.8,54,297,48
20240530,8,41.5,21,57,48
20240530,9,131.6,79,174,48
20240530,10,51.5,4,112,48
20240530,11,134.3,9,284,48
20240530,12,94.1,50,147,48
20240530,13,56.7,26,87,48
20240530,14,60.8,25,101,48
20240530,15,68.7,43,87,48
20240530,16,22.7,13,37,48
20240530,17,74.0,26,126,48
20240530,18,64.9,38,83,48
20240531,1,0.0,0,0,48
20240531,2,15.1,9,18,48
20240531,3,28.9,14,45,48
20240531,4,10.1,6,12,48
20240531,5,100.0,80,129,48
20240531,6,27.3,17,36,48
20240531,7,134.3,73,190,48
20240531,8,50.9,37,63,48
20240531,9,98.6,74,137,48
20240531,10,47.1,5,73,48
20240531,11,135.1,53,218,48
20240531,12,87.6,56,128,48
20240531,13,44.1,16,64,48
20240531,14,39.9,21,64,48
20240531,15,62.1,49,83,48
20240531,16,28.1,16,44,48
20240531,17,71.3,28,118,48
20240531,18,59.0,48,76,48
20240601,1,0.6,0,4,48
20240601,2,15.7,12,24,48
20240601,3,22.9,7,38,48
20240601,4,5.8,4,8,48
20240601,5,93.6,72,118,48
20240601,6,20.9,8,50,48
20240601,7,211.7,137,305,48
20240601,8,64.0,38,96,48
20240601,9,104.1,40,190,48
20240601,10,34.3,14,60,48
20240601,11,151.7,51,261,48
20240601,12,80.1,45,136,48
20240601,13,40.9,9,69,48
20240601,14,46.4,3,97,48
20240601,15,60.5,38,93,48
20240601,16,33.0,20,63,48
20240601,17,135.5,68,252,48
20240601,18,62.4,44,92,48
20240602,1,0.0,0,0,48
20240602,2,11.1,6,23,48
20240602,3,18.4,6,35,48
20240602,4,9.5,7,15,48
20240602,5,119.1,89,150,48
20240602,6,23.9,5,45,48
20240602,7,146.4,45,238,48
20240602,8,58.2,23,89,48
20240602,9,156.9,63,260,48
20240602,10,54.9,23,140,48
20240602,11,179.6,44,298,48
20240602,12,91.5,16,178,48
20240602,13,69.6,21,161,48
20240602,14,81.9,18,171,48
20240602,15,78.4,40,134,48
20240602,16,12.7,7,30,48
20240602,17,111.4,26,225,48
20240602,18,73.0,36,117,48
20240603,1,0.0,0,0,48
20240603,2,13.3,8,17,48
20240603,3,45.0,11,92,48
20240603,4,16.9,10,23,48
20240603,5,154.4,103,200,48
20240603,6,33.3,14,52,48
20240603,7,250.4,86,384,48
20240603,8,91.4,46,180,48
20240603,9,221.1,161,309,48
20240603,10,150.3,85,206,48
20240603,11,237.5,128,331,48
20240603,12,170.5,124,244,48
20240603,13,168.5,82,224,48
20240603,14,177.4,58,236,48
20240603,15,135.9,95,184,48
20240603,16,32.7,12,53,48
20240603,17,172.6,96,264,48
20240603,18,126.3,87,170,48
20240604,1,0.0,0,0,48
20240604,2,7.5,1,19,48
20240604,3,22.4,5,38,48
20240604,4,11.0,3,15,48
20240604,5,90.5,28,136,48
20240604,6,14.9,2,34,48
20240604,7,136.0,30,219,48
20240604,8,33.8,7,71,48
20240604,9,125.3,28,210,48
20240604,10,63.9,14,129,48
20240604,11,181.7,7,351,48
20240604,12,114.5,16,187,48
20240604,13,80.3,16,140,48
20240604,14,83.5,18,146,48
20240604,15,72.1,14,108,48
20240604,16,11.9,2,31,48
20240604,17,84.8,11,176,48
20240604,18,65.9,13,100,48
20240605,1,0.0,0,0,48
20240605,2,5.2,3,10,48
20240605,3,15.1,4,37,48
20240605,4,7.8,5,14,48
20240605,5,74.2,44,127,48
20240605,6,13.6,7,21,48
20240605,7,155.8,50,347,48
20240605,8,27.3,10,56,48
20240605,9,110.1,48,206,48
20240605,10,53.9,20,105,48
20240605,11,143.0,37,285,48
20240605,12,91.3,43,163,48
20240605,13,65.8,31,130,48
20240605,14,71.4,31,138,48
20240605,15,62.6,36,113,48
20240605,16,6.9,3,22,48
20240605,17,65.9,27,137,48
20240605,18,56.1,31,102,48
20240606,1,0.0,0,0,48
20240606,2,10.2,6,15,48
20240606,3,25.9,3,46,48
20240606,4,11.5,8,14,48
20240606,5,117.4,79,151,48
20240606,6,23.6,8,55,48
20240606,7,220.9,109,363,48
20240606,8,62.4,27,111,48
20240606,9,165.8,91,275,48
20240606,10,99.0,39,170,48
20240606,11,188.4,58,335,48
20240606,12,126.0,58,202,48
20240606,13,95.9,41,178,48
20240606,14,95.8,40,184,48
20240606,15,97.5,58,153,48
20240606,16,12.3,7,24,48
20240606,17,109.2,54,171,48
20240606,18,88.4,53,136,48
20240607,1,0.0,0,0,48
20240607,2,8.3,4,12,48
20240607,3,18.2,4,35,48
20240607,4,10.9,7,15,48
20240607,5,95.3,52,132,48
20240607,6,11.9,2,24,48
20240607,7,166.2,66,325,48
20240607,8,40.2,12,71,48
20240607,9,148.7,50,249,48
20240607,10,63.1,9,111,48
20240607,11,178.7,24,360,48
20240607,12,81.4,17,146,48
20240607,13,62.9,19,128,48
20240607,14,60.0,17,135,48
20240607,15,73.4,29,115,48
20240607,16,8.7,3,19,48
20240607,17,77.1,8,165,48
20240607,18,65.4,26,101,48
20240608,1,0.0,0,0,48
20240608,2,7.6,4,11,48
20240608,3,14.6,4,29,48
20240608,4,9.9,8,13,48
20240608,5,91.3,64,121,48
20240608,6,12.3,2,25,48
20240608,7,151.5,7,257,48
20240608,8,32.7,7,55,48
20240608,9,129.0,30,175,48
20240608,10,47.2,4,83,48
20240608,11,187.1,5,377,48
20240608,12,54.0,6,101,48
20240608,13,53.2,13,72,48
20240608,14,59.8,28,100,48
20240608,15,65.7,16,89,48
20240608,16,7.9,5,11,48
20240608,17,47.6,1,100,48
20240608,18,57.3,10,78,48
20240609,1,0.0,0,0,48
20240609,2,11.0,4,20,48
20240609,3,20.8,9,60,48
20240609,4,11.1,9,12,48
20240609,5,107.1,58,185,48
20240609,6,14.4,5,29,48
20240609,7,211.4,96,317,48
20240609,8,52.7,16,131,48
20240609,9,157.0,85,295,48
20240609,10,55.4,12,115,48
20240609,11,163.9,53,286,48
20240609,12,70.7,22,159,48
20240609,13,61.0,35,109,48
20240609,14,73.0,34,112,48
20240609,15,81.4,47,141,48
20240609,16,14.1,7,37,48
20240609,17,59.3,17,149,48
20240609,18,70.8,41,127,48
20240610,1,0.0,0,0,48
20240610,2,10.0,7,16,48
20240610,3,12.2,4,28,48
20240610,4,12.7,11,14,48
20240610,5,98.9,78,133,48
20240610,6,11.9,4,24,48
20240610,7,96.0,8,175,48
20240610,8,28.0,12,54,48
20240610,9,116.6,55,179,48
20240610,10,47.3,34,68,48
20240610,11,179.3,67,332,48
20240610,12,81.0,50,118,48
20240610,13,55.6,33,76,48
20240610,14,55.6,20,86,48
20240610,15,60.3,37,94,48
20240610,16,8.6,7,13,48
20240610,17,44.8,10,87,48
20240610,18,54.3,33,78,48
20240611,1,0.0,0,0,48
20240611,2,14.8,11,22,48
20240611,3,20.9,12,75,48
20240611,4,14.0,13,16,48
20240611,5,107.5,89,161,48
20240611,6,18.5,8,63,48
20240611,7,140.8,48,370,48
20240611,8,47.4,26,140,48
20240611,9,135.9,68,264,48
20240611,10,71.0,38,122,48
20240611,11,194.0,59,358,48
20240611,12,61.4,14,171,48
20240611,13,73.7,39,157,48
20240611,14,77.2,27,170,48
20240611,15,70.9,50,146,48
20240611,16,12.3,9,51,48
20240611,17,98.7,39,269,48
20240611,18,67.8,46,146,48
20240612,1,74.8,0,166,26
20240612,2,45.5,29,74,26
20240612,3,100.5,86,112,26
20240612,4,9.8,8,14,26
20240612,5,230.4,196,252,26
20240612,6,110.2,71,142,26
20240612,7,342.5,289,384,26
20240612,8,242.9,219,272,26
20240612,9,316.2,281,343,26
20240612,10,155.7,100,189,26
20240612,11,225.1,144,362,26
20240612,12,254.1,181,319,26
20240612,13,164.4,125,188,26
20240612,14,166.1,132,198,26
20240612,15,188.7,170,213,26
20240612,16,114.0,72,156,26
20240612,17,305.2,267,358,26
20240612,18,188.5,170,215,26
20240613,1,6.0,0,27,48
20240613,2,26.8,7,77,48
20240613,3,32.4,10,91,48
20240613,4,11.1,9,13,48
20240613,5,146.5,67,208,48
20240613,6,38.8,13,88,48
20240613,7,300.8,219,377,48
20240613,8,121.4,30,214,48
20240613,9,187.1,67,316,48
20240613,10,84.7,19,123,48
20240613,11,246.0,114,381,48
20240613,12,192.3,71,318,48
20240613,13,112.2,34,149,48
20240613,14,123.3,50,155,48
20240613,15,124.9,51,177,48
20240613,16,32.8,8,82,48
20240613,17,189.1,92,334,48
20240613,18,119.1,49,176,48
20240614,1,0.0,0,0,48
20240614,2,20.3,7,47,48
20240614,3,29.6,8,78,48
20240614,4,15.6,12,23,48
20240614,5,125.5,69,200,48
20240614,6,29.0,8,89,48
20240614,7,241.0,109,375,48
20240614,8,87.8,32,216,48
20240614,9,139.4,69,267,48
20240614,10,56.4,16,104,48
20240614,11,198.9,41,377,48
20240614,12,132.0,56,247,48
20240614,13,74.0,32,127,48
20240614,14,84.1,40,137,48
20240614,15,91.4,52,167,48
20240614,16,23.0,9,84,48
20240614,17,153.5,37,339,48
20240614,18,87.1,50,167,48
20240615,1,9.8,0,17,48
20240615,2,36.3,23,46,48
20240615,3,50.2,35,70,48
20240615,4,14.9,11,19,48
20240615,5,170.2,119,199,48
20240615,6,41.9,23,84,48
20240615,7,219.5,133,298,48
20240615,8,123.1,90,175,48
20240615,9,170.5,104,240,48
20240615,10,98.9,52,150,48
20240615,11,192.8,35,365,48
20240615,12,107.2,70,140,48
20240615,13,85.1,33,133,48
20240615,14,78.5,21,133,48
20240615,15,108.5,79,146,48
20240615,16,66.8,26,99,48
20240615,17,139.8,63,186,48
20240615,18,106.1,84,139,48
20240616,1,0.0,0,0,48
20240616,2,16.0,10,26,48
20240616,3,11.5,3,34,48
20240616,4,10.0,7,16,48
20240616,5,112.9,77,143,48
20240616,6,16.1,6,41,48
20240616,7,174.0,117,335,48
20240616,8,55.1,22,90,48
20240616,9,121.8,74,212,48
20240616,10,99.2,51,157,48
20240616,11,180.5,42,340,48
20240616,12,101.6,58,165,48
20240616,13,81.2,46,124,48
20240616,14,68.7,39,113,48
20240616,15,82.5,60,121,48
20240616,16,16.2,9,31,48
20240616,17,78.6,35,138,48
20240616,18,75.4,54,113,48
20240617,1,0.0,0,0,48
20240617,2,23.3,15,29,48
20240617,3,47.2,10,83,48
20240617,4,13.5,7,18,48
20240617,5,171.1,113,247,48
20240617,6,52.9,7,100,48
20240617,7,245.1,121,369,48
20240617,8,120.2,55,168,48
20240617,9,197.7,128,278,48
20240617,10,120.2,38,170,48
20240617,11,232.0,71,380,48
20240617,12,206.5,120,304,48
20240617,13,149.9,86,214,48
20240617,14,157.8,89,234,48
20240617,15,136.4,81,191,48
20240617,16,24.7,14,41,48
20240617,17,190.3,93,277,48
20240617,18,127.9,77,176,48
20240618,1,0.0,0,0,48
20240618,2,29.0,19,37,48
20240618,3,53.2,16,111,48
20240618,4,12.9,10,16,48
20240618,5,173.4,137,208,48
20240618,6,66.5,16,116,48
20240618,7,250.8,148,351,48
20240618,8,122.9,78,178,48
20240618,9,230.2,185,257,48
20240618,10,150.5,95,203,48
20240618,11,244.5,108,374,48
20240618,12,247.6,172,326,48
20240618,13,160.0,112,217,48
20240618,14,161.3,93,237,48
20240618,15,152.3,126,186,48
20240618,16,33.2,18,74,48
20240618,17,237.0,150,333,48
20240618,18,145.4,118,181,48
20240619,1,5.0,0,21,48
20240619,2,34.1,17,58,48
20240619,3,64.8,38,96,48
20240619,4,14.6,11,19,48
20240619,5,183.9,140,224,48
20240619,6,59.2,34,128,48
20240619,7,223.5,58,343,48
20240619,8,136.8,103,175,48
20240619,9,215.5,162,298,48
20240619,10,96.4,34,160,48
20240619,11,214.4,38,372,48
20240619,12,171.8,119,232,48
20240619,13,95.0,66,135,48
20240619,14,95.4,56,143,48
20240619,15,127.2,85,177,48
20240619,16,48.2,12,94,48
20240619,17,202.5,105,294,48
20240619,18,123.8,89,163,48
20240620,1,1.6,0,12,48
20240620,2,29.9,15,50,48
20240620,3,94.3,25,129,48
20240620,4,13.2,10,17,48
20240620,5,176.6,137,207,48
20240620,6,141.4,42,212,48
20240620,7,209.6,97,286,48
20240620,8,152.7,93,200,48
20240620,9,220.5,180,264,48
20240620,10,126.3,79,187,48
20240620,11,232.8,48,376,48
20240620,12,194.0,126,298,48
20240620,13,143.4,69,233,48
20240620,14,145.1,59,239,48
20240620,15,142.3,100,191,48
20240620,16,62.5,12,141,48
20240620,17,290.4,156,366,48
20240620,18,143.2,112,188,48
20240621,1,0.0,0,0,48
20240621,2,15.1,5,31,48
20240621,3,39.9,19,63,48
20240621,4,15.3,10,20,48
20240621,5,127.0,90,159,48
20240621,6,43.2,10,90,48
20240621,7,146.9,35,228,48
20240621,8,65.3,23,107,48
20240621,9,158.6,86,213,48
20240621,10,87.8,51,130,48
20240621,11,213.0,31,351,48
20240621,12,157.6,65,222,48
20240621,13,87.5,30,181,48
20240621,14,75.2,8,199,48
20240621,15,96.5,42,142,48
20240621,16,17.9,5,35,48
20240621,17,126.1,40,223,48
20240621,18,89.6,38,132,48
20240622,1,0.0,0,0,48
20240622,2,18.2,6,35,48
20240622,3,32.1,16,57,48
20240622,4,14.3,11,19,48
20240622,5,147.7,101,191,48
20240622,6,20.9,9,39,48
20240622,7,142.3,21,256,48
20240622,8,75.8,37,103,48
20240622,9,155.3,89,232,48
20240622,10,82.4,52,121,48
20240622,11,221.7,71,347,48
20240622,12,118.0,50,165,48
20240622,13,49.4,20,113,48
20240622,14,44.8,8,105,48
20240622,15,96.7,54,139,48
20240622,16,21.4,7,42,48
20240622,17,71.1,11,135,48
20240622,18,85.6,46,120,48
20240623,1,0.3,0,5,48
20240623,2,21.5,8,36,48
20240623,3,57.1,16,107,48
20240623,4,14.3,12,16,48
20240623,5,162.3,109,226,48
20240623,6,69.8,12,150,48
20240623,7,157.1,58,305,48
20240623,8,100.2,39,170,48
20240623,9,165.8,124,233,48
20240623,10,101.6,58,145,48
20240623,11,208.6,121,327,48
20240623,12,131.2,80,227,48
20240623,13,105.7,61,164,48
20240623,14,107.1,51,171,48
20240623,15,109.1,78,164,48
20240623,16,25.9,7,64,48
20240623,17,186.3,51,335,48
20240623,18,105.1,69,160,48
20240624,1,0.0,0,0,48
20240624,2,17.8,14,21,48
20240624,3,52.9,35,83,48
20240624,4,14.6,10,19,48
20240624,5,147.1,126,170,48
20240624,6,80.0,37,124,48
20240624,7,221.0,181,261,48
20240624,8,118.1,88,162,48
20240624,9,202.3,163,239,48
20240624,10,125.6,82,174,48
20240624,11,183.8,50,336,48
20240624,12,162.0,133,207,48
20240624,13,157.5,120,200,48
20240624,14,169.8,123,237,48
20240624,15,128.4,108,156,48
20240624,16,24.9,13,46,48
20240624,17,262.9,186,351,48
20240624,18,125.9,106,150,48
20240625,1,3.5,0,21,48
20240625,2,43.3,19,66,48
20240625,3,94.6,39,120,48
20240625,4,40.5,16,99,48
20240625,5,196.7,138,240,48
20240625,6,141.3,36,198,48
20240625,7,247.7,180,307,48
20240625,8,166.5,90,213,48
20240625,9,231.3,183,275,48
20240625,10,146.0,108,184,48
20240625,11,208.1,38,390,48
20240625,12,188.9,120,239,48
20240625,13,178.7,139,211,48
20240625,14,186.3,143,225,48
20240625,15,153.7,114,193,48
20240625,16,80.7,15,146,48
20240625,17,292.3,162,363,48
20240625,18,156.1,123,191,48
20240626,1,7.0,0,23,48
20240626,2,34.7,14,61,48
20240626,3,82.1,24,122,48
20240626,4,22.6,12,56,48
20240626,5,208.4,132,238,48
20240626,6,91.4,24,207,48
20240626,7,266.0,177,331,48
20240626,8,141.7,52,197,48
20240626,9,245.3,174,305,48
20240626,10,148.4,111,221,48
20240626,11,229.4,28,389,48
20240626,12,170.4,87,295,48
20240626,13,181.5,127,256,48
20240626,14,191.2,130,279,48
20240626,15,154.0,101,201,48
20240626,16,61.4,13,138,48
20240626,17,271.1,172,365,48
20240626,18,152.7,100,192,48
20240627,1,0.0,0,0,48
20240627,2,8.8,4,19,48
20240627,3,14.4,6,37,48
20240627,4,12.1,8,19,48
20240627,5,86.4,54,124,48
20240627,6,13.0,3,31,48
20240627,7,150.1,79,235,48
20240627,8,27.2,14,55,48
20240627,9,146.4,79,211,48
20240627,10,75.8,41,129,48
20240627,11,181.6,30,367,48
20240627,12,92.4,44,193,48
20240627,13,95.2,64,138,48
20240627,14,117.4,70,173,48
20240627,15,80.1,43,125,48
20240627,16,9.1,5,17,48
20240627,17,66.8,20,159,48
20240627,18,70.8,39,110,48
20240628,1,0.0,0,0,48
20240628,2,6.9,4,14,48
20240628,3,11.8,3,31,48
20240628,4,10.4,7,17,48
20240628,5,83.9,48,155,48
20240628,6,19.5,10,41,48
20240628,7,144.5,92,217,48
20240628,8,29.8,14,76,48
20240628,9,138.8,92,242,48
20240628,10,70.5,25,151,48
20240628,11,178.6,44,360,48
20240628,12,105.4,61,174,48
20240628,13,80.0,38,149,48
20240628,14,94.6,60,141,48
20240628,15,79.0,51,139,48
20240628,16,8.5,5,17,48
20240628,17,52.7,19,121,48
20240628,18,68.3,45,118,48
20240629,1,0.0,0,0,48
20240629,2,10.7,4,22,48
20240629,3,26.7,9,71,48
20240629,4,13.6,9,17,48
20240629,5,127.4,75,197,48
20240629,6,20.3,8,47,48
20240629,7,164.9,73,283,48
20240629,8,64.4,32,117,48
20240629,9,187.0,91,289,48
20240629,10,85.0,46,131,48
20240629,11,216.6,45,374,48
20240629,12,105.9,44,181,48
20240629,13,85.1,40,145,48
20240629,14,84.2,37,146,48
20240629,15,99.8,47,169,48
20240629,16,10.0,4,20,48
20240629,17,99.8,56,153,48
20240629,18,88.3,46,144,48
20240630,1,0.3,0,5,48
20240630,2,17.3,10,32,48
20240630,3,26.6,11,40,48
20240630,4,14.9,11,19,48
20240630,5,134.7,103,193,48
20240630,6,49.8,15,149,48
20240630,7,175.0,101,274,48
20240630,8,74.1,41,147,48
20240630,9,194.1,131,280,48
20240630,10,86.6,45,134,48
20240630,11,215.0,64,361,48
20240630,12,106.4,39,186,48
20240630,13,89.2,46,181,48
20240630,14,88.1,43,181,48
20240630,15,104.5,68,158,48
20240630,16,18.7,11,59,48
20240630,17,114.4,47,323,48
20240630,18,94.5,60,154,48
20240701,1,0.0,0,0,48
20240701,2,14.3,7,26,48
20240701,3,21.2,3,55,48
20240701,4,18.6,15,21,48
20240701,5,122.0,74,149,48
20240701,6,36.0,3,81,48
20240701,7,186.0,86,229,48
20240701,8,61.1,6,101,48
20240701,9,190.2,107,225,48
20240701,10,88.4,54,120,48
20240701,11,235.3,81,362,48
20240701,12,116.9,64,185,48
20240701,13,83.5,55,118,48
20240701,14,80.0,49,124,48
20240701,15,99.0,56,131,48
20240701,16,16.6,6,36,48
20240701,17,126.6,56,179,48
20240701,18,91.1,51,120,48
20240702,1,0.0,0,0,48
20240702,2,11.9,6,18,48
20240702,3,16.7,3,36,48
20240702,4,16.9,13,21,48
20240702,5,132.3,68,191,48
20240702,6,50.6,4,92,48
20240702,7,184.7,79,253,48
20240702,8,53.9,8,84,48
20240702,9,187.5,100,244,48
20240702,10,93.5,23,195,48
20240702,11,212.9,123,376,48
20240702,12,160.8,65,250,48
20240702,13,111.7,36,231,48
20240702,14,117.5,40,251,48
20240702,15,107.0,52,162,48
20240702,16,14.9,6,22,48
20240702,17,145.1,33,301,48
20240702,18,98.6,46,154,48
20240703,1,1.7,0,24,48
20240703,2,11.5,5,25,48
20240703,3,13.9,7,42,48
20240703,4,15.8,10,19,48
20240703,5,99.1,73,146,48
20240703,6,22.8,5,53,48
20240703,7,158.8,106,249,48
20240703,8,34.8,12,83,48
20240703,9,153.0,103,228,48
20240703,10,71.4,12,115,48
20240703,11,218.9,93,359,48
20240703,12,139.7,73,266,48
20240703,13,85.3,39,164,48
20240703,14,93.0,51,166,48
20240703,15,89.0,54,147,48
20240703,16,12.8,7,23,48
20240703,17,78.1,34,153,48
20240703,18,79.4,49,130,48
20240704,1,0.0,0,0,48
20240704,2,4.4,3,6,48
20240704,3,3.1,2,8,48
20240704,4,12.3,8,17,48
20240704,5,63.6,41,91,48
20240704,6,3.5,1,10,48
20240704,7,101.1,55,151,48
20240704,8,10.3,6,17,48
20240704,9,95.5,59,134,48
20240704,10,37.7,22,70,48
20240704,11,139.0,23,253,48
20240704,12,80.8,37,130,48
20240704,13,51.8,36,84,48
20240704,14,79.5,54,116,48
20240704,15,54.3,30,82,48
20240704,16,5.7,3,9,48
20240704,17,31.4,13,50,48
20240704,18,47.1,27,69,48
20240705,1,0.8,0,7,48
20240705,2,14.3,4,39,48
20240705,3,24.6,3,85,48
20240705,4,14.6,8,19,48
20240705,5,109.9,54,200,48
20240705,6,21.8,3,75,48
20240705,7,184.0,110,299,48
20240705,8,63.1,11,165,48
20240705,9,156.3,99,245,48
20240705,10,53.8,16,127,48
20240705,11,238.3,118,383,48
20240705,12,126.3,71,188,48
20240705,13,71.3,34,146,48
20240705,14,87.2,42,173,48
20240705,15,87.1,58,150,48
20240705,16,20.6,5,71,48
20240705,17,136.6,23,340,48
20240705,18,81.9,50,147,48
20240706,1,0.7,0,7,48
20240706,2,16.1,8,33,48
20240706,3,10.5,2,28,48
20240706,4,18.7,13,26,48
20240706,5,90.9,56,139,48
20240706,6,9.4,2,24,48
20240706,7,115.5,61,205,48
20240706,8,48.0,27,82,48
20240706,9,107.2,70,161,48
20240706,10,25.8,9,41,48
20240706,11,150.0,42,320,48
20240706,12,59.6,33,90,48
20240706,13,38.8,30,51,48
20240706,14,44.5,33,58,48
20240706,15,58.1,36,85,48
20240706,16,20.5,9,46,48
20240706,17,53.5,19,144,48
20240706,18,53.5,32,84,48
20240707,1,3.2,0,15,48
20240707,2,23.9,3,47,48
20240707,3,31.6,2,92,48
20240707,4,14.2,7,16,48
20240707,5,128.1,7,217,48
20240707,6,24.6,2,71,48
20240707,7,170.5,12,311,48
20240707,8,86.8,8,168,48
20240707,9,149.4,8,259,48
20240707,10,37.2,5,91,48
20240707,11,204.5,13,388,48
20240707,12,100.6,13,169,48
20240707,13,59.1,17,166,48
20240707,14,63.3,18,172,48
20240707,15,87.2,50,158,48
20240707,16,32.9,15,88,48
20240707,17,115.3,46,322,48
20240707,18,82.5,31,156,48
20240708,1,252.7,13,292,48
20240708,2,124.3,35,161,48
20240708,3,86.6,27,124,48
20240708,4,12.9,11,15,48
20240708,5,198.2,140,231,48
20240708,6,124.8,34,181,48
20240708,7,264.2,200,328,48
20240708,8,160.6,102,201,48
20240708,9,244.0,186,303,48
20240708,10,132.2,26,223,48
20240708,11,249.3,131,364,48
20240708,12,210.3,111,320,48
20240708,13,158.0,78,252,48
20240708,14,162.5,78,265,48
20240708,15,163.4,119,223,48
20240708,16,127.3,57,185,48
20240708,17,286.2,127,376,48
20240708,18,168.5,118,221,48
20240709,1,41.6,0,240,48
20240709,2,21.6,9,69,48
20240709,3,43.0,24,72,48
20240709,4,14.5,13,17,48
20240709,5,106.8,76,140,48
20240709,6,46.1,21,75,48
20240709,7,202.1,132,291,48
20240709,8,68.5,40,103,48
20240709,9,173.6,126,220,48
20240709,10,71.2,20,135,48
20240709,11,225.5,124,353,48
20240709,12,150.7,106,226,48
20240709,13,93.2,41,178,48
20240709,14,105.4,58,210,48
20240709,15,100.3,69,158,48
20240709,16,24.9,8,64,48
20240709,17,138.5,54,208,48
20240709,18,95.2,63,142,48
20240710,1,0.1,0,7,48
20240710,2,12.7,6,23,48
20240710,3,27.2,13,46,48
20240710,4,15.0,11,19,48
20240710,5,110.9,64,181,48
20240710,6,16.4,7,28,48
20240710,7,183.6,100,327,48
20240710,8,71.8,37,125,48
20240710,9,162.5,97,271,48
20240710,10,54.4,7,139,48
20240710,11,207.1,35,379,48
20240710,12,135.6,51,304,48
20240710,13,76.1,26,185,48
20240710,14,92.4,41,228,48
20240710,15,93.8,48,177,48
20240710,16,11.5,6,20,48
20240710,17,94.4,50,192,48
20240710,18,84.6,44,161,48
20240711,1,0.0,0,0,48
20240711,2,27.5,17,38,48
20240711,3,68.8,21,145,48
20240711,4,12.9,9,17,48
20240711,5,194.8,133,237,48
20240711,6,61.6,15,113,48
20240711,7,276.7,187,333,48
20240711,8,153.1,72,201,48
20240711,9,278.6,225,317,48
20240711,10,101.2,26,188,48
20240711,11,259.8,69,387,48
20240711,12,237.5,123,314,48
20240711,13,146.9,61,267,48
20240711,14,153.0,73,297,48
20240711,15,160.9,100,215,48
20240711,16,35.5,16,82,48
20240711,17,244.6,99,327,48
20240711,18,153.0,100,207,48
20240712,1,0.5,0,5,48
20240712,2,29.1,20,40,48
20240712,3,68.7,26,115,48
20240712,4,15.9,13,20,48
20240712,5,145.4,92,180,48
20240712,6,62.6,21,122,48
20240712,7,262.8,166,317,48
20240712,8,138.1,68,195,48
20240712,9,193.2,119,248,48
20240712,10,42.5,11,66,48
20240712,11,249.9,61,386,48
20240712,12,189.6,121,269,48
20240712,13,105.3,47,156,48
20240712,14,143.3,73,239,48
20240712,15,115.5,73,146,48
20240712,16,69.7,24,121,48
20240712,17,304.8,141,353,48
20240712,18,123.2,76,157,48
20240713,1,0.0,0,0,48
20240713,2,19.1,11,26,48
20240713,3,29.4,15,48,48
20240713,4,15.0,12,20,48
20240713,5,104.1,69,128,48
20240713,6,25.9,12,42,48
20240713,7,193.7,133,293,48
20240713,8,83.6,50,123,48
20240713,9,151.7,100,213,48
20240713,10,28.6,3,69,48
20240713,11,227.1,128,389,48
20240713,12,151.5,113,244,48
20240713,13,65.4,43,110,48
20240713,14,90.5,57,146,48
20240713,15,84.2,63,134,48
20240713,16,32.4,10,61,48
20240713,17,224.9,124,299,48
20240713,18,88.2,66,125,48
20240714,1,1.7,0,12,48
20240714,2,21.5,11,36,48
20240714,3,34.5,11,71,48
20240714,4,14.7,10,18,48
20240714,5,104.4,61,172,48
20240714,6,27.1,11,51,48
20240714,7,175.0,89,293,48
20240714,8,87.8,44,158,48
20240714,9,150.7,85,250,48
20240714,10,39.9,12,102,48
20240714,11,197.6,58,377,48
20240714,12,107.8,44,248,48
20240714,13,79.4,35,159,48
20240714,14,96.5,40,171,48
20240714,15,78.5,41,147,48
20240714,16,38.5,10,80,48
20240714,17,220.1,110,369,48
20240714,18,84.1,45,151,48
20240715,1,128.9,3,274,48
20240715,2,61.8,30,112,48
20240715,3,101.5,21,150,48
20240715,4,15.7,13,18,48
20240715,5,210.5,123,253,48
20240715,6,82.0,27,120,48
20240715,7,272.5,195,324,48
20240715,8,179.5,95,228,48
20240715,9,245.0,166,289,48
20240715,10,129.4,40,179,48
20240715,11,272.6,143,358,48
20240715,12,219.9,153,304,48
20240715,13,154.4,63,209,48
20240715,14,160.8,70,222,48
20240715,15,156.9,108,204,48
20240715,16,128.9,37,191,48
20240715,17,309.4,177,361,48
20240715,18,165.0,114,206,48
20240716,1,169.4,4,314,48
20240716,2,77.7,24,195,48
20240716,3,61.2,28,117,48
20240716,4,16.5,6,20,48
20240716,5,164.0,88,224,48
20240716,6,56.9,22,129,48
20240716,7,214.8,135,303,48
20240716,8,126.2,63,178,48
20240716,9,214.5,111,293,48
20240716,10,84.0,15,175,48
20240716,11,230.6,77,385,48
20240716,12,151.0,64,234,48
20240716,13,113.4,31,192,48
20240716,14,123.2,38,196,48
20240716,15,128.5,71,186,48
20240716,16,75.3,36,146,48
20240716,17,220.5,82,340,48
20240716,18,128.4,74,182,48
20240717,1,27.3,0,154,48
20240717,2,32.8,11,67,48
20240717,3,61.8,21,111,48
20240717,4,15.6,12,21,48
20240717,5,185.4,120,228,48
20240717,6,55.8,19,124,48
20240717,7,253.7,186,333,48
20240717,8,141.8,67,203,48
20240717,9,246.7,183,279,48
20240717,10,106.9,27,215,48
20240717,11,250.5,38,388,48
20240717,12,200.0,83,328,48
20240717,13,186.9,99,296,48
20240717,14,206.8,110,349,48
20240717,15,152.2,118,217,48
20240717,16,54.5,11,101,48
20240717,17,261.7,85,364,48
20240717,18,149.4,116,210,48
20240718,1,43.2,9,153,48
20240718,2,26.9,11,72,48
20240718,3,27.2,8,98,48
20240718,4,16.0,10,20,48
20240718,5,125.6,91,178,48
20240718,6,31.4,14,78,48
20240718,7,203.9,126,317,48
20240718,8,85.9,43,150,48
20240718,9,185.3,128,250,48
20240718,10,111.4,71,180,48
20240718,11,230.2,68,386,48
20240718,12,180.1,69,314,48
20240718,13,165.5,91,266,48
20240718,14,190.6,104,336,48
20240718,15,128.3,66,204,48
20240718,16,19.4,7,71,48
20240718,17,162.6,93,323,48
20240718,18,118.4,63,193,48
20240719,1,83.9,0,201,48
20240719,2,38.9,9,73,48
20240719,3,58.9,19,97,48
20240719,4,15.3,10,24,48
20240719,5,114.5,76,171,48
20240719,6,47.4,23,66,48
20240719,7,182.1,70,334,48
20240719,8,75.5,35,113,48
20240719,9,154.1,87,226,48
20240719,10,66.0,16,130,48
20240719,11,184.0,26,349,48
20240719,12,115.3,35,208,48
20240719,13,101.2,37,179,48
20240719,14,125.8,44,244,48
20240719,15,103.8,43,165,48
20240719,16,11.4,4,19,48
20240719,17,124.7,54,220,48
20240719,18,95.4,41,153,48
20240720,1,100.0,0,279,48
20240720,2,62.5,8,164,48
20240720,3,81.9,5,123,48
20240720,4,9.2,7,12,48
20240720,5,139.2,91,196,48
20240720,6,64.5,17,114,48
20240720,7,211.6,118,259,48
20240720,8,118.1,38,163,48
20240720,9,196.8,126,236,48
20240720,10,73.1,28,163,48
20240720,11,259.9,212,328,48
20240720,12,148.0,106,228,48
20240720,13,139.1,63,200,48
20240720,14,147.9,79,207,48
20240720,15,132.4,87,173,48
20240720,16,38.6,8,114,48
20240720,17,168.1,46,324,48
20240720,18,124.5,74,171,48
20240721,1,39.8,0,284,48
20240721,2,29.1,8,133,48
20240721,3,28.3,5,84,48
20240721,4,11.3,7,17,48
20240721,5,136.5,86,229,48
20240721,6,21.9,6,67,48
20240721,7,167.8,108,285,48
20240721,8,88.7,33,197,48
20240721,9,188.9,103,290,48
20240721,10,86.1,39,175,48
20240721,11,210.0,52,361,48
20240721,12,128.4,73,227,48
20240721,13,120.7,81,211,48
20240721,14,126.5,86,211,48
20240721,15,110.3,64,185,48
20240721,16,34.3,9,118,48
20240721,17,105.1,42,278,48
20240721,18,100.9,56,182,48
20240722,1,274.3,206,328,48
20240722,2,104.8,36,185,48
20240722,3,41.1,16,83,48
20240722,4,12.8,9,18,48
20240722,5,162.7,123,233,48
20240722,6,44.2,19,83,48
20240722,7,199.0,134,274,48
20240722,8,118.1,78,167,48
20240722,9,200.5,137,257,48
20240722,10,73.2,41,120,48
20240722,11,240.9,73,351,48
20240722,12,142.5,47,198,48
20240722,13,113.7,63,161,48
20240722,14,122.8,65,175,48
20240722,15,127.7,74,174,48
20240722,16,85.3,57,126,48
20240722,17,168.0,96,290,48
20240722,18,125.9,78,174,48
20240723,1,215.9,17,343,48
20240723,2,111.3,50,208,48
20240723,3,91.3,29,137,48
20240723,4,10.8,8,15,48
20240723,5,192.9,158,251,48
20240723,6,95.8,41,183,48
20240723,7,266.5,222,319,48
20240723,8,164.4,121,197,48
20240723,9,249.0,213,299,48
20240723,10,102.4,15,197,48
20240723,11,250.3,85,384,48
20240723,12,150.8,93,189,48
20240723,13,126.8,58,222,48
20240723,14,132.1,60,223,48
20240723,15,149.3,118,196,48
20240723,16,125.0,77,178,48
20240723,17,269.5,169,365,48
20240723,18,155.1,125,208,48
20240724,1,181.3,26,346,48
20240724,2,102.5,21,213,48
20240724,3,71.5,24,116,48
20240724,4,12.5,8,26,48
20240724,5,159.1,89,197,48
20240724,6,88.3,26,146,48
20240724,7,276.6,142,320,48
20240724,8,131.1,39,178,48
20240724,9,236.0,142,283,48
20240724,10,128.6,55,178,48
20240724,11,288.7,99,390,48
20240724,12,169.0,86,255,48
20240724,13,159.7,65,228,48
20240724,14,170.1,69,236,48
20240724,15,154.2,85,190,48
20240724,16,61.0,10,140,48
20240724,17,260.6,57,373,48
20240724,18,152.4,74,195,48
20240725,1,14.3,0,79,48
20240725,2,24.3,11,48,48
20240725,3,43.8,20,73,48
20240725,4,12.3,8,18,48
20240725,5,133.0,82,163,48
20240725,6,54.1,16,101,48
20240725,7,216.0,125,283,48
20240725,8,100.7,35,150,48
20240725,9,192.4,128,234,48
20240725,10,65.2,18,117,48
20240725,11,280.8,195,370,48
20240725,12,135.5,82,195,48
20240725,13,96.6,41,144,48
20240725,14,113.4,57,165,48
20240725,15,113.4,72,146,48
20240725,16,21.6,10,35,48
20240725,17,165.4,45,258,48
20240725,18,107.0,63,137,48
20240726,1,27.8,0,197,48
20240726,2,30.6,11,109,48
20240726,3,63.1,19,145,48
20240726,4,12.0,9,19,48
20240726,5,151.9,103,220,48
20240726,6,48.2,13,123,48
20240726,7,338.2,158,377,48
20240726,8,163.4,38,250,48
20240726,9,153.1,100,233,48
20240726,10,54.2,5,106,48
20240726,11,179.7,26,341,48
20240726,12,139.5,81,239,48
20240726,13,102.7,33,192,48
20240726,14,112.0,42,214,48
20240726,15,124.1,86,194,48
20240726,16,54.4,14,157,48
20240726,17,170.6,65,326,48
20240726,18,117.3,75,192,48
20240727,1,283.5,204,316,48
20240727,2,140.2,97,180,48
20240727,3,87.5,55,136,48
20240727,4,8.9,7,12,48
20240727,5,181.8,147,221,48
20240727,6,96.8,66,164,48
20240727,7,332.5,229,387,48
20240727,8,183.6,110,277,48
20240727,9,262.5,173,331,48
20240727,10,89.7,25,152,48
20240727,11,196.4,15,356,48
20240727,12,143.3,45,204,48
20240727,13,131.7,69,193,48
20240727,14,134.4,82,195,48
20240727,15,144.1,89,197,48
20240727,16,192.0,80,233,48
20240727,17,267.1,171,371,48
20240727,18,158.3,111,209,48
20240728,1,176.7,0,275,48
20240728,2,83.6,12,137,48
20240728,3,50.5,26,79,48
20240728,4,10.4,7,18,48
20240728,5,143.6,117,165,48
20240728,6,57.7,20,94,48
20240728,7,297.5,133,387,48
20240728,8,103.5,65,150,48
20240728,9,181.4,106,249,48
20240728,10,55.3,17,118,48
20240728,11,160.4,10,315,48
20240728,12,129.7,75,204,48
20240728,13,85.7,44,141,48
20240728,14,85.2,39,138,48
20240728,15,103.5,58,146,48
20240728,16,105.6,30,172,48
20240728,17,198.8,46,340,48
20240728,18,110.1,68,154,48
20240729,1,0.0,0,0,48
20240729,2,14.6,9,23,48
20240729,3,44.7,16,102,48
20240729,4,8.2,6,11,48
20240729,5,128.7,104,178,48
20240729,6,42.8,10,116,48
20240729,7,294.3,89,384,48
20240729,8,101.9,50,171,48
20240729,9,151.8,86,250,48
20240729,10,59.9,13,112,48
20240729,11,190.4,16,367,48
20240729,12,158.8,74,234,48
20240729,13,95.5,48,160,48
20240729,14,96.6,45,177,48
20240729,15,102.4,58,160,48
20240729,16,39.4,22,65,48
20240729,17,160.2,49,286,48
20240729,18,99.8,56,156,48
20240730,1,36.4,0,244,48
20240730,2,29.9,14,99,48
20240730,3,73.2,35,112,48
20240730,4,8.5,6,13,48
20240730,5,159.8,116,203,48
20240730,6,80.0,23,197,48
20240730,7,332.0,156,386,48
20240730,8,169.9,80,279,48
20240730,9,198.4,98,328,48
20240730,10,91.9,32,170,48
20240730,11,221.2,50,381,48
20240730,12,201.2,137,268,48
20240730,13,138.0,92,213,48
20240730,14,135.4,77,233,48
20240730,15,137.8,84,211,48
20240730,16,66.5,28,171,48
20240730,17,260.7,102,365,48
20240730,18,138.4,81,212,48
20240731,1,282.2,174,344,48
20240731,2,123.3,74,176,48
20240731,3,86.6,52,121,48
20240731,4,11.9,7,17,48
20240731,5,169.6,138,225,48
20240731,6,109.7,58,164,48
20240731,7,348.7,279,389,48
20240731,8,202.9,127,278,48
20240731,9,200.9,83,328,48
20240731,10,68.7,31,129,48
20240731,11,227.0,40,388,48
20240731,12,193.2,123,262,48
20240731,13,127.4,80,180,48
20240731,14,138.5,94,207,48
20240731,15,140.7,84,195,48
20240731,16,184.6,119,223,48
20240731,17,301.9,189,369,48
20240731,18,156.0,105,207,48
20240801,1,229.8,134,310,48
20240801,2,110.7,51,177,48
20240801,3,90.4,50,125,48
20240801,4,9.3,5,15,48
20240801,5,183.8,143,234,48
20240801,6,111.1,64,182,48
20240801,7,360.3,299,388,48
20240801,8,219.6,136,281,48
20240801,9,241.0,135,308,48
20240801,10,93.1,42,171,48
20240801,11,225.0,46,388,48
20240801,12,205.8,156,260,48
20240801,13,155.7,115,212,48
20240801,14,165.7,118,214,48
20240801,15,160.3,126,211,48
20240801,16,165.3,105,212,48
20240801,17,319.8,246,382,48
20240801,18,170.3,146,217,48
20240802,1,45.4,0,140,48
20240802,2,30.9,7,72,48
20240802,3,40.7,10,85,48
20240802,4,9.5,5,19,48
20240802,5,132.3,86,174,48
20240802,6,46.2,10,119,48
20240802,7,240.5,14,383,48
20240802,8,88.0,23,184,48
20240802,9,183.6,79,293,48
20240802,10,88.1,29,163,48
20240802,11,197.8,24,358,48
20240802,12,163.5,61,247,48
20240802,13,120.8,51,182,48
20240802,14,120.4,53,192,48
20240802,15,112.7,49,160,48
20240802,16,33.5,8,106,48
20240802,17,167.4,42,347,48
20240802,18,108.3,47,159,48
20240803,1,0.1,0,2,48
20240803,2,20.4,9,34,48
20240803,3,47.9,16,77,48
20240803,4,10.3,8,15,48
20240803,5,143.6,93,197,48
20240803,6,67.4,29,134,48
20240803,7,231.9,107,379,48
20240803,8,110.5,42,202,48
20240803,9,182.3,65,304,48
20240803,10,52.4,17,111,48
20240803,11,205.2,8,373,48
20240803,12,122.9,26,209,48
20240803,13,95.0,46,148,48
20240803,14,100.3,57,143,48
20240803,15,99.8,42,162,48
20240803,16,50.0,25,109,48
20240803,17,198.2,99,335,48
20240803,18,101.7,48,166,48
20240804,1,0.0,0,0,48
20240804,2,13.1,4,32,48
20240804,3,25.1,5,60,48
20240804,4,12.1,8,15,48
20240804,5,102.0,65,181,48
20240804,6,32.5,9,103,48
20240804,7,228.7,118,339,48
20240804,8,48.0,7,149,48
20240804,9,129.5,62,269,48
20240804,10,52.8,30,85,48
20240804,11,139.3,8,327,48
20240804,12,87.1,26,192,48
20240804,13,71.8,45,116,48
20240804,14,80.7,51,164,48
20240804,15,71.4,34,128,48
20240804,16,21.5,4,71,48
20240804,17,134.4,52,314,48
20240804,18,70.6,32,135,48
20240805,1,0.1,0,2,48
20240805,2,12.8,4,36,48
20240805,3,22.0,10,47,48
20240805,4,11.9,8,18,48
20240805,5,102.0,68,175,48
20240805,6,28.6,13,71,48
20240805,7,208.0,120,342,48
20240805,8,38.3,14,117,48
20240805,9,99.9,70,171,48
20240805,10,53.5,26,90,48
20240805,11,169.9,39,285,48
20240805,12,121.6,59,226,48
20240805,13,79.3,45,159,48
20240805,14,89.8,40,229,48
20240805,15,71.8,45,130,48
20240805,16,28.4,6,88,48
20240805,17,121.9,48,258,48
20240805,18,70.6,45,135,48
20240806,1,0.4,0,5,48
20240806,2,15.9,8,36,48
20240806,3,30.3,9,70,48
20240806,4,14.0,12,16,48
20240806,5,111.2,86,145,48
20240806,6,35.2,9,68,48
20240806,7,244.1,111,353,48
20240806,8,69.0,24,197,48
20240806,9,139.0,69,226,48
20240806,10,68.5,28,138,48
20240806,11,176.6,33,372,48
20240806,12,115.9,50,194,48
20240806,13,109.4,55,168,48
20240806,14,125.2,74,188,48
20240806,15,91.9,55,138,48
20240806,16,20.2,8,54,48
20240806,17,127.5,21,297,48
20240806,18,87.1,56,123,48
20240807,1,0.0,0,0,48
20240807,2,7.3,5,10,48
20240807,3,10.4,2,29,48
20240807,4,11.7,10,13,48
20240807,5,89.6,64,124,48
20240807,6,25.8,7,59,48
20240807,7,171.9,21,294,48
20240807,8,28.3,18,47,48
20240807,9,91.6,61,123,48
20240807,10,34.9,18,49,48
20240807,11,195.4,42,321,48
20240807,12,97.1,37,158,48
20240807,13,69.7,31,103,48
20240807,14,79.9,36,128,48
20240807,15,63.5,39,93,48
20240807,16,9.1,6,16,48
20240807,17,69.0,16,127,48
20240807,18,57.6,37,86,48
20240808,1,0.1,0,1,48
20240808,2,15.6,6,25,48
20240808,3,26.5,9,48,48
20240808,4,13.2,11,17,48
20240808,5,108.5,73,147,48
20240808,6,22.6,10,48,48
20240808,7,242.6,43,346,48
20240808,8,75.8,20,169,48
20240808,9,100.8,69,136,48
20240808,10,19.8,5,44,48
20240808,11,245.1,135,378,48
20240808,12,121.6,83,172,48
20240808,13,50.5,21,95,48
20240808,14,61.3,31,99,48
20240808,15,74.1,44,105,48
20240808,16,15.3,7,28,48
20240808,17,138.8,46,221,48
20240808,18,72.5,45,102,48
20240809,1,0.0,0,0,48
20240809,2,5.6,4,8,48
20240809,3,20.3,10,31,48
20240809,4,11.5,9,14,48
20240809,5,67.5,47,99,48
20240809,6,20.6,7,45,48
20240809,7,183.2,85,275,48
20240809,8,22.4,13,38,48
20240809,9,67.0,46,113,48
20240809,10,30.0,13,76,48
20240809,11,139.8,37,263,48
20240809,12,72.7,36,125,48
20240809,13,53.0,24,118,48
20240809,14,81.5,26,156,48
20240809,15,51.4,35,88,48
20240809,16,8.9,4,20,48
20240809,17,84.6,38,134,48
20240809,18,49.1,33,83,48
20240810,1,0.0,0,0,48
20240810,2,8.8,6,16,48
20240810,3,18.4,6,38,48
20240810,4,13.2,10,16,48
20240810,5,90.3,60,147,48
20240810,6,24.9,8,85,48
20240810,7,186.1,76,384,48
20240810,8,31.4,9,99,48
20240810,9,94.9,55,249,48
20240810,10,40.5,11,92,48
20240810,11,218.1,71,369,48
20240810,12,106.5,52,188,48
20240810,13,80.8,38,173,48
20240810,14,105.1,45,182,48
20240810,15,72.2,38,130,48
20240810,16,8.3,4,19,48
20240810,17,83.2,23,226,48
20240810,18,65.7,33,123,48
20240811,1,1.1,0,7,48
20240811,2,18.0,6,27,48
20240811,3,19.4,9,27,48
20240811,4,14.4,12,16,48
20240811,5,116.4,81,134,48
20240811,6,30.1,15,45,48
20240811,7,239.8,123,362,48
20240811,8,62.6,20,99,48
20240811,9,153.2,67,254,48
20240811,10,41.7,20,71,48
20240811,11,134.6,19,277,48
20240811,12,100.8,54,146,48
20240811,13,62.8,31,124,48
20240811,14,68.0,32,132,48
20240811,15,72.3,35,118,48
20240811,16,37.9,6,90,48
20240811,17,150.6,61,232,48
20240811,18,74.1,43,109,48
20240812,1,0.0,0,0,48
20240812,2,11.7,6,24,48
20240812,3,31.4,9,82,48
20240812,4,16.2,13,21,48
20240812,5,101.2,77,163,48
20240812,6,27.8,11,77,48
20240812,7,180.5,75,360,48
20240812,8,51.8,17,152,48
20240812,9,112.2,64,232,48
20240812,10,33.3,9,77,48
20240812,11,168.9,31,312,48
20240812,12,113.3,52,217,48
20240812,13,66.6,24,160,48
20240812,14,84.3,31,199,48
20240812,15,72.8,40,147,48
20240812,16,17.5,6,57,48
20240812,17,94.5,28,219,48
20240812,18,68.2,38,143,48
20240813,1,10.9,0,37,48
20240813,2,18.4,9,34,48
20240813,3,38.1,7,88,48
20240813,4,17.6,15,21,48
20240813,5,122.4,90,168,48
20240813,6,37.5,6,80,48
20240813,7,218.7,27,387,48
20240813,8,57.8,11,147,48
20240813,9,124.9,69,225,48
20240813,10,60.6,18,135,48
20240813,11,226.1,70,377,48
20240813,12,154.1,76,243,48
20240813,13,113.9,48,212,48
20240813,14,123.8,47,248,48
20240813,15,100.4,45,180,48
20240813,16,23.9,9,56,48
20240813,17,83.3,16,187,48
20240813,18,90.5,40,163,48
20240814,1,92.6,0,194,48
20240814,2,58.6,17,113,48
20240814,3,58.2,20,92,48
20240814,4,17.6,13,28,48
20240814,5,149.0,116,192,48
20240814,6,60.8,17,102,48
20240814,7,329.6,207,372,48
20240814,8,121.0,35,209,48
20240814,9,163.7,112,227,48
20240814,10,92.9,51,152,48
20240814,11,249.7,91,384,48
20240814,12,179.4,137,246,48
20240814,13,165.3,117,223,48
20240814,14,187.5,133,266,48
20240814,15,132.6,97,176,48
20240814,16,63.8,15,150,48
20240814,17,230.4,93,314,48
20240814,18,131.4,91,167,48
20240815,1,1.0,0,27,48
20240815,2,11.3,6,23,48
20240815,3,29.7,13,55,48
20240815,4,15.9,10,24,48
20240815,5,87.5,48,131,48
20240815,6,21.4,5,46,48
20240815,7,94.9,23,274,48
20240815,8,36.0,16,84,48
20240815,9,90.9,44,171,48
20240815,10,30.4,1,93,48
20240815,11,184.9,44,334,48
20240815,12,124.2,62,190,48
20240815,13,80.9,12,176,48
20240815,14,106.9,22,237,48
20240815,15,70.9,30,116,48
20240815,16,10.1,6,23,48
20240815,17,38.1,2,92,48
20240815,18,61.6,26,102,48
20240816,1,0.0,0,0,48
20240816,2,11.5,7,16,48
20240816,3,27.7,11,51,48
20240816,4,16.3,10,25,48
20240816,5,119.4,92,156,48
20240816,6,53.6,15,98,48
20240816,7,278.5,125,383,48
20240816,8,60.0,26,113,48
20240816,9,129.0,83,171,48
20240816,10,58.4,14,123,48
20240816,11,212.2,16,387,48
20240816,12,140.2,61,231,48
20240816,13,125.5,50,231,48
20240816,14,161.6,71,314,48
20240816,15,100.1,57,160,48
20240816,16,19.4,7,63,48
20240816,17,139.0,42,244,48
20240816,18,93.8,55,153,48
20240817,1,0.0,0,0,48
20240817,2,11.6,6,21,48
20240817,3,20.3,11,37,48
20240817,4,18.4,17,20,48
20240817,5,122.7,94,182,48
20240817,6,52.6,13,128,48
20240817,7,220.9,101,373,48
20240817,8,45.4,22,108,48
20240817,9,121.8,76,194,48
20240817,10,69.1,17,133,48
20240817,11,209.8,32,378,48
20240817,12,143.0,59,247,48
20240817,13,104.2,41,221,48
20240817,14,111.9,41,275,48
20240817,15,94.9,51,165,48
20240817,16,10.3,5,22,48
20240817,17,99.4,29,246,48
20240817,18,85.3,42,156,48
20240818,1,0.0,0,0,48
20240818,2,5.2,3,10,48
20240818,3,20.3,8,58,48
20240818,4,13.4,10,19,48
20240818,5,107.8,74,167,48
20240818,6,33.0,4,103,48
20240818,7,194.9,47,375,48
20240818,8,34.1,11,96,48
20240818,9,100.4,54,170,48
20240818,10,53.4,23,105,48
20240818,11,186.9,33,341,48
20240818,12,114.1,53,186,48
20240818,13,86.2,54,148,48
20240818,14,93.6,53,148,48
20240818,15,76.2,39,131,48
20240818,16,6.5,2,18,48
20240818,17,83.2,19,225,48
20240818,18,69.1,36,123,48
20240819,1,0.0,0,0,48
20240819,2,13.3,0,23,48
20240819,3,34.6,1,71,48
20240819,4,17.2,3,22,48
20240819,5,118.1,3,161,48
20240819,6,32.9,1,78,48
20240819,7,149.7,2,382,48
20240819,8,55.5,2,118,48
20240819,9,111.9,3,192,48
20240819,10,56.0,5,110,48
20240819,11,233.7,11,340,48
20240819,12,131.5,11,221,48
20240819,13,76.7,16,146,48
20240819,14,82.0,18,138,48
20240819,15,88.9,53,132,48
20240819,16,10.1,4,17,48
20240819,17,66.4,7,151,48
20240819,18,78.2,44,122,48
20240820,1,0.0,0,0,48
20240820,2,8.8,5,15,48
20240820,3,22.3,14,44,48
20240820,4,13.4,8,25,48
20240820,5,74.0,51,105,48
20240820,6,14.9,5,32,48
20240820,7,100.3,21,278,48
20240820,8,24.1,11,47,48
20240820,9,59.4,36,96,48
20240820,10,14.0,2,38,48
20240820,11,171.0,15,328,48
20240820,12,110.9,52,183,48
20240820,13,50.3,23,99,48
20240820,14,71.1,30,126,48
20240820,15,56.2,30,91,48
20240820,16,8.0,4,13,48
20240820,17,24.5,5,52,48
20240820,18,48.4,26,78,48
20240821,1,0.0,0,0,48
20240821,2,4.8,1,11,48
20240821,3,33.0,18,51,48
20240821,4,7.9,4,11,48
20240821,5,70.0,43,97,48
20240821,6,35.5,21,63,48
20240821,7,119.4,54,181,48
20240821,8,35.6,22,48,48
20240821,9,58.5,27,90,48
20240821,10,37.4,11,68,48
20240821,11,170.1,32,316,48
20240821,12,109.7,52,175,48
20240821,13,63.0,33,116,48
20240821,14,88.4,41,164,48
20240821,15,65.0,34,106,48
20240821,16,6.6,3,12,48
20240821,17,43.4,18,86,48
20240821,18,56.6,30,89,48
20240822,1,0.0,0,0,48
20240822,2,3.9,0,16,48
20240822,3,20.5,0,59,48
20240822,4,7.1,2,15,48
20240822,5,83.3,2,152,48
20240822,6,10.6,0,35,48
20240822,7,84.4,1,166,48
20240822,8,25.3,0,65,48
20240822,9,96.9,2,195,48
20240822,10,43.8,9,82,48
20240822,11,198.1,16,338,48
20240822,12,140.7,17,263,48
20240822,13,63.3,29,95,48
20240822,14,81.6,27,148,48
20240822,15,69.7,43,125,48
20240822,16,4.0,0,11,48
20240822,17,44.7,18,86,48
20240822,18,59.8,33,107,48
20240823,1,0.2,0,2,48
20240823,2,4.8,1,16,48
20240823,3,9.6,4,18,48
20240823,4,8.8,4,14,48
20240823,5,89.9,53,164,48
20240823,6,14.4,2,35,48
20240823,7,53.4,2,169,48
20240823,8,22.6,8,44,48
20240823,9,80.8,33,171,48
20240823,10,23.0,4,62,48
20240823,11,159.6,24,300,48
20240823,12,127.5,53,226,48
20240823,13,61.6,20,150,48
20240823,14,94.9,27,205,48
20240823,15,60.4,25,120,48
20240823,16,5.8,1,23,48
20240823,17,34.3,4,82,48
20240823,18,52.1,22,99,48
20240824,1,0.1,0,1,48
20240824,2,5.7,2,12,48
20240824,3,11.1,6,19,48
20240824,4,14.0,10,18,48
20240824,5,84.5,61,103,48
20240824,6,7.4,3,14,48
20240824,7,84.6,9,135,48
20240824,8,21.8,8,45,48
20240824,9,93.0,72,118,48
20240824,10,37.2,10,78,48
20240824,11,184.3,50,330,48
20240824,12,124.7,85,156,48
20240824,13,57.4,33,78,48
20240824,14,67.9,44,104,48
20240824,15,61.9,43,80,48
20240824,16,4.4,2,10,48
20240824,17,34.9,1,71,48
20240824,18,53.5,37,68,48
20240825,1,0.8,0,7,48
20240825,2,2.6,1,6,48
20240825,3,4.8,2,10,48
20240825,4,9.7,6,16,48
20240825,5,76.8,61,93,48
20240825,6,7.6,3,13,48
20240825,7,56.6,15,114,48
20240825,8,16.3,10,24,48
20240825,9,79.5,55,104,48
20240825,10,21.8,10,33,48
20240825,11,148.4,74,230,48
20240825,12,99.1,62,132,48
20240825,13,54.0,42,75,48
20240825,14,103.4,78,145,48
20240825,15,54.5,42,69,48
20240825,16,2.8,2,6,48
20240825,17,20.1,2,50,48
20240825,18,45.8,35,60,48
20240826,1,11.0,0,25,48
20240826,2,12.5,5,25,48
20240826,3,12.7,3,60,48
20240826,4,10.3,6,14,48
20240826,5,120.0,70,233,48
20240826,6,11.7,2,31,48
20240826,7,128.6,43,267,48
20240826,8,32.3,15,85,48
20240826,9,127.3,53,259,48
20240826,10,46.0,11,139,48
20240826,11,194.7,49,375,48
20240826,12,153.0,73,281,48
20240826,13,84.1,36,196,48
20240826,14,111.6,39,236,48
20240826,15,84.1,38,175,48
20240826,16,8.8,1,21,48
20240826,17,75.6,42,144,48
20240826,18,75.4,36,155,48
20240827,1,1.7,0,8,48
20240827,2,9.9,3,21,48
20240827,3,7.2,2,18,48
20240827,4,9.9,6,15,48
20240827,5,109.0,63,172,48
20240827,6,7.5,2,24,48
20240827,7,153.6,25,242,48
20240827,8,21.7,7,63,48
20240827,9,127.2,65,218,48
20240827,10,95.0,59,139,48
20240827,11,246.1,83,359,48
20240827,12,166.0,69,285,48
20240827,13,142.0,88,216,48
20240827,14,186.5,100,245,48
20240827,15,103.7,60,164,48
20240827,16,8.6,2,20,48
20240827,17,67.0,9,137,48
20240827,18,90.2,50,146,48
20240828,1,2.7,0,17,48
20240828,2,17.1,7,32,48
20240828,3,31.5,5,108,48
20240828,4,12.9,9,18,48
20240828,5,155.4,89,206,48
20240828,6,55.6,5,104,48
20240828,7,164.8,45,362,48
20240828,8,75.1,16,148,48
20240828,9,185.5,97,276,48
20240828,10,107.0,56,167,48
20240828,11,307.7,153,388,48
20240828,12,229.4,127,319,48
20240828,13,147.1,79,290,48
20240828,14,152.5,77,359,48
20240828,15,137.3,72,218,48
20240828,16,13.6,6,30,48
20240828,17,99.6,24,253,48
20240828,18,122.0,65,195,48
20240829,1,1.0,0,10,48
20240829,2,4.5,1,13,48
20240829,3,20.7,3,69,48
20240829,4,10.9,8,15,48
20240829,5,174.3,95,265,48
20240829,6,30.5,2,104,48
20240829,7,234.1,27,383,48
20240829,8,69.6,21,156,48
20240829,9,200.0,101,294,48
20240829,10,110.2,33,212,48
20240829,11,286.7,110,391,48
20240829,12,235.1,120,312,48
20240829,13,158.4,60,294,48
20240829,14,164.5,60,351,48
20240829,15,143.4,74,229,48
20240829,16,7.5,2,16,48
20240829,17,109.3,10,266,48
20240829,18,126.8,61,206,48
20240830,1,73.9,0,220,48
20240830,2,40.3,2,117,48
20240830,3,51.4,3,108,48
20240830,4,10.6,7,13,48
20240830,5,187.9,148,250,48
20240830,6,122.8,71,188,48
20240830,7,356.5,273,391,48
20240830,8,194.4,74,286,48
20240830,9,205.1,108,341,48
20240830,10,79.6,17,126,48
20240830,11,277.9,102,392,48
20240830,12,236.0,139,338,48
20240830,13,147.9,66,270,48
20240830,14,148.7,73,286,48
20240830,15,160.5,101,203,48
20240830,16,63.4,1,164,48
20240830,17,229.2,107,343,48
20240830,18,154.5,110,202,48
20240831,1,58.4,0,154,48
20240831,2,21.8,3,44,48
20240831,3,15.7,7,28,48
20240831,4,6.8,6,8,48
20240831,5,121.4,82,213,48
20240831,6,24.1,5,80,48
20240831,7,243.9,101,339,48
20240831,8,60.2,19,122,48
20240831,9,96.1,50,165,48
20240831,10,36.9,6,74,48
20240831,11,197.1,51,322,48
20240831,12,126.1,78,191,48
20240831,13,52.5,30,85,48
20240831,14,53.5,21,91,48
20240831,15,67.1,45,93,48
20240831,16,26.5,8,54,48
20240831,17,189.2,121,277,48
20240831,18,71.9,48,103,48
20240901,1,0.0,0,0,48
20240901,2,6.1,2,15,48
20240901,3,20.8,3,53,48
20240901,4,9.9,6,17,48
20240901,5,96.9,63,145,48
20240901,6,40.6,5,118,48
20240901,7,241.2,122,389,48
20240901,8,63.5,21,165,48
20240901,9,97.5,46,185,48
20240901,10,56.8,19,100,48
20240901,11,225.4,62,356,48
20240901,12,148.1,47,239,48
20240901,13,74.1,29,166,48
20240901,14,74.1,18,206,48
20240901,15,79.9,39,157,48
20240901,16,8.5,3,20,48
20240901,17,164.1,55,271,48
20240901,18,77.9,37,147,48
20240902,1,53.0,0,134,48
20240902,2,31.5,7,64,48
20240902,3,79.4,11,130,48
20240902,4,14.7,11,19,48
20240902,5,160.6,109,188,48
20240902,6,150.0,38,236,48
20240902,7,376.4,348,390,48
20240902,8,195.4,89,282,48
20240902,9,194.6,117,267,48
20240902,10,112.4,54,170,48
20240902,11,299.6,213,378,48
20240902,12,244.4,171,317,48
20240902,13,188.8,108,275,48
20240902,14,215.8,121,360,48
20240902,15,172.5,112,221,48
20240902,16,68.4,8,129,48
20240902,17,304.4,166,350,48
20240902,18,168.2,114,207,48
20240903,1,69.4,0,194,48
20240903,2,28.1,12,76,48
20240903,3,62.8,16,100,48
20240903,4,20.2,17,23,48
20240903,5,171.9,132,236,48
20240903,6,154.1,109,197,48
20240903,7,347.5,257,382,48
20240903,8,198.3,91,270,48
20240903,9,321.1,156,409,48
20240903,10,163.1,103,240,48
20240903,11,282.1,141,376,48
20240903,12,272.1,201,343,48
20240903,13,216.4,152,304,48
20240903,14,224.8,151,351,48
20240903,15,198.8,164,254,48
20240903,16,38.5,5,86,48
20240903,17,270.4,161,338,48
20240903,18,186.7,155,241,48
20240904,1,205.9,115,257,48
20240904,2,98.5,14,145,48
20240904,3,77.2,21,126,48
20240904,4,18.1,14,30,48
20240904,5,177.0,108,227,48
20240904,6,158.5,81,212,48
20240904,7,352.2,266,381,48
20240904,8,207.6,70,248,48
20240904,9,291.6,105,367,48
20240904,10,165.8,55,206,48
20240904,11,274.5,125,369,48
20240904,12,269.8,165,320,48
20240904,13,220.9,112,268,48
20240904,14,225.0,131,287,48
20240904,15,196.9,105,239,48
20240904,16,111.1,32,162,48
20240904,17,314.7,148,365,48
20240904,18,196.3,100,233,48
20240905,1,48.1,0,127,48
20240905,2,14.5,5,40,48
20240905,3,17.9,8,41,48
20240905,4,19.8,14,24,48
20240905,5,98.0,82,118,48
20240905,6,39.5,23,81,48
20240905,7,116.1,34,327,48
20240905,8,51.1,30,75,48
20240905,9,105.0,81,134,48
20240905,10,70.2,25,109,48
20240905,11,197.0,148,281,48
20240905,12,150.5,109,221,48
20240905,13,88.6,60,156,48
20240905,14,103.8,68,217,48
20240905,15,84.0,66,115,48
20240905,16,21.4,11,41,48
20240905,17,94.5,39,170,48
20240905,18,77.9,60,103,48
20240906,1,0.7,0,2,48
20240906,2,5.1,2,7,48
20240906,3,12.1,3,28,48
20240906,4,17.8,11,24,48
20240906,5,108.4,63,172,48
20240906,6,92.5,42,159,48
20240906,7,308.0,67,382,48
20240906,8,95.8,32,173,48
20240906,9,136.1,75,224,48
20240906,10,91.8,37,156,48
20240906,11,260.7,184,359,48
20240906,12,187.9,126,280,48
20240906,13,139.1,73,221,48
20240906,14,168.3,96,252,48
20240906,15,116.9,66,173,48
20240906,16,13.4,3,38,48
20240906,17,210.5,70,310,48
20240906,18,111.4,61,164,48
20240907,1,2.5,0,6,48
20240907,2,9.8,4,17,48
20240907,3,87.5,7,132,48
20240907,4,13.2,11,15,48
20240907,5,173.5,118,218,48
20240907,6,152.5,60,219,48
20240907,7,302.6,235,375,48
20240907,8,184.5,81,246,48
20240907,9,269.4,178,328,48
20240907,10,121.8,38,174,48
20240907,11,319.1,192,385,48
20240907,12,258.1,207,329,48
20240907,13,121.8,87,160,48
20240907,14,122.6,86,171,48
20240907,15,172.6,130,211,48
20240907,16,54.2,3,111,48
20240907,17,221.3,157,312,48
20240907,18,161.5,119,200,48
20240908,1,1.0,0,3,48
20240908,2,6.3,2,11,48
20240908,3,50.4,2,84,48
20240908,4,15.6,11,22,48
20240908,5,128.0,91,146,48
20240908,6,75.5,31,123,48
20240908,7,210.1,129,266,48
20240908,8,105.6,25,157,48
20240908,9,198.6,147,261,48
20240908,10,68.9,25,119,48
20240908,11,247.3,124,349,48
20240908,12,168.3,113,241,48
20240908,13,53.7,33,92,48
20240908,14,45.6,31,87,48
20240908,15,108.0,74,142,48
20240908,16,36.3,7,63,48
20240908,17,142.8,53,224,48
20240908,18,102.1,67,125,48
20240909,1,0.0,0,0,48
20240909,2,3.2,1,13,48
20240909,3,16.1,2,30,48
20240909,4,15.0,7,22,48
20240909,5,125.4,77,182,48
20240909,6,59.8,12,113,48
20240909,7,135.9,69,242,48
20240909,8,53.3,14,90,48
20240909,9,156.0,107,221,48
20240909,10,67.8,35,131,48
20240909,11,148.0,41,264,48
20240909,12,169.1,118,233,48
20240909,13,85.4,51,152,48
20240909,14,93.2,41,166,48
20240909,15,90.0,65,129,48
20240909,16,19.4,7,32,48
20240909,17,102.2,29,177,48
20240909,18,83.1,59,120,48
20240910,1,0.0,0,0,48
20240910,2,1.0,1,2,48
20240910,3,2.4,1,6,48
20240910,4,6.3,5,8,48
20240910,5,92.7,62,122,48
20240910,6,9.1,1,36,48
20240910,7,87.5,16,263,48
20240910,8,20.7,12,29,48
20240910,9,130.0,81,173,48
20240910,10,41.4,27,55,48
20240910,11,204.3,117,291,48
20240910,12,167.7,90,215,48
20240910,13,79.1,40,108,48
20240910,14,102.9,54,147,48
20240910,15,77.0,50,96,48
20240910,16,7.4,1,19,48
20240910,17,40.4,1,81,48
20240910,18,66.1,46,83,48
20240911,1,0.0,0,0,48
20240911,2,1.9,1,3,48
20240911,3,22.4,5,56,48
20240911,4,10.4,6,16,48
20240911,5,88.9,53,161,48
20240911,6,20.1,4,50,48
20240911,7,156.1,48,349,48
20240911,8,37.0,20,93,48
20240911,9,136.6,89,240,48
20240911,10,43.9,14,104,48
20240911,11,131.7,33,263,48
20240911,12,136.5,83,246,48
20240911,13,62.1,29,148,48
20240911,14,81.5,29,176,48
20240911,15,73.7,45,149,48
20240911,16,2.9,2,6,48
20240911,17,77.1,21,148,48
20240911,18,66.5,37,134,48
20240912,1,0.0,0,0,48
20240912,2,3.6,2,6,48
20240912,3,55.4,9,104,48
20240912,4,16.0,11,20,48
20240912,5,135.7,83,182,48
20240912,6,66.4,13,146,48
20240912,7,273.2,163,365,48
20240912,8,99.6,26,208,48
20240912,9,176.5,116,286,48
20240912,10,70.3,19,116,48
20240912,11,253.8,114,379,48
20240912,12,196.6,111,307,48
20240912,13,108.4,56,182,48
20240912,14,135.8,79,234,48
20240912,15,117.6,69,189,48
20240912,16,14.8,3,59,48
20240912,17,190.5,108,311,48
20240912,18,112.0,65,177,48
20240913,1,0.0,0,0,48
20240913,2,3.1,1,7,48
20240913,3,48.5,8,88,48
20240913,4,14.8,7,21,48
20240913,5,146.8,83,207,48
20240913,6,89.9,27,172,48
20240913,7,340.6,242,388,48
20240913,8,140.0,35,232,48
20240913,9,245.2,127,322,48
20240913,10,101.3,13,210,48
20240913,11,222.6,75,356,48
20240913,12,209.1,128,303,48
20240913,13,121.2,72,187,48
20240913,14,132.3,90,173,48
20240913,15,139.2,87,196,48
20240913,16,26.7,1,58,48
20240913,17,238.6,140,308,48
20240913,18,134.3,95,182,48
20240914,1,0.0,0,0,48
20240914,2,1.0,1,1,48
20240914,3,14.6,2,41,48
20240914,4,6.3,5,7,48
20240914,5,76.7,50,97,48
20240914,6,38.1,1,91,48
20240914,7,120.5,6,338,48
20240914,8,32.1,6,68,48
20240914,9,139.2,68,199,48
20240914,10,92.4,44,144,48
20240914,11,174.9,21,292,48
20240914,12,157.6,69,218,48
20240914,13,110.4,59,151,48
20240914,14,115.6,77,151,48
20240914,15,84.3,39,126,48
20240914,16,7.2,1,16,48
20240914,17,103.3,42,166,48
20240914,18,76.2,36,109,48
20240915,1,0.0,0,0,48
20240915,2,1.6,1,3,48
20240915,3,19.3,1,76,48
20240915,4,10.5,7,18,48
20240915,5,113.1,67,176,48
20240915,6,59.9,26,133,48
20240915,7,187.9,29,355,48
20240915,8,67.5,21,141,48
20240915,9,163.9,94,258,48
20240915,10,96.6,53,143,48
20240915,11,214.0,76,326,48
20240915,12,199.9,137,288,48
20240915,13,106.6,63,167,48
20240915,14,113.6,46,174,48
20240915,15,104.8,65,170,48
20240915,16,11.1,3,21,48
20240915,17,149.9,62,289,48
20240915,18,97.7,61,160,48
20240916,1,1.0,0,6,48
20240916,2,8.0,3,22,48
20240916,3,83.1,13,126,48
20240916,4,14.7,11,24,48
20240916,5,163.0,125,204,48
20240916,6,118.6,17,219,48
20240916,7,347.8,280,385,48
20240916,8,208.9,105,284,48
20240916,9,286.6,197,348,48
20240916,10,120.3,75,162,48
20240916,11,251.4,82,370,48
20240916,12,246.7,135,345,48
20240916,13,127.0,94,200,48
20240916,14,126.0,58,210,48
20240916,15,164.8,125,218,48
20240916,16,63.9,3,123,48
20240916,17,307.2,159,357,48
20240916,18,162.5,120,205,48
20240917,1,2.2,0,12,48
20240917,2,12.6,4,30,48
20240917,3,81.7,29,135,48
20240917,4,22.8,15,39,48
20240917,5,169.1,123,244,48
20240917,6,102.3,33,222,48
20240917,7,318.1,186,379,48
20240917,8,182.6,77,271,48
20240917,9,231.8,125,342,48
20240917,10,89.1,46,125,48
20240917,11,239.9,62,360,48
20240917,12,203.5,98,318,48
20240917,13,84.1,56,118,48
20240917,14,79.5,48,113,48
20240917,15,142.9,95,205,48
20240917,16,70.7,10,141,48
20240917,17,215.5,95,352,48
20240917,18,139.0,95,197,48
20240918,1,1.0,0,5,48
20240918,2,11.3,5,21,48
20240918,3,78.0,31,115,48
20240918,4,20.0,13,27,48
20240918,5,163.1,125,211,48
20240918,6,107.9,33,186,48
20240918,7,237.2,125,340,48
20240918,8,146.8,79,240,48
20240918,9,208.4,115,304,48
20240918,10,77.6,21,125,48
20240918,11,291.4,123,385,48
20240918,12,209.8,95,340,48
20240918,13,74.4,34,124,48
20240918,14,69.4,38,119,48
20240918,15,131.9,77,185,48
20240918,16,58.3,4,105,48
20240918,17,197.6,103,277,48
20240918,18,128.6,85,175,48
20240919,1,4.0,0,9,48
20240919,2,12.3,5,22,48
20240919,3,81.0,28,129,48
20240919,4,13.4,11,22,48
20240919,5,188.8,126,246,48
20240919,6,123.0,32,240,48
20240919,7,277.0,112,352,48
20240919,8,182.1,85,270,48
20240919,9,222.7,132,345,48
20240919,10,92.5,47,125,48
20240919,11,294.7,168,381,48
20240919,12,230.6,139,339,48
20240919,13,93.6,66,134,48
20240919,14,92.5,51,131,48
20240919,15,144.7,100,200,48
20240919,16,109.8,6,168,48
20240919,17,235.4,95,315,48
20240919,18,147.3,101,195,48
20240920,1,0.0,0,0,48
20240920,2,5.7,4,8,48
20240920,3,51.7,24,80,48
20240920,4,18.8,15,21,48
20240920,5,155.9,95,208,48
20240920,6,88.8,25,164,48
20240920,7,255.8,119,340,48
20240920,8,128.3,51,211,48
20240920,9,154.2,78,204,48
20240920,10,79.1,37,107,48
20240920,11,306.8,168,375,48
20240920,12,213.9,139,311,48
20240920,13,85.8,53,141,48
20240920,14,89.9,54,165,48
20240920,15,127.1,85,167,48
20240920,16,21.9,2,63,48
20240920,17,196.6,71,280,48
20240920,18,120.6,78,159,48
20240921,1,0.4,0,2,48
20240921,2,6.4,3,9,48
20240921,3,21.6,5,70,48
20240921,4,20.9,16,28,48
20240921,5,144.6,95,192,48
20240921,6,122.0,34,200,48
20240921,7,183.6,78,364,48
20240921,8,98.7,37,158,48
20240921,9,156.1,87,265,48
20240921,10,106.2,44,171,48
20240921,11,332.4,215,389,48
20240921,12,249.9,146,319,48
20240921,13,100.8,49,154,48
20240921,14,89.4,22,155,48
20240921,15,136.4,87,188,48
20240921,16,9.0,4,46,48
20240921,17,137.7,31,312,48
20240921,18,122.5,80,178,48
20240922,1,3.0,0,12,48
20240922,2,10.4,4,20,48
20240922,3,50.9,13,114,48
20240922,4,22.1,16,30,48
20240922,5,153.9,114,190,48
20240922,6,117.9,13,227,48
20240922,7,347.0,200,384,48
20240922,8,172.4,43,263,48
20240922,9,222.0,134,292,48
20240922,10,133.6,53,186,48
20240922,11,336.0,265,389,48
20240922,12,256.5,184,344,48
20240922,13,142.4,72,208,48
20240922,14,137.3,76,205,48
20240922,15,161.3,106,219,48
20240922,16,51.3,3,108,48
20240922,17,284.1,127,341,48
20240922,18,157.9,102,212,48
20240923,1,238.7,10,325,48
20240923,2,84.6,8,137,48
20240923,3,80.2,39,111,48
20240923,4,19.7,14,32,48
20240923,5,168.2,120,212,48
20240923,6,141.3,25,241,48
20240923,7,373.0,250,389,48
20240923,8,205.9,73,276,48
20240923,9,253.2,152,300,48
20240923,10,114.1,51,172,48
20240923,11,331.3,260,386,48
20240923,12,280.4,191,322,48
20240923,13,136.7,68,174,48
20240923,14,151.6,94,192,48
20240923,15,179.9,120,213,48
20240923,16,133.7,34,186,48
20240923,17,326.0,245,367,48
20240923,18,184.2,120,214,48
20240924,1,63.5,0,230,48
20240924,2,34.6,3,104,48
20240924,3,60.7,28,85,48
20240924,4,16.0,13,31,48
20240924,5,147.5,97,179,48
20240924,6,76.4,19,126,48
20240924,7,289.0,109,379,48
20240924,8,145.1,67,208,48
20240924,9,215.3,141,271,48
20240924,10,126.9,55,175,48
20240924,11,278.1,158,362,48
20240924,12,232.6,169,286,48
20240924,13,147.6,71,193,48
20240924,14,171.1,97,227,48
20240924,15,153.9,105,190,48
20240924,16,26.4,2,91,48
20240924,17,279.0,204,333,48
20240924,18,148.0,99,183,48
20240925,1,64.0,0,291,48
20240925,2,19.6,1,125,48
20240925,3,67.8,7,119,48
20240925,4,21.6,9,30,48
20240925,5,176.4,72,255,48
20240925,6,144.1,24,233,48
20240925,7,325.8,109,389,48
20240925,8,190.4,37,290,48
20240925,9,248.8,126,334,48
20240925,10,150.8,54,214,48
20240925,11,343.9,245,388,48
20240925,12,261.4,133,357,48
20240925,13,168.7,72,248,48
20240925,14,168.1,74,229,48
20240925,15,177.0,90,242,48
20240925,16,74.8,1,162,48
20240925,17,295.2,102,367,48
20240925,18,173.6,81,239,48
20240926,1,1.4,0,11,48
20240926,2,3.1,1,11,48
20240926,3,22.8,5,45,48
20240926,4,15.9,7,23,48
20240926,5,99.5,62,134,48
20240926,6,64.1,17,105,48
20240926,7,315.5,97,375,48
20240926,8,82.3,27,131,48
20240926,9,186.3,115,230,48
20240926,10,87.4,37,135,48
20240926,11,154.9,62,324,48
20240926,12,152.6,90,212,48
20240926,13,88.7,32,126,48
20240926,14,87.4,22,126,48
20240926,15,108.5,58,140,48
20240926,16,3.1,1,9,48
20240926,17,122.2,41,259,48
20240926,18,96.8,51,132,48
20240927,1,0.0,0,0,48
20240927,2,1.3,1,2,48
20240927,3,11.0,5,22,48
20240927,4,9.9,7,14,48
20240927,5,82.6,55,131,48
20240927,6,32.0,5,90,48
20240927,7,240.6,145,353,48
20240927,8,49.5,11,123,48
20240927,9,113.3,79,187,48
20240927,10,31.7,12,46,48
20240927,11,124.5,15,221,48
20240927,12,107.0,65,186,48
20240927,13,39.6,21,61,48
20240927,14,53.5,21,91,48
20240927,15,67.7,43,111,48
20240927,16,1.5,1,4,48
20240927,17,86.7,16,207,48
20240927,18,61.7,40,104,48
20240928,1,0.0,0,0,48
20240928,2,2.3,1,4,48
20240928,3,56.1,4,113,48
20240928,4,12.7,9,16,48
20240928,5,144.3,68,237,48
20240928,6,93.7,37,209,48
20240928,7,295.1,74,390,48
20240928,8,179.9,35,286,48
20240928,9,205.8,89,339,48
20240928,10,83.1,20,189,48
20240928,11,197.0,45,358,48
20240928,12,187.4,88,307,48
20240928,13,100.5,19,206,48
20240928,14,114.2,17,211,48
20240928,15,134.0,48,226,48
20240928,16,17.3,1,75,48
20240928,17,227.7,91,362,48
20240928,18,127.4,46,211,48
20240929,1,0.0,0,0,48
20240929,2,5.7,1,18,48
20240929,3,22.8,14,49,48
20240929,4,16.3,10,26,48
20240929,5,108.4,61,171,48
20240929,6,51.3,4,94,48
20240929,7,237.0,115,309,48
20240929,8,73.3,14,121,48
20240929,9,139.8,47,227,48
20240929,10,75.9,15,122,48
20240929,11,263.7,143,374,48
20240929,12,139.4,67,288,48
20240929,13,60.8,23,84,48
20240929,14,55.7,35,77,48
20240929,15,92.8,41,165,48
20240929,16,21.3,1,36,48
20240929,17,134.8,74,195,48
20240929,18,88.3,41,141,48
20240930,1,0.0,0,0,48
20240930,2,3.4,1,5,48
20240930,3,57.3,16,111,48
20240930,4,17.5,10,28,48
20240930,5,117.2,66,154,48
20240930,6,88.0,4,165,48
20240930,7,205.6,77,311,48
20240930,8,86.9,16,150,48
20240930,9,101.7,48,163,48
20240930,10,48.2,13,71,48
20240930,11,187.5,106,292,48
20240930,12,149.3,74,219,48
20240930,13,74.0,22,117,48
20240930,14,103.5,42,162,48
20240930,15,91.7,41,133,48
20240930,16,24.0,2,53,48
20240930,17,139.2,65,203,48
20240930,18,87.8,42,129,48
20241001,1,0.0,0,0,48
20241001,2,2.6,2,4,48
20241001,3,27.0,14,63,48
20241001,4,22.5,13,28,48
20241001,5,126.3,77,165,48
20241001,6,102.1,30,166,48
20241001,7,265.2,111,369,48
20241001,8,83.9,31,141,48
20241001,9,101.4,55,134,48
20241001,10,48.5,6,86,48
20241001,11,174.3,113,278,48
20241001,12,150.0,89,212,48
20241001,13,67.0,18,135,48
20241001,14,86.5,29,183,48
20241001,15,98.7,56,143,48
20241001,16,3.0,2,6,48
20241001,17,88.8,39,180,48
20241001,18,87.6,50,127,48
20241002,1,22.3,0,106,48
20241002,2,4.7,2,9,48
20241002,3,51.6,14,104,48
20241002,4,22.7,17,30,48
20241002,5,136.1,67,209,48
20241002,6,65.4,18,173,48
20241002,7,299.4,127,359,48
20241002,8,129.0,31,255,48
20241002,9,143.9,55,245,48
20241002,10,72.9,22,119,48
20241002,11,226.6,146,329,48
20241002,12,194.2,99,272,48
20241002,13,101.8,46,151,48
20241002,14,131.3,62,215,48
20241002,15,122.6,58,180,48
20241002,16,25.6,2,70,48
20241002,17,195.7,40,289,48
20241002,18,117.5,51,173,48
20241003,1,102.9,0,272,48
20241003,2,28.8,1,98,48
20241003,3,59.8,11,101,48
20241003,4,17.0,13,26,48
20241003,5,179.3,101,260,48
20241003,6,107.6,10,224,48
20241003,7,338.7,248,385,48
20241003,8,181.2,24,252,48
20241003,9,250.9,155,335,48
20241003,10,149.8,82,228,48
20241003,11,204.7,34,350,48
20241003,12,225.1,151,306,48
20241003,13,139.6,84,203,48
20241003,14,132.8,67,188,48
20241003,15,164.0,109,232,48
20241003,16,33.5,3,81,48
20241003,17,287.4,129,348,48
20241003,18,158.4,99,214,48
20241004,1,7.6,0,30,48
20241004,2,6.0,1,16,48
20241004,3,16.4,3,45,48
20241004,4,18.3,15,22,48
20241004,5,128.4,91,166,48
20241004,6,37.6,4,95,48
20241004,7,290.1,102,379,48
20241004,8,87.4,14,186,48
20241004,9,187.7,96,264,48
20241004,10,153.3,62,213,48
20241004,11,228.2,67,356,48
20241004,12,200.8,117,282,48
20241004,13,168.1,100,236,48
20241004,14,176.0,107,274,48
20241004,15,136.7,82,184,48
20241004,16,3.3,1,13,48
20241004,17,150.1,25,297,48
20241004,18,123.6,72,171,48
20241005,1,7.0,0,22,48
20241005,2,5.2,1,13,48
20241005,3,10.6,3,30,48
20241005,4,21.1,12,28,48
20241005,5,87.2,57,126,48
20241005,6,12.0,5,29,48
20241005,7,168.7,78,319,48
20241005,8,22.6,8,69,48
20241005,9,94.4,49,138,48
20241005,10,83.6,23,174,48
20241005,11,162.4,15,289,48
20241005,12,111.2,43,173,48
20241005,13,77.2,31,126,48
20241005,14,71.5,33,110,48
20241005,15,73.6,41,104,48
20241005,16,5.4,1,13,48
20241005,17,56.6,13,133,48
20241005,18,64.5,36,94,48
20241006,1,0.0,0,0,48
20241006,2,1.4,1,3,48
20241006,3,25.8,1,79,48
20241006,4,15.3,9,24,48
20241006,5,93.4,61,147,48
20241006,6,34.6,1,113,48
20241006,7,286.0,99,380,48
20241006,8,77.3,7,188,48
20241006,9,107.6,54,210,48
20241006,10,50.1,10,83,48
20241006,11,225.3,104,295,48
20241006,12,146.4,99,226,48
20241006,13,60.2,17,107,48
20241006,14,69.9,23,127,48
20241006,15,83.2,51,141,48
20241006,16,1.6,0,7,48
20241006,17,181.0,32,337,48
20241006,18,80.5,45,136,48
20241007,1,34.0,0,122,48
20241007,2,11.4,1,39,48
20241007,3,65.3,25,113,48
20241007,4,20.9,16,29,48
20241007,5,138.1,78,233,48
20241007,6,114.5,15,251,48
20241007,7,314.3,114,374,48
20241007,8,168.9,54,281,48
20241007,9,197.6,88,314,48
20241007,10,97.2,31,173,48
20241007,11,216.0,30,371,48
20241007,12,201.0,91,314,48
20241007,13,102.9,32,190,48
20241007,14,104.0,23,185,48
20241007,15,134.9,64,225,48
20241007,16,39.1,1,98,48
20241007,17,244.9,49,335,48
20241007,18,132.0,62,213,48
20241008,1,12.2,0,60,48
20241008,2,4.6,0,18,48
20241008,3,54.0,27,84,48
20241008,4,19.0,7,69,48
20241008,5,136.7,81,180,48
20241008,6,95.2,21,177,48
20241008,7,326.3,132,386,48
20241008,8,151.1,50,238,48
20241008,9,211.6,128,282,48
20241008,10,121.0,88,155,48
20241008,11,256.9,125,345,48
20241008,12,202.6,137,273,48
20241008,13,104.2,59,141,48
20241008,14,93.7,32,144,48
20241008,15,139.9,85,185,48
20241008,16,2.4,0,14,48
20241008,17,242.5,79,330,48
20241008,18,131.4,74,170,48
20241009,1,0.0,0,0,48
20241009,2,1.0,0,2,48
20241009,3,30.0,3,55,48
20241009,4,13.8,6,19,48
20241009,5,119.6,69,176,48
20241009,6,68.0,14,126,48
20241009,7,309.6,133,387,48
20241009,8,92.6,28,172,48
20241009,9,162.4,71,230,48
20241009,10,98.8,17,158,48
20241009,11,196.8,101,345,48
20241009,12,176.6,88,246,48
20241009,13,106.8,26,189,48
20241009,14,109.3,35,215,48
20241009,15,113.0,53,150,48
20241009,16,1.1,0,2,48
20241009,17,192.1,65,293,48
20241009,18,104.6,48,139,48
20241010,1,0.0,0,2,48
20241010,2,2.3,1,4,48
20241010,3,58.8,2,104,48
20241010,4,21.8,11,30,48
20241010,5,133.0,88,185,48
20241010,6,101.2,18,203,48
20241010,7,295.2,94,386,48
20241010,8,135.4,28,232,48
20241010,9,176.2,79,265,48
20241010,10,92.2,10,155,48
20241010,11,216.3,53,313,48
20241010,12,196.3,99,289,48
20241010,13,95.6,22,156,48
20241010,14,99.0,34,162,48
20241010,15,122.8,51,192,48
20241010,16,13.7,1,46,48
20241010,17,233.0,50,349,48
20241010,18,118.0,48,182,48
20241011,1,7.5,0,96,48
20241011,2,4.6,1,45,48
20241011,3,56.3,24,106,48
20241011,4,23.7,10,35,48
20241011,5,149.7,83,258,48
20241011,6,112.1,29,212,48
20241011,7,362.6,289,392,48
20241011,8,136.1,46,205,48
20241011,9,219.9,144,301,48
20241011,10,183.1,115,259,48
20241011,11,236.6,37,388,48
20241011,12,209.2,121,301,48
20241011,13,165.8,107,245,48
20241011,14,152.2,95,256,48
20241011,15,160.5,107,236,48
20241011,16,2.5,0,19,48
20241011,17,257.3,132,325,48
20241011,18,148.5,97,214,48
20241012,1,0.0,0,0,48
20241012,2,2.3,0,22,48
20241012,3,13.9,5,33,48
20241012,4,8.9,5,17,48
20241012,5,76.9,53,102,48
20241012,6,39.0,15,80,48
20241012,7,257.4,111,379,48
20241012,8,36.0,20,71,48
20241012,9,99.5,54,169,48
20241012,10,117.3,19,181,48
20241012,11,167.5,21,314,48
20241012,12,129.7,72,206,48
20241012,13,103.8,39,158,48
20241012,14,100.0,53,152,48
20241012,15,87.8,56,125,48
20241012,16,1.9,0,19,48
20241012,17,109.4,46,194,48
20241012,18,78.7,50,111,48
20241013,1,36.3,0,272,48
20241013,2,26.6,1,142,48
20241013,3,67.4,10,128,48
20241013,4,29.4,10,56,48
20241013,5,169.3,73,283,48
20241013,6,150.9,23,309,48
20241013,7,303.8,101,389,48
20241013,8,185.1,25,309,48
20241013,9,209.2,58,344,48
20241013,10,183.0,18,327,48
20241013,11,277.9,208,356,48
20241013,12,231.8,101,340,48
20241013,13,160.5,36,260,48
20241013,14,150.5,62,215,48
20241013,15,165.5,53,262,48
20241013,16,78.1,1,159,48
20241013,17,261.6,61,374,48
20241013,18,161.8,49,255,48
20241014,1,178.2,104,222,48
20241014,2,91.8,37,131,48
20241014,3,101.9,21,144,48
20241014,4,102.1,24,156,48
20241014,5,216.1,153,278,48
20241014,6,167.0,45,275,48
20241014,7,347.2,219,385,48
20241014,8,262.7,108,369,48
20241014,9,311.7,208,385,48
20241014,10,218.4,156,264,48
20241014,11,346.1,252,389,48
20241014,12,314.3,241,360,48
20241014,13,194.2,132,227,48
20241014,14,174.4,129,213,48
20241014,15,231.5,158,268,48
20241014,16,79.4,18,127,48
20241014,17,291.8,144,359,48
20241014,18,219.4,146,253,48
20241015,1,11.6,0,77,48
20241015,2,5.2,1,24,48
20241015,3,52.7,21,85,48
20241015,4,31.5,10,54,48
20241015,5,127.1,88,159,48
20241015,6,47.0,13,106,48
20241015,7,300.7,154,381,48
20241015,8,148.1,36,222,48
20241015,9,198.3,98,266,48
20241015,10,116.8,26,161,48
20241015,11,265.0,169,381,48
20241015,12,237.9,143,319,48
20241015,13,131.6,31,168,48
20241015,14,141.6,33,208,48
20241015,15,139.3,71,174,48
20241015,16,13.3,3,37,48
20241015,17,210.4,49,318,48
20241015,18,130.7,63,164,48
20241016,1,16.4,0,97,48
20241016,2,7.1,0,32,48
20241016,3,78.3,10,142,48
20241016,4,69.1,9,152,48
20241016,5,124.7,87,186,48
20241016,6,119.8,34,242,48
20241016,7,307.4,110,389,48
20241016,8,174.7,37,294,48
20241016,9,179.0,106,255,48
20241016,10,81.2,20,130,48
20241016,11,292.6,228,358,48
20241016,12,195.9,145,248,48
20241016,13,78.5,26,118,48
20241016,14,74.6,28,107,48
20241016,15,129.7,67,184,48
20241016,16,30.7,1,79,48
20241016,17,236.0,41,359,48
20241016,18,125.8,60,181,48
20241017,1,30.6,0,150,48
20241017,2,6.4,2,29,48
20241017,3,70.2,48,97,48
20241017,4,62.3,28,99,48
20241017,5,165.4,97,249,48
20241017,6,94.9,32,219,48
20241017,7,318.5,155,385,48
20241017,8,193.7,86,277,48
20241017,9,225.3,110,299,48
20241017,10,173.4,79,268,48
20241017,11,285.0,64,388,48
20241017,12,244.1,156,328,48
20241017,13,147.8,64,276,48
20241017,14,126.8,51,255,48
20241017,15,166.8,103,235,48
20241017,16,25.4,2,66,48
20241017,17,258.1,151,351,48
20241017,18,158.1,101,219,48
20241018,1,1.0,0,11,48
20241018,2,6.1,1,20,48
20241018,3,57.5,13,94,48
20241018,4,26.2,15,58,48
20241018,5,150.8,104,188,48
20241018,6,49.9,17,119,48
20241018,7,315.8,132,382,48
20241018,8,134.7,33,228,48
20241018,9,213.4,94,288,48
20241018,10,177.2,28,264,48
20241018,11,269.9,69,386,48
20241018,12,244.8,169,313,48
20241018,13,183.1,62,260,48
20241018,14,179.4,76,264,48
20241018,15,161.5,73,213,48
20241018,16,5.8,1,16,48
20241018,17,193.1,83,296,48
20241018,18,146.7,67,199,48
20241019,1,0.0,0,0,48
20241019,2,2.8,1,4,48
20241019,3,47.6,8,101,48
20241019,4,73.6,22,155,48
20241019,5,148.5,105,239,48
20241019,6,98.5,4,249,48
20241019,7,279.3,101,380,48
20241019,8,163.3,42,286,48
20241019,9,204.0,94,329,48
20241019,10,141.2,11,257,48
20241019,11,275.7,56,379,48
20241019,12,211.9,110,325,48
20241019,13,110.7,35,186,48
20241019,14,104.3,36,176,48
20241019,15,144.8,75,239,48
20241019,16,13.7,1,62,48
20241019,17,223.7,37,356,48
20241019,18,135.5,69,223,48
20241020,1,0.0,0,0,48
20241020,2,3.8,0,14,48
20241020,3,11.4,0,32,48
20241020,4,8.5,3,19,48
20241020,5,86.8,67,124,48
20241020,6,38.0,11,65,48
20241020,7,183.0,129,230,48
20241020,8,35.9,21,49,48
20241020,9,105.4,69,158,48
20241020,10,81.7,42,210,48
20241020,11,228.7,77,350,48
20241020,12,156.6,111,230,48
20241020,13,85.1,62,129,48
20241020,14,95.0,70,129,48
20241020,15,85.0,60,122,48
20241020,16,3.6,0,14,48
20241020,17,84.0,51,122,48
20241020,18,75.7,55,106,48
20241021,1,0.0,0,0,48
20241021,2,2.5,0,12,48
20241021,3,24.0,5,43,48
20241021,4,18.2,5,28,48
20241021,5,113.9,66,174,48
20241021,6,44.3,5,114,48
20241021,7,265.9,32,378,48
20241021,8,61.5,12,170,48
20241021,9,161.2,78,248,48
20241021,10,125.1,39,239,48
20241021,11,288.8,138,382,48
20241021,12,196.4,123,271,48
20241021,13,147.3,63,257,48
20241021,14,157.4,89,261,48
20241021,15,123.8,72,195,48
20241021,16,2.4,0,10,48
20241021,17,133.3,53,297,48
20241021,18,110.2,63,177,48
20241022,1,1.8,0,16,48
20241022,2,2.9,1,9,48
20241022,3,51.0,4,99,48
20241022,4,37.7,17,95,48
20241022,5,159.1,84,255,48
20241022,6,74.2,3,225,48
20241022,7,318.7,116,389,48
20241022,8,159.5,8,295,48
20241022,9,227.3,89,346,48
20241022,10,199.7,75,338,48
20241022,11,293.3,83,387,48
20241022,12,263.1,162,341,48
20241022,13,172.7,112,247,48
20241022,14,166.8,124,232,48
20241022,15,169.5,86,255,48
20241022,16,5.2,1,33,48
20241022,17,219.1,43,378,48
20241022,18,154.8,73,237,48
20241023,1,0.8,0,11,48
20241023,2,6.2,0,34,48
20241023,3,49.4,11,85,48
20241023,4,17.5,6,36,48
20241023,5,165.5,87,212,48
20241023,6,91.8,6,197,48
20241023,7,349.5,115,386,48
20241023,8,154.9,15,237,48
20241023,9,234.4,108,310,48
20241023,10,243.1,75,325,48
20241023,11,287.1,96,387,48
20241023,12,266.1,152,327,48
20241023,13,206.2,103,286,48
20241023,14,191.3,102,256,48
20241023,15,181.6,88,232,48
20241023,16,9.9,1,38,48
20241023,17,240.8,46,312,48
20241023,18,167.3,76,216,48
20241024,1,0.4,0,15,48
20241024,2,8.4,1,25,48
20241024,3,33.9,2,51,48
20241024,4,27.9,13,58,48
20241024,5,130.8,87,195,48
20241024,6,61.3,8,129,48
20241024,7,280.1,96,353,48
20241024,8,108.4,18,195,48
20241024,9,170.9,99,243,48
20241024,10,116.0,56,187,48
20241024,11,247.1,65,354,48
20241024,12,206.8,141,262,48
20241024,13,130.3,87,182,48
20241024,14,137.2,104,186,48
20241024,15,128.9,82,179,48
20241024,16,9.3,1,22,48
20241024,17,149.5,33,253,48
20241024,18,117.4,70,167,48
20241025,1,160.8,1,286,48
20241025,2,56.7,3,115,48
20241025,3,86.5,8,130,48
20241025,4,84.0,18,163,48
20241025,5,218.7,155,260,48
20241025,6,135.9,17,249,48
20241025,7,336.3,232,374,48
20241025,8,234.5,96,305,48
20241025,9,301.1,193,353,48
20241025,10,228.6,144,289,48
20241025,11,299.3,162,368,48
20241025,12,291.0,221,328,48
20241025,13,149.5,88,195,48
20241025,14,140.4,88,175,48
20241025,15,213.8,147,249,48
20241025,16,86.3,2,160,48
20241025,17,254.4,112,351,48
20241025,18,201.8,130,235,48
20241026,1,25.1,0,115,48
20241026,2,14.1,1,59,48
20241026,3,34.3,7,57,48
20241026,4,14.6,9,25,48
20241026,5,157.7,77,186,48
20241026,6,58.3,6,102,48
20241026,7,329.4,163,379,48
20241026,8,87.0,19,129,48
20241026,9,230.5,100,292,48
20241026,10,252.6,176,302,48
20241026,11,277.1,70,369,48
20241026,12,250.4,171,284,48
20241026,13,158.9,107,188,48
20241026,14,154.3,107,175,48
20241026,15,163.3,101,199,48
20241026,16,16.2,1,54,48
20241026,17,203.1,89,245,48
20241026,18,148.6,90,182,48
20241027,1,0.0,0,0,50
20241027,2,6.9,1,26,50
20241027,3,16.9,6,32,50
20241027,4,16.0,7,24,50
20241027,5,108.7,65,162,50
20241027,6,35.5,4,107,50
20241027,7,238.5,92,365,50
20241027,8,48.1,15,108,50
20241027,9,152.2,65,251,50
20241027,10,157.4,40,264,50
20241027,11,250.6,64,363,50
20241027,12,172.5,107,239,50
20241027,13,120.5,56,194,50
20241027,14,115.6,65,167,50
20241027,15,111.2,67,176,50
20241027,16,8.3,1,34,50
20241027,17,137.2,54,242,50
20241027,18,100.6,58,164,50
20241028,1,137.1,0,257,48
20241028,2,50.6,1,114,48
20241028,3,83.2,8,156,48
20241028,4,45.7,7,155,48
20241028,5,160.1,73,242,48
20241028,6,120.8,6,256,48
20241028,7,298.3,91,383,48
20241028,8,190.4,21,313,48
20241028,9,219.0,67,327,48
20241028,10,129.0,42,227,48
20241028,11,307.3,174,377,48
20241028,12,230.5,135,303,48
20241028,13,122.3,63,168,48
20241028,14,126.6,72,161,48
20241028,15,159.0,66,244,48
20241028,16,86.6,1,164,48
20241028,17,241.2,61,365,48
20241028,18,156.5,59,237,48
20241029,1,51.0,3,201,48
20241029,2,23.2,4,111,48
20241029,3,76.1,17,115,48
20241029,4,14.6,12,22,48
20241029,5,207.4,145,273,48
20241029,6,123.4,13,231,48
20241029,7,382.4,361,389,48
20241029,8,252.6,150,303,48
20241029,9,306.8,213,356,48
20241029,10,239.8,98,305,48
20241029,11,338.2,221,383,48
20241029,12,304.2,248,344,48
20241029,13,196.9,138,246,48
20241029,14,177.7,138,209,48
20241029,15,215.9,151,259,48
20241029,16,60.6,29,114,48
20241029,17,349.4,279,382,48
20241029,18,207.5,149,245,48
20241030,1,156.8,38,212,48
20241030,2,84.4,21,120,48
20241030,3,65.8,15,93,48
20241030,4,18.5,14,30,48
20241030,5,218.2,115,266,48
20241030,6,156.4,25,241,48
20241030,7,384.5,317,392,48
20241030,8,209.7,43,266,48
20241030,9,295.3,153,332,48
20241030,10,301.3,249,329,48
20241030,11,344.0,256,378,48
20241030,12,286.2,207,322,48
20241030,13,203.3,139,262,48
20241030,14,169.9,139,207,48
20241030,15,220.8,142,251,48
20241030,16,92.9,11,152,48
20241030,17,326.2,169,369,48
20241030,18,214.9,129,247,48
20241031,1,22.4,0,54,48
20241031,2,13.3,0,32,48
20241031,3,41.0,18,71,48
20241031,4,14.0,5,20,48
20241031,5,131.6,85,194,48
20241031,6,56.1,18,92,48
20241031,7,353.1,259,391,48
20241031,8,93.6,27,164,48
20241031,9,210.1,122,281,48
20241031,10,222.4,156,314,48
20241031,11,287.9,190,387,48
20241031,12,236.3,136,321,48
20241031,13,192.8,133,309,48
20241031,14,180.2,133,300,48
20241031,15,158.8,107,222,48
20241031,16,19.6,6,33,48
20241031,17,234.0,129,327,48
20241031,18,148.0,98,203,48
20241101,1,101.1,0,258,48
20241101,2,44.7,0,138,48
20241101,3,62.1,5,102,48
20241101,4,10.5,5,13,48
20241101,5,182.2,90,262,48
20241101,6,137.1,3,284,48
20241101,7,349.3,160,389,48
20241101,8,181.2,33,269,48
20241101,9,266.1,146,327,48
20241101,10,255.4,163,333,48
20241101,11,330.0,239,381,48
20241101,12,284.2,224,321,48
20241101,13,178.3,125,218,48
20241101,14,169.0,123,199,48
20241101,15,195.2,114,254,48
20241101,16,75.3,7,181,48
20241101,17,293.4,141,386,48
20241101,18,188.0,103,253,48
20241102,1,120.5,5,235,48
20241102,2,68.4,3,140,48
20241102,3,55.9,25,87,48
20241102,4,20.6,10,43,48
20241102,5,201.2,138,284,48
20241102,6,143.4,51,227,48
20241102,7,372.3,344,385,48
20241102,8,202.1,122,269,48
20241102,9,250.4,148,337,48
20241102,10,239.5,134,298,48
20241102,11,334.2,217,380,48
20241102,12,275.3,207,333,48
20241102,13,164.1,134,199,48
20241102,14,160.0,134,189,48
20241102,15,197.1,149,247,48
20241102,16,57.2,12,122,48
20241102,17,334.0,261,376,48
20241102,18,190.6,147,230,48
20241103,1,218.1,132,297,48
20241103,2,90.8,40,152,48
20241103,3,63.0,17,104,48
20241103,4,12.6,10,19,48
20241103,5,237.2,165,301,48
20241103,6,157.6,45,286,48
20241103,7,366.0,318,382,48
20241103,8,213.8,112,288,48
20241103,9,282.8,175,345,48
20241103,10,301.3,200,334,48
20241103,11,350.1,286,381,48
20241103,12,289.0,239,323,48
20241103,13,174.0,141,209,48
20241103,14,172.7,141,197,48
20241103,15,213.0,163,255,48
20241103,16,159.6,77,223,48
20241103,17,333.8,248,372,48
20241103,18,215.6,167,252,48
20241104,1,252.1,149,306,48
20241104,2,91.7,40,157,48
20241104,3,83.3,31,119,48
20241104,4,15.2,12,32,48
20241104,5,239.4,162,284,48
20241104,6,213.1,82,301,48
20241104,7,379.7,369,387,48
20241104,8,243.3,141,283,48
20241104,9,306.5,216,344,48
20241104,10,314.0,255,342,48
20241104,11,354.5,278,386,48
20241104,12,322.7,289,354,48
20241104,13,234.9,192,306,48
20241104,14,212.5,190,280,48
20241104,15,239.5,189,260,48
20241104,16,180.5,143,208,48
20241104,17,350.8,295,370,48
20241104,18,241.0,198,259,48
20241105,1,227.0,149,321,48
20241105,2,99.1,58,176,48
20241105,3,89.7,33,121,48
20241105,4,23.4,11,46,48
20241105,5,254.4,181,291,48
20241105,6,216.7,100,301,48
20241105,7,385.6,379,389,48
20241105,8,257.1,151,313,48
20241105,9,325.1,254,359,48
20241105,10,332.3,295,355,48
20241105,11,358.3,317,379,48
20241105,12,330.8,298,350,48
20241105,13,254.7,210,349,48
20241105,14,236.9,208,380,48
20241105,15,253.0,189,279,48
20241105,16,146.0,26,208,48
20241105,17,360.1,329,377,48
20241105,18,250.0,190,272,48
20241106,1,103.0,0,166,48
20241106,2,44.3,4,74,48
20241106,3,72.4,21,100,48
20241106,4,15.8,13,19,48
20241106,5,226.3,162,273,48
20241106,6,161.2,54,234,48
20241106,7,378.7,315,388,48
20241106,8,204.5,104,248,48
20241106,9,292.4,191,335,48
20241106,10,303.1,238,343,48
20241106,11,332.7,223,380,48
20241106,12,310.8,271,333,48
20241106,13,241.9,180,292,48
20241106,14,217.2,180,255,48
20241106,15,216.9,164,250,48
20241106,16,56.5,3,105,48
20241106,17,349.8,248,374,48
20241106,18,212.5,163,241,48
20241107,1,2.6,0,17,48
20241107,2,9.2,1,22,48
20241107,3,58.6,16,89,48
20241107,4,14.4,10,19,48
20241107,5,197.0,140,269,48
20241107,6,117.6,30,182,48
20241107,7,347.7,262,369,48
20241107,8,149.9,80,203,48
20241107,9,262.8,215,293,48
20241107,10,280.5,239,332,48
20241107,11,321.5,258,357,48
20241107,12,294.3,230,325,48
20241107,13,259.1,176,310,48
20241107,14,248.6,157,324,48
20241107,15,208.7,168,233,48
20241107,16,11.7,2,47,48
20241107,17,292.5,142,348,48
20241107,18,194.8,159,220,48
20241108,1,66.3,6,126,48
20241108,2,29.9,8,70,48
20241108,3,60.9,17,90,48
20241108,4,14.5,12,21,48
20241108,5,240.5,159,288,48
20241108,6,186.3,87,249,48
20241108,7,362.1,307,388,48
20241108,8,197.5,82,249,48
20241108,9,290.8,217,325,48
20241108,10,289.8,226,333,48
20241108,11,340.9,302,363,48
20241108,12,310.6,271,332,48
20241108,13,236.2,177,325,48
20241108,14,225.8,170,346,48
20241108,15,221.6,173,248,48
20241108,16,87.4,4,133,48
20241108,17,321.3,199,362,48
20241108,18,214.4,162,240,48
20241109,1,124.6,0,273,48
20241109,2,62.6,4,123,48
20241109,3,65.0,30,84,48
20241109,4,12.6,10,16,48
20241109,5,228.2,169,280,48
20241109,6,215.5,100,277,48
20241109,7,388.6,383,392,48
20241109,8,227.7,150,269,48
20241109,9,293.9,219,339,48
20241109,10,322.9,289,346,48
20241109,11,325.0,287,356,48
20241109,12,305.1,270,326,48
20241109,13,220.1,159,264,48
20241109,14,211.2,159,247,48
20241109,15,227.7,178,254,48
20241109,16,98.5,37,149,48
20241109,17,368.2,326,381,48
20241109,18,223.7,180,248,48
20241110,1,49.3,0,157,48
20241110,2,19.0,1,63,48
20241110,3,52.5,13,68,48
20241110,4,11.0,6,17,48
20241110,5,165.4,84,208,48
20241110,6,140.5,25,194,48
20241110,7,377.0,280,389,48
20241110,8,160.4,30,216,48
20241110,9,233.8,72,295,48
20241110,10,250.3,50,314,48
20241110,11,293.8,190,343,48
20241110,12,267.7,226,295,48
20241110,13,198.3,127,246,48
20241110,14,186.8,135,232,48
20241110,15,184.5,101,215,48
20241110,16,31.8,1,72,48
20241110,17,322.6,76,367,48
20241110,18,177.9,93,204,48
20241111,1,55.8,0,204,48
20241111,2,23.3,1,82,48
20241111,3,64.1,14,103,48
20241111,4,14.3,6,40,48
20241111,5,140.2,81,185,48
20241111,6,120.0,10,223,48
20241111,7,342.3,219,383,48
20241111,8,168.1,27,259,48
20241111,9,200.1,93,263,48
20241111,10,125.7,27,197,48
20241111,11,280.7,177,347,48
20241111,12,236.5,174,278,48
20241111,13,149.0,93,188,48
20241111,14,161.5,125,196,48
20241111,15,148.2,86,189,48
20241111,16,75.0,2,145,48
20241111,17,283.4,98,365,48
20241111,18,149.5,78,194,48
20241112,1,36.6,1,149,48
20241112,2,34.7,8,84,48
20241112,3,86.6,27,124,48
20241112,4,26.2,8,52,48
20241112,5,187.3,95,261,48
20241112,6,189.5,55,283,48
20241112,7,348.5,295,383,48
20241112,8,219.1,121,290,48
20241112,9,251.9,145,307,48
20241112,10,154.2,58,236,48
20241112,11,265.1,171,335,48
20241112,12,243.3,169,288,48
20241112,13,168.1,118,211,48
20241112,14,175.7,123,211,48
20241112,15,177.0,111,222,48
20241112,16,110.4,21,178,48
20241112,17,315.3,211,374,48
20241112,18,178.7,113,216,48
20241113,1,71.1,41,118,48
20241113,2,27.4,16,53,48
20241113,3,69.0,14,105,48
20241113,4,8.6,8,10,48
20241113,5,207.5,125,273,48
20241113,6,172.1,28,285,48
20241113,7,373.7,352,386,48
20241113,8,213.4,120,263,48
20241113,9,289.6,193,340,48
20241113,10,258.5,201,315,48
20241113,11,302.7,173,371,48
20241113,12,293.3,247,337,48
20241113,13,254.0,180,318,48
20241113,14,247.0,176,345,48
20241113,15,222.3,153,255,48
20241113,16,36.9,3,81,48
20241113,17,347.4,284,378,48
20241113,18,210.6,147,240,48
20241114,1,148.7,74,226,48
20241114,2,61.4,24,91,48
20241114,3,76.3,10,110,48
20241114,4,11.0,8,13,48
20241114,5,199.4,103,267,48
20241114,6,164.5,17,259,48
20241114,7,377.7,355,390,48
20241114,8,203.9,91,256,48
20241114,9,255.4,140,321,48
20241114,10,207.6,96,294,48
20241114,11,300.4,231,342,48
20241114,12,279.7,222,316,48
20241114,13,220.3,161,265,48
20241114,14,232.1,160,319,48
20241114,15,204.4,134,250,48
20241114,16,82.3,3,145,48
20241114,17,332.3,222,388,48
20241114,18,199.6,130,242,48
20241115,1,43.5,0,143,48
20241115,2,24.7,1,84,48
20241115,3,54.9,14,85,48
20241115,4,13.1,4,31,48
20241115,5,151.0,58,219,48
20241115,6,100.9,18,189,48
20241115,7,379.8,312,393,48
20241115,8,148.5,19,216,48
20241115,9,201.5,58,262,48
20241115,10,205.6,71,282,48
20241115,11,318.5,222,392,48
20241115,12,234.6,129,277,48
20241115,13,239.6,115,297,48
20241115,14,285.2,167,355,48
20241115,15,186.2,92,235,48
20241115,16,2.9,1,19,48
20241115,17,281.9,91,372,48
20241115,18,173.3,85,220,48
20241116,1,0.2,0,4,48
20241116,2,1.3,1,3,48
20241116,3,23.8,10,40,48
20241116,4,6.5,5,9,48
20241116,5,88.1,57,114,48
20241116,6,48.4,9,107,48
20241116,7,288.8,99,374,48
20241116,8,66.2,14,148,48
20241116,9,97.2,49,166,48
20241116,10,109.3,19,165,48
20241116,11,238.1,159,298,48
20241116,12,170.9,95,224,48
20241116,13,124.3,63,157,48
20241116,14,142.6,96,212,48
20241116,15,105.2,60,145,48
20241116,16,3.1,1,7,48
20241116,17,137.3,40,224,48
20241116,18,96.1,53,134,48
20241117,1,0.1,0,3,48
20241117,2,3.2,1,5,48
20241117,3,29.1,5,73,48
20241117,4,9.7,6,12,48
20241117,5,107.3,55,179,48
20241117,6,37.4,7,88,48
20241117,7,269.6,153,368,48
20241117,8,93.2,17,194,48
20241117,9,150.8,71,259,48
20241117,10,114.7,37,224,48
20241117,11,192.4,140,289,48
20241117,12,167.6,90,270,48
20241117,13,107.9,66,163,48
20241117,14,115.6,91,149,48
20241117,15,108.4,57,179,48
20241117,16,18.3,4,44,48
20241117,17,151.2,59,277,48
20241117,18,101.8,53,169,48
20241118,1,120.7,0,223,48
20241118,2,46.0,3,95,48
20241118,3,72.6,7,125,48
20241118,4,16.0,9,37,48
20241118,5,197.5,95,288,48
20241118,6,142.7,5,254,48
20241118,7,321.2,127,391,48
20241118,8,191.0,61,280,48
20241118,9,262.9,144,346,48
20241118,10,249.9,129,357,48
20241118,11,257.5,144,341,48
20241118,12,240.4,128,316,48
20241118,13,203.5,101,293,48
20241118,14,197.2,101,328,48
20241118,15,195.0,99,254,48
20241118,16,83.3,6,145,48
20241118,17,269.4,108,374,48
20241118,18,188.2,91,244,48
20241119,1,54.9,11,116,48
20241119,2,20.7,7,38,48
20241119,3,51.6,10,100,48
20241119,4,12.7,10,24,48
20241119,5,150.9,59,218,48
20241119,6,117.8,27,191,48
20241119,7,321.2,201,382,48
20241119,8,164.1,45,274,48
20241119,9,218.2,108,291,48
20241119,10,110.6,20,178,48
20241119,11,209.1,78,285,48
20241119,12,199.5,107,265,48
20241119,13,133.8,68,197,48
20241119,14,139.0,62,199,48
20241119,15,145.6,75,191,48
20241119,16,30.5,13,61,48
20241119,17,225.1,54,352,48
20241119,18,139.0,71,185,48
20241120,1,10.5,0,57,48
20241120,2,6.5,2,26,48
20241120,3,28.4,11,44,48
20241120,4,13.5,11,26,48
20241120,5,130.9,60,177,48
20241120,6,117.4,22,169,48
20241120,7,356.8,228,392,48
20241120,8,173.1,27,254,48
20241120,9,214.0,95,263,48
20241120,10,105.9,25,156,48
20241120,11,225.9,108,318,48
20241120,12,185.0,79,263,48
20241120,13,129.0,46,179,48
20241120,14,131.1,65,209,48
20241120,15,137.8,65,171,48
20241120,16,46.7,15,83,48
20241120,17,215.0,57,347,48
20241120,18,133.0,60,170,48
20241121,1,4.8,0,16,48
20241121,2,3.8,2,8,48
20241121,3,50.8,20,82,48
20241121,4,11.5,8,30,48
20241121,5,166.0,86,243,48
20241121,6,144.5,29,217,48
20241121,7,338.8,85,383,48
20241121,8,166.4,49,229,48
20241121,9,232.4,108,318,48
20241121,10,180.5,20,311,48
20241121,11,291.4,160,385,48
20241121,12,228.6,112,307,48
20241121,13,215.5,61,305,48
20241121,14,237.9,91,330,48
20241121,15,180.1,70,237,48
20241121,16,7.4,1,36,48
20241121,17,259.9,35,352,48
20241121,18,167.9,61,219,48
20241122,1,146.2,18,281,48
20241122,2,55.8,9,133,48
20241122,3,77.5,13,150,48
20241122,4,67.1,36,114,48
20241122,5,156.4,81,254,48
20241122,6,189.0,47,296,48
20241122,7,300.2,81,391,48
20241122,8,224.5,43,337,48
20241122,9,207.9,58,341,48
20241122,10,131.9,12,252,48
20241122,11,271.8,160,386,48
20241122,12,222.6,101,303,48
20241122,13,161.6,34,246,48
20241122,14,167.3,43,244,48
20241122,15,166.0,59,242,48
20241122,16,95.0,5,153,48
20241122,17,266.8,69,376,48
20241122,18,164.8,56,238,48
20241123,1,20.6,0,196,48
20241123,2,18.9,1,99,48
20241123,3,21.5,10,67,48
20241123,4,18.0,8,44,48
20241123,5,96.8,58,166,48
20241123,6,49.4,11,118,48
20241123,7,192.9,84,326,48
20241123,8,55.1,18,170,48
20241123,9,131.9,66,227,48
20241123,10,121.3,38,243,48
20241123,11,162.8,107,247,48
20241123,12,141.0,80,227,48
20241123,13,114.4,57,196,48
20241123,14,115.8,57,195,48
20241123,15,94.6,58,170,48
20241123,16,18.2,2,115,48
20241123,17,127.9,62,286,48
20241123,18,89.5,55,175,48
20241124,1,0.0,0,0,48
20241124,2,4.5,1,21,48
20241124,3,19.7,13,24,48
20241124,4,7.6,4,16,48
20241124,5,61.9,49,77,48
20241124,6,32.4,21,67,48
20241124,7,231.7,162,281,48
20241124,8,34.8,22,59,48
20241124,9,83.1,54,128,48
20241124,10,90.0,34,137,48
20241124,11,164.0,106,206,48
20241124,12,111.5,85,147,48
20241124,13,93.9,51,137,48
20241124,14,97.1,63,142,48
20241124,15,76.0,53,101,48
20241124,16,6.9,3,21,48
20241124,17,102.7,67,126,48
20241124,18,70.5,50,93,48
20241125,1,0.0,0,0,48
20241125,2,1.4,1,2,48
20241125,3,22.1,7,36,48
20241125,4,12.8,6,18,48
20241125,5,90.1,62,122,48
20241125,6,49.3,16,78,48
20241125,7,247.6,124,341,48
20241125,8,46.9,27,94,48
20241125,9,122.7,84,179,48
20241125,10,104.7,55,156,48
20241125,11,200.2,97,308,48
20241125,12,144.3,99,194,48
20241125,13,126.4,75,176,48
20241125,14,146.6,87,212,48
20241125,15,103.4,72,144,48
20241125,16,3.1,1,9,48
20241125,17,117.2,69,179,48
20241125,18,92.4,64,132,48
20241126,1,137.5,0,241,48
20241126,2,73.4,1,137,48
20241126,3,108.7,7,194,48
20241126,4,57.9,8,154,48
20241126,5,180.1,74,270,48
20241126,6,180.4,8,338,48
20241126,7,332.5,133,390,48
20241126,8,232.3,27,333,48
20241126,9,253.0,85,352,48
20241126,10,227.2,83,353,48
20241126,11,306.7,184,379,48
20241126,12,227.3,123,286,48
20241126,13,203.5,86,283,48
20241126,14,200.4,77,278,48
20241126,15,201.6,86,283,48
20241126,16,114.2,1,202,48
20241126,17,269.9,68,362,48
20241126,18,196.0,74,275,48
20241127,1,191.1,135,267,48
20241127,2,69.0,49,97,48
20241127,3,149.9,105,180,48
20241127,4,76.5,52,114,48
20241127,5,204.3,144,265,48
20241127,6,238.0,126,327,48
20241127,7,367.9,325,391,48
20241127,8,290.0,244,313,48
20241127,9,273.0,207,314,48
20241127,10,147.4,49,321,48
20241127,11,311.6,251,365,48
20241127,12,256.2,235,285,48
20241127,13,183.7,157,223,48
20241127,14,196.9,163,223,48
20241127,15,206.3,179,243,48
20241127,16,162.2,134,195,48
20241127,17,334.7,267,384,48
20241127,18,209.5,187,238,48
20241128,1,84.5,0,270,48
20241128,2,36.1,13,107,48
20241128,3,100.1,38,151,48
20241128,4,33.9,11,83,48
20241128,5,227.3,120,284,48
20241128,6,173.5,54,269,48
20241128,7,337.4,166,389,48
20241128,8,211.4,58,312,48
20241128,9,291.0,159,342,48
20241128,10,272.4,166,343,48
20241128,11,313.4,242,355,48
20241128,12,271.6,193,325,48
20241128,13,257.4,168,300,48
20241128,14,253.4,157,301,48
20241128,15,227.1,126,273,48
20241128,16,57.4,11,157,48
20241128,17,294.5,200,379,48
20241128,18,214.1,118,256,48
20241129,1,0.9,0,6,48
20241129,2,7.1,1,16,48
20241129,3,60.8,20,91,48
20241129,4,11.5,4,17,48
20241129,5,137.1,78,175,48
20241129,6,95.1,16,157,48
20241129,7,264.6,160,331,48
20241129,8,96.4,30,140,48
20241129,9,173.1,91,223,48
20241129,10,121.9,79,167,48
20241129,11,251.3,176,335,48
20241129,12,180.8,97,222,48
20241129,13,162.2,92,208,48
20241129,14,188.7,93,251,48
20241129,15,135.4,75,174,48
20241129,16,6.2,1,14,48
20241129,17,195.1,66,271,48
20241129,18,125.8,67,160,48
20241130,1,0.0,0,0,48
20241130,2,7.7,1,20,48
20241130,3,42.6,18,63,48
20241130,4,14.8,6,26,48
20241130,5,118.7,65,156,48
20241130,6,59.1,7,114,48
20241130,7,255.8,169,324,48
20241130,8,60.5,20,94,48
20241130,9,144.9,78,192,48
20241130,10,115.4,64,180,48
20241130,11,300.1,235,364,48
20241130,12,148.5,101,195,48
20241130,13,152.4,99,217,48
20241130,14,182.2,112,283,48
20241130,15,121.6,77,149,48
20241130,16,7.5,0,22,48
20241130,17,146.3,79,225,48
20241130,18,109.7,68,137,48
20241201,1,0.0,0,0,48
20241201,2,2.5,1,7,48
20241201,3,27.9,5,69,48
20241201,4,8.8,5,13,48
20241201,5,101.1,70,149,48
20241201,6,46.6,5,94,48
20241201,7,254.6,157,320,48
20241201,8,68.1,15,148,48
20241201,9,141.4,67,258,48
20241201,10,92.3,27,146,48
20241201,11,280.1,214,339,48
20241201,12,148.3,96,204,48
20241201,13,116.0,66,176,48
20241201,14,133.1,96,185,48
20241201,15,106.3,70,154,48
20241201,16,5.6,2,27,48
20241201,17,139.8,71,229,48
20241201,18,96.5,62,139,48
20241202,1,0.7,0,20,48
20241202,2,7.0,2,26,48
20241202,3,70.2,4,133,48
20241202,4,23.5,8,60,48
20241202,5,137.8,77,184,48
20241202,6,123.4,15,226,48
20241202,7,295.9,155,388,48
20241202,8,159.4,24,268,48
20241202,9,204.1,64,281,48
20241202,10,121.5,45,183,48
20241202,11,293.2,204,356,48
20241202,12,200.2,119,262,48
20241202,13,153.2,94,197,48
20241202,14,171.5,109,243,48
20241202,15,148.6,80,189,48
20241202,16,25.1,4,91,48
20241202,17,207.9,63,331,48
20241202,18,139.0,70,180,48
20241203,1,44.1,1,93,48
20241203,2,35.5,4,69,48
20241203,3,100.6,41,150,48
20241203,4,19.2,10,48,48
20241203,5,219.6,140,266,48
20241203,6,186.4,59,292,48
20241203,7,380.7,346,392,48
20241203,8,232.7,153,324,48
20241203,9,296.2,203,337,48
20241203,10,228.9,91,305,48
20241203,11,336.1,262,392,48
20241203,12,290.9,167,372,48
20241203,13,252.3,119,341,48
20241203,14,258.2,117,371,48
20241203,15,225.6,150,267,48
20241203,16,76.2,13,163,48
20241203,17,334.7,216,386,48
20241203,18,216.0,148,259,48
20241204,1,28.3,0,83,48
20241204,2,35.9,10,80,48
20241204,3,96.9,8,183,48
20241204,4,34.8,12,113,48
20241204,5,208.4,101,283,48
20241204,6,150.8,10,297,48
20241204,7,325.9,160,388,48
20241204,8,187.0,18,325,48
20241204,9,273.2,102,342,48
20241204,10,214.1,43,304,48
20241204,11,332.8,215,388,48
20241204,12,283.6,131,371,48
20241204,13,253.5,88,313,48
20241204,14,271.5,123,354,48
20241204,15,214.8,86,275,48
20241204,16,45.7,2,118,48
20241204,17,280.5,61,387,48
20241204,18,201.2,75,262,48
20241205,1,0.1,0,1,48
20241205,2,7.5,3,17,48
20241205,3,29.6,7,61,48
20241205,4,11.8,6,18,48
20241205,5,108.1,56,148,48
20241205,6,49.4,16,86,48
20241205,7,196.3,77,327,48
20241205,8,71.1,20,160,48
20241205,9,146.0,63,225,48
20241205,10,93.3,26,163,48
20241205,11,223.3,121,318,48
20241205,12,151.1,66,235,48
20241205,13,106.5,44,149,48
20241205,14,124.9,79,212,48
20241205,15,103.4,53,147,48
20241205,16,4.1,1,13,48
20241205,17,127.1,43,240,48
20241205,18,93.6,48,137,48
20241206,1,0.0,0,0,48
20241206,2,18.8,3,69,48
20241206,3,45.3,7,115,48
20241206,4,14.5,6,40,48
20241206,5,128.4,56,246,48
20241206,6,89.0,7,213,48
20241206,7,257.8,113,378,48
20241206,8,101.4,15,236,48
20241206,9,171.6,64,309,48
20241206,10,110.8,23,239,48
20241206,11,267.7,145,374,48
20241206,12,165.4,72,270,48
20241206,13,127.1,46,231,48
20241206,14,140.7,74,240,48
20241206,15,126.0,58,213,48
20241206,16,21.4,3,74,48
20241206,17,162.9,32,343,48
20241206,18,116.3,51,196,48
20241207,1,0.0,0,0,48
20241207,2,6.6,4,11,48
20241207,3,28.1,9,56,48
20241207,4,9.1,6,11,48
20241207,5,91.7,61,147,48
20241207,6,41.2,5,91,48
20241207,7,205.5,157,266,48
20241207,8,42.4,17,85,48
20241207,9,92.3,52,167,48
20241207,10,47.8,12,86,48
20241207,11,262.8,176,303,48
20241207,12,127.4,83,186,48
20241207,13,78.0,25,131,48
20241207,14,100.8,46,148,48
20241207,15,82.4,59,124,48
20241207,16,4.9,2,10,48
20241207,17,84.4,51,146,48
20241207,18,73.0,51,110,48
20241208,1,0.0,0,0,48
20241208,2,5.5,4,9,48
20241208,3,23.9,10,41,48
20241208,4,11.1,6,19,48
20241208,5,87.6,63,135,48
20241208,6,38.3,14,81,48
20241208,7,150.3,65,238,48
20241208,8,41.8,22,81,48
20241208,9,89.1,46,161,48
20241208,10,40.0,14,59,48
20241208,11,208.6,111,306,48
20241208,12,109.6,78,182,48
20241208,13,71.8,40,117,48
20241208,14,101.1,45,151,48
20241208,15,72.9,48,115,48
20241208,16,4.0,1,10,48
20241208,17,74.4,37,136,48
20241208,18,65.0,45,103,48
20241209,1,14.0,0,31,48
20241209,2,34.9,6,66,48
20241209,3,65.4,11,107,48
20241209,4,29.9,12,46,48
20241209,5,118.4,66,153,48
20241209,6,151.3,28,230,48
20241209,7,256.5,64,334,48
20241209,8,190.6,27,290,48
20241209,9,188.9,45,280,48
20241209,10,54.1,14,76,48
20241209,11,249.9,121,318,48
20241209,12,201.0,92,258,48
20241209,13,121.8,51,155,48
20241209,14,155.7,91,191,48
20241209,15,130.1,49,176,48
20241209,16,92.0,9,155,48
20241209,17,213.2,58,291,48
20241209,18,131.3,45,179,48
20241210,1,162.9,22,308,48
20241210,2,104.3,37,221,48
20241210,3,113.8,41,159,48
20241210,4,41.9,13,71,48
20241210,5,177.9,114,236,48
20241210,6,231.0,110,286,48
20241210,7,315.3,177,360,48
20241210,8,263.7,113,326,48
20241210,9,263.6,90,325,48
20241210,10,95.0,14,170,48
20241210,11,308.0,206,368,48
20241210,12,275.8,189,357,48
20241210,13,164.3,97,255,48
20241210,14,201.1,126,295,48
20241210,15,191.3,96,246,48
20241210,16,182.2,100,234,48
20241210,17,272.8,111,331,48
20241210,18,195.6,100,249,48
20241211,1,245.7,186,303,48
20241211,2,145.5,109,204,48
20241211,3,169.5,115,196,48
20241211,4,56.5,13,94,48
20241211,5,264.2,191,301,48
20241211,6,220.9,147,268,48
20241211,7,362.3,350,374,48
20241211,8,324.4,280,344,48
20241211,9,349.3,303,371,48
20241211,10,207.8,157,264,48
20241211,11,362.4,338,377,48
20241211,12,330.3,301,382,48
20241211,13,252.8,230,342,48
20241211,14,258.3,213,362,48
20241211,15,265.4,244,288,48
20241211,16,199.3,178,225,48
20241211,17,326.1,263,350,48
20241211,18,261.4,247,285,48
20241212,1,221.3,140,308,48
20241212,2,145.9,127,181,48
20241212,3,181.7,140,219,48
20241212,4,125.3,13,215,48
20241212,5,284.0,242,312,48
20241212,6,257.4,180,328,48
20241212,7,370.3,362,382,48
20241212,8,328.8,291,355,48
20241212,9,359.4,334,375,48
20241212,10,251.9,220,287,48
20241212,11,354.8,313,385,48
20241212,12,332.5,298,382,48
20241212,13,285.6,238,347,48
20241212,14,290.6,231,371,48
20241212,15,284.2,266,310,48
20241212,16,179.4,140,230,48
20241212,17,337.2,286,376,48
20241212,18,275.0,254,299,48
20241213,1,129.2,41,228,48
20241213,2,91.7,30,150,48
20241213,3,152.8,64,200,48
20241213,4,88.0,19,187,48
20241213,5,291.6,187,315,48
20241213,6,234.4,135,317,48
20241213,7,388.4,384,392,48
20241213,8,308.1,205,357,48
20241213,9,353.5,265,374,48
20241213,10,264.1,177,295,48
20241213,11,378.7,324,393,48
20241213,12,338.1,300,385,48
20241213,13,298.8,249,345,48
20241213,14,305.3,247,368,48
20241213,15,283.1,212,308,48
20241213,16,109.3,22,175,48
20241213,17,348.0,296,383,48
20241213,18,268.2,199,297,48
20241214,1,9.5,0,51,48
20241214,2,12.9,3,30,48
20241214,3,41.8,7,62,48
20241214,4,16.4,7,25,48
20241214,5,157.0,53,207,48
20241214,6,92.8,8,148,48
20241214,7,325.0,134,384,48
20241214,8,119.9,12,196,48
20241214,9,206.6,71,262,48
20241214,10,85.6,14,163,48
20241214,11,240.9,111,324,48
20241214,12,247.5,105,315,48
20241214,13,160.8,45,237,48
20241214,14,219.0,79,310,48
20241214,15,150.1,54,204,48
20241214,16,18.1,2,30,48
20241214,17,213.6,46,308,48
20241214,18,140.6,48,193,48
20241215,1,0.0,0,0,48
20241215,2,3.9,1,5,48
20241215,3,14.0,6,24,48
20241215,4,10.2,5,14,48
20241215,5,77.4,54,97,48
20241215,6,27.8,4,73,48
20241215,7,205.2,116,284,48
20241215,8,27.9,10,50,48
20241215,9,87.3,62,122,48
20241215,10,26.4,15,38,48
20241215,11,148.0,113,225,48
20241215,12,115.9,86,145,48
20241215,13,64.7,33,96,48
20241215,14,102.3,51,143,48
20241215,15,67.9,56,85,48
20241215,16,3.1,1,6,48
20241215,17,63.5,3,114,48
20241215,18,59.6,47,77,48
20241216,1,0.0,0,0,48
20241216,2,5.4,2,8,48
20241216,3,11.5,6,19,48
20241216,4,10.0,6,13,48
20241216,5,96.1,48,140,48
20241216,6,73.0,12,130,48
20241216,7,229.2,81,350,48
20241216,8,57.2,14,128,48
20241216,9,117.9,51,190,48
20241216,10,46.2,15,78,48
20241216,11,203.2,139,267,48
20241216,12,133.2,80,184,48
20241216,13,92.5,33,144,48
20241216,14,138.6,45,211,48
20241216,15,89.2,48,130,48
20241216,16,6.2,0,12,48
20241216,17,119.3,14,217,48
20241216,18,81.7,44,121,48
20241217,1,0.0,0,0,48
20241217,2,9.9,4,26,48
20241217,3,29.5,6,65,48
20241217,4,12.1,9,17,48
20241217,5,112.5,52,159,48
20241217,6,69.8,6,158,48
20241217,7,273.9,86,352,48
20241217,8,85.6,12,183,48
20241217,9,149.6,52,249,48
20241217,10,86.0,22,157,48
20241217,11,235.0,129,309,48
20241217,12,180.9,79,286,48
20241217,13,140.1,57,232,48
20241217,14,195.7,97,298,48
20241217,15,123.4,50,181,48
20241217,16,12.4,2,36,48
20241217,17,160.5,21,305,48
20241217,18,114.1,44,173,48
20241218,1,0.0,0,0,48
20241218,2,9.4,4,17,48
20241218,3,13.2,4,34,48
20241218,4,12.5,9,18,48
20241218,5,110.3,77,176,48
20241218,6,82.8,4,202,48
20241218,7,215.8,90,379,48
20241218,8,72.1,13,211,48
20241218,9,128.0,67,246,48
20241218,10,25.8,0,51,48
20241218,11,158.9,104,285,48
20241218,12,142.2,97,220,48
20241218,13,80.6,30,140,48
20241218,14,118.4,69,168,48
20241218,15,86.4,52,145,48
20241218,16,13.0,1,28,48
20241218,17,130.9,6,294,48
20241218,18,81.3,46,143,48
20241219,1,0.0,0,0,48
20241219,2,7.1,5,10,48
20241219,3,10.3,3,16,48
20241219,4,9.9,7,14,48
20241219,5,88.5,54,129,48
20241219,6,52.2,4,142,48
20241219,7,181.3,56,322,48
20241219,8,41.8,11,99,48
20241219,9,92.7,54,150,48
20241219,10,21.3,0,50,48
20241219,11,139.5,67,198,48
20241219,12,127.7,82,175,48
20241219,13,71.0,16,114,48
20241219,14,108.8,44,163,48
20241219,15,70.8,42,109,48
20241219,16,5.4,1,14,48
20241219,17,95.6,0,232,48
20241219,18,65.1,38,105,48
20241220,1,0.0,0,0,48
20241220,2,5.4,4,12,48
20241220,3,14.7,8,24,48
20241220,4,10.2,7,15,48
20241220,5,78.7,47,103,48
20241220,6,56.8,6,94,48
20241220,7,185.4,52,310,48
20241220,8,44.4,14,74,48
20241220,9,115.7,53,180,48
20241220,10,40.7,5,97,48
20241220,11,134.5,86,210,48
20241220,12,133.4,83,182,48
20241220,13,77.4,30,138,48
20241220,14,112.9,59,195,48
20241220,15,76.2,41,114,48
20241220,16,7.7,1,20,48
20241220,17,110.9,29,189,48
20241220,18,71.0,37,108,48
20241221,1,0.0,0,0,48
20241221,2,10.7,4,30,48
20241221,3,13.3,3,36,48
20241221,4,10.5,5,25,48
20241221,5,73.8,58,92,48
20241221,6,45.7,5,97,48
20241221,7,131.7,84,220,48
20241221,8,30.5,7,52,48
20241221,9,77.9,51,99,48
20241221,10,16.2,5,28,48
20241221,11,142.1,88,193,48
20241221,12,107.7,90,125,48
20241221,13,54.8,35,67,48
20241221,14,111.9,69,160,48
20241221,15,65.9,53,76,48
20241221,16,9.5,1,25,48
20241221,17,36.5,9,66,48
20241221,18,57.0,45,67,48
20241222,1,0.0,0,0,48
20241222,2,6.3,4,13,48
20241222,3,4.8,2,11,48
20241222,4,8.7,7,13,48
20241222,5,67.5,51,80,48
20241222,6,37.5,16,71,48
20241222,7,96.6,68,179,48
20241222,8,23.4,13,37,48
20241222,9,58.5,39,77,48
20241222,10,6.2,0,16,48
20241222,11,134.0,65,200,48
20241222,12,109.6,79,145,48
20241222,13,53.2,34,88,48
20241222,14,117.0,77,158,48
20241222,15,57.5,42,75,48
20241222,16,4.6,1,14,48
20241222,17,17.1,1,44,48
20241222,18,48.4,36,65,48
20241223,1,0.0,0,0,48
20241223,2,10.3,3,24,48
20241223,3,31.9,7,61,48
20241223,4,11.2,6,14,48
20241223,5,108.0,47,154,48
20241223,6,79.0,8,161,48
20241223,7,267.2,55,367,48
20241223,8,116.6,14,239,48
20241223,9,170.2,35,293,48
20241223,10,55.7,0,150,48
20241223,11,212.3,74,306,48
20241223,12,173.3,66,252,48
20241223,13,97.0,19,179,48
20241223,14,121.8,52,191,48
20241223,15,110.1,37,172,48
20241223,16,18.4,0,50,48
20241223,17,175.4,0,318,48
20241223,18,104.4,30,162,48
20241224,1,0.0,0,0,48
20241224,2,6.9,4,13,48
20241224,3,21.5,13,29,48
20241224,4,13.5,10,20,48
20241224,5,85.1,64,113,48
20241224,6,56.2,13,112,48
20241224,7,324.8,287,359,48
20241224,8,60.8,19,119,48
20241224,9,127.5,90,177,48
20241224,10,66.9,50,101,48
20241224,11,133.0,87,193,48
20241224,12,133.1,86,193,48
20241224,13,96.3,75,137,48
20241224,14,115.5,91,171,48
20241224,15,92.9,70,126,48
20241224,16,9.0,3,23,48
20241224,17,132.6,69,226,48
20241224,18,85.8,63,119,48
20241225,1,0.0,0,0,48
20241225,2,9.3,5,16,48
20241225,3,24.8,14,35,48
20241225,4,13.2,12,17,48
20241225,5,100.4,75,129,48
20241225,6,50.9,13,84,48
20241225,7,327.8,181,362,48
20241225,8,55.7,24,88,48
20241225,9,144.0,102,185,48
20241225,10,83.8,55,108,48
20241225,11,192.1,126,296,48
20241225,12,157.1,114,195,48
20241225,13,127.0,85,158,48
20241225,14,158.5,114,186,48
20241225,15,111.9,85,132,48
20241225,16,12.1,6,24,48
20241225,17,107.5,32,215,48
20241225,18,99.9,75,116,48
20241226,1,7.6,0,33,48
20241226,2,19.0,4,56,48
20241226,3,72.7,17,151,48
20241226,4,16.3,10,65,48
20241226,5,205.0,100,280,48
20241226,6,140.9,30,310,48
20241226,7,330.3,143,392,48
20241226,8,169.9,29,311,48
20241226,9,258.4,110,350,48
20241226,10,149.0,66,225,48
20241226,11,300.7,138,392,48
20241226,12,244.5,119,334,48
20241226,13,203.5,102,304,48
20241226,14,225.2,109,330,48
20241226,15,183.7,85,267,48
20241226,16,65.7,5,187,48
20241226,17,262.1,27,384,48
20241226,18,176.1,73,264,48
20241227,1,110.6,13,198,48
20241227,2,42.7,16,78,48
20241227,3,92.7,47,113,48
20241227,4,15.2,13,20,48
20241227,5,256.6,184,287,48
20241227,6,222.0,104,311,48
20241227,7,388.1,378,392,48
20241227,8,230.1,140,282,48
20241227,9,316.6,254,350,48
20241227,10,187.5,127,221,48
20241227,11,372.6,328,393,48
20241227,12,300.3,251,359,48
20241227,13,247.8,193,321,48
20241227,14,263.5,183,381,48
20241227,15,234.3,176,260,48
20241227,16,78.1,35,121,48
20241227,17,352.4,255,394,48
20241227,18,224.0,171,250,48
20241228,1,74.5,0,173,48
20241228,2,34.3,8,64,48
20241228,3,42.1,25,59,48
20241228,4,16.5,12,22,48
20241228,5,175.8,122,201,48
20241228,6,115.0,34,154,48
20241228,7,382.9,307,389,48
20241228,8,153.3,38,196,48
20241228,9,249.8,154,290,48
20241228,10,152.6,102,191,48
20241228,11,337.0,214,392,48
20241228,12,256.7,204,297,48
20241228,13,223.6,169,293,48
20241228,14,264.4,175,358,48
20241228,15,191.3,144,220,48
20241228,16,25.8,3,51,48
20241228,17,271.7,72,349,48
20241228,18,179.5,124,209,48
20241229,1,1.4,0,10,48
20241229,2,7.7,5,10,48
20241229,3,14.0,5,25,48
20241229,4,11.0,9,14,48
20241229,5,101.5,66,123,48
20241229,6,63.5,10,142,48
20241229,7,268.8,128,341,48
20241229,8,42.1,11,81,48
20241229,9,118.4,57,170,48
20241229,10,70.7,18,125,48
20241229,11,152.1,80,226,48
20241229,12,139.3,72,203,48
20241229,13,120.6,50,188,48
20241229,14,208.0,121,279,48
20241229,15,103.4,51,141,48
20241229,16,5.0,2,12,48
20241229,17,90.3,6,150,48
20241229,18,91.3,45,123,48
20241230,1,0.1,0,3,48
20241230,2,11.6,4,35,48
20241230,3,9.6,5,23,48
20241230,4,12.5,9,19,48
20241230,5,80.0,55,124,48
20241230,6,66.3,13,149,48
20241230,7,182.2,96,316,48
20241230,8,43.5,11,124,48
20241230,9,86.8,49,168,48
20241230,10,26.2,15,61,48
20241230,11,106.6,62,176,48
20241230,12,114.0,71,188,48
20241230,13,67.6,41,124,48
20241230,14,141.6,77,208,48
20241230,15,71.6,47,114,48
20241230,16,14.1,3,42,48
20241230,17,77.4,10,221,48
20241230,18,66.0,42,112,48
20241231,1,0.0,0,0,48
20241231,2,16.1,5,32,48
20241231,3,10.6,3,25,48
20241231,4,13.3,8,23,48
20241231,5,66.7,52,79,48
20241231,6,59.9,10,85,48
20241231,7,97.5,38,198,48
20241231,8,36.2,12,53,48
20241231,9,74.7,50,91,48
20241231,10,18.4,13,28,48
20241231,11,123.6,67,168,48
20241231,12,126.3,96,149,48
20241231,13,67.3,48,82,48
20241231,14,139.3,88,167,48
20241231,15,68.2,56,80,48
20241231,16,12.9,3,25,48
20241231,17,32.4,8,65,48
20241231,18,60.0,49,73,48
20250101,1,0.0,0,0,48
20250101,2,7.2,3,14,48
20250101,3,5.3,2,12,48
20250101,4,12.2,8,17,48
20250101,5,82.0,41,143,48
20250101,6,56.7,7,144,48
20250101,7,126.0,25,342,48
20250101,8,40.9,15,93,48
20250101,9,84.6,34,148,48
20250101,10,12.5,7,26,48
20250101,11,129.7,74,249,48
20250101,12,129.2,75,191,48
20250101,13,63.8,36,101,48
20250101,14,114.2,83,156,48
20250101,15,64.7,37,101,48
20250101,16,12.2,1,32,48
20250101,17,59.1,5,198,48
20250101,18,58.8,33,95,48
20250102,1,0.0,0,1,48
20250102,2,7.1,2,13,48
20250102,3,41.9,5,70,48
20250102,4,12.0,8,15,48
20250102,5,119.6,65,158,48
20250102,6,81.1,5,219,48
20250102,7,290.0,106,378,48
20250102,8,112.6,23,216,48
20250102,9,182.3,83,265,48
20250102,10,55.4,18,92,48
20250102,11,279.2,181,383,48
20250102,12,197.7,107,276,48
20250102,13,116.9,66,169,48
20250102,14,149.3,100,224,48
20250102,15,120.3,64,169,48
20250102,16,22.9,3,50,48
20250102,17,204.9,29,350,48
20250102,18,115.4,55,166,48
20250103,1,117.8,1,297,48
20250103,2,47.5,3,120,48
20250103,3,45.8,7,116,48
20250103,4,13.6,8,19,48
20250103,5,146.9,51,237,48
20250103,6,139.7,15,293,48
20250103,7,296.0,78,391,48
20250103,8,149.1,17,282,48
20250103,9,212.9,61,342,48
20250103,10,79.5,24,184,48
20250103,11,290.0,105,392,48
20250103,12,207.3,88,292,48
20250103,13,127.8,42,219,48
20250103,14,157.7,73,227,48
20250103,15,143.3,47,229,48
20250103,16,79.5,4,184,48
20250103,17,236.2,22,361,48
20250103,18,142.0,42,231,48
20250104,1,161.9,98,242,48
20250104,2,74.3,34,123,48
20250104,3,71.0,34,99,48
20250104,4,18.0,13,27,48
20250104,5,159.7,110,203,48
20250104,6,176.2,23,290,48
20250104,7,350.6,222,391,48
20250104,8,228.6,74,278,48
20250104,9,294.3,150,347,48
20250104,10,144.8,20,207,48
20250104,11,349.2,210,390,48
20250104,12,275.7,148,332,48
20250104,13,210.4,85,276,48
20250104,14,210.2,117,292,48
20250104,15,201.4,94,233,48
20250104,16,75.2,29,128,48
20250104,17,322.7,124,365,48
20250104,18,197.5,93,230,48
20250105,1,187.6,1,296,48
20250105,2,34.0,6,80,48
20250105,3,27.8,3,47,48
20250105,4,13.6,9,17,48
20250105,5,114.3,60,200,48
20250105,6,69.4,4,185,48
20250105,7,209.5,53,316,48
20250105,8,98.3,17,200,48
20250105,9,169.2,37,307,48
20250105,10,29.7,0,70,48
20250105,11,209.8,123,303,48
20250105,12,163.1,85,243,48
20250105,13,99.5,42,163,48
20250105,14,133.4,76,185,48
20250105,15,103.5,43,174,48
20250105,16,57.4,24,106,48
20250105,17,166.3,15,301,48
20250105,18,102.9,40,174,48
20250106,1,51.9,0,160,48
20250106,2,26.2,11,68,48
20250106,3,12.3,3,23,48
20250106,4,15.9,9,27,48
20250106,5,109.5,53,164,48
20250106,6,73.4,4,156,48
20250106,7,219.5,36,349,48
20250106,8,76.9,9,172,48
20250106,9,146.2,29,231,48
20250106,10,33.2,0,65,48
20250106,11,213.2,139,362,48
20250106,12,172.5,95,229,48
20250106,13,98.4,43,138,48
20250106,14,139.7,94,178,48
20250106,15,100.0,44,147,48
20250106,16,22.4,8,39,48
20250106,17,140.5,11,258,48
20250106,18,94.8,40,141,48
20250107,1,0.0,0,0,48
20250107,2,12.7,9,17,48
20250107,3,14.9,6,28,48
20250107,4,12.5,9,15,48
20250107,5,129.3,73,183,48
20250107,6,85.5,7,169,48
20250107,7,293.3,140,372,48
20250107,8,109.7,24,186,48
20250107,9,188.0,76,268,48
20250107,10,59.7,7,104,48
20250107,11,253.1,147,386,48
20250107,12,190.5,115,243,48
20250107,13,133.0,81,162,48
20250107,14,170.6,119,196,48
20250107,15,123.4,71,164,48
20250107,16,15.8,3,23,48
20250107,17,176.5,2,274,48
20250107,18,115.9,62,156,48
20250108,1,132.7,5,254,48
20250108,2,79.2,14,132,48
20250108,3,92.0,16,131,48
20250108,4,16.9,13,23,48
20250108,5,222.4,89,300,48
20250108,6,228.0,68,401,48
20250108,7,362.1,261,390,48
20250108,8,236.9,56,334,48
20250108,9,285.8,108,362,48
20250108,10,166.7,21,251,48
20250108,11,338.5,229,377,48
20250108,12,229.3,131,279,48
20250108,13,197.3,92,248,48
20250108,14,213.9,139,297,48
20250108,15,206.0,88,261,48
20250108,16,103.2,12,195,48
20250108,17,321.5,76,431,48
20250108,18,202.7,83,261,48
20250109,1,109.4,38,198,48
20250109,2,67.8,30,123,48
20250109,3,87.3,47,115,48
20250109,4,35.5,12,88,48
20250109,5,181.3,112,247,48
20250109,6,182.2,136,226,48
20250109,7,372.9,340,387,48
20250109,8,239.3,198,290,48
20250109,9,275.9,177,330,48
20250109,10,103.2,65,161,48
20250109,11,342.2,262,392,48
20250109,12,223.7,176,266,48
20250109,13,168.1,141,204,48
20250109,14,201.0,176,227,48
20250109,15,190.7,151,217,48
20250109,16,41.0,11,97,48
20250109,17,327.0,295,375,48
20250109,18,184.3,153,208,48
20250110,1,236.9,128,299,48
20250110,2,81.8,54,139,48
20250110,3,121.6,72,152,48
20250110,4,30.8,12,63,48
20250110,5,251.8,122,306,48
20250110,6,267.1,188,327,48
20250110,7,365.7,351,388,48
20250110,8,280.5,223,311,48
20250110,9,312.7,200,362,48
20250110,10,198.0,80,251,48
20250110,11,331.9,214,372,48
20250110,12,249.1,173,301,48
20250110,13,222.9,164,267,48
20250110,14,232.7,196,323,48
20250110,15,229.1,160,262,48
20250110,16,149.2,80,185,48
20250110,17,362.5,341,383,48
20250110,18,229.6,164,259,48
20250111,1,226.6,178,302,48
20250111,2,88.3,66,109,48
20250111,3,90.7,65,106,48
20250111,4,16.0,13,21,48
20250111,5,247.0,158,293,48
20250111,6,194.0,114,276,48
20250111,7,375.9,363,387,48
20250111,8,243.1,223,262,48
20250111,9,330.7,305,345,48
20250111,10,215.8,190,236,48
20250111,11,339.3,270,387,48
20250111,12,254.9,221,288,48
20250111,13,234.4,209,262,48
20250111,14,238.4,212,277,48
20250111,15,224.8,178,250,48
20250111,16,99.3,51,148,48
20250111,17,365.0,344,402,48
20250111,18,223.2,187,243,48
20250112,1,77.2,8,183,46
20250112,2,39.7,12,84,46
20250112,3,60.4,13,93,46
20250112,4,17.8,12,25,46
20250112,5,122.2,73,155,46
20250112,6,94.1,61,161,46
20250112,7,362.7,199,387,46
20250112,8,155.7,37,228,46
20250112,9,244.9,96,314,46
20250112,10,171.1,63,213,46
20250112,11,308.2,234,371,46
20250112,12,202.8,132,235,46
20250112,13,213.8,132,244,46
20250112,14,246.0,183,277,46
20250112,15,162.6,81,188,46
20250112,16,26.8,11,53,46
20250112,17,265.0,85,339,46
20250112,18,160.8,80,188,46
20250113,1,28.3,0,68,33
20250113,2,23.2,9,58,33
20250113,3,54.1,41,74,33
20250113,4,19.5,14,33,33
20250113,5,123.4,104,140,33
20250113,6,139.2,86,173,33
20250113,7,356.5,269,372,33
20250113,8,164.5,70,197,33
20250113,9,184.0,118,229,33
20250113,10,115.3,54,147,33
20250113,11,300.1,245,360,33
20250113,12,212.1,170,239,33
20250113,13,186.3,120,228,33
20250113,14,268.2,219,325,33
20250113,15,162.9,131,187,33
20250113,16,26.6,7,36,33
20250113,17,276.8,5,328,33
20250113,18,156.2,113,181,33
20250114,1,52.4,2,128,48
20250114,2,37.6,13,76,48
20250114,3,77.3,21,120,48
20250114,4,18.8,15,28,48
20250114,5,179.2,121,228,48
20250114,6,176.6,37,315,48
20250114,7,328.2,154,386,48
20250114,8,191.5,44,290,48
20250114,9,251.6,120,317,48
20250114,10,166.6,84,221,48
20250114,11,330.9,249,390,48
20250114,12,254.9,164,314,48
20250114,13,224.7,141,281,48
20250114,14,283.5,207,332,48
20250114,15,203.3,122,258,48
20250114,16,32.5,12,76,48
20250114,17,268.3,62,374,48
20250114,18,191.4,111,245,48
20250115,1,32.4,5,82,48
20250115,2,24.2,13,46,48
20250115,3,66.7,8,99,48
20250115,4,17.2,13,25,48
20250115,5,209.4,171,239,48
20250115,6,214.2,158,271,48
20250115,7,382.4,361,391,48
20250115,8,219.8,154,265,48
20250115,9,290.5,208,337,48
20250115,10,238.5,168,269,48
20250115,11,370.0,296,392,48
20250115,12,294.4,247,337,48
20250115,13,294.4,258,329,48
20250115,14,341.1,299,369,48
20250115,15,243.3,208,274,48
20250115,16,19.2,5,39,48
20250115,17,312.3,142,370,48
20250115,18,226.2,190,254,48
20250116,1,64.3,9,108,48
20250116,2,36.9,11,67,48
20250116,3,77.2,39,98,48
20250116,4,22.4,13,34,48
20250116,5,183.5,132,219,48
20250116,6,145.0,66,207,48
20250116,7,367.1,182,391,48
20250116,8,191.7,103,223,48
20250116,9,268.5,197,310,48
20250116,10,220.1,148,272,48
20250116,11,354.3,287,386,48
20250116,12,288.7,240,318,48
20250116,13,286.9,250,314,48
20250116,14,342.6,307,369,48
20250116,15,230.9,184,261,48
20250116,16,16.9,3,27,48
20250116,17,284.5,164,346,48
20250116,18,213.4,166,242,48
20250117,1,34.1,0,81,48
20250117,2,26.7,13,42,48
20250117,3,76.3,23,114,48
20250117,4,21.4,15,29,48
20250117,5,189.9,117,259,48
20250117,6,145.0,45,258,48
20250117,7,348.0,151,387,48
20250117,8,184.8,63,256,48
20250117,9,273.3,189,334,48
20250117,10,222.3,136,287,48
20250117,11,354.3,289,384,48
20250117,12,291.4,260,328,48
20250117,13,289.5,262,321,48
20250117,14,342.9,281,376,48
20250117,15,230.3,180,272,48
20250117,16,20.3,5,35,48
20250117,17,242.9,20,378,48
20250117,18,210.9,155,256,48
20250118,1,85.1,19,212,48
20250118,2,46.3,15,110,48
20250118,3,84.5,40,127,48
20250118,4,28.9,20,45,48
20250118,5,202.7,147,247,48
20250118,6,162.9,89,241,48
20250118,7,374.6,287,389,48
20250118,8,202.2,121,256,48
20250118,9,295.2,230,332,48
20250118,10,248.4,189,290,48
20250118,11,353.9,264,387,48
20250118,12,311.2,278,340,48
20250118,13,297.5,268,322,48
20250118,14,332.0,280,373,48
20250118,15,245.0,211,276,48
20250118,16,30.8,8,102,48
20250118,17,292.3,186,373,48
20250118,18,227.6,196,261,48
20250119,1,244.7,198,287,48
20250119,2,122.6,98,174,48
20250119,3,134.6,83,170,48
20250119,4,28.7,15,66,48
20250119,5,220.2,177,254,48
20250119,6,213.5,102,366,48
20250119,7,387.3,383,389,48
20250119,8,278.9,227,321,48
20250119,9,323.2,288,344,48
20250119,10,257.0,220,288,48
20250119,11,362.3,326,383,48
20250119,12,313.5,291,349,48
20250119,13,286.9,255,328,48
20250119,14,303.9,248,366,48
20250119,15,258.6,234,286,48
20250119,16,169.6,122,214,48
20250119,17,376.4,347,399,48
20250119,18,256.9,230,279,48
20250120,1,243.4,200,278,48
20250120,2,112.8,85,149,48
20250120,3,142.0,106,170,48
20250120,4,34.2,19,75,48
20250120,5,251.3,171,284,48
20250120,6,300.3,135,428,48
20250120,7,387.5,380,391,48
20250120,8,308.9,250,348,48
20250120,9,330.4,304,352,48
20250120,10,267.5,237,297,48
20250120,11,363.5,331,390,48
20250120,12,323.7,290,355,48
20250120,13,299.8,255,334,48
20250120,14,322.9,249,369,48
20250120,15,274.4,258,297,48
20250120,16,184.6,107,235,48
20250120,17,389.1,357,421,48
20250120,18,272.4,257,291,48
20250121,1,299.0,255,352,48
20250121,2,119.5,58,164,48
20250121,3,149.5,119,176,48
20250121,4,43.3,15,89,48
20250121,5,235.8,169,269,48
20250121,6,252.0,109,406,48
20250121,7,384.0,367,392,48
20250121,8,298.8,259,335,48
20250121,9,317.7,291,351,48
20250121,10,240.7,211,282,48
20250121,11,346.0,255,390,48
20250121,12,308.8,268,355,48
20250121,13,285.2,259,310,48
20250121,14,318.0,274,360,48
20250121,15,260.0,238,279,48
20250121,16,209.7,173,239,48
20250121,17,365.8,317,414,48
20250121,18,261.9,241,281,48
20250122,1,352.8,318,375,48
20250122,2,121.5,65,176,48
20250122,3,147.3,104,186,48
20250122,4,50.1,16,107,48
20250122,5,269.6,201,298,48
20250122,6,341.8,198,430,48
20250122,7,384.9,363,393,48
20250122,8,341.8,279,373,48
20250122,9,351.8,312,370,48
20250122,10,276.1,172,310,48
20250122,11,360.9,292,404,48
20250122,12,266.1,213,319,48
20250122,13,276.1,220,328,48
20250122,14,277.8,239,350,48
20250122,15,268.6,216,297,48
20250122,16,250.9,185,288,48
20250122,17,390.9,358,413,48
20250122,18,274.0,223,302,48
20250123,1,110.1,8,319,48
20250123,2,44.5,6,112,48
20250123,3,74.2,11,126,48
20250123,4,16.8,11,23,48
20250123,5,165.3,50,230,48
20250123,6,138.2,11,207,48
20250123,7,317.0,134,382,48
20250123,8,177.9,19,285,48
20250123,9,246.6,71,320,48
20250123,10,111.2,17,183,48
20250123,11,244.0,89,347,48
20250123,12,205.8,80,273,48
20250123,13,154.2,29,229,48
20250123,14,187.0,38,282,48
20250123,15,163.0,44,223,48
20250123,16,48.8,7,159,48
20250123,17,272.9,94,366,48
20250123,18,159.0,43,225,48
20250124,1,5.8,0,31,48
20250124,2,8.1,2,13,48
20250124,3,31.5,5,61,48
20250124,4,13.5,7,19,48
20250124,5,89.9,40,136,48
20250124,6,57.2,7,111,48
20250124,7,264.3,156,342,48
20250124,8,74.2,10,139,48
20250124,9,135.0,50,197,48
20250124,10,48.8,10,96,48
20250124,11,236.3,78,342,48
20250124,12,134.0,64,194,48
20250124,13,71.4,22,126,48
20250124,14,89.4,29,160,48
20250124,15,89.0,41,131,48
20250124,16,7.7,1,17,48
20250124,17,169.4,41,250,48
20250124,18,86.0,38,126,48
20250125,1,1.6,0,11,48
20250125,2,4.4,2,7,48
20250125,3,23.1,2,61,48
20250125,4,12.4,7,19,48
20250125,5,94.4,32,190,48
20250125,6,57.5,3,157,48
20250125,7,223.5,85,359,48
20250125,8,54.3,6,153,48
20250125,9,139.9,53,274,48
20250125,10,97.5,12,212,48
20250125,11,165.5,71,342,48
20250125,12,142.0,82,238,48
20250125,13,137.0,59,224,48
20250125,14,171.7,95,263,48
20250125,15,103.5,42,195,48
20250125,16,4.0,2,9,48
20250125,17,115.4,30,237,48
20250125,18,93.8,38,180,48
20250126,1,0.0,0,0,48
20250126,2,4.8,0,8,48
20250126,3,15.1,1,37,48
20250126,4,12.3,2,17,48
20250126,5,80.3,2,108,48
20250126,6,31.3,0,79,48
20250126,7,121.2,1,280,48
20250126,8,36.3,1,75,48
20250126,9,99.6,3,141,48
20250126,10,39.5,5,100,48
20250126,11,188.6,61,260,48
20250126,12,132.6,62,192,48
20250126,13,90.9,47,144,48
20250126,14,129.4,78,208,48
20250126,15,75.4,41,98,48
20250126,16,7.5,1,26,48
20250126,17,79.6,4,211,48
20250126,18,68.1,37,94,48
20250127,1,0.4,0,4,48
20250127,2,9.4,3,20,48
20250127,3,32.7,3,55,48
20250127,4,15.7,10,24,48
20250127,5,95.0,56,124,48
20250127,6,55.3,2,138,48
20250127,7,218.0,73,307,48
20250127,8,88.8,14,158,48
20250127,9,135.8,40,226,48
20250127,10,38.8,10,71,48
20250127,11,184.9,103,297,48
20250127,12,120.1,68,168,48
20250127,13,80.8,46,115,48
20250127,14,116.0,77,154,48
20250127,15,85.4,38,129,48
20250127,16,41.0,2,105,48
20250127,17,128.5,18,247,48
20250127,18,84.2,38,124,48
20250128,1,26.5,0,58,48
20250128,2,18.4,7,32,48
20250128,3,45.1,6,80,48
20250128,4,19.1,10,30,48
20250128,5,125.8,51,227,48
20250128,6,89.3,5,170,48
20250128,7,244.4,74,338,48
20250128,8,121.8,24,210,48
20250128,9,182.6,49,311,48
20250128,10,54.4,11,112,48
20250128,11,163.4,94,248,48
20250128,12,153.1,74,229,48
20250128,13,97.8,38,150,48
20250128,14,132.4,68,185,48
20250128,15,109.9,41,176,48
20250128,16,31.9,3,72,48
20250128,17,187.6,46,281,48
20250128,18,107.4,42,169,48
20250129,1,2.4,0,18,48
20250129,2,6.8,0,17,48
20250129,3,36.9,1,69,48
20250129,4,14.8,2,21,48
20250129,5,130.5,2,206,48
20250129,6,75.4,1,142,48
20250129,7,278.5,5,391,48
20250129,8,89.5,3,143,48
20250129,9,179.1,2,279,48
20250129,10,109.0,10,229,48
20250129,11,247.9,60,339,48
20250129,12,159.6,59,206,48
20250129,13,140.3,59,227,48
20250129,14,166.0,82,242,48
20250129,15,126.8,46,193,48
20250129,16,8.0,2,12,48
20250129,17,164.9,22,265,48
20250129,18,116.8,42,177,48
20250130,1,94.1,0,277,48
20250130,2,42.7,5,107,48
20250130,3,81.4,5,135,48
20250130,4,17.5,14,21,48
20250130,5,189.1,97,259,48
20250130,6,144.6,10,301,48
20250130,7,280.5,79,372,48
20250130,8,165.5,35,256,48
20250130,9,248.1,133,309,48
20250130,10,138.1,29,214,48
20250130,11,298.6,194,388,48
20250130,12,239.1,127,330,48
20250130,13,162.1,65,231,48
20250130,14,169.4,75,233,48
20250130,15,174.6,75,243,48
20250130,16,43.9,1,157,48
20250130,17,231.5,7,370,48
20250130,18,165.6,62,242,48
20250131,1,270.0,99,330,48
20250131,2,102.2,43,146,48
20250131,3,121.7,58,165,48
20250131,4,32.4,16,81,48
20250131,5,228.9,116,293,48
20250131,6,233.9,102,372,48
20250131,7,350.1,255,390,48
20250131,8,264.2,109,354,48
20250131,9,325.1,214,380,48
20250131,10,202.0,114,286,48
20250131,11,323.8,232,388,48
20250131,12,310.3,249,361,48
20250131,13,200.7,144,244,48
20250131,14,196.0,151,263,48
20250131,15,236.5,156,285,48
20250131,16,141.7,34,207,48
20250131,17,308.8,161,393,48
20250131,18,231.6,149,283,48
20250201,1,6.8,0,95,48
20250201,2,12.3,4,47,48
20250201,3,49.1,8,78,48
20250201,4,15.5,12,22,48
20250201,5,145.3,106,182,48
20250201,6,83.0,18,121,48
20250201,7,332.5,131,381,48
20250201,8,112.4,19,190,48
20250201,9,233.9,91,293,48
20250201,10,170.3,45,232,48
20250201,11,283.8,166,342,48
20250201,12,245.6,201,281,48
20250201,13,207.1,159,252,48
20250201,14,240.7,186,314,48
20250201,15,177.6,114,207,48
20250201,16,17.5,7,41,48
20250201,17,164.1,19,231,48
20250201,18,161.6,100,188,48
20250202,1,0.6,0,8,48
20250202,2,14.0,7,30,48
20250202,3,52.0,9,126,48
20250202,4,25.8,17,58,48
20250202,5,148.5,100,249,48
20250202,6,116.8,12,341,48
20250202,7,288.1,138,379,48
20250202,8,113.1,14,273,48
20250202,9,191.1,89,320,48
20250202,10,129.6,58,246,48
20250202,11,299.7,116,384,48
20250202,12,228.5,154,316,48
20250202,13,191.6,131,270,48
20250202,14,237.1,143,326,48
20250202,15,164.0,107,242,48
20250202,16,30.3,1,119,48
20250202,17,177.7,1,379,48
20250202,18,151.1,94,239,48
20250203,1,0.0,0,0,48
20250203,2,15.9,6,36,48
20250203,3,57.2,14,99,48
20250203,4,22.6,17,35,48
20250203,5,145.6,89,196,48
20250203,6,87.2,14,176,48
20250203,7,317.1,150,379,48
20250203,8,116.4,19,196,48
20250203,9,219.7,107,278,48
20250203,10,170.9,62,231,48
20250203,11,294.9,140,386,48
20250203,12,242.4,108,307,48
20250203,13,215.4,84,282,48
20250203,14,268.2,113,346,48
20250203,15,176.6,88,233,48
20250203,16,12.4,3,32,48
20250203,17,185.2,25,262,48
20250203,18,160.2,75,213,48
20250204,1,21.5,0,87,48
20250204,2,16.6,7,39,48
20250204,3,34.1,10,73,48
20250204,4,23.5,17,36,48
20250204,5,108.7,77,131,48
20250204,6,69.5,15,133,48
20250204,7,266.3,92,330,48
20250204,8,79.3,19,152,48
20250204,9,152.2,90,229,48
20250204,10,97.4,59,156,48
20250204,11,200.5,116,329,48
20250204,12,179.4,124,244,48
20250204,13,132.3,101,181,48
20250204,14,183.1,114,231,48
20250204,15,121.4,90,166,48
20250204,16,14.0,5,34,48
20250204,17,144.2,7,271,48
20250204,18,112.5,79,158,48
20250205,1,52.8,9,135,48
20250205,2,36.0,14,82,48
20250205,3,83.1,15,128,48
20250205,4,24.5,19,34,48
20250205,5,174.4,75,257,48
20250205,6,141.3,38,283,48
20250205,7,308.3,97,384,48
20250205,8,160.3,32,258,48
20250205,9,250.0,95,331,48
20250205,10,192.9,60,294,48
20250205,11,343.5,258,389,48
20250205,12,284.3,143,356,48
20250205,13,232.9,95,321,48
20250205,14,250.7,99,351,48
20250205,15,204.3,99,280,48
20250205,16,28.4,7,63,48
20250205,17,246.3,42,386,48
20250205,18,190.3,87,265,48
20250206,1,59.4,0,130,48
20250206,2,39.0,7,73,48
20250206,3,128.0,41,171,48
20250206,4,56.6,17,117,48
20250206,5,223.2,84,293,48
20250206,6,158.9,23,238,48
20250206,7,308.4,131,351,48
20250206,8,223.1,76,289,48
20250206,9,292.9,96,353,48
20250206,10,176.1,90,248,48
20250206,11,291.2,176,361,48
20250206,12,299.3,147,380,48
20250206,13,212.1,85,294,48
20250206,14,226.3,82,318,48
20250206,15,216.7,91,276,48
20250206,16,73.3,25,133,48
20250206,17,247.5,38,339,48
20250206,18,205.4,81,259,48
20250207,1,8.8,0,60,48
20250207,2,12.2,4,30,48
20250207,3,40.7,11,54,48
20250207,4,18.0,8,22,48
20250207,5,110.6,59,146,48
20250207,6,41.3,9,84,48
20250207,7,197.0,46,301,48
20250207,8,91.3,36,133,48
20250207,9,158.8,63,218,48
20250207,10,114.2,87,136,48
20250207,11,203.6,148,301,48
20250207,12,203.1,106,271,48
20250207,13,108.7,82,132,48
20250207,14,102.2,76,141,48
20250207,15,118.5,68,143,48
20250207,16,25.3,2,54,48
20250207,17,82.4,10,153,48
20250207,18,107.1,59,134,48
20250208,1,102.1,0,271,48
20250208,2,34.0,5,71,48
20250208,3,102.3,11,175,48
20250208,4,48.4,9,174,48
20250208,5,185.0,67,273,48
20250208,6,172.5,34,324,48
20250208,7,285.5,62,381,48
20250208,8,204.8,44,319,48
20250208,9,256.4,63,355,48
20250208,10,201.3,88,266,48
20250208,11,328.4,178,389,48
20250208,12,229.4,100,297,48
20250208,13,168.4,80,238,48
20250208,14,155.3,73,226,48
20250208,15,190.4,68,256,48
20250208,16,83.6,6,164,48
20250208,17,253.0,20,373,48
20250208,18,183.7,58,253,48
20250209,1,54.4,0,257,48
20250209,2,18.1,7,51,48
20250209,3,66.1,8,91,48
20250209,4,20.6,11,32,48
20250209,5,110.3,65,141,48
20250209,6,73.1,7,118,48
20250209,7,268.1,59,333,48
20250209,8,127.7,22,200,48
20250209,9,192.7,52,260,48
20250209,10,166.1,104,227,48
20250209,11,247.9,155,327,48
20250209,12,242.6,128,287,48
20250209,13,145.7,90,180,48
20250209,14,138.0,60,219,48
20250209,15,151.8,78,190,48
20250209,16,26.7,3,60,48
20250209,17,184.5,1,256,48
20250209,18,141.6,65,177,48
20250210,1,0.0,0,0,48
20250210,2,11.2,9,19,48
20250210,3,52.2,8,83,48
20250210,4,15.3,10,19,48
20250210,5,101.8,75,119,48
20250210,6,60.2,6,111,48
20250210,7,259.5,36,358,48
20250210,8,112.8,18,178,48
20250210,9,142.6,53,212,48
20250210,10,136.0,70,180,48
20250210,11,284.3,222,342,48
20250210,12,233.9,139,272,48
20250210,13,144.6,79,196,48
20250210,14,143.0,51,211,48
20250210,15,134.8,75,176,48
20250210,16,23.0,9,37,48
20250210,17,178.6,3,273,48
20250210,18,126.7,64,168,48
20250211,1,32.1,0,89,48
20250211,2,20.4,7,44,48
20250211,3,58.4,7,92,48
20250211,4,17.4,9,26,48
20250211,5,122.4,77,168,48
20250211,6,84.0,8,146,48
20250211,7,310.0,60,386,48
20250211,8,124.8,40,190,48
20250211,9,210.2,85,272,48
20250211,10,214.4,141,255,48
20250211,11,332.1,280,383,48
20250211,12,273.7,210,311,48
20250211,13,233.5,127,294,48
20250211,14,248.1,107,353,48
20250211,15,185.0,110,224,48
20250211,16,19.0,1,36,48
20250211,17,194.3,12,275,48
20250211,18,169.0,94,208,48
20250212,1,84.3,0,186,48
20250212,2,44.3,7,90,48
20250212,3,88.9,30,120,48
20250212,4,21.5,9,32,48
20250212,5,148.8,93,199,48
20250212,6,136.2,25,228,48
20250212,7,354.8,282,378,48
20250212,8,180.6,61,237,48
20250212,9,252.1,132,319,48
20250212,10,201.0,142,237,48
20250212,11,320.4,270,365,48
20250212,12,306.7,266,331,48
20250212,13,237.7,147,300,48
20250212,14,256.3,150,351,48
20250212,15,210.8,146,246,48
20250212,16,25.0,1,46,48
20250212,17,273.5,75,361,48
20250212,18,196.4,126,233,48
20250213,1,177.1,16,291,48
20250213,2,63.4,22,124,48
20250213,3,107.8,62,136,48
20250213,4,24.1,20,36,48
20250213,5,206.5,126,267,48
20250213,6,164.7,72,261,48
20250213,7,335.2,288,376,48
20250213,8,218.4,131,281,48
20250213,9,295.7,205,338,48
20250213,10,200.5,131,253,48
20250213,11,316.1,224,358,48
20250213,12,314.1,279,362,48
20250213,13,241.1,164,285,48
20250213,14,251.8,175,321,48
20250213,15,228.1,177,259,48
20250213,16,85.6,23,141,48
20250213,17,294.1,229,352,48
20250213,18,219.4,170,251,48
20250214,1,93.3,0,186,48
20250214,2,48.7,22,99,48
20250214,3,91.6,60,130,48
20250214,4,59.8,19,120,48
20250214,5,223.6,145,274,48
20250214,6,142.0,52,227,48
20250214,7,304.2,263,346,48
20250214,8,191.8,122,257,48
20250214,9,299.2,211,341,48
20250214,10,196.4,143,248,48
20250214,11,297.4,219,356,48
20250214,12,292.2,243,334,48
20250214,13,213.8,162,274,48
20250214,14,203.0,139,262,48
20250214,15,211.9,170,244,48
20250214,16,44.4,21,81,48
20250214,17,254.9,194,324,48
20250214,18,199.5,159,232,48
20250215,1,163.8,7,305,48
20250215,2,83.9,15,158,48
20250215,3,111.5,59,135,48
20250215,4,25.4,21,40,48
20250215,5,181.0,119,241,48
20250215,6,187.4,51,280,48
20250215,7,355.2,331,379,48
20250215,8,222.2,107,267,48
20250215,9,266.2,169,309,48
20250215,10,177.4,119,220,48
20250215,11,320.9,232,365,48
20250215,12,303.5,246,345,48
20250215,13,210.6,171,269,48
20250215,14,220.3,161,297,48
20250215,15,211.3,155,245,48
20250215,16,109.8,6,185,48
20250215,17,324.6,207,360,48
20250215,18,208.5,142,237,48
20250216,1,5.3,0,53,48
20250216,2,14.3,6,40,48
20250216,3,51.9,12,80,48
20250216,4,19.3,13,30,48
20250216,5,122.8,92,168,48
20250216,6,52.9,8,125,48
20250216,7,274.4,120,342,48
20250216,8,96.9,34,174,48
20250216,9,178.8,124,266,48
20250216,10,123.0,81,177,48
20250216,11,205.4,93,302,48
20250216,12,243.5,205,292,48
20250216,13,152.7,118,200,48
20250216,14,170.0,119,272,48
20250216,15,138.0,101,184,48
20250216,16,18.3,6,38,48
20250216,17,176.9,75,250,48
20250216,18,129.1,95,173,48
20250217,1,26.4,0,83,48
20250217,2,28.9,13,50,48
20250217,3,60.5,11,93,48
20250217,4,26.1,15,60,48
20250217,5,198.6,141,240,48
20250217,6,107.2,51,160,48
20250217,7,309.0,253,337,48
20250217,8,149.1,62,204,48
20250217,9,264.1,180,320,48
20250217,10,186.3,117,243,48
20250217,11,278.9,210,357,48
20250217,12,283.9,226,321,48
20250217,13,230.4,166,281,48
20250217,14,256.5,183,316,48
20250217,15,197.0,143,239,48
20250217,16,35.2,16,69,48
20250217,17,232.4,103,271,48
20250217,18,185.0,138,221,48
20250218,1,27.0,0,93,48
20250218,2,24.7,5,69,48
20250218,3,47.9,5,93,48
20250218,4,21.9,13,49,48
20250218,5,138.0,79,196,48
20250218,6,78.6,28,141,48
20250218,7,270.8,72,324,48
20250218,8,104.0,24,185,48
20250218,9,194.0,89,265,48
20250218,10,129.0,65,173,48
20250218,11,202.7,60,317,48
20250218,12,221.3,126,283,48
20250218,13,166.9,94,237,48
20250218,14,200.8,106,307,48
20250218,15,149.0,81,198,48
20250218,16,15.2,4,34,48
20250218,17,161.4,24,250,48
20250218,18,137.3,70,183,48
20250219,1,0.0,0,0,48
20250219,2,4.9,1,10,48
20250219,3,33.3,3,59,48
20250219,4,14.0,7,17,48
20250219,5,101.7,64,149,48
20250219,6,45.8,11,98,48
20250219,7,244.4,27,351,48
20250219,8,75.6,16,132,48
20250219,9,166.3,92,252,48
20250219,10,122.4,44,194,48
20250219,11,208.3,136,303,48
20250219,12,205.7,123,278,48
20250219,13,159.8,72,227,48
20250219,14,210.8,137,281,48
20250219,15,131.6,75,191,48
20250219,16,8.0,1,14,48
20250219,17,136.8,5,248,48
20250219,18,119.3,65,174,48
20250220,1,0.0,0,0,48
20250220,2,10.4,4,26,48
20250220,3,12.0,2,25,48
20250220,4,11.1,6,16,48
20250220,5,68.5,62,75,48
20250220,6,29.9,10,45,48
20250220,7,113.5,9,262,48
20250220,8,27.1,15,41,48
20250220,9,97.6,81,128,48
20250220,10,73.4,41,116,48
20250220,11,177.1,60,301,48
20250220,12,134.9,108,168,48
20250220,13,106.8,72,144,48
20250220,14,160.6,120,235,48
20250220,15,84.4,66,105,48
20250220,16,9.8,3,25,48
20250220,17,51.3,8,100,48
20250220,18,74.6,59,95,48
20250221,1,0.0,0,0,48
20250221,2,8.6,2,29,48
20250221,3,10.6,2,26,48
20250221,4,10.3,7,21,48
20250221,5,59.2,45,81,48
20250221,6,34.4,22,51,48
20250221,7,70.5,17,174,48
20250221,8,28.0,16,42,48
20250221,9,79.4,53,105,48
20250221,10,61.9,16,102,48
20250221,11,174.1,93,242,48
20250221,12,116.8,82,154,48
20250221,13,90.6,56,120,48
20250221,14,141.1,98,217,48
20250221,15,72.9,53,93,48
20250221,16,6.9,1,25,48
20250221,17,39.9,6,86,48
20250221,18,64.0,46,79,48
20250222,1,0.0,0,0,48
20250222,2,4.0,1,19,48
20250222,3,17.0,9,42,48
20250222,4,8.6,7,12,48
20250222,5,77.9,57,132,48
20250222,6,31.0,13,64,48
20250222,7,144.1,45,295,48
20250222,8,36.6,18,95,48
20250222,9,125.5,80,225,48
20250222,10,84.5,20,181,48
20250222,11,188.9,86,303,48
20250222,12,161.9,106,237,48
20250222,13,118.7,59,187,48
20250222,14,152.1,88,219,48
20250222,15,92.4,64,144,48
20250222,16,6.1,3,17,48
20250222,17,88.5,11,203,48
20250222,18,82.6,56,130,48
20250223,1,0.0,0,0,48
20250223,2,9.8,1,32,48
20250223,3,33.4,16,46,48
20250223,4,10.6,6,17,48
20250223,5,64.9,48,76,48
20250223,6,55.0,27,81,48
20250223,7,135.2,55,241,48
20250223,8,46.3,24,60,48
20250223,9,86.5,57,111,48
20250223,10,42.2,10,86,48
20250223,11,139.7,69,214,48
20250223,12,132.9,107,158,48
20250223,13,88.5,63,114,48
20250223,14,154.3,103,211,48
20250223,15,79.8,60,97,48
20250223,16,9.1,1,29,48
20250223,17,71.8,30,141,48
20250223,18,70.3,52,88,48
20250224,1,0.0,0,0,48
20250224,2,1.9,1,3,48
20250224,3,11.9,4,24,48
20250224,4,10.7,8,14,48
20250224,5,81.5,50,176,48
20250224,6,58.1,14,128,48
20250224,7,86.0,15,234,48
20250224,8,45.7,18,104,48
20250224,9,115.5,45,240,48
20250224,10,62.6,7,164,48
20250224,11,203.2,49,344,48
20250224,12,151.8,75,246,48
20250224,13,109.9,65,179,48
20250224,14,160.4,95,198,48
20250224,15,92.1,50,162,48
20250224,16,4.7,3,7,48
20250224,17,51.5,3,113,48
20250224,18,79.6,43,141,48
20250225,1,23.3,0,125,48
20250225,2,15.3,3,62,48
20250225,3,48.4,4,72,48
20250225,4,17.3,10,45,48
20250225,5,132.0,65,223,48
20250225,6,86.2,6,170,48
20250225,7,265.4,69,362,48
20250225,8,118.3,11,190,48
20250225,9,194.0,70,287,48
20250225,10,142.6,36,219,48
20250225,11,238.6,64,366,48
20250225,12,225.9,106,314,48
20250225,13,187.2,102,254,48
20250225,14,207.5,146,293,48
20250225,15,154.7,73,218,48
20250225,16,15.6,3,58,48
20250225,17,193.8,34,316,48
20250225,18,143.6,63,204,48
20250226,1,272.5,139,358,48
20250226,2,69.3,42,133,48
20250226,3,90.9,55,130,48
20250226,4,24.4,15,47,48
20250226,5,179.4,120,265,48
20250226,6,139.5,58,234,48
20250226,7,307.2,139,365,48
20250226,8,192.4,107,267,48
20250226,9,242.1,118,328,48
20250226,10,132.9,66,183,48
20250226,11,272.4,87,349,48
20250226,12,249.4,187,300,48
20250226,13,181.6,136,237,48
20250226,14,196.6,146,272,48
20250226,15,183.2,145,236,48
20250226,16,109.6,27,171,48
20250226,17,238.4,104,317,48
20250226,18,179.4,137,229,48
20250227,1,152.1,0,267,48
20250227,2,62.2,9,118,48
20250227,3,109.8,71,137,48
20250227,4,18.5,12,27,48
20250227,5,168.4,105,229,48
20250227,6,146.8,76,256,48
20250227,7,351.4,309,389,48
20250227,8,203.2,109,285,48
20250227,9,214.0,144,294,48
20250227,10,119.5,43,192,48
20250227,11,300.1,116,387,48
20250227,12,264.7,180,322,48
20250227,13,170.7,95,235,48
20250227,14,208.7,127,284,48
20250227,15,182.0,120,242,48
20250227,16,77.1,24,132,48
20250227,17,304.8,173,384,48
20250227,18,179.7,124,237,48
20250228,1,73.0,0,192,48
20250228,2,36.8,2,95,48
20250228,3,111.4,76,143,48
20250228,4,19.8,15,26,48
20250228,5,227.6,159,275,48
20250228,6,163.2,85,247,48
20250228,7,368.9,302,392,48
20250228,8,235.4,158,298,48
20250228,9,294.6,235,341,48
20250228,10,198.0,124,276,48
20250228,11,298.3,91,392,48
20250228,12,273.2,206,332,48
20250228,13,218.7,183,293,48
20250228,14,218.7,177,302,48
20250228,15,216.8,173,260,48
20250228,16,59.5,1,113,48
20250228,17,330.5,250,388,48
20250228,18,208.3,164,240,48
20250301,1,6.0,0,39,48
20250301,2,9.5,3,22,48
20250301,3,86.1,43,123,48
20250301,4,20.6,18,25,48
20250301,5,186.4,132,259,48
20250301,6,95.4,39,196,48
20250301,7,359.6,257,392,48
20250301,8,179.8,107,260,48
20250301,9,250.1,142,343,48
20250301,10,198.8,142,264,48
20250301,11,226.6,25,386,48
20250301,12,213.9,123,270,48
20250301,13,168.2,99,215,48
20250301,14,158.5,93,205,48
20250301,15,174.4,105,234,48
20250301,16,30.0,2,72,48
20250301,17,272.7,192,349,48
20250301,18,165.2,103,223,48
20250302,1,0.0,0,0,48
20250302,2,2.5,1,5,48
20250302,3,33.0,14,58,48
20250302,4,18.0,13,25,48
20250302,5,116.2,88,145,48
20250302,6,72.2,20,123,48
20250302,7,337.7,188,392,48
20250302,8,92.1,32,183,48
20250302,9,170.9,89,224,48
20250302,10,190.7,134,235,48
20250302,11,188.5,17,319,48
20250302,12,165.6,84,225,48
20250302,13,171.8,109,242,48
20250302,14,170.3,98,270,48
20250302,15,138.5,79,179,48
20250302,16,2.1,1,5,48
20250302,17,180.8,86,310,48
20250302,18,126.2,71,165,48
20250303,1,0.8,0,18,48
20250303,2,2.2,1,10,48
20250303,3,33.7,6,59,48
20250303,4,15.4,11,17,48
20250303,5,145.1,93,248,48
20250303,6,73.0,16,182,48
20250303,7,350.9,228,392,48
20250303,8,150.6,41,230,48
20250303,9,216.8,120,323,48
20250303,10,211.6,149,297,48
20250303,11,228.0,37,387,48
20250303,12,221.4,147,305,48
20250303,13,215.8,155,282,48
20250303,14,224.9,151,355,48
20250303,15,167.9,113,244,48
20250303,16,2.8,1,21,48
20250303,17,281.6,148,366,48
20250303,18,158.9,104,230,48
20250304,1,0.1,0,1,48
20250304,2,1.3,1,3,48
20250304,3,12.3,2,27,48
20250304,4,12.0,7,16,48
20250304,5,108.8,53,155,48
20250304,6,71.6,14,156,48
20250304,7,272.2,14,392,48
20250304,8,91.6,15,182,48
20250304,9,154.6,53,271,48
20250304,10,153.9,45,254,48
20250304,11,237.5,38,363,48
20250304,12,186.0,98,282,48
20250304,13,188.7,117,291,48
20250304,14,237.1,119,371,48
20250304,15,139.4,64,209,48
20250304,16,1.1,0,3,48
20250304,17,176.8,16,325,48
20250304,18,126.7,54,193,48
20250305,1,0.0,0,0,48
20250305,2,2.8,0,22,48
20250305,3,7.7,1,27,48
20250305,4,8.2,5,15,48
20250305,5,87.9,45,149,48
20250305,6,85.4,12,186,48
20250305,7,134.9,18,375,48
20250305,8,56.8,20,142,48
20250305,9,110.9,38,162,48
20250305,10,104.5,33,167,48
20250305,11,227.8,15,350,48
20250305,12,161.4,66,231,48
20250305,13,168.9,92,258,48
20250305,14,235.8,92,356,48
20250305,15,113.6,50,174,48
20250305,16,2.1,0,17,48
20250305,17,77.4,11,249,48
20250305,18,97.6,42,159,48
20250306,1,0.0,0,2,48
20250306,2,1.8,1,13,48
20250306,3,12.6,1,37,48
20250306,4,11.6,7,18,48
20250306,5,98.3,58,133,48
20250306,6,43.9,4,124,48
20250306,7,161.4,40,333,48
20250306,8,56.2,20,119,48
20250306,9,141.3,68,214,48
20250306,10,86.3,8,192,48
20250306,11,184.2,12,306,48
20250306,12,180.8,94,276,48
20250306,13,144.4,55,204,48
20250306,14,173.2,88,262,48
20250306,15,106.2,59,152,48
20250306,16,1.6,1,12,48
20250306,17,99.6,27,191,48
20250306,18,94.0,52,137,48
20250307,1,151.3,0,343,48
20250307,2,56.3,2,137,48
20250307,3,83.6,7,165,48
20250307,4,63.6,16,126,48
20250307,5,181.6,58,270,48
20250307,6,153.3,16,267,48
20250307,7,241.7,87,361,48
20250307,8,183.2,29,269,48
20250307,9,221.4,77,317,48
20250307,10,97.2,5,160,48
20250307,11,247.8,126,371,48
20250307,12,222.0,116,308,48
20250307,13,156.4,55,226,48
20250307,14,171.1,83,242,48
20250307,15,165.1,61,226,48
20250307,16,66.4,1,165,48
20250307,17,223.5,20,348,48
20250307,18,158.9,52,218,48
20250308,1,82.9,0,282,48
20250308,2,22.4,4,86,48
20250308,3,63.4,32,90,48
20250308,4,33.5,23,63,48
20250308,5,128.0,57,193,48
20250308,6,84.6,29,176,48
20250308,7,243.8,88,328,48
20250308,8,126.6,61,208,48
20250308,9,131.7,56,270,48
20250308,10,102.3,48,161,48
20250308,11,147.3,21,273,48
20250308,12,172.1,95,253,48
20250308,13,107.7,81,165,48
20250308,14,109.8,64,172,48
20250308,15,111.6,66,171,48
20250308,16,50.0,3,135,48
20250308,17,226.3,76,300,48
20250308,18,112.9,64,169,48
20250309,1,36.3,0,174,48
20250309,2,44.4,10,96,48
20250309,3,113.8,58,169,48
20250309,4,62.7,27,133,48
20250309,5,215.6,133,325,48
20250309,6,124.1,52,260,48
20250309,7,325.8,249,376,48
20250309,8,236.8,152,330,48
20250309,9,247.2,152,371,48
20250309,10,161.7,110,232,48
20250309,11,216.3,38,360,48
20250309,12,177.4,109,265,48
20250309,13,147.5,103,235,48
20250309,14,148.7,97,246,48
20250309,15,166.8,108,251,48
20250309,16,142.3,50,189,48
20250309,17,299.0,231,359,48
20250309,18,173.8,122,247,48
20250310,1,8.5,0,32,48
20250310,2,5.9,1,24,48
20250310,3,32.5,14,73,48
20250310,4,18.4,9,33,48
20250310,5,157.6,102,222,48
20250310,6,45.3,10,99,48
20250310,7,356.8,283,384,48
20250310,8,193.8,87,295,48
20250310,9,266.9,148,338,48
20250310,10,152.1,25,234,48
20250310,11,277.5,190,363,48
20250310,12,243.5,151,293,48
20250310,13,177.1,47,240,48
20250310,14,188.4,73,275,48
20250310,15,172.3,85,211,48
20250310,16,7.6,2,34,48
20250310,17,261.1,171,363,48
20250310,18,160.2,84,198,48
20250311,1,25.3,0,165,48
20250311,2,14.3,1,98,48
20250311,3,89.8,21,127,48
20250311,4,26.5,9,55,48
20250311,5,161.6,75,287,48
20250311,6,98.1,21,237,48
20250311,7,340.7,286,382,48
20250311,8,211.2,83,286,48
20250311,9,239.0,99,346,48
20250311,10,103.6,23,223,48
20250311,11,247.1,67,379,48
20250311,12,208.2,123,289,48
20250311,13,147.4,52,230,48
20250311,14,176.1,70,246,48
20250311,15,162.6,82,237,48
20250311,16,9.0,1,44,48
20250311,17,277.4,157,365,48
20250311,18,154.7,80,222,48
20250312,1,5.5,0,28,48
20250312,2,3.7,1,12,48
20250312,3,78.4,39,120,48
20250312,4,18.1,10,39,48
20250312,5,159.1,106,240,48
20250312,6,127.8,63,186,48
20250312,7,362.8,316,384,48
20250312,8,180.4,96,252,48
20250312,9,260.6,210,321,48
20250312,10,158.8,60,244,48
20250312,11,270.1,168,372,48
20250312,12,241.6,188,321,48
20250312,13,204.8,120,274,48
20250312,14,244.5,161,338,48
20250312,15,185.9,132,249,48
20250312,16,4.1,1,20,48
20250312,17,273.5,183,345,48
20250312,18,173.0,121,232,48
20250313,1,197.1,0,286,48
20250313,2,83.3,4,137,48
20250313,3,119.6,43,177,48
20250313,4,52.4,26,89,48
20250313,5,215.2,142,280,48
20250313,6,213.3,57,332,48
20250313,7,356.0,318,382,48
20250313,8,253.8,125,330,48
20250313,9,308.3,217,376,48
20250313,10,193.4,107,272,48
20250313,11,298.5,181,380,48
20250313,12,242.2,193,298,48
20250313,13,208.4,148,272,48
20250313,14,219.0,174,291,48
20250313,15,217.0,156,272,48
20250313,16,132.5,3,224,48
20250313,17,326.9,242,380,48
20250313,18,214.8,146,270,48
20250314,1,250.5,143,354,48
20250314,2,95.4,56,115,48
20250314,3,137.4,82,165,48
20250314,4,48.6,16,95,48
20250314,5,228.2,156,282,48
20250314,6,272.4,194,334,48
20250314,7,366.0,332,392,48
20250314,8,286.9,234,318,48
20250314,9,332.4,279,359,48
20250314,10,227.0,178,284,48
20250314,11,302.6,173,374,48
20250314,12,232.6,160,325,48
20250314,13,221.3,160,307,48
20250314,14,222.0,157,349,48
20250314,15,236.2,184,267,48
20250314,16,142.5,62,220,48
20250314,17,355.1,312,389,48
20250314,18,234.2,191,260,48
20250315,1,206.1,147,316,48
20250315,2,91.7,58,126,48
20250315,3,97.2,72,141,48
20250315,4,61.7,36,103,48
20250315,5,202.0,171,263,48
20250315,6,189.2,122,264,48
20250315,7,339.9,297,370,48
20250315,8,226.4,178,267,48
20250315,9,264.7,214,309,48
20250315,10,148.5,108,188,48
20250315,11,217.4,41,358,48
20250315,12,159.3,116,199,48
20250315,13,142.4,121,170,48
20250315,14,141.8,121,170,48
20250315,15,173.2,137,209,48
20250315,16,135.8,98,182,48
20250315,17,320.3,256,364,48
20250315,18,178.8,143,214,48
20250316,1,193.3,147,226,48
20250316,2,74.4,38,110,48
20250316,3,88.7,44,123,48
20250316,4,52.0,28,79,48
20250316,5,189.7,156,217,48
20250316,6,153.3,103,196,48
20250316,7,339.9,265,376,48
20250316,8,217.7,177,260,48
20250316,9,271.3,238,308,48
20250316,10,162.5,113,200,48
20250316,11,214.8,48,380,48
20250316,12,164.6,105,246,48
20250316,13,145.4,117,196,48
20250316,14,146.4,116,205,48
20250316,15,171.7,139,209,48
20250316,16,116.8,92,156,48
20250316,17,315.3,235,369,48
20250316,18,175.4,143,210,48
20250317,1,165.5,0,301,48
20250317,2,48.3,6,110,48
20250317,3,104.2,45,143,48
20250317,4,49.8,20,79,48
20250317,5,175.4,120,229,48
20250317,6,172.6,85,227,48
20250317,7,329.0,269,351,48
20250317,8,232.0,109,284,48
20250317,9,273.2,163,330,48
20250317,10,161.4,94,217,48
20250317,11,282.8,215,368,48
20250317,12,199.9,145,301,48
20250317,13,160.4,111,202,48
20250317,14,163.5,113,226,48
20250317,15,182.1,125,220,48
20250317,16,113.9,26,174,48
20250317,17,294.6,198,333,48
20250317,18,182.7,122,220,48
20250318,1,143.5,28,266,48
20250318,2,44.2,7,133,48
20250318,3,68.9,44,97,48
20250318,4,23.2,12,43,48
20250318,5,164.3,102,217,48
20250318,6,106.3,35,170,48
20250318,7,282.6,163,341,48
20250318,8,164.9,79,219,48
20250318,9,206.4,79,302,48
20250318,10,115.7,64,162,48
20250318,11,171.1,27,346,48
20250318,12,156.4,64,235,48
20250318,13,135.7,102,183,48
20250318,14,144.2,101,194,48
20250318,15,139.4,78,200,48
20250318,16,66.7,39,126,48
20250318,17,235.9,133,302,48
20250318,18,139.0,79,193,48
20250319,1,344.9,269,366,48
20250319,2,141.0,69,190,48
20250319,3,130.3,93,177,48
20250319,4,54.6,21,89,48
20250319,5,238.8,170,323,48
20250319,6,218.1,128,344,48
20250319,7,362.3,317,381,48
20250319,8,287.2,212,354,48
20250319,9,327.0,248,379,48
20250319,10,195.0,142,272,48
20250319,11,272.3,153,373,48
20250319,12,202.9,120,279,48
20250319,13,177.1,133,248,48
20250319,14,172.3,126,234,48
20250319,15,214.2,159,273,48
20250319,16,227.9,143,277,48
20250319,17,345.0,289,382,48
20250319,18,224.3,173,280,48
20250320,1,234.1,20,364,48
20250320,2,96.8,9,186,48
20250320,3,94.7,5,135,48
20250320,4,35.4,10,59,48
20250320,5,200.8,59,272,48
20250320,6,171.3,43,250,48
20250320,7,332.2,233,385,48
20250320,8,233.3,37,321,48
20250320,9,278.2,63,371,48
20250320,10,178.8,24,266,48
20250320,11,220.2,66,341,48
20250320,12,177.6,91,250,48
20250320,13,156.9,55,212,48
20250320,14,156.0,62,208,48
20250320,15,183.8,59,250,48
20250320,16,140.2,4,247,48
20250320,17,301.0,134,382,48
20250320,18,187.1,60,254,48
20250321,1,4.6,0,43,48
20250321,2,3.0,1,20,48
20250321,3,20.2,6,45,48
20250321,4,8.7,7,13,48
20250321,5,78.8,59,110,48
20250321,6,27.9,5,56,48
20250321,7,237.2,145,295,48
20250321,8,42.4,28,65,48
20250321,9,84.8,45,148,48
20250321,10,63.9,13,115,48
20250321,11,154.0,59,220,48
20250321,12,104.8,71,138,48
20250321,13,70.8,44,96,48
20250321,14,76.6,44,93,48
20250321,15,66.9,52,90,48
20250321,16,5.6,1,13,48
20250321,17,119.1,67,160,48
20250321,18,64.6,51,84,48
20250322,1,0.0,0,0,48
20250322,2,4.3,1,13,48
20250322,3,39.8,2,88,48
20250322,4,21.4,10,31,48
20250322,5,121.7,71,219,48
20250322,6,66.7,1,201,48
20250322,7,317.4,245,380,48
20250322,8,126.8,27,256,48
20250322,9,186.8,100,338,48
20250322,10,130.9,26,226,48
20250322,11,231.6,124,347,48
20250322,12,146.8,98,211,48
20250322,13,118.1,54,181,48
20250322,14,120.2,61,169,48
20250322,15,124.0,67,200,48
20250322,16,17.4,1,64,48
20250322,17,225.3,101,358,48
20250322,18,119.5,69,195,48
20250323,1,71.4,0,283,48
20250323,2,19.9,2,107,48
20250323,3,56.2,11,111,48
20250323,4,30.3,16,70,48
20250323,5,178.8,76,263,48
20250323,6,168.7,27,274,48
20250323,7,308.1,184,366,48
20250323,8,192.6,56,297,48
20250323,9,253.8,137,333,48
20250323,10,166.9,64,236,48
20250323,11,226.8,116,367,48
20250323,12,174.5,121,239,48
20250323,13,156.8,96,220,48
20250323,14,157.6,101,218,48
20250323,15,163.3,89,226,48
20250323,16,80.9,2,229,48
20250323,17,261.5,114,350,48
20250323,18,160.7,81,230,48
20250324,1,96.3,0,227,48
20250324,2,58.5,1,135,48
20250324,3,90.7,18,147,48
20250324,4,18.6,9,31,48
20250324,5,205.8,132,304,48
20250324,6,195.7,58,296,48
20250324,7,353.9,162,385,48
20250324,8,219.8,76,300,48
20250324,9,272.0,172,361,48
20250324,10,162.5,88,274,48
20250324,11,254.8,55,386,48
20250324,12,211.4,140,293,48
20250324,13,188.4,130,271,48
20250324,14,197.0,137,264,48
20250324,15,191.9,143,262,48
20250324,16,54.0,2,163,48
20250324,17,333.1,105,381,48
20250324,18,185.8,129,243,48
20250325,1,27.8,0,172,48
20250325,2,13.6,1,58,48
20250325,3,59.4,3,147,48
20250325,4,23.0,10,73,48
20250325,5,228.3,143,339,48
20250325,6,147.8,39,287,48
20250325,7,283.1,105,388,48
20250325,8,195.4,81,331,48
20250325,9,279.8,180,380,48
20250325,10,170.6,90,241,48
20250325,11,288.6,79,387,48
20250325,12,218.1,154,282,48
20250325,13,200.7,156,234,48
20250325,14,208.3,159,262,48
20250325,15,187.5,141,256,48
20250325,16,45.4,1,164,48
20250325,17,264.6,81,383,48
20250325,18,176.1,125,253,48
20250326,1,61.6,0,218,48
20250326,2,30.0,1,111,48
20250326,3,74.7,12,126,48
20250326,4,20.5,9,31,48
20250326,5,216.3,119,300,48
20250326,6,119.2,11,192,48
20250326,7,345.3,162,388,48
20250326,8,184.4,56,285,48
20250326,9,273.8,146,362,48
20250326,10,178.9,84,259,48
20250326,11,278.4,157,388,48
20250326,12,195.4,108,269,48
20250326,13,178.4,110,263,48
20250326,14,182.6,117,266,48
20250326,15,185.7,110,236,48
20250326,16,30.5,1,117,48
20250326,17,268.7,58,381,48
20250326,18,174.7,104,226,48
20250327,1,5.0,0,30,48
20250327,2,3.2,0,21,48
20250327,3,21.0,7,42,48
20250327,4,8.3,5,13,48
20250327,5,103.2,36,180,48
20250327,6,34.3,8,71,48
20250327,7,189.7,93,329,48
20250327,8,50.1,14,101,48
20250327,9,155.6,55,248,48
20250327,10,144.2,92,191,48
20250327,11,200.3,28,391,48
20250327,12,134.2,55,246,48
20250327,13,144.2,91,216,48
20250327,14,153.1,91,230,48
20250327,15,109.1,53,163,48
20250327,16,10.2,1,35,48
20250327,17,104.5,8,214,48
20250327,18,97.3,46,150,48
20250328,1,0.0,0,0,48
20250328,2,1.2,1,7,48
20250328,3,14.8,2,39,48
20250328,4,8.9,7,12,48
20250328,5,74.3,36,160,48
20250328,6,36.7,6,108,48
20250328,7,159.0,62,354,48
20250328,8,39.9,12,105,48
20250328,9,95.9,37,227,48
20250328,10,116.6,55,204,48
20250328,11,162.5,38,303,48
20250328,12,134.4,62,225,48
20250328,13,123.1,85,195,48
20250328,14,136.0,95,185,48
20250328,15,88.7,45,164,48
20250328,16,4.2,1,10,48
20250328,17,80.2,23,199,48
20250328,18,78.5,39,148,48
20250329,1,0.0,0,0,48
20250329,2,1.0,0,8,48
20250329,3,17.8,6,39,48
20250329,4,6.8,3,10,48
20250329,5,82.0,48,125,48
20250329,6,22.2,3,56,48
20250329,7,158.6,52,354,48
20250329,8,49.0,11,88,48
20250329,9,104.1,47,146,48
20250329,10,106.3,50,160,48
20250329,11,138.6,17,224,48
20250329,12,123.6,57,160,48
20250329,13,104.5,55,136,48
20250329,14,111.9,60,149,48
20250329,15,85.8,42,118,48
20250329,16,2.3,0,8,48
20250329,17,63.0,11,154,48
20250329,18,74.5,35,107,48
20250330,1,28.0,0,99,46
20250330,2,9.6,1,51,46
20250330,3,30.9,1,103,46
20250330,4,18.2,9,50,46
20250330,5,95.5,39,216,46
20250330,6,84.9,25,227,46
20250330,7,149.5,36,379,46
20250330,8,85.1,19,239,46
20250330,9,113.9,28,285,46
20250330,10,89.1,40,199,46
20250330,11,129.7,12,314,46
20250330,12,112.1,47,199,46
20250330,13,94.0,55,169,46
20250330,14,111.2,73,167,46
20250330,15,89.2,42,191,46
20250330,16,31.5,1,121,46
20250330,17,116.8,17,365,46
20250330,18,84.5,35,194,46
20250331,1,122.1,4,261,48
20250331,2,61.5,5,124,48
20250331,3,107.3,44,170,48
20250331,4,23.0,14,44,48
20250331,5,234.1,151,308,48
20250331,6,153.2,64,239,48
20250331,7,352.1,291,389,48
20250331,8,235.3,179,304,48
20250331,9,289.1,201,354,48
20250331,10,210.1,175,243,48
20250331,11,201.2,12,348,48
20250331,12,191.9,106,296,48
20250331,13,189.9,142,279,48
20250331,14,186.4,134,309,48
20250331,15,197.3,142,252,48
20250331,16,87.3,7,176,48
20250331,17,324.5,277,379,48
20250331,18,193.9,144,246,48
20250401,1,12.1,0,60,48
20250401,2,8.8,2,24,48
20250401,3,37.2,10,103,48
20250401,4,27.1,15,39,48
20250401,5,117.6,48,209,48
20250401,6,33.9,4,107,48
20250401,7,204.0,74,350,48
20250401,8,96.2,15,238,48
20250401,9,172.5,31,345,48
20250401,10,137.3,34,215,48
20250401,11,133.9,11,276,48
20250401,12,135.1,50,252,48
20250401,13,131.2,55,237,48
20250401,14,130.5,60,255,48
20250401,15,113.3,49,202,48
20250401,16,18.8,1,72,48
20250401,17,146.2,21,323,48
20250401,18,106.0,44,191,48
20250402,1,0.0,0,0,48
20250402,2,4.3,1,10,48
20250402,3,27.7,10,61,48
20250402,4,30.4,9,51,48
20250402,5,79.5,42,133,48
20250402,6,24.5,5,63,48
20250402,7,112.8,43,231,48
20250402,8,51.8,15,120,48
20250402,9,90.7,20,199,48
20250402,10,67.1,12,122,48
20250402,11,109.2,9,259,48
20250402,12,117.8,68,187,48
20250402,13,88.7,54,134,48
20250402,14,109.4,73,141,48
20250402,15,72.7,38,135,48
20250402,16,17.2,6,31,48
20250402,17,65.2,21,160,48
20250402,18,66.6,37,121,48
20250403,1,0.9,0,4,48
20250403,2,6.3,2,15,48
20250403,3,27.9,14,49,48
20250403,4,29.8,14,44,48
20250403,5,99.5,61,142,48
20250403,6,51.6,13,124,48
20250403,7,109.9,8,293,48
20250403,8,67.3,30,133,48
20250403,9,110.5,39,208,48
20250403,10,78.5,22,122,48
20250403,11,135.4,24,225,48
20250403,12,126.5,61,191,48
20250403,13,101.6,61,156,48
20250403,14,123.4,83,198,48
20250403,15,82.1,48,125,48
20250403,16,28.5,3,114,48
20250403,17,118.0,46,184,48
20250403,18,79.2,45,117,48
20250404,1,0.0,0,0,48
20250404,2,11.0,2,49,48
20250404,3,20.3,3,56,48
20250404,4,32.3,20,48,48
20250404,5,94.4,49,164,48
20250404,6,44.8,10,94,48
20250404,7,164.5,58,251,48
20250404,8,45.5,17,91,48
20250404,9,91.3,24,176,48
20250404,10,73.3,8,175,48
20250404,11,132.6,28,307,48
20250404,12,121.3,67,209,48
20250404,13,95.8,44,175,48
20250404,14,117.2,66,206,48
20250404,15,78.6,36,139,48
20250404,16,13.8,1,43,48
20250404,17,109.1,28,208,48
20250404,18,74.1,33,128,48
20250405,1,0.0,0,0,48
20250405,2,2.2,1,3,48
20250405,3,8.3,1,28,48
20250405,4,18.2,13,23,48
20250405,5,109.5,88,139,48
20250405,6,47.8,12,72,48
20250405,7,115.6,51,219,48
20250405,8,48.4,31,74,48
20250405,9,89.8,44,142,48
20250405,10,60.0,0,118,48
20250405,11,93.9,13,189,48
20250405,12,106.6,58,153,48
20250405,13,75.8,20,139,48
20250405,14,91.6,47,153,48
20250405,15,67.5,34,108,48
20250405,16,10.0,1,22,48
20250405,17,95.8,30,174,48
20250405,18,63.9,35,99,48
20250406,1,6.0,0,42,48
20250406,2,4.1,2,10,48
20250406,3,26.9,2,76,48
20250406,4,14.5,7,26,48
20250406,5,131.7,90,208,48
20250406,6,73.4,10,188,48
20250406,7,187.3,99,366,48
20250406,8,105.1,56,227,48
20250406,9,151.6,63,298,48
20250406,10,102.6,68,160,48
20250406,11,139.2,16,325,48
20250406,12,129.4,59,231,48
20250406,13,108.7,70,174,48
20250406,14,113.8,65,207,48
20250406,15,102.6,56,183,48
20250406,16,16.9,1,42,48
20250406,17,163.5,62,328,48
20250406,18,98.0,55,176,48
20250407,1,231.8,3,321,48
20250407,2,37.3,9,86,48
20250407,3,97.3,37,159,48
20250407,4,40.0,22,91,48
20250407,5,221.2,158,288,48
20250407,6,151.1,39,312,48
20250407,7,314.2,206,388,48
20250407,8,212.4,116,296,48
20250407,9,286.4,162,351,48
20250407,10,166.6,91,241,48
20250407,11,240.5,78,384,48
20250407,12,203.6,85,306,48
20250407,13,189.4,125,273,48
20250407,14,203.4,119,307,48
20250407,15,188.4,108,265,48
20250407,16,129.0,36,180,48
20250407,17,280.5,149,360,48
20250407,18,188.6,113,262,48
20250408,1,343.1,251,374,48
20250408,2,86.0,25,162,48
20250408,3,116.5,71,150,48
20250408,4,35.0,21,61,48
20250408,5,230.6,174,301,48
20250408,6,184.2,103,297,48
20250408,7,352.0,266,390,48
20250408,8,249.9,147,314,48
20250408,9,308.6,198,359,48
20250408,10,184.4,141,238,48
20250408,11,240.8,66,356,48
20250408,12,214.1,99,293,48
20250408,13,212.9,142,274,48
20250408,14,227.2,143,314,48
20250408,15,206.8,131,257,48
20250408,16,197.8,119,249,48
20250408,17,337.5,222,385,48
20250408,18,213.7,137,260,48
20250409,1,304.7,233,356,48
20250409,2,84.5,45,126,48
20250409,3,90.4,52,130,48
20250409,4,33.1,24,43,48
20250409,5,177.9,117,230,48
20250409,6,160.1,90,228,48
20250409,7,341.4,267,383,48
20250409,8,220.7,140,280,48
20250409,9,265.8,184,318,48
20250409,10,148.9,116,184,48
20250409,11,207.0,45,338,48
20250409,12,195.2,88,262,48
20250409,13,170.0,125,199,48
20250409,14,177.3,130,212,48
20250409,15,179.4,119,218,48
20250409,16,129.2,60,177,48
20250409,17,317.6,227,379,48
20250409,18,183.5,122,222,48
20250410,1,106.5,0,281,48
20250410,2,41.9,2,105,48
20250410,3,77.1,32,123,48
20250410,4,25.4,16,40,48
20250410,5,158.9,108,195,48
20250410,6,130.0,31,229,48
20250410,7,336.0,235,389,48
20250410,8,165.0,71,251,48
20250410,9,230.2,125,304,48
20250410,10,171.5,118,254,48
20250410,11,168.7,21,316,48
20250410,12,176.0,70,249,48
20250410,13,179.0,118,242,48
20250410,14,185.5,116,250,48
20250410,15,162.5,95,211,48
20250410,16,48.2,2,141,48
20250410,17,264.5,132,357,48
20250410,18,158.0,90,208,48
20250411,1,0.4,0,5,48
20250411,2,8.0,2,36,48
20250411,3,75.1,36,146,48
20250411,4,30.1,18,83,48
20250411,5,169.0,116,267,48
20250411,6,100.1,22,283,48
20250411,7,321.3,166,391,48
20250411,8,151.6,72,277,48
20250411,9,213.1,106,329,48
20250411,10,171.7,138,220,48
20250411,11,217.4,42,376,48
20250411,12,188.4,98,267,48
20250411,13,181.1,101,251,48
20250411,14,188.1,89,294,48
20250411,15,158.4,93,244,48
20250411,16,29.8,2,108,48
20250411,17,241.3,72,376,48
20250411,18,150.6,84,237,48
20250412,1,0.1,0,1,48
20250412,2,4.2,1,11,48
20250412,3,35.4,8,88,48
20250412,4,13.5,7,20,48
20250412,5,126.6,75,171,48
20250412,6,57.2,7,112,48
20250412,7,226.6,79,362,48
20250412,8,94.0,26,178,48
20250412,9,148.9,47,233,48
20250412,10,114.6,43,204,48
20250412,11,196.4,45,316,48
20250412,12,157.2,60,229,48
20250412,13,131.6,53,207,48
20250412,14,138.8,66,206,48
20250412,15,111.1,45,174,48
20250412,16,26.4,1,77,48
20250412,17,174.7,58,277,48
20250412,18,106.7,42,170,48
20250413,1,0.0,0,0,48
20250413,2,2.4,1,4,48
20250413,3,18.5,2,47,48
20250413,4,11.3,6,16,48
20250413,5,119.5,89,159,48
20250413,6,30.4,8,50,48
20250413,7,195.1,89,353,48
20250413,8,64.5,30,119,48
20250413,9,139.3,84,249,48
20250413,10,96.8,34,154,48
20250413,11,139.5,8,243,48
20250413,12,140.3,85,233,48
20250413,13,107.0,66,180,48
20250413,14,112.2,70,187,48
20250413,15,93.1,66,149,48
20250413,16,6.3,1,26,48
20250413,17,121.8,66,198,48
20250413,18,86.2,61,139,48
20250414,1,0.0,0,0,48
20250414,2,3.6,3,6,48
20250414,3,34.6,10,113,48
20250414,4,15.5,13,20,48
20250414,5,116.3,73,156,48
20250414,6,62.4,7,154,48
20250414,7,157.0,38,336,48
20250414,8,75.3,19,191,48
20250414,9,151.2,60,255,48
20250414,10,123.8,93,150,48
20250414,11,182.5,42,324,48
20250414,12,166.0,83,275,48
20250414,13,151.3,102,201,48
20250414,14,172.2,106,241,48
20250414,15,116.9,62,187,48
20250414,16,8.0,2,35,48
20250414,17,103.0,19,265,48
20250414,18,104.3,53,174,48
20250415,1,5.0,0,19,48
20250415,2,11.3,2,24,48
20250415,3,75.6,13,118,48
20250415,4,20.1,14,36,48
20250415,5,193.0,112,248,48
20250415,6,133.5,17,254,48
20250415,7,326.3,158,383,48
20250415,8,195.8,52,282,48
20250415,9,256.7,137,330,48
20250415,10,166.0,51,233,48
20250415,11,231.7,120,341,48
20250415,12,202.9,144,254,48
20250415,13,180.0,83,226,48
20250415,14,185.0,99,222,48
20250415,15,170.4,82,216,48
20250415,16,96.8,15,160,48
20250415,17,263.8,79,370,48
20250415,18,169.4,75,217,48
20250416,1,0.0,0,0,48
20250416,2,1.5,1,3,48
20250416,3,19.1,2,60,48
20250416,4,12.4,7,21,48
20250416,5,102.5,70,137,48
20250416,6,42.1,2,116,48
20250416,7,133.1,57,286,48
20250416,8,48.1,24,103,48
20250416,9,102.5,36,202,48
20250416,10,46.5,16,115,48
20250416,11,137.2,38,295,48
20250416,12,133.0,65,199,48
20250416,13,78.6,33,147,48
20250416,14,114.3,50,195,48
20250416,15,78.5,37,142,48
20250416,16,2.1,1,15,48
20250416,17,76.6,25,195,48
20250416,18,70.6,33,130,48
20250417,1,3.9,0,20,48
20250417,2,7.4,1,31,48
20250417,3,60.0,5,138,48
20250417,4,17.2,8,44,48
20250417,5,156.6,94,255,48
20250417,6,108.3,5,304,48
20250417,7,299.1,92,384,48
20250417,8,162.3,21,297,48
20250417,9,229.1,105,326,48
20250417,10,142.4,55,258,48
20250417,11,184.7,49,325,48
20250417,12,199.6,116,285,48
20250417,13,188.8,84,288,48
20250417,14,209.3,109,298,48
20250417,15,158.9,76,251,48
20250417,16,38.4,1,159,48
20250417,17,225.3,52,354,48
20250417,18,151.2,67,248,48
20250418,1,2.9,0,10,48
20250418,2,6.9,2,14,48
20250418,3,18.7,7,54,48
20250418,4,24.2,14,40,48
20250418,5,125.3,81,168,48
20250418,6,29.1,11,61,48
20250418,7,173.4,50,358,48
20250418,8,76.2,21,237,48
20250418,9,149.6,78,286,48
20250418,10,92.0,16,215,48
20250418,11,111.5,41,173,48
20250418,12,151.6,90,234,48
20250418,13,136.7,52,228,48
20250418,14,165.8,94,230,48
20250418,15,103.7,54,182,48
20250418,16,29.6,2,126,48
20250418,17,111.9,26,314,48
20250418,18,96.5,47,186,48
20250419,1,0.0,0,0,48
20250419,2,2.1,1,4,48
20250419,3,10.0,2,30,48
20250419,4,12.9,9,20,48
20250419,5,126.0,88,210,48
20250419,6,29.4,12,66,48
20250419,7,132.5,30,328,48
20250419,8,62.5,20,158,48
20250419,9,130.0,52,254,48
20250419,10,65.7,13,130,48
20250419,11,140.8,29,293,48
20250419,12,127.9,79,228,48
20250419,13,92.3,45,157,48
20250419,14,109.1,72,172,48
20250419,15,83.9,54,143,48
20250419,16,2.8,1,8,48
20250419,17,104.2,34,271,48
20250419,18,76.4,49,137,48
20250420,1,1.9,0,5,48
20250420,2,4.7,1,9,48
20250420,3,54.1,4,133,48
20250420,4,11.8,9,17,48
20250420,5,183.8,155,214,48
20250420,6,49.6,12,139,48
20250420,7,282.4,167,386,48
20250420,8,154.1,97,273,48
20250420,9,217.0,112,323,48
20250420,10,144.3,29,198,48
20250420,11,222.2,32,371,48
20250420,12,192.2,110,282,48
20250420,13,161.0,86,254,48
20250420,14,164.4,89,267,48
20250420,15,146.5,96,215,48
20250420,16,42.9,3,94,48
20250420,17,238.0,105,358,48
20250420,18,142.3,95,209,48
20250421,1,16.2,0,65,48
20250421,2,5.3,1,13,48
20250421,3,36.9,4,90,48
20250421,4,10.0,8,13,48
20250421,5,217.6,177,272,48
20250421,6,97.1,17,206,48
20250421,7,275.8,140,376,48
20250421,8,183.8,91,266,48
20250421,9,295.2,261,356,48
20250421,10,202.2,155,248,48
20250421,11,230.7,56,381,48
20250421,12,251.1,227,290,48
20250421,13,224.2,186,257,48
20250421,14,224.8,175,252,48
20250421,15,194.9,163,245,48
20250421,16,19.9,2,69,48
20250421,17,209.6,100,344,48
20250421,18,177.1,147,232,48
20250422,1,16.2,0,72,48
20250422,2,4.2,2,9,48
20250422,3,86.4,39,144,48
20250422,4,12.1,9,25,48
20250422,5,205.6,172,243,48
20250422,6,134.9,27,223,48
20250422,7,325.4,236,379,48
20250422,8,223.5,114,278,48
20250422,9,285.6,206,334,48
20250422,10,166.0,120,212,48
20250422,11,229.8,89,337,48
20250422,12,217.6,110,296,48
20250422,13,202.8,129,269,48
20250422,14,214.5,125,286,48
20250422,15,189.6,135,227,48
20250422,16,46.8,9,81,48
20250422,17,294.4,180,362,48
20250422,18,182.6,133,221,48
20250423,1,199.6,1,313,48
20250423,2,26.6,2,120,48
20250423,3,89.2,15,131,48
20250423,4,18.4,11,58,48
20250423,5,212.8,154,272,48
20250423,6,139.6,4,296,48
20250423,7,349.0,248,391,48
20250423,8,244.9,95,325,48
20250423,9,295.1,214,341,48
20250423,10,185.6,117,243,48
20250423,11,252.9,101,381,48
20250423,12,234.4,154,289,48
20250423,13,229.2,189,263,48
20250423,14,241.5,194,273,48
20250423,15,209.7,166,258,48
20250423,16,89.9,1,168,48
20250423,17,295.9,146,379,48
20250423,18,203.6,149,256,48
20250424,1,15.7,0,263,48
20250424,2,8.2,2,48,48
20250424,3,93.7,49,125,48
20250424,4,14.9,12,31,48
20250424,5,198.4,157,249,48
20250424,6,109.4,27,197,48
20250424,7,368.7,322,390,48
20250424,8,251.2,144,332,48
20250424,9,279.6,209,331,48
20250424,10,129.3,72,208,48
20250424,11,246.9,96,382,48
20250424,12,230.4,185,282,48
20250424,13,193.3,123,243,48
20250424,14,220.1,131,276,48
20250424,15,186.1,138,234,48
20250424,16,68.3,1,143,48
20250424,17,320.6,248,370,48
20250424,18,183.4,138,221,48
20250425,1,1.8,0,10,48
20250425,2,1.8,1,5,48
20250425,3,61.9,27,100,48
20250425,4,11.4,9,15,48
20250425,5,189.6,164,236,48
20250425,6,52.3,17,122,48
20250425,7,325.7,243,382,48
20250425,8,156.9,100,236,48
20250425,9,255.1,166,301,48
20250425,10,177.5,141,202,48
20250425,11,214.6,69,335,48
20250425,12,229.9,153,290,48
20250425,13,221.8,168,280,48
20250425,14,232.3,172,299,48
20250425,15,178.7,134,217,48
20250425,16,1.5,1,4,48
20250425,17,229.6,142,349,48
20250425,18,163.9,121,203,48
20250426,1,2.7,0,34,48
20250426,2,2.2,0,12,48
20250426,3,35.4,1,70,48
20250426,4,9.4,5,15,48
20250426,5,159.9,92,205,48
20250426,6,36.5,12,137,48
20250426,7,313.0,101,387,48
20250426,8,143.9,43,201,48
20250426,9,235.5,121,300,48
20250426,10,149.4,97,223,48
20250426,11,182.3,49,385,48
20250426,12,197.0,101,270,48
20250426,13,162.6,107,225,48
20250426,14,162.3,107,225,48
20250426,15,149.6,102,181,48
20250426,16,1.9,1,7,48
20250426,17,219.3,69,333,48
20250426,18,137.8,90,168,48
20250427,1,0.0,0,0,48
20250427,2,1.2,1,2,48
20250427,3,8.1,2,24,48
20250427,4,8.2,5,18,48
20250427,5,101.7,75,130,48
20250427,6,17.1,1,84,48
20250427,7,187.9,77,357,48
20250427,8,39.5,16,61,48
20250427,9,159.9,83,217,48
20250427,10,119.3,45,174,48
20250427,11,125.5,7,258,48
20250427,12,157.4,95,212,48
20250427,13,127.7,78,189,48
20250427,14,127.2,80,213,48
20250427,15,95.4,54,138,48
20250427,16,1.5,1,5,48
20250427,17,100.3,50,209,48
20250427,18,84.7,49,127,48
20250428,1,36.4,0,141,48
20250428,2,13.4,1,42,48
20250428,3,59.1,10,154,48
20250428,4,13.4,8,22,48
20250428,5,163.0,93,244,48
20250428,6,107.8,14,227,48
20250428,7,309.5,127,389,48
20250428,8,165.3,35,295,48
20250428,9,214.3,106,311,48
20250428,10,165.5,98,237,48
20250428,11,187.4,30,361,48
20250428,12,226.4,128,350,48
20250428,13,185.8,117,265,48
20250428,14,184.0,112,267,48
20250428,15,160.9,92,247,48
20250428,16,25.5,1,101,48
20250428,17,244.9,33,378,48
20250428,18,152.6,79,244,48
20250429,1,238.6,64,342,48
20250429,2,73.3,12,160,48
20250429,3,114.5,70,173,48
20250429,4,17.5,10,43,48
20250429,5,179.3,132,230,48
20250429,6,142.3,37,281,48
20250429,7,320.4,161,390,48
20250429,8,227.4,104,326,48
20250429,9,243.0,121,318,48
20250429,10,169.6,102,236,48
20250429,11,215.8,48,360,48
20250429,12,255.5,127,335,48
20250429,13,191.0,103,254,48
20250429,14,195.2,100,260,48
20250429,15,190.5,102,248,48
20250429,16,122.9,55,202,48
20250429,17,303.6,106,388,48
20250429,18,191.1,103,251,48
20250430,1,217.3,88,329,48
20250430,2,89.6,42,165,48
20250430,3,98.1,63,133,48
20250430,4,12.0,10,14,48
20250430,5,175.7,150,212,48
20250430,6,184.8,65,299,48
20250430,7,333.0,207,392,48
20250430,8,212.0,118,281,48
20250430,9,238.1,142,314,48
20250430,10,153.7,87,231,48
20250430,11,222.2,51,352,48
20250430,12,256.1,144,332,48
20250430,13,178.5,110,240,48
20250430,14,182.5,108,246,48
20250430,15,186.9,115,236,48
20250430,16,106.9,12,162,48
20250430,17,310.9,197,389,48
20250430,18,187.1,119,233,48
20250501,1,97.1,0,198,48
20250501,2,50.5,3,107,48
20250501,3,59.3,31,112,48
20250501,4,18.0,12,34,48
20250501,5,157.9,117,195,48
20250501,6,99.4,20,210,48
20250501,7,337.0,110,391,48
20250501,8,169.5,59,268,48
20250501,9,217.0,98,305,48
20250501,10,161.0,120,217,48
20250501,11,229.6,58,362,48
20250501,12,241.3,113,338,48
20250501,13,166.0,93,225,48
20250501,14,165.4,79,234,48
20250501,15,168.6,94,219,48
20250501,16,26.4,2,57,48
20250501,17,301.1,115,382,48
20250501,18,163.2,91,211,48
20250502,1,62.0,0,151,48
20250502,2,30.5,1,79,48
20250502,3,44.4,16,87,48
20250502,4,17.2,9,30,48
20250502,5,146.6,94,206,48
20250502,6,58.9,10,156,48
20250502,7,302.4,153,382,48
20250502,8,132.9,60,223,48
20250502,9,181.1,92,297,48
20250502,10,137.1,70,213,48
20250502,11,207.4,13,383,48
20250502,12,226.8,120,318,48
20250502,13,156.3,104,222,48
20250502,14,165.8,106,236,48
20250502,15,145.4,79,214,48
20250502,16,17.9,3,35,48
20250502,17,242.6,91,352,48
20250502,18,138.7,76,203,48
20250503,1,7.9,0,23,48
20250503,2,5.1,0,13,48
20250503,3,21.5,12,35,48
20250503,4,14.3,7,25,48
20250503,5,100.8,58,157,48
20250503,6,31.2,11,64,48
20250503,7,142.4,95,325,48
20250503,8,50.3,31,101,48
20250503,9,119.1,67,236,48
20250503,10,72.5,16,193,48
20250503,11,113.0,7,325,48
20250503,12,135.0,80,277,48
20250503,13,105.3,53,162,48
20250503,14,120.1,81,160,48
20250503,15,84.7,47,151,48
20250503,16,2.0,0,14,48
20250503,17,69.6,38,168,48
20250503,18,74.1,42,137,48
20250504,1,0.0,0,0,48
20250504,2,2.3,1,7,48
20250504,3,36.2,22,49,48
20250504,4,16.0,9,27,48
20250504,5,78.8,61,97,48
20250504,6,39.8,18,75,48
20250504,7,178.7,105,254,48
20250504,8,66.3,48,91,48
20250504,9,92.5,58,118,48
20250504,10,36.6,8,80,48
20250504,11,90.0,8,225,48
20250504,12,113.0,73,152,48
20250504,13,76.1,50,97,48
20250504,14,110.8,89,133,48
20250504,15,68.6,43,92,48
20250504,16,1.9,1,9,48
20250504,17,150.8,48,206,48
20250504,18,67.0,45,91,48
20250505,1,21.5,0,146,48
20250505,2,10.9,4,26,48
20250505,3,57.6,25,112,48
20250505,4,16.7,10,31,48
20250505,5,102.6,58,182,48
20250505,6,82.3,34,177,48
20250505,7,188.6,56,365,48
20250505,8,126.0,65,225,48
20250505,9,148.5,86,261,48
20250505,10,64.2,0,144,48
20250505,11,134.7,15,274,48
20250505,12,141.5,99,193,48
20250505,13,93.0,48,155,48
20250505,14,112.2,82,160,48
20250505,15,95.4,63,169,48
20250505,16,96.1,1,153,48
20250505,17,142.5,36,329,48
20250505,18,98.7,65,177,48
20250506,1,189.1,104,340,48
20250506,2,16.8,5,91,48
20250506,3,80.7,57,126,48
20250506,4,22.1,11,52,48
20250506,5,159.8,123,229,48
20250506,6,110.3,44,209,48
20250506,7,330.5,244,382,48
20250506,8,209.8,129,285,48
20250506,9,233.3,142,326,48
20250506,10,129.9,50,185,48
20250506,11,187.4,39,373,48
20250506,12,174.3,94,232,48
20250506,13,150.0,112,195,48
20250506,14,156.9,102,209,48
20250506,15,149.4,100,208,48
20250506,16,125.0,77,172,48
20250506,17,296.4,175,372,48
20250506,18,157.7,104,216,48
20250507,1,313.2,241,359,48
20250507,2,58.9,6,122,48
20250507,3,113.5,54,173,48
20250507,4,66.6,14,133,48
20250507,5,174.5,130,230,48
20250507,6,129.1,31,245,48
20250507,7,342.7,270,388,48
20250507,8,243.1,146,311,48
20250507,9,268.5,168,338,48
20250507,10,138.9,75,187,48
20250507,11,240.6,77,370,48
20250507,12,202.5,114,261,48
20250507,13,167.2,111,205,48
20250507,14,177.7,114,227,48
20250507,15,176.9,109,224,48
20250507,16,147.1,83,200,48
20250507,17,316.4,211,381,48
20250507,18,184.0,113,227,48
20250508,1,318.9,270,349,48
20250508,2,110.5,53,163,48
20250508,3,123.8,96,182,48
20250508,4,85.3,24,156,48
20250508,5,177.1,140,231,48
20250508,6,131.1,72,252,48
20250508,7,327.0,262,379,48
20250508,8,248.8,178,331,48
20250508,9,285.5,212,347,48
20250508,10,159.1,94,211,48
20250508,11,223.5,87,351,48
20250508,12,199.7,136,264,48
20250508,13,161.6,131,189,48
20250508,14,163.0,122,199,48
20250508,15,186.3,139,239,48
20250508,16,169.7,142,192,48
20250508,17,293.6,224,363,48
20250508,18,191.6,146,241,48
20250509,1,79.5,0,313,48
20250509,2,37.2,5,183,48
20250509,3,101.3,50,157,48
20250509,4,50.8,12,115,48
20250509,5,167.4,120,228,48
20250509,6,129.5,17,248,48
20250509,7,320.9,120,383,48
20250509,8,213.3,70,315,48
20250509,9,221.5,69,351,48
20250509,10,114.1,46,204,48
20250509,11,179.9,26,305,48
20250509,12,169.9,74,236,48
20250509,13,130.9,85,186,48
20250509,14,141.0,81,197,48
20250509,15,151.4,75,203,48
20250509,16,81.0,15,159,48
20250509,17,296.2,75,375,48
20250509,18,154.1,76,207,48
20250510,1,26.7,0,73,48
20250510,2,6.6,1,13,48
20250510,3,51.4,29,98,48
20250510,4,12.0,7,25,48
20250510,5,132.9,86,221,48
20250510,6,48.5,11,97,48
20250510,7,245.5,40,380,48
20250510,8,104.5,50,157,48
20250510,9,135.5,46,259,48
20250510,10,71.4,20,163,48
20250510,11,143.2,17,305,48
20250510,12,132.5,63,216,48
20250510,13,93.0,40,140,48
20250510,14,108.3,53,152,48
20250510,15,97.0,52,143,48
20250510,16,21.0,2,56,48
20250510,17,209.9,8,353,48
20250510,18,96.7,45,136,48
20250511,1,5.1,0,60,48
20250511,2,3.8,1,15,48
20250511,3,43.9,23,84,48
20250511,4,14.2,5,53,48
20250511,5,99.7,66,156,48
20250511,6,27.1,14,61,48
20250511,7,184.2,74,352,48
20250511,8,85.0,57,112,48
20250511,9,117.9,82,168,48
20250511,10,55.8,12,108,48
20250511,11,162.0,40,297,48
20250511,12,128.9,78,170,48
20250511,13,77.4,44,136,48
20250511,14,95.0,47,163,48
20250511,15,84.6,65,123,48
20250511,16,22.4,0,57,48
20250511,17,126.9,36,311,48
20250511,18,80.9,60,125,48
20250512,1,0.5,0,2,48
20250512,2,2.9,1,4,48
20250512,3,39.9,16,77,48
20250512,4,11.9,9,17,48
20250512,5,104.6,75,130,48
20250512,6,67.5,9,134,48
20250512,7,324.4,213,384,48
20250512,8,122.9,57,196,48
20250512,9,138.8,63,213,48
20250512,10,66.5,34,110,48
20250512,11,201.3,84,314,48
20250512,12,166.2,109,214,48
20250512,13,126.0,88,177,48
20250512,14,166.4,115,233,48
20250512,15,108.0,70,144,48
20250512,16,42.8,4,77,48
20250512,17,258.6,129,377,48
20250512,18,111.4,75,149,48
20250513,1,2.4,0,9,48
20250513,2,4.6,2,12,48
20250513,3,37.4,14,71,48
20250513,4,8.9,6,15,48
20250513,5,127.0,96,185,48
20250513,6,41.9,10,106,48
20250513,7,269.7,70,382,48
20250513,8,132.0,61,205,48
20250513,9,183.2,76,280,48
20250513,10,75.5,46,128,48
20250513,11,207.2,50,347,48
20250513,12,174.6,97,246,48
20250513,13,116.9,78,181,48
20250513,14,146.2,96,213,48
20250513,15,112.0,57,156,48
20250513,16,77.2,16,145,48
20250513,17,213.9,51,306,48
20250513,18,115.1,63,154,48
20250514,1,0.0,0,1,48
20250514,2,2.1,1,4,48
20250514,3,24.4,10,60,48
20250514,4,8.8,4,22,48
20250514,5,111.9,67,147,48
20250514,6,38.6,20,81,48
20250514,7,183.4,17,358,48
20250514,8,103.2,43,162,48
20250514,9,156.7,53,273,48
20250514,10,38.9,13,79,48
20250514,11,196.8,41,384,48
20250514,12,139.1,61,219,48
20250514,13,74.8,37,135,48
20250514,14,101.7,55,171,48
20250514,15,91.9,41,136,48
20250514,16,16.7,3,33,48
20250514,17,142.0,8,301,48
20250514,18,87.9,36,132,48
20250515,1,0.2,0,1,48
20250515,2,1.6,1,3,48
20250515,3,38.1,8,65,48
20250515,4,7.2,4,10,48
20250515,5,104.8,43,218,48
20250515,6,49.0,13,157,48
20250515,7,274.8,71,379,48
20250515,8,144.8,54,228,48
20250515,9,169.3,83,289,48
20250515,10,41.4,12,97,48
20250515,11,196.6,57,338,48
20250515,12,140.9,78,205,48
20250515,13,81.1,34,147,48
20250515,14,116.0,57,183,48
20250515,15,97.1,61,163,48
20250515,16,36.2,13,91,48
20250515,17,237.2,68,342,48
20250515,18,100.3,58,162,48
20250516,1,0.2,0,2,48
20250516,2,2.2,1,7,48
20250516,3,36.9,4,68,48
20250516,4,6.5,3,11,48
20250516,5,74.0,30,122,48
20250516,6,33.3,3,85,48
20250516,7,257.9,75,367,48
20250516,8,99.2,23,181,48
20250516,9,115.0,28,210,48
20250516,10,33.4,5,65,48
20250516,11,148.1,13,346,48
20250516,12,124.2,43,202,48
20250516,13,78.4,28,136,48
20250516,14,116.0,56,185,48
20250516,15,74.8,22,116,48
20250516,16,44.3,5,97,48
20250516,17,214.3,22,338,48
20250516,18,81.1,27,123,48
20250517,1,0.0,0,0,48
20250517,2,1.6,1,3,48
20250517,3,37.9,13,70,48
20250517,4,8.3,6,13,48
20250517,5,75.1,39,110,48
20250517,6,28.2,6,66,48
20250517,7,225.1,73,380,48
20250517,8,99.1,24,219,48
20250517,9,141.1,65,227,48
20250517,10,47.1,4,121,48
20250517,11,167.6,20,329,48
20250517,12,125.1,67,190,48
20250517,13,79.8,27,154,48
20250517,14,99.1,36,196,48
20250517,15,88.2,34,124,48
20250517,16,9.5,1,22,48
20250517,17,144.2,13,362,48
20250517,18,83.9,31,130,48
20250518,1,0.0,0,0,48
20250518,2,1.0,1,1,48
20250518,3,43.1,20,101,48
20250518,4,6.6,5,9,48
20250518,5,89.3,65,139,48
20250518,6,43.3,7,131,48
20250518,7,241.4,82,385,48
20250518,8,96.4,31,226,48
20250518,9,167.7,84,277,48
20250518,10,80.7,11,163,48
20250518,11,154.2,18,321,48
20250518,12,140.5,69,228,48
20250518,13,99.3,48,187,48
20250518,14,104.5,55,196,48
20250518,15,99.3,46,178,48
20250518,16,6.0,1,20,48
20250518,17,161.0,24,355,48
20250518,18,93.7,40,172,48
20250519,1,0.8,0,7,48
20250519,2,2.2,0,12,48
20250519,3,49.5,6,108,48
20250519,4,9.3,6,12,48
20250519,5,143.0,97,226,48
20250519,6,80.5,11,271,48
20250519,7,334.8,262,386,48
20250519,8,177.0,89,259,48
20250519,9,251.8,128,313,48
20250519,10,134.6,67,193,48
20250519,11,215.0,24,367,48
20250519,12,168.6,91,237,48
20250519,13,146.3,88,196,48
20250519,14,148.1,85,200,48
20250519,15,143.3,80,202,48
20250519,16,47.4,15,125,48
20250519,17,283.3,206,378,48
20250519,18,143.6,83,202,48
20250520,1,1.6,0,7,48
20250520,2,5.3,2,17,48
20250520,3,81.7,28,118,48
20250520,4,8.1,6,13,48
20250520,5,155.3,110,246,48
20250520,6,124.2,29,225,48
20250520,7,338.8,249,385,48
20250520,8,201.9,111,261,48
20250520,9,247.2,124,319,48
20250520,10,143.1,109,201,48
20250520,11,204.3,29,371,48
20250520,12,182.8,80,298,48
20250520,13,164.5,101,238,48
20250520,14,173.3,97,252,48
20250520,15,152.0,78,227,48
20250520,16,104.0,72,144,48
20250520,17,321.3,224,378,48
20250520,18,158.8,88,223,48
20250521,1,0.0,0,0,48
20250521,2,1.9,0,4,48
20250521,3,48.4,17,93,48
20250521,4,9.9,8,12,48
20250521,5,111.3,81,148,48
20250521,6,72.3,13,164,48
20250521,7,336.2,240,386,48
20250521,8,127.3,42,236,48
20250521,9,165.3,62,288,48
20250521,10,129.4,54,187,48
20250521,11,192.3,37,352,48
20250521,12,171.6,85,263,48
20250521,13,161.7,86,216,48
20250521,14,181.6,119,246,48
20250521,15,123.5,64,193,48
20250521,16,41.2,3,115,48
20250521,17,270.6,154,372,48
20250521,18,125.3,66,193,48
20250522,1,0.0,0,0,48
20250522,2,1.9,0,5,48
20250522,3,47.3,13,76,48
20250522,4,11.4,5,17,48
20250522,5,90.6,72,116,48
20250522,6,53.7,10,144,48
20250522,7,288.5,165,382,48
20250522,8,109.3,34,178,48
20250522,9,151.0,93,221,48
20250522,10,120.7,60,174,48
20250522,11,123.5,9,273,48
20250522,12,142.3,94,206,48
20250522,13,131.1,106,152,48
20250522,14,138.2,109,169,48
20250522,15,105.8,73,150,48
20250522,16,10.0,1,49,48
20250522,17,239.1,104,355,48
20250522,18,105.4,69,149,48
20250523,1,2.1,0,10,48
20250523,2,4.3,0,16,48
20250523,3,54.6,16,72,48
20250523,4,12.6,7,24,48
20250523,5,121.4,85,194,48
20250523,6,88.3,28,182,48
20250523,7,278.7,95,388,48
20250523,8,123.5,51,184,48
20250523,9,180.5,129,242,48
20250523,10,117.0,40,171,48
20250523,11,142.5,27,252,48
20250523,12,172.3,121,229,48
20250523,13,126.7,61,162,48
20250523,14,134.5,85,172,48
20250523,15,117.9,73,148,48
20250523,16,60.4,26,106,48
20250523,17,222.1,53,353,48
20250523,18,119.3,73,149,48
20250524,1,0.0,0,0,48
20250524,2,0.7,0,1,48
20250524,3,6.1,3,17,48
20250524,4,8.0,6,11,48
20250524,5,55.3,42,90,48
20250524,6,30.6,17,46,48
20250524,7,57.2,24,165,48
20250524,8,35.0,22,51,48
20250524,9,111.7,86,144,48
20250524,10,39.8,20,92,48
20250524,11,134.8,73,223,48
20250524,12,133.5,102,176,48
20250524,13,49.3,25,79,48
20250524,14,49.3,29,96,48
20250524,15,59.0,45,74,48
20250524,16,14.0,10,24,48
20250524,17,17.6,4,101,48
20250524,18,51.7,38,70,48
20250525,1,0.0,0,0,48
20250525,2,0.3,0,4,48
20250525,3,17.1,5,37,48
20250525,4,6.6,3,10,48
20250525,5,39.7,26,72,48
20250525,6,34.2,22,54,48
20250525,7,14.1,0,36,48
20250525,8,31.7,17,54,48
20250525,9,95.8,58,157,48
20250525,10,35.3,16,68,48
20250525,11,113.4,5,254,48
20250525,12,122.1,62,180,48
20250525,13,52.0,22,89,48
20250525,14,52.4,24,87,48
20250525,15,54.3,32,84,48
20250525,16,0.6,0,12,48
20250525,17,17.4,6,43,48
20250525,18,47.0,27,74,48
20250526,1,0.0,0,0,48
20250526,2,0.3,0,1,48
20250526,3,14.7,7,28,48
20250526,4,7.1,5,13,48
20250526,5,40.3,29,58,48
20250526,6,12.7,2,30,48
20250526,7,19.8,3,48,48
20250526,8,20.1,8,40,48
20250526,9,71.9,47,107,48
20250526,10,29.3,9,62,48
20250526,11,162.4,50,312,48
20250526,12,117.3,65,180,48
20250526,13,59.9,28,93,48
20250526,14,97.0,54,141,48
20250526,15,53.6,36,75,48
20250526,16,7.2,1,13,48
20250526,17,19.3,7,39,48
20250526,18,47.0,31,66,48
20250527,1,0.0,0,0,48
20250527,2,0.7,0,2,48
20250527,3,30.9,10,81,48
20250527,4,9.4,3,17,48
20250527,5,88.8,36,187,48
20250527,6,42.8,3,136,48
20250527,7,150.0,22,274,48
20250527,8,88.9,19,185,48
20250527,9,136.3,61,223,48
20250527,10,66.4,11,138,48
20250527,11,187.3,122,246,48
20250527,12,162.6,121,215,48
20250527,13,106.6,23,180,48
20250527,14,128.7,49,185,48
20250527,15,94.4,47,142,48
20250527,16,2.4,0,17,48
20250527,17,132.3,19,284,48
20250527,18,88.2,41,139,48
20250528,1,0.1,0,1,48
20250528,2,2.0,0,5,48
20250528,3,25.4,9,58,48
20250528,4,16.2,11,22,48
20250528,5,124.8,88,176,48
20250528,6,37.5,8,130,48
20250528,7,195.6,35,366,48
20250528,8,91.4,41,160,48
20250528,9,154.6,98,266,48
20250528,10,106.4,30,192,48
20250528,11,157.1,33,319,48
20250528,12,154.7,92,231,48
20250528,13,133.3,90,200,48
20250528,14,139.5,103,205,48
20250528,15,109.7,76,184,48
20250528,16,1.6,0,6,48
20250528,17,145.9,8,272,48
20250528,18,101.3,70,172,48
20250529,1,0.0,0,0,48
20250529,2,2.7,2,4,48
20250529,3,13.3,3,26,48
20250529,4,22.0,16,28,48
20250529,5,46.5,31,92,48
20250529,6,15.8,4,36,48
20250529,7,29.0,8,49,48
20250529,8,17.9,8,37,48
20250529,9,49.8,21,132,48
20250529,10,32.1,1,94,48
20250529,11,120.8,18,291,48
20250529,12,90.2,49,155,48
20250529,13,58.6,20,122,48
20250529,14,90.7,50,138,48
20250529,15,48.0,24,94,48
20250529,16,3.8,1,13,48
20250529,17,8.1,1,20,48
20250529,18,41.0,21,78,48
20250530,1,0.8,0,3,48
20250530,2,3.2,1,8,48
20250530,3,30.2,11,81,48
20250530,4,17.0,13,26,48
20250530,5,78.5,33,154,48
20250530,6,60.3,6,208,48
20250530,7,162.3,25,386,48
20250530,8,87.2,21,226,48
20250530,9,117.9,40,259,48
20250530,10,85.3,11,161,48
20250530,11,170.5,21,383,48
20250530,12,139.0,89,239,48
20250530,13,112.8,40,220,48
20250530,14,134.5,79,252,48
20250530,15,92.6,47,186,48
20250530,16,20.3,1,90,48
20250530,17,131.4,1,342,48
20250530,18,88.6,44,187,48
20250531,1,0.0,0,0,48
20250531,2,1.7,0,4,48
20250531,3,16.2,1,41,48
20250531,4,13.3,7,20,48
20250531,5,86.9,40,141,48
20250531,6,32.6,2,111,48
20250531,7,80.9,19,364,48
20250531,8,46.2,5,111,48
20250531,9,117.6,47,240,48
20250531,10,104.1,31,157,48
20250531,11,185.4,48,382,48
20250531,12,150.6,65,233,48
20250531,13,128.4,51,195,48
20250531,14,139.4,63,223,48
20250531,15,94.0,40,153,48
20250531,16,9.9,0,29,48
20250531,17,38.0,4,208,48
20250531,18,81.8,36,139,48
20250601,1,0.0,0,0,48
20250601,2,1.3,1,2,48
20250601,3,14.8,4,27,48
20250601,4,14.0,10,19,48
20250601,5,46.2,28,70,48
20250601,6,10.7,2,29,48
20250601,7,87.0,15,151,48
20250601,8,22.3,6,54,48
20250601,9,69.5,29,135,48
20250601,10,44.7,14,85,48
20250601,11,182.0,21,354,48
20250601,12,143.1,68,201,48
20250601,13,83.5,51,136,48
20250601,14,108.5,66,168,48
20250601,15,64.3,35,92,48
20250601,16,1.6,1,8,48
20250601,17,39.7,10,102,48
20250601,18,56.2,30,80,48
20250602,1,0.0,0,0,48
20250602,2,2.3,0,14,48
20250602,3,16.4,1,44,48
20250602,4,7.3,2,21,48
20250602,5,69.5,39,106,48
20250602,6,32.6,9,60,48
20250602,7,178.8,69,338,48
20250602,8,39.9,16,87,48
20250602,9,101.9,52,150,48
20250602,10,88.4,35,158,48
20250602,11,150.4,28,306,48
20250602,12,123.2,53,174,48
20250602,13,115.9,74,158,48
20250602,14,147.4,81,263,48
20250602,15,81.6,50,109,48
20250602,16,2.5,0,14,48
20250602,17,116.2,46,228,48
20250602,18,76.2,47,100,48
20250603,1,0.0,0,0,48
20250603,2,0.3,0,1,48
20250603,3,16.0,3,28,48
20250603,4,5.1,1,15,48
20250603,5,81.9,46,141,48
20250603,6,12.1,1,26,48
20250603,7,64.9,17,251,48
20250603,8,23.1,9,49,48
20250603,9,89.3,37,188,48
20250603,10,23.9,2,69,48
20250603,11,132.4,14,286,48
20250603,12,128.7,65,218,48
20250603,13,84.0,37,150,48
20250603,14,150.1,80,214,48
20250603,15,66.7,32,119,48
20250603,16,0.4,0,2,48
20250603,17,29.0,8,105,48
20250603,18,57.6,28,100,48
20250604,1,0.0,0,0,48
20250604,2,0.9,0,3,48
20250604,3,15.5,5,41,48
20250604,4,10.4,2,29,48
20250604,5,133.7,87,187,48
20250604,6,19.2,1,71,48
20250604,7,90.6,32,162,48
20250604,8,36.3,8,83,48
20250604,9,151.9,87,234,48
20250604,10,64.3,19,103,48
20250604,11,192.2,43,323,48
20250604,12,143.3,66,213,48
20250604,13,126.4,67,191,48
20250604,14,164.0,97,241,48
20250604,15,95.4,51,142,48
20250604,16,0.5,0,2,48
20250604,17,39.4,0,103,48
20250604,18,81.8,44,125,48
20250605,1,0.4,0,4,48
20250605,2,4.8,3,15,48
20250605,3,48.1,11,119,48
20250605,4,36.7,27,59,48
20250605,5,128.0,93,174,48
20250605,6,79.5,6,219,48
20250605,7,167.0,65,306,48
20250605,8,99.3,37,192,48
20250605,9,133.1,83,211,48
20250605,10,86.5,11,165,48
20250605,11,196.4,41,336,48
20250605,12,152.4,93,219,48
20250605,13,114.1,48,194,48
20250605,14,129.4,60,222,48
20250605,15,108.0,78,172,48
20250605,16,7.4,2,39,48
20250605,17,138.4,35,317,48
20250605,18,100.4,69,169,48
20250606,1,1.4,0,4,48
20250606,2,6.0,3,10,48
20250606,3,49.2,13,119,48
20250606,4,36.5,23,58,48
20250606,5,132.0,86,175,48
20250606,6,83.3,40,138,48
20250606,7,182.8,65,372,48
20250606,8,106.1,54,196,48
20250606,9,148.7,72,270,48
20250606,10,107.9,36,180,48
20250606,11,170.0,11,331,48
20250606,12,134.2,60,238,48
20250606,13,122.7,72,206,48
20250606,14,127.7,78,215,48
20250606,15,112.5,69,187,48
20250606,16,8.9,2,34,48
20250606,17,152.8,19,307,48
20250606,18,105.5,63,179,48
20250607,1,4.6,0,20,48
20250607,2,8.0,2,25,48
20250607,3,53.1,20,84,48
20250607,4,31.7,15,70,48
20250607,5,180.1,137,205,48
20250607,6,114.8,25,173,48
20250607,7,244.4,85,371,48
20250607,8,128.3,41,217,48
20250607,9,193.5,141,239,48
20250607,10,146.9,80,220,48
20250607,11,215.8,65,376,48
20250607,12,159.7,110,198,48
20250607,13,147.2,106,189,48
20250607,14,147.0,100,186,48
20250607,15,140.0,97,172,48
20250607,16,22.1,2,70,48
20250607,17,208.6,24,331,48
20250607,18,133.4,82,172,48
20250608,1,0.0,0,0,48
20250608,2,1.6,1,3,48
20250608,3,24.9,2,65,48
20250608,4,21.6,8,53,48
20250608,5,127.9,88,194,48
20250608,6,43.5,11,69,48
20250608,7,126.7,38,281,48
20250608,8,72.1,37,126,48
20250608,9,143.0,70,260,48
20250608,10,99.3,19,191,48
20250608,11,156.8,22,337,48
20250608,12,122.5,56,204,48
20250608,13,104.3,33,190,48
20250608,14,112.0,57,185,48
20250608,15,97.8,61,172,48
20250608,16,1.6,1,5,48
20250608,17,77.1,21,179,48
20250608,18,86.5,55,151,48
20250609,1,0.4,0,3,48
20250609,2,3.1,1,15,48
20250609,3,32.9,3,105,48
20250609,4,16.9,9,34,48
20250609,5,151.3,80,193,48
20250609,6,70.9,15,141,48
20250609,7,191.8,43,279,48
20250609,8,100.6,27,169,48
20250609,9,181.2,85,238,48
20250609,10,125.8,38,207,48
20250609,11,223.8,114,345,48
20250609,12,180.9,119,239,48
20250609,13,151.3,61,201,48
20250609,14,167.0,94,224,48
20250609,15,132.1,65,177,48
20250609,16,3.6,1,30,48
20250609,17,132.0,26,238,48
20250609,18,120.0,57,161,48
20250610,1,2.5,0,19,48
20250610,2,6.2,2,30,48
20250610,3,48.3,6,157,48
20250610,4,32.0,15,61,48
20250610,5,125.9,54,236,48
20250610,6,78.7,13,259,48
20250610,7,165.5,28,391,48
20250610,8,105.3,31,295,48
20250610,9,141.6,59,314,48
20250610,10,110.5,12,274,48
20250610,11,164.3,36,384,48
20250610,12,157.0,79,317,48
20250610,13,115.5,42,226,48
20250610,14,127.3,81,201,48
20250610,15,112.4,56,247,48
20250610,16,19.7,2,116,48
20250610,17,142.2,15,385,48
20250610,18,105.8,50,243,48
20250611,1,0.1,0,2,48
20250611,2,1.5,0,5,48
20250611,3,50.4,13,96,48
20250611,4,15.5,12,27,48
20250611,5,157.1,104,199,48
20250611,6,89.2,21,183,48
20250611,7,314.7,195,390,48
20250611,8,167.8,69,256,48
20250611,9,188.7,76,259,48
20250611,10,128.4,14,223,48
20250611,11,193.3,30,391,48
20250611,12,188.8,47,300,48
20250611,13,150.9,55,234,48
20250611,14,162.0,72,243,48
20250611,15,141.4,63,209,48
20250611,16,24.5,0,78,48
20250611,17,284.8,94,382,48
20250611,18,140.5,60,204,48
20250612,1,0.0,0,0,48
20250612,2,0.0,0,0,48
20250612,3,14.4,2,39,48
20250612,4,14.0,7,30,48
20250612,5,113.8,74,164,48
20250612,6,39.1,10,75,48
20250612,7,289.7,200,358,48
20250612,8,71.8,33,139,48
20250612,9,112.6,51,188,48
20250612,10,87.1,10,173,48
20250612,11,173.4,56,273,48
20250612,12,147.4,81,215,48
20250612,13,111.6,37,222,48
20250612,14,143.3,67,310,48
20250612,15,97.0,66,164,48
20250612,16,2.0,0,12,48
20250612,17,143.1,44,248,48
20250612,18,92.0,61,152,48
20250613,1,0.0,0,0,48
20250613,2,1.7,0,3,48
20250613,3,33.3,4,91,48
20250613,4,15.9,11,29,48
20250613,5,159.2,98,210,48
20250613,6,32.7,2,121,48
20250613,7,278.2,154,384,48
20250613,8,102.7,18,263,48
20250613,9,183.5,90,270,48
20250613,10,140.0,97,201,48
20250613,11,190.5,28,328,48
20250613,12,215.7,84,309,48
20250613,13,159.2,83,217,48
20250613,14,155.3,65,214,48
20250613,15,136.2,71,200,48
20250613,16,2.9,0,22,48
20250613,17,193.7,99,375,48
20250613,18,126.8,67,192,48
20250614,1,0.3,0,3,48
20250614,2,3.6,1,6,48
20250614,3,20.9,3,45,48
20250614,4,21.7,13,53,48
20250614,5,114.2,90,149,48
20250614,6,23.5,3,74,48
20250614,7,159.3,60,325,48
20250614,8,61.1,26,118,48
20250614,9,130.9,54,188,48
20250614,10,77.3,1,174,48
20250614,11,154.9,12,327,48
20250614,12,145.0,67,253,48
20250614,13,88.3,23,159,48
20250614,14,108.8,51,160,48
20250614,15,89.8,41,143,48
20250614,16,6.9,1,33,48
20250614,17,121.6,34,271,48
20250614,18,83.5,38,131,48
20250615,1,0.0,0,0,48
20250615,2,1.9,1,5,48
20250615,3,13.8,0,40,48
20250615,4,16.4,7,30,48
20250615,5,118.3,74,172,48
20250615,6,20.3,2,64,48
20250615,7,116.5,19,324,48
20250615,8,52.2,35,90,48
20250615,9,146.7,92,232,48
20250615,10,95.4,19,151,48
20250615,11,187.3,19,348,48
20250615,12,168.5,94,246,48
20250615,13,121.4,60,192,48
20250615,14,139.6,74,215,48
20250615,15,101.4,67,160,48
20250615,16,1.8,1,4,48
20250615,17,66.9,21,192,48
20250615,18,88.7,58,144,48
20250616,1,0.0,0,0,48
20250616,2,1.7,1,4,48
20250616,3,9.0,2,26,48
20250616,4,14.8,9,18,48
20250616,5,113.1,86,138,48
20250616,6,34.3,8,71,48
20250616,7,247.5,71,373,48
20250616,8,59.7,22,126,48
20250616,9,146.9,70,210,48
20250616,10,105.5,42,169,48
20250616,11,187.4,32,348,48
20250616,12,155.5,63,268,48
20250616,13,118.7,68,178,48
20250616,14,127.5,54,209,48
20250616,15,103.5,66,137,48
20250616,16,5.6,1,23,48
20250616,17,146.0,18,270,48
20250616,18,96.8,61,133,48
20250617,1,0.0,0,0,48
20250617,2,1.1,1,2,48
20250617,3,17.8,1,55,48
20250617,4,12.8,8,17,48
20250617,5,120.8,78,182,48
20250617,6,38.2,3,105,48
20250617,7,211.2,71,386,48
20250617,8,67.1,14,212,48
20250617,9,139.8,55,247,48
20250617,10,108.9,51,186,48
20250617,11,189.2,17,383,48
20250617,12,155.4,52,269,48
20250617,13,132.4,80,231,48
20250617,14,142.8,55,268,48
20250617,15,106.8,51,189,48
20250617,16,1.5,1,6,48
20250617,17,144.4,53,334,48
20250617,18,98.5,47,180,48
20250618,1,0.2,0,2,48
20250618,2,1.8,1,5,48
20250618,3,28.7,3,81,48
20250618,4,14.7,10,19,48
20250618,5,156.9,111,219,48
20250618,6,132.6,44,243,48
20250618,7,318.1,182,392,48
20250618,8,138.8,44,273,48
20250618,9,192.4,96,301,48
20250618,10,158.0,95,203,48
20250618,11,206.4,23,389,48
20250618,12,214.1,77,337,48
20250618,13,153.2,89,233,48
20250618,14,133.8,49,222,48
20250618,15,148.1,82,229,48
20250618,16,16.8,1,84,48
20250618,17,243.2,75,389,48
20250618,18,142.2,79,225,48
20250619,1,1.6,0,4,48
20250619,2,3.5,1,8,48
20250619,3,48.4,19,77,48
20250619,4,15.2,11,19,48
20250619,5,159.1,120,197,48
20250619,6,47.5,16,106,48
20250619,7,320.5,194,392,48
20250619,8,159.2,44,267,48
20250619,9,230.3,112,299,48
20250619,10,162.5,97,238,48
20250619,11,186.7,23,368,48
20250619,12,227.3,106,339,48
20250619,13,167.4,96,220,48
20250619,14,168.3,84,233,48
20250619,15,154.9,92,211,48
20250619,16,24.2,1,88,48
20250619,17,292.8,160,389,48
20250619,18,152.8,90,211,48
20250620,1,0.0,0,0,48
20250620,2,1.7,1,3,48
20250620,3,27.1,8,57,48
20250620,4,15.5,12,19,48
20250620,5,130.3,95,166,48
20250620,6,71.5,6,186,48
20250620,7,244.4,96,346,48
20250620,8,84.4,32,186,48
20250620,9,183.8,118,237,48
20250620,10,138.9,55,213,48
20250620,11,177.4,37,315,48
20250620,12,182.1,104,249,48
20250620,13,149.6,101,196,48
20250620,14,155.5,91,213,48
20250620,15,124.9,83,176,48
20250620,16,8.5,1,42,48
20250620,17,201.1,105,340,48
20250620,18,119.1,80,172,48
20250621,1,0.0,0,0,48
20250621,2,1.3,0,3,48
20250621,3,19.1,6,38,48
20250621,4,11.8,5,19,48
20250621,5,101.6,77,137,48
20250621,6,73.0,10,149,48
20250621,7,207.0,111,361,48
20250621,8,60.4,23,121,48
20250621,9,132.3,99,181,48
20250621,10,87.3,27,149,48
20250621,11,181.6,73,300,48
20250621,12,144.8,99,183,48
20250621,13,93.5,43,142,48
20250621,14,99.1,64,173,48
20250621,15,96.0,69,128,48
20250621,16,1.1,0,2,48
20250621,17,121.2,63,237,48
20250621,18,88.8,66,122,48
20250622,1,0.0,0,1,48
20250622,2,1.3,1,3,48
20250622,3,3.8,0,14,48
20250622,4,12.8,7,20,48
20250622,5,74.0,48,98,48
20250622,6,14.7,1,38,48
20250622,7,124.0,59,214,48
20250622,8,19.6,8,36,48
20250622,9,84.3,48,119,48
20250622,10,27.3,7,72,48
20250622,11,158.5,29,331,48
20250622,12,97.9,52,148,48
20250622,13,56.0,31,116,48
20250622,14,96.0,41,200,48
20250622,15,58.6,34,93,48
20250622,16,3.6,1,11,48
20250622,17,46.4,21,70,48
20250622,18,52.3,30,82,48
20250623,1,0.0,0,0,48
20250623,2,1.7,1,3,48
20250623,3,5.1,2,11,48
20250623,4,17.0,7,24,48
20250623,5,57.3,29,87,48
20250623,6,12.9,2,43,48
20250623,7,135.6,24,318,48
20250623,8,13.9,5,36,48
20250623,9,66.2,25,123,48
20250623,10,70.5,24,121,48
20250623,11,137.5,17,254,48
20250623,12,96.4,40,151,48
20250623,13,89.6,48,140,48
20250623,14,125.0,77,188,48
20250623,15,65.3,46,103,48
20250623,16,16.0,1,25,48
20250623,17,37.5,7,111,48
20250623,18,57.5,36,93,48
20250624,1,0.0,0,0,48
20250624,2,2.0,1,5,48
20250624,3,4.1,0,19,48
20250624,4,20.8,12,35,48
20250624,5,77.4,50,129,48
20250624,6,12.0,1,47,48
20250624,7,97.0,4,299,48
20250624,8,27.1,8,76,48
20250624,9,87.3,41,156,48
20250624,10,60.8,37,90,48
20250624,11,129.0,30,273,48
20250624,12,111.4,81,170,48
20250624,13,84.3,57,113,48
20250624,14,120.5,69,162,48
20250624,15,67.6,44,104,48
20250624,16,2.1,1,13,48
20250624,17,61.0,0,215,48
20250624,18,60.5,37,100,48
20250625,1,4.3,0,23,48
20250625,2,4.1,1,10,48
20250625,3,37.9,10,67,48
20250625,4,16.8,14,21,48
20250625,5,171.8,123,206,48
20250625,6,104.8,5,224,48
20250625,7,353.2,243,379,48
20250625,8,192.7,68,289,48
20250625,9,231.5,126,300,48
20250625,10,140.7,51,189,48
20250625,11,227.8,61,377,48
20250625,12,221.2,141,309,48
20250625,13,183.8,91,244,48
20250625,14,220.9,137,297,48
20250625,15,165.0,97,207,48
20250625,16,31.7,1,96,48
20250625,17,315.1,182,354,48
20250625,18,163.3,102,203,48
20250626,1,1.5,0,21,48
20250626,2,1.9,1,8,48
20250626,3,7.3,1,30,48
20250626,4,16.8,9,24,48
20250626,5,129.2,65,181,48
20250626,6,29.4,2,67,48
20250626,7,135.9,6,348,48
20250626,8,42.9,13,72,48
20250626,9,150.4,70,233,48
20250626,10,49.5,0,124,48
20250626,11,180.2,11,371,48
20250626,12,157.3,59,292,48
20250626,13,76.7,17,172,48
20250626,14,89.6,10,218,48
20250626,15,88.9,35,149,48
20250626,16,1.8,1,5,48
20250626,17,72.2,0,212,48
20250626,18,79.5,30,135,48
20250627,1,0.0,0,0,48
20250627,2,2.4,1,20,48
20250627,3,2.8,1,8,48
20250627,4,10.5,7,17,48
20250627,5,88.8,54,122,48
20250627,6,38.4,2,84,48
20250627,7,142.8,55,287,48
20250627,8,24.2,10,50,48
20250627,9,113.1,67,153,48
20250627,10,57.5,27,86,48
20250627,11,157.4,8,340,48
20250627,12,111.9,55,178,48
20250627,13,90.2,39,162,48
20250627,14,118.3,30,263,48
20250627,15,73.3,37,107,48
20250627,16,15.3,1,36,48
20250627,17,59.5,26,103,48
20250627,18,66.4,34,97,48
20250628,1,0.0,0,0,48
20250628,2,1.0,1,1,48
20250628,3,3.5,0,7,48
20250628,4,14.4,10,21,48
20250628,5,109.8,80,183,48
20250628,6,17.0,0,57,48
20250628,7,78.5,3,214,48
20250628,8,18.8,5,39,48
20250628,9,124.3,68,213,48
20250628,10,40.4,14,101,48
20250628,11,178.9,39,343,48
20250628,12,126.6,59,196,48
20250628,13,65.5,32,140,48
20250628,14,81.9,39,183,48
20250628,15,70.1,36,126,48
20250628,16,3.4,1,18,48
20250628,17,40.6,3,124,48
20250628,18,61.4,31,111,48
20250629,1,0.2,0,4,48
20250629,2,1.3,1,3,48
20250629,3,21.6,2,62,48
20250629,4,12.6,8,19,48
20250629,5,144.5,99,228,48
20250629,6,46.5,4,130,48
20250629,7,261.3,51,391,48
20250629,8,76.8,18,198,48
20250629,9,159.9,84,251,48
20250629,10,136.5,53,196,48
20250629,11,214.6,48,381,48
20250629,12,157.2,67,259,48
20250629,13,122.5,81,229,48
20250629,14,126.9,48,272,48
20250629,15,117.7,78,195,48
20250629,16,1.9,1,20,48
20250629,17,173.0,20,364,48
20250629,18,109.9,70,186,48
20250630,1,100.4,0,187,48
20250630,2,31.4,2,57,48
20250630,3,48.0,26,69,48
20250630,4,27.4,18,44,48
20250630,5,139.0,92,172,48
20250630,6,98.5,25,198,48
20250630,7,288.0,92,390,48
20250630,8,110.0,54,199,48
20250630,9,166.1,77,232,48
20250630,10,126.4,89,172,48
20250630,11,209.7,23,379,48
20250630,12,188.4,70,261,48
20250630,13,154.9,87,200,48
20250630,14,179.8,83,286,48
20250630,15,139.3,77,186,48
20250630,16,30.6,2,66,48
20250630,17,201.5,44,346,48
20250630,18,133.0,71,183,48
20250701,1,87.1,0,254,48
20250701,2,8.1,4,26,48
20250701,3,67.7,54,89,48
20250701,4,27.4,17,46,48
20250701,5,187.5,123,239,48
20250701,6,156.2,65,261,48
20250701,7,356.9,294,390,48
20250701,8,223.4,163,255,48
20250701,9,257.9,173,313,48
20250701,10,155.2,106,213,48
20250701,11,230.4,56,384,48
20250701,12,229.2,122,328,48
20250701,13,177.8,115,262,48
20250701,14,196.2,113,299,48
20250701,15,179.9,139,235,48
20250701,16,70.6,34,96,48
20250701,17,340.1,278,379,48
20250701,18,180.5,143,231,48
20250702,1,28.1,0,103,48
20250702,2,4.1,2,7,48
20250702,3,53.8,30,81,48
20250702,4,18.0,12,25,48
20250702,5,159.1,114,211,48
20250702,6,95.9,19,189,48
20250702,7,334.6,234,386,48
20250702,8,184.8,91,256,48
20250702,9,221.6,115,314,48
20250702,10,186.7,67,250,48
20250702,11,199.0,21,367,48
20250702,12,205.5,75,316,48
20250702,13,182.8,88,279,48
20250702,14,200.8,124,326,48
20250702,15,163.2,90,229,48
20250702,16,57.5,2,104,48
20250702,17,300.6,182,376,48
20250702,18,163.1,93,227,48
20250703,1,37.0,0,148,48
20250703,2,12.5,1,40,48
20250703,3,19.6,4,38,48
20250703,4,18.3,15,22,48
20250703,5,115.5,79,167,48
20250703,6,38.4,10,98,48
20250703,7,248.5,50,381,48
20250703,8,61.5,14,146,48
20250703,9,159.3,83,235,48
20250703,10,148.2,64,204,48
20250703,11,159.8,10,372,48
20250703,12,136.6,40,240,48
20250703,13,135.8,72,224,48
20250703,14,132.4,66,268,48
20250703,15,108.4,58,174,48
20250703,16,44.6,2,78,48
20250703,17,162.3,25,300,48
20250703,18,105.9,52,170,48
20250704,1,0.0,0,0,48
20250704,2,3.9,1,17,48
20250704,3,6.1,2,15,48
20250704,4,26.1,16,39,48
20250704,5,90.8,46,135,48
20250704,6,19.0,3,68,48
20250704,7,84.9,8,173,48
20250704,8,27.7,7,68,48
20250704,9,136.9,51,225,48
20250704,10,121.4,45,196,48
20250704,11,150.0,13,332,48
20250704,12,113.1,28,234,48
20250704,13,113.2,44,187,48
20250704,14,111.7,37,189,48
20250704,15,84.7,30,135,48
20250704,16,22.1,5,68,48
20250704,17,43.1,3,107,48
20250704,18,75.5,27,127,48
20250705,1,0.0,0,0,48
20250705,2,1.5,1,3,48
20250705,3,2.4,1,14,48
20250705,4,17.6,14,25,48
20250705,5,109.7,75,161,48
20250705,6,6.9,1,31,48
20250705,7,66.4,8,316,48
20250705,8,25.3,11,81,48
20250705,9,131.4,81,207,48
20250705,10,35.1,0,87,48
20250705,11,192.7,104,305,48
20250705,12,137.3,97,185,48
20250705,13,58.9,35,101,48
20250705,14,79.7,48,136,48
20250705,15,72.2,54,95,48
20250705,16,1.6,1,8,48
20250705,17,35.5,1,206,48
20250705,18,62.1,45,93,48
20250706,1,0.0,0,0,48
20250706,2,2.8,1,5,48
20250706,3,5.1,2,14,48
20250706,4,19.6,15,25,48
20250706,5,149.0,116,190,48
20250706,6,17.5,1,53,48
20250706,7,211.9,61,374,48
20250706,8,95.9,47,172,48
20250706,9,230.5,143,286,48
20250706,10,164.1,1,241,48
20250706,11,219.0,83,360,48
20250706,12,149.2,80,210,48
20250706,13,120.6,37,190,48
20250706,14,87.5,53,126,48
20250706,15,120.1,81,163,48
20250706,16,49.7,2,89,48
20250706,17,139.1,51,313,48
20250706,18,114.4,75,163,48
20250707,1,0.0,0,0,48
20250707,2,1.6,1,3,48
20250707,3,4.1,0,11,48
20250707,4,17.4,7,33,48
20250707,5,91.1,49,142,48
20250707,6,21.4,5,78,48
20250707,7,149.7,26,366,48
20250707,8,42.8,9,99,48
20250707,9,132.9,77,199,48
20250707,10,77.8,29,172,48
20250707,11,154.1,32,345,48
20250707,12,97.0,41,163,48
20250707,13,78.7,39,153,48
20250707,14,78.4,51,130,48
20250707,15,73.3,36,128,48
20250707,16,17.7,4,61,48
20250707,17,96.8,17,256,48
20250707,18,69.2,32,125,48
20250708,1,11.2,0,47,48
20250708,2,5.8,2,13,48
20250708,3,20.3,4,51,48
20250708,4,24.0,16,34,48
20250708,5,121.9,71,200,48
20250708,6,72.4,10,183,48
20250708,7,171.4,40,380,48
20250708,8,83.6,23,186,48
20250708,9,149.4,65,287,48
20250708,10,104.8,37,219,48
20250708,11,163.0,13,357,48
20250708,12,125.4,45,259,48
20250708,13,95.5,49,198,48
20250708,14,82.6,50,154,48
20250708,15,96.0,51,192,48
20250708,16,25.7,2,46,48
20250708,17,161.0,32,363,48
20250708,18,93.6,51,188,48
20250709,1,24.4,0,71,48
20250709,2,8.8,2,23,48
20250709,3,32.8,10,54,48
20250709,4,21.2,15,27,48
20250709,5,201.3,162,246,48
20250709,6,95.8,15,253,48
20250709,7,332.3,138,389,48
20250709,8,161.6,78,257,48
20250709,9,248.4,157,319,48
20250709,10,165.8,126,226,48
20250709,11,210.8,34,379,48
20250709,12,190.7,82,306,48
20250709,13,144.1,78,225,48
20250709,14,132.8,72,198,48
20250709,15,159.0,104,225,48
20250709,16,14.6,2,55,48
20250709,17,276.6,102,387,48
20250709,18,152.8,97,218,48
20250710,1,105.6,41,186,48
20250710,2,50.8,15,95,48
20250710,3,35.9,19,66,48
20250710,4,24.8,15,31,48
20250710,5,186.3,165,216,48
20250710,6,100.1,17,216,48
20250710,7,323.1,79,392,48
20250710,8,168.5,57,253,48
20250710,9,243.5,108,307,48
20250710,10,150.9,54,210,48
20250710,11,204.5,24,346,48
20250710,12,198.4,55,296,48
20250710,13,149.2,65,227,48
20250710,14,142.8,68,219,48
20250710,15,154.7,76,214,48
20250710,16,43.6,3,118,48
20250710,17,307.9,106,386,48
20250710,18,155.6,75,216,48
20250711,1,181.5,113,274,48
20250711,2,76.5,51,101,48
20250711,3,45.8,33,65,48
20250711,4,28.7,23,34,48
20250711,5,171.1,136,214,48
20250711,6,124.1,38,194,48
20250711,7,334.7,235,391,48
20250711,8,175.5,89,241,48
20250711,9,253.2,136,307,48
20250711,10,169.4,105,214,48
20250711,11,207.3,36,357,48
20250711,12,182.4,63,285,48
20250711,13,156.4,92,231,48
20250711,14,139.7,89,225,48
20250711,15,158.0,93,204,48
20250711,16,84.9,36,164,48
20250711,17,327.1,216,388,48
20250711,18,163.4,100,209,48
20250712,1,123.6,0,219,48
20250712,2,36.1,6,80,48
20250712,3,39.7,27,58,48
20250712,4,34.4,25,44,48
20250712,5,150.1,112,195,48
20250712,6,84.8,19,166,48
20250712,7,220.8,29,378,48
20250712,8,112.7,40,194,48
20250712,9,198.6,58,308,48
20250712,10,133.9,44,195,48
20250712,11,177.9,23,341,48
20250712,12,150.2,43,266,48
20250712,13,117.6,71,196,48
20250712,14,110.1,71,185,48
20250712,15,125.8,60,186,48
20250712,16,57.3,17,95,48
20250712,17,201.2,56,379,48
20250712,18,124.6,57,187,48
20250713,1,0.0,0,0,48
20250713,2,8.5,3,15,48
20250713,3,21.1,4,55,48
20250713,4,42.2,33,50,48
20250713,5,154.3,110,226,48
20250713,6,56.4,6,163,48
20250713,7,270.0,107,384,48
20250713,8,91.8,36,186,48
20250713,9,189.7,89,293,48
20250713,10,137.3,59,218,48
20250713,11,151.7,12,369,48
20250713,12,133.6,36,233,48
20250713,13,115.7,65,223,48
20250713,14,108.4,64,219,48
20250713,15,114.6,63,187,48
20250713,16,26.9,10,89,48
20250713,17,212.8,79,330,48
20250713,18,112.5,60,181,48
20250714,1,0.0,0,0,48
20250714,2,3.4,2,15,48
20250714,3,11.3,1,28,48
20250714,4,33.0,25,48,48
20250714,5,154.5,105,185,48
20250714,6,22.4,6,49,48
20250714,7,201.9,17,368,48
20250714,8,51.0,18,106,48
20250714,9,169.1,60,249,48
20250714,10,68.8,5,169,48
20250714,11,159.9,22,324,48
20250714,12,145.0,70,228,48
20250714,13,89.5,42,163,48
20250714,14,101.8,63,148,48
20250714,15,95.7,43,146,48
20250714,16,5.3,2,13,48
20250714,17,127.6,15,241,48
20250714,18,88.7,38,136,48
20250715,1,5.9,0,70,48
20250715,2,11.1,6,25,48
20250715,3,16.8,2,58,48
20250715,4,34.7,23,48,48
20250715,5,145.6,107,200,48
20250715,6,30.4,7,96,48
20250715,7,183.6,78,308,48
20250715,8,60.1,26,151,48
20250715,9,128.2,77,187,48
20250715,10,42.6,7,92,48
20250715,11,122.1,7,267,48
20250715,12,103.2,40,164,48
20250715,13,64.8,52,93,48
20250715,14,77.1,43,96,48
20250715,15,77.6,50,105,48
20250715,16,24.0,4,70,48
20250715,17,115.8,45,217,48
20250715,18,74.8,46,109,48
20250716,1,215.3,9,344,48
20250716,2,19.1,9,68,48
20250716,3,44.9,10,86,48
20250716,4,29.2,25,38,48
20250716,5,180.8,142,242,48
20250716,6,117.4,18,248,48
20250716,7,301.4,114,391,48
20250716,8,174.1,54,274,48
20250716,9,227.4,92,326,48
20250716,10,125.2,3,244,48
20250716,11,193.3,51,375,48
20250716,12,154.9,77,262,48
20250716,13,114.9,44,223,48
20250716,14,108.1,73,176,48
20250716,15,138.4,74,219,48
20250716,16,118.6,9,219,48
20250716,17,264.8,69,389,48
20250716,18,144.6,69,230,48
20250717,1,164.4,22,316,48
20250717,2,32.3,12,71,48
20250717,3,40.3,12,71,48
20250717,4,26.1,20,30,48
20250717,5,177.3,149,206,48
20250717,6,76.3,14,178,48
20250717,7,354.5,282,386,48
20250717,8,178.3,105,230,48
20250717,9,273.4,183,312,48
20250717,10,195.1,152,237,48
20250717,11,232.3,88,351,48
20250717,12,218.8,127,295,48
20250717,13,173.2,127,221,48
20250717,14,143.5,106,216,48
20250717,15,171.6,129,197,48
20250717,16,82.6,9,167,48
20250717,17,316.5,202,376,48
20250717,18,173.0,126,205,48
20250718,1,47.8,0,131,48
20250718,2,23.5,3,67,48
20250718,3,33.6,11,71,48
20250718,4,24.9,15,42,48
20250718,5,183.6,157,210,48
20250718,6,75.6,14,212,48
20250718,7,354.8,268,390,48
20250718,8,163.9,99,244,48
20250718,9,248.4,181,295,48
20250718,10,135.8,95,182,48
20250718,11,231.5,88,368,48
20250718,12,202.9,87,300,48
20250718,13,142.6,110,208,48
20250718,14,134.7,89,223,48
20250718,15,155.5,118,184,48
20250718,16,39.3,3,99,48
20250718,17,286.4,154,385,48
20250718,18,152.5,115,183,48
20250719,1,0.1,0,2,48
20250719,2,5.0,1,9,48
20250719,3,55.1,19,76,48
20250719,4,18.9,15,29,48
20250719,5,189.8,126,272,48
20250719,6,88.2,42,154,48
20250719,7,276.5,101,390,48
20250719,8,167.4,96,243,48
20250719,9,240.0,102,328,48
20250719,10,107.4,34,172,48
20250719,11,228.1,80,333,48
20250719,12,215.4,142,254,48
20250719,13,134.8,87,167,48
20250719,14,138.6,94,167,48
20250719,15,147.1,94,186,48
20250719,16,59.5,1,165,48
20250719,17,265.6,44,387,48
20250719,18,147.3,88,177,48
20250720,1,1.8,0,15,48
20250720,2,4.6,2,15,48
20250720,3,23.3,2,64,48
20250720,4,15.5,10,20,48
20250720,5,227.1,163,302,48
20250720,6,70.2,31,163,48
20250720,7,124.6,38,283,48
20250720,8,115.0,73,203,48
20250720,9,194.8,92,329,48
20250720,10,81.4,29,114,48
20250720,11,206.9,56,373,48
20250720,12,192.1,123,272,48
20250720,13,125.4,98,154,48
20250720,14,135.2,110,171,48
20250720,15,131.1,90,192,48
20250720,16,15.5,2,39,48
20250720,17,111.9,36,243,48
20250720,18,118.4,81,181,48
20250721,1,192.3,0,317,48
20250721,2,56.0,2,100,48
20250721,3,40.9,31,63,48
20250721,4,19.4,12,26,48
20250721,5,206.7,156,265,48
20250721,6,94.1,41,157,48
20250721,7,322.8,232,383,48
20250721,8,169.2,113,206,48
20250721,9,274.8,193,339,48
20250721,10,139.3,41,199,48
20250721,11,198.0,68,356,48
20250721,12,178.8,140,246,48
20250721,13,122.9,88,172,48
20250721,14,111.1,92,143,48
20250721,15,155.1,126,201,48
20250721,16,80.6,2,150,48
20250721,17,279.9,133,334,48
20250721,18,156.8,123,197,48
20250722,1,94.2,0,201,48
20250722,2,28.0,1,70,48
20250722,3,15.9,1,33,48
20250722,4,14.2,10,18,48
20250722,5,211.0,164,260,48
20250722,6,72.2,36,105,48
20250722,7,342.8,263,382,48
20250722,8,172.8,128,215,48
20250722,9,301.4,246,335,48
20250722,10,142.4,39,207,48
20250722,11,224.6,81,367,48
20250722,12,175.4,103,274,48
20250722,13,117.2,96,172,48
20250722,14,100.8,81,127,48
20250722,15,158.4,133,199,48
20250722,16,27.0,1,68,48
20250722,17,290.2,253,339,48
20250722,18,153.7,134,191,48
20250723,1,2.5,0,8,48
20250723,2,9.6,2,19,48
20250723,3,20.8,2,43,48
20250723,4,27.4,12,44,48
20250723,5,192.1,140,248,48
20250723,6,47.7,1,124,48
20250723,7,342.4,292,385,48
20250723,8,150.9,96,212,48
20250723,9,262.2,210,304,48
20250723,10,178.4,108,218,48
20250723,11,232.1,59,371,48
20250723,12,191.2,121,267,48
20250723,13,148.4,107,214,48
20250723,14,131.5,85,210,48
20250723,15,152.5,130,184,48
20250723,16,72.6,18,136,48
20250723,17,262.1,205,330,48
20250723,18,152.4,133,187,48
20250724,1,55.6,0,218,48
20250724,2,23.4,5,54,48
20250724,3,45.9,9,92,48
20250724,4,41.2,19,62,48
20250724,5,170.2,114,260,48
20250724,6,113.1,28,219,48
20250724,7,319.3,187,387,48
20250724,8,165.5,116,245,48
20250724,9,217.4,132,333,48
20250724,10,114.9,65,158,48
20250724,11,211.0,48,352,48
20250724,12,174.0,113,250,48
20250724,13,110.1,71,152,48
20250724,14,105.4,66,138,48
20250724,15,133.7,100,203,48
20250724,16,94.5,49,145,48
20250724,17,281.6,141,377,48
20250724,18,140.1,102,207,48
20250725,1,85.3,24,159,48
20250725,2,31.4,10,60,48
20250725,3,42.0,22,66,48
20250725,4,25.0,17,34,48
20250725,5,180.1,102,259,48
20250725,6,79.8,20,197,48
20250725,7,272.3,97,387,48
20250725,8,130.8,40,207,48
20250725,9,262.8,145,343,48
20250725,10,148.9,77,198,48
20250725,11,181.3,26,336,48
20250725,12,183.4,72,291,48
20250725,13,136.3,85,175,48
20250725,14,121.0,66,158,48
20250725,15,149.3,83,199,48
20250725,16,17.1,8,54,48
20250725,17,226.6,65,371,48
20250725,18,142.8,79,191,48
20250726,1,35.6,0,133,48
20250726,2,15.1,1,59,48
20250726,3,32.6,12,51,48
20250726,4,33.1,14,44,48
20250726,5,166.7,123,239,48
20250726,6,46.5,8,119,48
20250726,7,256.0,167,372,48
20250726,8,112.1,46,154,48
20250726,9,243.0,139,319,48
20250726,10,129.2,46,187,48
20250726,11,166.2,24,291,48
20250726,12,160.3,96,231,48
20250726,13,120.7,91,168,48
20250726,14,117.3,79,158,48
20250726,15,131.3,70,178,48
20250726,16,12.5,1,32,48
20250726,17,195.9,109,310,48
20250726,18,123.6,70,164,48
20250727,1,0.0,0,0,48
20250727,2,3.2,1,10,48
20250727,3,17.5,7,30,48
20250727,4,21.3,8,41,48
20250727,5,183.1,123,227,48
20250727,6,32.3,5,104,48
20250727,7,265.7,78,382,48
20250727,8,109.1,73,172,48
20250727,9,248.7,174,327,48
20250727,10,121.0,44,160,48
20250727,11,180.5,53,284,48
20250727,12,157.8,103,219,48
20250727,13,122.2,82,165,48
20250727,14,122.1,81,170,48
20250727,15,127.4,97,175,48
20250727,16,7.9,1,29,48
20250727,17,203.9,78,333,48
20250727,18,119.4,87,168,48
20250728,1,79.9,0,270,48
20250728,2,18.5,4,59,48
20250728,3,28.5,6,65,48
20250728,4,29.5,21,41,48
20250728,5,160.9,107,241,48
20250728,6,67.3,6,215,48
20250728,7,295.6,171,370,48
20250728,8,135.7,81,222,48
20250728,9,231.5,177,331,48
20250728,10,118.6,36,212,48
20250728,11,162.9,27,298,48
20250728,12,156.4,100,213,48
20250728,13,116.8,79,164,48
20250728,14,119.1,91,149,48
20250728,15,128.2,93,203,48
20250728,16,31.3,10,78,48
20250728,17,265.2,174,365,48
20250728,18,128.9,95,202,48
20250729,1,320.3,228,373,48
20250729,2,65.0,12,112,48
20250729,3,52.8,37,73,48
20250729,4,32.8,25,46,48
20250729,5,179.5,145,231,48
20250729,6,141.2,57,216,48
20250729,7,338.4,255,383,48
20250729,8,206.2,146,266,48
20250729,9,301.2,263,347,48
20250729,10,170.1,103,216,48
20250729,11,214.9,64,336,48
20250729,12,199.8,150,246,48
20250729,13,170.4,109,225,48
20250729,14,167.6,113,214,48
20250729,15,178.1,142,212,48
20250729,16,123.7,52,165,48
20250729,17,315.0,245,367,48
20250729,18,182.6,151,214,48
20250730,1,235.4,54,330,48
20250730,2,60.9,13,99,48
20250730,3,40.5,18,64,48
20250730,4,35.4,27,56,48
20250730,5,157.7,131,204,48
20250730,6,77.0,43,139,48
20250730,7,332.9,245,384,48
20250730,8,152.2,81,218,48
20250730,9,244.4,187,285,48
20250730,10,154.2,95,197,48
20250730,11,165.5,28,303,48
20250730,12,166.6,110,242,48
20250730,13,167.6,129,206,48
20250730,14,172.0,113,243,48
20250730,15,151.9,120,185,48
20250730,16,55.9,7,102,48
20250730,17,296.6,213,371,48
20250730,18,153.5,117,180,48
20250731,1,81.9,5,150,48
20250731,2,31.7,6,60,48
20250731,3,25.8,10,47,48
20250731,4,33.7,27,40,48
20250731,5,146.1,116,193,48
20250731,6,47.2,23,80,48
20250731,7,336.2,265,372,48
20250731,8,94.6,47,135,48
20250731,9,181.3,104,273,48
20250731,10,107.9,37,196,48
20250731,11,161.5,37,277,48
20250731,12,151.4,79,207,48
20250731,13,142.5,100,188,48
20250731,14,158.4,111,220,48
20250731,15,120.2,76,155,48
20250731,16,14.1,4,33,48
20250731,17,258.2,188,326,48
20250731,18,120.0,79,150,48
20250801,1,10.7,0,70,48
20250801,2,9.5,4,18,48
20250801,3,21.7,8,40,48
20250801,4,34.2,18,51,48
20250801,5,94.1,71,136,48
20250801,6,48.1,23,86,48
20250801,7,258.4,185,349,48
20250801,8,64.1,44,96,48
20250801,9,111.5,67,178,48
20250801,10,50.6,12,102,48
20250801,11,116.3,14,288,48
20250801,12,96.9,61,144,48
20250801,13,85.6,57,113,48
20250801,14,109.3,87,147,48
20250801,15,75.3,53,96,48
20250801,16,9.7,2,37,48
20250801,17,182.7,111,316,48
20250801,18,77.1,55,103,48
20250802,1,60.1,0,203,48
20250802,2,13.2,1,30,48
20250802,3,26.2,15,41,48
20250802,4,26.4,10,41,48
20250802,5,107.6,72,177,48
20250802,6,40.6,22,88,48
20250802,7,229.1,106,348,48
20250802,8,70.4,47,122,48
20250802,9,129.8,67,259,48
20250802,10,73.7,1,158,48
20250802,11,108.5,17,227,48
20250802,12,97.0,54,179,48
20250802,13,92.4,53,134,48
20250802,14,104.2,84,131,48
20250802,15,83.0,59,143,48
20250802,16,17.8,4,31,48
20250802,17,170.8,99,240,48
20250802,18,82.9,59,138,48
20250803,1,0.5,0,5,48
20250803,2,2.5,1,9,48
20250803,3,21.4,2,60,48
20250803,4,11.6,7,17,48
20250803,5,142.8,92,243,48
20250803,6,57.3,18,169,48
20250803,7,221.2,107,378,48
20250803,8,81.7,30,203,48
20250803,9,153.5,78,285,48
20250803,10,92.3,23,156,48
20250803,11,155.3,19,293,48
20250803,12,105.5,57,160,48
20250803,13,114.3,91,138,48
20250803,14,115.9,89,145,48
20250803,15,98.4,66,169,48
20250803,16,17.5,1,110,48
20250803,17,144.9,37,352,48
20250803,18,93.2,61,171,48
20250804,1,0.0,0,1,48
20250804,2,3.4,0,14,48
20250804,3,18.5,3,42,48
20250804,4,9.6,4,14,48
20250804,5,105.5,65,199,48
20250804,6,45.9,20,94,48
20250804,7,189.3,57,366,48
20250804,8,46.8,20,162,48
20250804,9,119.7,54,252,48
20250804,10,60.9,8,156,48
20250804,11,153.6,20,279,48
20250804,12,118.0,59,194,48
20250804,13,85.5,34,166,48
20250804,14,107.0,60,161,48
20250804,15,78.5,37,128,48
20250804,16,14.4,5,46,48
20250804,17,112.3,46,294,48
20250804,18,75.1,41,136,48
20250805,1,0.0,0,0,48
20250805,2,0.6,0,3,48
20250805,3,11.9,4,26,48
20250805,4,6.1,3,9,48
20250805,5,76.9,53,112,48
20250805,6,42.5,23,73,48
20250805,7,244.1,156,351,48
20250805,8,38.4,25,65,48
20250805,9,85.2,35,167,48
20250805,10,49.5,17,96,48
20250805,11,146.8,27,323,48
20250805,12,127.5,99,184,48
20250805,13,78.4,45,108,48
20250805,14,108.3,79,170,48
20250805,15,71.0,51,110,48
20250805,16,22.1,9,33,48
20250805,17,113.2,79,178,48
20250805,18,69.1,51,105,48
20250806,1,0.0,0,0,48
20250806,2,9.3,1,50,48
20250806,3,19.9,8,44,48
20250806,4,18.5,10,35,48
20250806,5,122.4,72,187,48
20250806,6,59.6,14,186,48
20250806,7,167.4,23,338,48
20250806,8,63.7,25,123,48
20250806,9,144.3,58,250,48
20250806,10,106.0,36,180,48
20250806,11,182.6,28,336,48
20250806,12,141.0,66,242,48
20250806,13,119.5,73,208,48
20250806,14,133.0,82,226,48
20250806,15,102.1,61,177,48
20250806,16,18.8,8,68,48
20250806,17,105.9,11,262,48
20250806,18,93.4,52,169,48
20250807,1,0.0,0,0,48
20250807,2,3.3,2,18,48
20250807,3,22.1,8,41,48
20250807,4,25.0,16,40,48
20250807,5,115.6,69,157,48
20250807,6,64.8,25,142,48
20250807,7,115.8,57,213,48
20250807,8,64.8,35,105,48
20250807,9,138.5,61,194,48
20250807,10,68.0,33,117,48
20250807,11,204.0,48,336,48
20250807,12,155.6,81,251,48
20250807,13,107.8,73,144,48
20250807,14,131.9,81,203,48
20250807,15,99.0,53,144,48
20250807,16,5.6,2,18,48
20250807,17,61.9,28,154,48
20250807,18,85.5,47,127,48
20250808,1,0.0,0,0,48
20250808,2,3.1,2,6,48
20250808,3,21.5,2,47,48
20250808,4,23.6,16,30,48
20250808,5,128.2,80,180,48
20250808,6,68.4,19,142,48
20250808,7,135.0,20,263,48
20250808,8,62.3,15,106,48
20250808,9,161.5,77,241,48
20250808,10,81.5,30,141,48
20250808,11,226.6,39,383,48
20250808,12,138.8,56,223,48
20250808,13,111.1,68,153,48
20250808,14,118.0,87,164,48
20250808,15,106.0,49,160,48
20250808,16,6.0,2,14,48
20250808,17,48.1,18,100,48
20250808,18,90.5,43,138,48
20250809,1,0.0,0,0,48
20250809,2,5.4,2,19,48
20250809,3,18.5,1,33,48
20250809,4,21.4,14,31,48
20250809,5,115.5,70,171,48
20250809,6,58.9,18,118,48
20250809,7,93.5,22,212,48
20250809,8,52.7,13,103,48
20250809,9,149.6,61,245,48
20250809,10,75.8,25,157,48
20250809,11,220.6,55,375,48
20250809,12,134.3,58,222,48
20250809,13,96.7,58,137,48
20250809,14,109.6,80,172,48
20250809,15,93.6,46,155,48
20250809,16,6.5,1,22,48
20250809,17,25.7,11,60,48
20250809,18,79.9,40,129,48
20250810,1,0.0,0,0,48
20250810,2,8.1,3,28,48
20250810,3,26.1,9,40,48
20250810,4,21.9,18,25,48
20250810,5,160.2,133,187,48
20250810,6,78.3,15,128,48
20250810,7,137.3,29,275,48
20250810,8,88.7,43,132,48
20250810,9,183.6,79,274,48
20250810,10,67.7,21,140,48
20250810,11,193.1,39,381,48
20250810,12,132.9,58,225,48
20250810,13,92.0,57,140,48
20250810,14,93.8,60,156,48
20250810,15,105.2,48,161,48
20250810,16,13.0,3,35,48
20250810,17,69.3,9,206,48
20250810,18,93.5,46,145,48
20250811,1,136.3,21,280,40
20250811,2,66.1,17,136,40
20250811,3,85.6,44,138,40
20250811,4,36.6,24,51,40
20250811,5,193.3,139,256,40
20250811,6,178.3,71,322,40
20250811,7,279.7,166,375,40
20250811,8,186.7,130,270,40
20250811,9,263.2,207,312,40
20250811,10,136.1,44,192,40
20250811,11,225.2,48,353,40
20250811,12,174.6,98,267,40
20250811,13,135.4,107,173,40
20250811,14,131.9,108,170,40
20250811,15,171.0,126,220,40
20250811,16,77.5,14,178,40
20250811,17,211.8,102,342,40
20250811,18,164.7,116,223,40
20250812,1,176.5,85,261,48
20250812,2,58.2,26,112,48
20250812,3,103.7,75,134,48
20250812,4,39.8,25,63,48
20250812,5,207.9,165,268,48
20250812,6,194.3,100,298,48
20250812,7,329.1,215,387,48
20250812,8,222.8,132,292,48
20250812,9,265.8,191,313,48
20250812,10,139.6,48,219,48
20250812,11,240.7,69,386,48
20250812,12,187.9,93,331,48
20250812,13,149.8,108,246,48
20250812,14,146.3,106,221,48
20250812,15,177.1,122,247,48
20250812,16,136.1,81,195,48
20250812,17,306.1,171,372,48
20250812,18,182.1,124,249,48
20250813,1,265.2,142,355,48
20250813,2,126.0,27,210,48
20250813,3,101.8,81,120,48
20250813,4,24.7,19,42,48
20250813,5,195.4,137,248,48
20250813,6,178.3,117,250,48
20250813,7,354.8,270,388,48
20250813,8,212.1,171,265,48
20250813,9,258.3,177,310,48
20250813,10,151.8,77,213,48
20250813,11,284.0,102,390,48
20250813,12,233.8,153,305,48
20250813,13,167.4,114,232,48
20250813,14,164.0,106,223,48
20250813,15,190.7,142,224,48
20250813,16,126.9,57,203,48
20250813,17,323.8,258,374,48
20250813,18,193.5,145,230,48
20250814,1,269.0,156,352,48
20250814,2,120.1,56,184,48
20250814,3,98.3,80,116,48
20250814,4,31.3,22,54,48
20250814,5,177.5,129,244,48
20250814,6,175.0,134,217,48
20250814,7,337.6,275,386,48
20250814,8,192.6,135,250,48
20250814,9,232.1,155,326,48
20250814,10,106.8,67,159,48
20250814,11,252.3,42,388,48
20250814,12,208.1,123,280,48
20250814,13,127.1,105,176,48
20250814,14,128.0,97,177,48
20250814,15,168.2,138,217,48
20250814,16,106.8,42,212,48
20250814,17,298.4,213,373,48
20250814,18,171.1,138,212,48
20250815,1,155.4,61,244,48
20250815,2,59.3,27,102,48
20250815,3,69.1,38,99,48
20250815,4,30.7,17,79,48
20250815,5,165.8,98,216,48
20250815,6,120.6,34,228,48
20250815,7,326.3,239,386,48
20250815,8,181.9,86,239,48
20250815,9,228.3,109,298,48
20250815,10,107.7,26,182,48
20250815,11,217.6,22,389,48
20250815,12,176.4,80,249,48
20250815,13,109.0,85,145,48
20250815,14,101.9,78,141,48
20250815,15,147.3,82,193,48
20250815,16,66.5,36,115,48
20250815,17,297.3,194,379,48
20250815,18,149.6,86,195,48
20250816,1,48.7,5,256,48
20250816,2,24.0,17,66,48
20250816,3,66.0,47,87,48
20250816,4,24.9,19,35,48
20250816,5,156.3,130,206,48
20250816,6,75.7,35,154,48
20250816,7,299.1,233,351,48
20250816,8,184.2,126,234,48
20250816,9,202.9,110,298,48
20250816,10,127.0,68,182,48
20250816,11,200.4,46,317,48
20250816,12,165.2,116,207,48
20250816,13,100.4,71,127,48
20250816,14,98.2,67,124,48
20250816,15,133.0,92,181,48
20250816,16,95.6,72,121,48
20250816,17,264.4,206,298,48
20250816,18,139.4,103,182,48
20250817,1,15.0,6,27,48
20250817,2,23.3,15,34,48
20250817,3,48.2,31,91,48
20250817,4,33.7,20,148,48
20250817,5,164.7,124,227,48
20250817,6,70.2,11,167,48
20250817,7,261.4,156,345,48
20250817,8,148.6,71,230,48
20250817,9,191.3,81,281,48
20250817,10,100.1,42,164,48
20250817,11,179.3,35,307,48
20250817,12,139.6,70,227,48
20250817,13,96.9,68,151,48
20250817,14,96.7,68,150,48
20250817,15,121.0,64,178,48
20250817,16,72.5,40,96,48
20250817,17,213.5,130,296,48
20250817,18,123.1,68,176,48
20250818,1,24.1,7,37,48
20250818,2,36.8,15,46,48
20250818,3,98.2,56,133,48
20250818,4,76.9,21,167,48
20250818,5,200.2,175,244,48
20250818,6,136.2,59,177,48
20250818,7,342.4,318,373,48
20250818,8,276.0,237,306,48
20250818,9,302.9,250,333,48
20250818,10,153.6,88,209,48
20250818,11,258.9,88,378,48
20250818,12,235.5,166,328,48
20250818,13,147.1,114,207,48
20250818,14,129.6,106,166,48
20250818,15,190.0,170,227,48
20250818,16,148.2,87,179,48
20250818,17,288.1,251,333,48
20250818,18,193.2,174,226,48
20250819,1,1.3,0,10,48
20250819,2,11.0,5,22,48
20250819,3,55.7,30,82,48
20250819,4,41.2,21,76,48
20250819,5,170.2,112,198,48
20250819,6,83.6,50,114,48
20250819,7,329.5,239,371,48
20250819,8,197.4,92,252,48
20250819,9,226.4,114,296,48
20250819,10,85.5,33,142,48
20250819,11,281.0,133,363,48
20250819,12,214.4,154,263,48
20250819,13,125.1,88,157,48
20250819,14,136.0,110,173,48
20250819,15,151.3,100,176,48
20250819,16,46.2,3,130,48
20250819,17,280.3,150,317,48
20250819,18,150.4,94,178,48
20250820,1,5.2,0,14,48
20250820,2,24.4,4,53,48
20250820,3,74.4,28,124,48
20250820,4,67.2,30,102,48
20250820,5,151.6,103,217,48
20250820,6,117.4,41,218,48
20250820,7,304.5,207,378,48
20250820,8,173.5,86,241,48
20250820,9,193.9,102,256,48
20250820,10,70.2,6,124,48
20250820,11,213.7,119,314,48
20250820,12,203.2,157,238,48
20250820,13,140.1,81,174,48
20250820,14,178.1,106,208,48
20250820,15,142.0,93,178,48
20250820,16,60.6,3,133,48
20250820,17,251.5,112,352,48
20250820,18,142.0,87,184,48
20250821,1,17.0,3,31,48
20250821,2,47.2,24,82,48
20250821,3,113.3,87,148,48
20250821,4,82.3,45,206,48
20250821,5,166.0,123,229,48
20250821,6,155.1,97,231,48
20250821,7,322.0,250,384,48
20250821,8,207.3,158,266,48
20250821,9,233.9,181,306,48
20250821,10,96.7,17,152,48
20250821,11,222.8,41,362,48
20250821,12,194.6,151,236,48
20250821,13,125.8,77,157,48
20250821,14,137.2,93,167,48
20250821,15,156.9,116,201,48
20250821,16,94.9,67,143,48
20250821,17,286.6,230,356,48
20250821,18,160.1,124,201,48
20250822,1,23.7,12,31,48
20250822,2,37.1,26,48,48
20250822,3,97.8,76,119,48
20250822,4,61.5,35,93,48
20250822,5,186.4,154,235,48
20250822,6,144.1,64,225,48
20250822,7,320.7,193,382,48
20250822,8,238.4,175,289,48
20250822,9,306.4,252,350,48
20250822,10,155.0,82,205,48
20250822,11,219.2,45,363,48
20250822,12,207.6,141,259,48
20250822,13,131.8,104,176,48
20250822,14,126.6,99,156,48
20250822,15,176.4,128,219,48
20250822,16,123.6,68,157,48
20250822,17,290.6,176,382,48
20250822,18,179.3,131,220,48
20250823,1,12.2,1,30,48
20250823,2,30.3,19,43,48
20250823,3,86.1,67,117,48
20250823,4,37.5,11,92,48
20250823,5,188.1,169,223,48
20250823,6,216.7,126,283,48
20250823,7,349.3,246,392,48
20250823,8,234.4,153,293,48
20250823,9,270.4,200,313,48
20250823,10,152.3,86,202,48
20250823,11,222.5,72,357,48
20250823,12,205.3,110,266,48
20250823,13,121.3,87,175,48
20250823,14,117.0,87,164,48
20250823,15,173.6,122,216,48
20250823,16,120.0,91,151,48
20250823,17,322.5,225,383,48
20250823,18,178.6,128,220,48
20250824,1,5.1,0,12,48
20250824,2,22.5,18,33,48
20250824,3,78.5,58,104,48
20250824,4,16.8,8,70,48
20250824,5,198.6,172,220,48
20250824,6,178.7,130,255,48
20250824,7,325.0,201,387,48
20250824,8,202.8,118,259,48
20250824,9,243.8,149,300,48
20250824,10,143.0,83,190,48
20250824,11,197.4,33,320,48
20250824,12,181.6,103,238,48
20250824,13,117.3,86,150,48
20250824,14,117.8,86,147,48
20250824,15,148.3,94,189,48
20250824,16,119.9,34,172,48
20250824,17,323.0,237,377,48
20250824,18,160.3,107,195,48
20250825,1,0.0,0,0,48
20250825,2,7.7,2,24,48
20250825,3,42.9,14,92,48
20250825,4,50.4,16,113,48
20250825,5,155.8,138,176,48
20250825,6,65.6,15,150,48
20250825,7,239.3,109,355,48
20250825,8,123.1,43,229,48
20250825,9,195.7,118,295,48
20250825,10,53.4,22,97,48
20250825,11,182.6,22,363,48
20250825,12,149.6,78,225,48
20250825,13,103.8,81,125,48
20250825,14,122.6,101,158,48
20250825,15,106.0,55,151,48
20250825,16,20.8,9,35,48
20250825,17,183.0,84,327,48
20250825,18,106.7,57,153,48
20250826,1,0.0,0,0,48
20250826,2,7.0,3,22,48
20250826,3,41.9,10,91,48
20250826,4,69.8,15,187,48
20250826,5,171.8,129,244,48
20250826,6,71.0,9,170,48
20250826,7,255.5,139,338,48
20250826,8,127.3,62,239,48
20250826,9,220.5,116,349,48
20250826,10,74.9,22,162,48
20250826,11,229.7,35,363,48
20250826,12,175.6,57,258,48
20250826,13,115.3,76,166,48
20250826,14,140.2,76,164,48
20250826,15,133.5,73,212,48
20250826,16,15.8,3,34,48
20250826,17,185.7,63,263,48
20250826,18,124.5,66,197,48
20250827,1,0.1,0,2,48
20250827,2,8.9,4,26,48
20250827,3,30.7,9,63,48
20250827,4,96.0,44,165,48
20250827,5,175.1,113,225,48
20250827,6,99.0,28,167,48
20250827,7,243.4,126,325,48
20250827,8,129.1,46,191,48
20250827,9,226.9,123,304,48
20250827,10,70.4,4,136,48
20250827,11,220.7,4,372,48
20250827,12,163.9,54,268,48
20250827,13,100.6,47,157,48
20250827,14,113.2,65,169,48
20250827,15,132.4,56,175,48
20250827,16,8.8,3,26,48
20250827,17,174.0,86,264,48
20250827,18,123.6,55,162,48
20250828,1,0.0,0,0,48
20250828,2,3.2,1,9,48
20250828,3,23.6,12,37,48
20250828,4,70.0,42,101,48
20250828,5,170.4,111,212,48
20250828,6,91.8,48,146,48
20250828,7,247.4,111,351,48
20250828,8,131.0,80,184,48
20250828,9,237.8,125,315,48
20250828,10,38.9,3,128,48
20250828,11,224.6,33,363,48
20250828,12,170.0,103,231,48
20250828,13,105.6,55,172,48
20250828,14,121.4,83,175,48
20250828,15,129.9,82,179,48
20250828,16,3.7,1,13,48
20250828,17,145.3,76,258,48
20250828,18,118.4,74,165,48
20250829,1,0.0,0,0,48
20250829,2,6.3,1,31,48
20250829,3,43.5,17,86,48
20250829,4,94.1,50,147,48
20250829,5,163.7,99,220,48
20250829,6,105.0,37,206,48
20250829,7,274.4,103,369,48
20250829,8,149.3,78,221,48
20250829,9,213.0,119,322,48
20250829,10,77.4,5,172,48
20250829,11,185.0,19,325,48
20250829,12,168.5,113,272,48
20250829,13,103.4,57,157,48
20250829,14,110.8,73,161,48
20250829,15,131.3,78,199,48
20250829,16,7.3,1,27,48
20250829,17,198.1,70,326,48
20250829,18,123.8,72,186,48
20250830,1,1.5,0,11,48
20250830,2,6.8,1,27,48
20250830,3,18.8,1,46,48
20250830,4,54.5,8,131,48
20250830,5,108.2,54,153,48
20250830,6,76.0,12,181,48
20250830,7,201.4,109,343,48
20250830,8,79.1,19,175,48
20250830,9,140.8,67,234,48
20250830,10,45.0,0,136,48
20250830,11,164.9,18,350,48
20250830,12,128.4,67,203,48
20250830,13,57.3,17,105,48
20250830,14,64.9,26,102,48
20250830,15,86.5,38,147,48
20250830,16,10.3,0,66,48
20250830,17,123.9,55,307,48
20250830,18,81.4,35,147,48
20250831,1,0.0,0,0,48
20250831,2,3.8,0,27,48
20250831,3,11.3,4,23,48
20250831,4,9.1,4,30,48
20250831,5,71.5,53,103,48
20250831,6,30.3,12,52,48
20250831,7,192.5,112,278,48
20250831,8,29.7,15,47,48
20250831,9,115.4,52,167,48
20250831,10,23.7,5,45,48
20250831,11,135.3,13,254,48
20250831,12,101.3,45,150,48
20250831,13,41.0,17,64,48
20250831,14,50.6,20,86,48
20250831,15,59.5,31,87,48
20250831,16,3.4,0,25,48
20250831,17,71.0,30,110,48
20250831,18,55.0,28,79,48
20250901,1,0.0,0,0,48
20250901,2,0.8,0,1,48
20250901,3,10.2,3,18,48
20250901,4,13.7,6,27,48
20250901,5,93.8,56,155,48
20250901,6,33.1,5,56,48
20250901,7,163.4,64,315,48
20250901,8,44.3,17,81,48
20250901,9,117.7,46,232,48
20250901,10,10.3,0,38,48
20250901,11,172.1,23,282,48
20250901,12,126.7,64,193,48
20250901,13,61.9,26,94,48
20250901,14,109.0,54,196,48
20250901,15,70.0,38,110,48
20250901,16,1.7,0,25,48
20250901,17,90.9,32,159,48
20250901,18,64.1,35,101,48
20250902,1,0.0,0,0,48
20250902,2,12.3,1,50,48
20250902,3,65.4,6,129,48
20250902,4,110.2,28,177,48
20250902,5,162.1,110,202,48
20250902,6,149.1,3,272,48
20250902,7,324.3,162,385,48
20250902,8,206.1,64,312,48
20250902,9,233.3,117,328,48
20250902,10,50.2,6,108,48
20250902,11,221.8,78,328,48
20250902,12,182.3,134,251,48
20250902,13,109.4,75,151,48
20250902,14,133.8,92,173,48
20250902,15,142.5,77,186,48
20250902,16,35.9,1,103,48
20250902,17,282.1,108,378,48
20250902,18,141.1,72,189,48
20250903,1,16.1,0,46,48
20250903,2,39.1,1,69,48
20250903,3,55.2,17,88,48
20250903,4,102.3,49,135,48
20250903,5,110.4,67,142,48
20250903,6,83.0,31,156,48
20250903,7,250.7,117,307,48
20250903,8,136.4,68,219,48
20250903,9,153.3,91,223,48
20250903,10,68.1,19,97,48
20250903,11,161.8,33,292,48
20250903,12,136.6,101,189,48
20250903,13,71.9,55,88,48
20250903,14,74.9,54,97,48
20250903,15,104.2,76,140,48
20250903,16,61.4,1,124,48
20250903,17,186.1,70,276,48
20250903,18,106.0,70,145,48
20250904,1,1.3,0,8,48
20250904,2,9.0,1,26,48
20250904,3,66.1,13,111,48
20250904,4,118.1,41,185,48
20250904,5,143.2,76,210,48
20250904,6,87.8,28,175,48
20250904,7,267.7,109,363,48
20250904,8,176.1,69,265,48
20250904,9,216.6,83,318,48
20250904,10,55.4,3,111,48
20250904,11,229.4,87,362,48
20250904,12,174.2,93,274,48
20250904,13,78.4,45,116,48
20250904,14,89.9,45,129,48
20250904,15,130.2,71,185,48
20250904,16,21.2,1,66,48
20250904,17,212.4,59,344,48
20250904,18,125.9,66,177,48
20250905,1,0.0,0,0,48
20250905,2,2.6,1,4,48
20250905,3,56.0,19,139,48
20250905,4,77.0,19,179,48
20250905,5,164.3,114,262,48
20250905,6,77.9,22,197,48
20250905,7,301.1,186,387,48
20250905,8,186.0,102,307,48
20250905,9,271.9,198,360,48
20250905,10,94.4,18,179,48
20250905,11,252.3,85,386,48
20250905,12,187.0,103,274,48
20250905,13,126.9,87,188,48
20250905,14,126.3,87,166,48
20250905,15,153.0,101,229,48
20250905,16,2.1,1,4,48
20250905,17,227.4,101,365,48
20250905,18,145.0,97,222,48
20250906,1,0.0,0,0,48
20250906,2,2.3,1,11,48
20250906,3,15.4,6,63,48
20250906,4,17.6,8,87,48
20250906,5,111.5,71,154,48
20250906,6,23.7,8,55,48
20250906,7,124.0,30,366,48
20250906,8,60.3,25,205,48
20250906,9,141.0,62,313,48
20250906,10,62.1,5,166,48
20250906,11,152.7,33,282,48
20250906,12,130.5,70,202,48
20250906,13,82.5,27,142,48
20250906,14,93.3,45,142,48
20250906,15,85.0,48,157,48
20250906,16,2.1,0,12,48
20250906,17,83.4,13,257,48
20250906,18,76.3,44,153,48
20250907,1,0.0,0,0,48
20250907,2,2.9,1,14,48
20250907,3,18.8,10,31,48
20250907,4,21.9,9,53,48
20250907,5,89.7,70,118,48
20250907,6,29.5,9,53,48
20250907,7,72.0,13,263,48
20250907,8,46.2,25,84,48
20250907,9,101.8,68,163,48
20250907,10,41.2,4,93,48
20250907,11,193.0,74,287,48
20250907,12,142.8,87,191,48
20250907,13,64.3,36,84,48
20250907,14,76.5,48,102,48
20250907,15,74.5,63,97,48
20250907,16,3.2,1,22,48
20250907,17,32.9,4,113,48
20250907,18,63.7,53,87,48
20250908,1,0.0,0,0,48
20250908,2,2.1,1,5,48
20250908,3,40.2,15,62,48
20250908,4,50.5,14,103,48
20250908,5,156.9,85,238,48
20250908,6,72.5,7,155,48
20250908,7,277.1,101,369,48
20250908,8,142.9,68,234,48
20250908,9,220.3,102,313,48
20250908,10,87.9,7,166,48
20250908,11,242.8,43,382,48
20250908,12,193.0,95,287,48
20250908,13,153.4,68,232,48
20250908,14,163.1,95,221,48
20250908,15,143.2,78,220,48
20250908,16,1.8,1,6,48
20250908,17,193.0,48,281,48
20250908,18,133.1,69,200,48
20250909,1,0.0,0,0,48
20250909,2,1.6,1,2,48
20250909,3,29.2,2,59,48
20250909,4,30.2,14,92,48
20250909,5,171.5,90,212,48
20250909,6,67.6,15,151,48
20250909,7,296.5,59,365,48
20250909,8,145.7,29,227,48
20250909,9,251.6,126,342,48
20250909,10,118.7,37,202,48
20250909,11,268.8,110,370,48
20250909,12,222.9,152,292,48
20250909,13,197.8,85,262,48
20250909,14,212.1,102,278,48
20250909,15,158.8,76,211,48
20250909,16,1.2,1,2,48
20250909,17,208.6,28,301,48
20250909,18,148.4,65,196,48
20250910,1,0.0,0,0,48
20250910,2,1.5,1,4,48
20250910,3,11.7,4,29,48
20250910,4,20.6,16,32,48
20250910,5,87.7,61,111,48
20250910,6,25.7,6,58,48
20250910,7,115.7,53,257,48
20250910,8,31.3,17,53,48
20250910,9,102.3,51,151,48
20250910,10,13.4,0,39,48
20250910,11,201.7,59,331,48
20250910,12,149.4,88,205,48
20250910,13,65.6,20,117,48
20250910,14,96.5,51,152,48
20250910,15,70.2,42,99,48
20250910,16,1.2,1,2,48
20250910,17,52.1,21,117,48
20250910,18,61.6,39,90,48
20250911,1,0.0,0,0,48
20250911,2,1.2,0,5,48
20250911,3,17.2,9,26,48
20250911,4,15.4,6,22,48
20250911,5,76.3,53,132,48
20250911,6,18.0,2,46,48
20250911,7,84.4,35,233,48
20250911,8,29.1,15,55,48
20250911,9,94.0,55,167,48
20250911,10,5.2,0,62,48
20250911,11,196.0,69,322,48
20250911,12,130.6,80,197,48
20250911,13,36.3,15,67,48
20250911,14,63.7,34,106,48
20250911,15,60.3,36,99,48
20250911,16,1.1,0,4,48
20250911,17,32.0,6,99,48
20250911,18,52.5,33,90,48
20250912,1,0.0,0,0,48
20250912,2,1.0,0,2,48
20250912,3,22.0,11,44,48
20250912,4,11.2,7,23,48
20250912,5,95.2,59,181,48
20250912,6,17.2,3,50,48
20250912,7,129.6,44,323,48
20250912,8,40.6,17,124,48
20250912,9,109.0,50,248,48
20250912,10,8.4,0,39,48
20250912,11,166.5,59,322,48
20250912,12,137.6,68,217,48
20250912,13,39.8,17,94,48
20250912,14,70.8,31,119,48
20250912,15,67.2,34,136,48
20250912,16,1.1,0,2,48
20250912,17,56.8,12,177,48
20250912,18,59.7,30,125,48
20250913,1,0.0,0,1,48
20250913,2,1.2,1,2,48
20250913,3,26.1,13,40,48
20250913,4,13.9,9,20,48
20250913,5,107.1,69,160,48
20250913,6,13.4,4,41,48
20250913,7,167.4,68,323,48
20250913,8,56.8,30,118,48
20250913,9,123.0,62,260,48
20250913,10,36.9,0,137,48
20250913,11,149.8,17,343,48
20250913,12,152.4,84,210,48
20250913,13,78.6,26,142,48
20250913,14,113.2,63,152,48
20250913,15,82.4,50,150,48
20250913,16,1.1,1,2,48
20250913,17,89.3,40,197,48
20250913,18,74.9,46,140,48
20250914,1,0.1,0,2,48
20250914,2,2.2,1,10,48
20250914,3,37.4,15,64,48
20250914,4,17.0,9,47,48
20250914,5,118.0,90,146,48
20250914,6,25.9,6,61,48
20250914,7,183.5,42,333,48
20250914,8,80.7,31,146,48
20250914,9,149.6,92,230,48
20250914,10,63.1,0,170,48
20250914,11,196.8,128,253,48
20250914,12,174.9,126,213,48
20250914,13,107.9,13,168,48
20250914,14,133.6,42,181,48
20250914,15,102.4,64,149,48
20250914,16,1.6,1,8,48
20250914,17,113.4,19,220,48
20250914,18,94.5,55,138,48
20250915,1,0.0,0,0,48
20250915,2,2.5,1,23,48
20250915,3,24.0,16,36,48
20250915,4,23.7,12,53,48
20250915,5,78.3,56,101,48
20250915,6,22.1,6,43,48
20250915,7,55.6,23,83,48
20250915,8,39.8,27,53,48
20250915,9,90.6,45,122,48
20250915,10,1.0,0,6,48
20250915,11,153.2,50,234,48
20250915,12,109.4,67,157,48
20250915,13,33.6,9,59,48
20250915,14,74.2,39,106,48
20250915,15,57.3,36,72,48
20250915,16,1.9,1,18,48
20250915,17,31.2,7,62,48
20250915,18,50.5,33,63,48
20250916,1,0.0,0,0,48
20250916,2,2.0,1,10,48
20250916,3,35.0,16,56,48
20250916,4,16.3,8,22,48
20250916,5,103.3,74,151,48
20250916,6,26.4,13,58,48
20250916,7,168.0,66,338,48
20250916,8,53.5,27,108,48
20250916,9,97.6,58,181,48
20250916,10,6.8,0,41,48
20250916,11,206.8,99,357,48
20250916,12,141.1,99,208,48
20250916,13,58.8,24,131,48
20250916,14,104.9,63,188,48
20250916,15,76.1,56,134,48
20250916,16,1.4,1,4,48
20250916,17,94.2,33,215,48
20250916,18,70.3,51,123,48
20250917,1,0.0,0,1,48
20250917,2,3.2,1,10,48
20250917,3,24.0,12,37,48
20250917,4,18.6,10,28,48
20250917,5,85.6,71,99,48
20250917,6,27.9,13,48,48
20250917,7,115.6,74,179,48
20250917,8,43.8,25,87,48
20250917,9,110.8,72,151,48
20250917,10,18.8,0,72,48
20250917,11,146.6,50,330,48
20250917,12,147.2,95,204,48
20250917,13,81.8,38,160,48
20250917,14,133.0,80,217,48
20250917,15,77.2,55,105,48
20250917,16,2.9,1,15,48
20250917,17,67.8,31,110,48
20250917,18,69.5,48,92,48
20250918,1,0.0,0,0,48
20250918,2,1.7,1,5,48
20250918,3,36.6,20,65,48
20250918,4,19.1,12,31,48
20250918,5,100.9,67,126,48
20250918,6,45.9,17,95,48
20250918,7,141.6,70,257,48
20250918,8,57.3,36,87,48
20250918,9,121.3,79,172,48
20250918,10,13.1,0,39,48
20250918,11,233.1,117,333,48
20250918,12,180.4,134,256,48
20250918,13,77.0,44,105,48
20250918,14,139.1,78,171,48
20250918,15,93.3,71,121,48
20250918,16,1.6,1,4,48
20250918,17,57.2,21,173,48
20250918,18,81.8,62,113,48
20250919,1,0.0,0,0,48
20250919,2,1.7,1,3,48
20250919,3,43.4,16,98,48
20250919,4,18.4,10,27,48
20250919,5,140.5,62,256,48
20250919,6,67.4,7,188,48
20250919,7,216.1,63,372,48
20250919,8,100.9,21,227,48
20250919,9,185.0,69,332,48
20250919,10,57.0,10,147,48
20250919,11,217.7,38,346,48
20250919,12,185.7,127,273,48
20250919,13,128.9,49,200,48
20250919,14,169.6,108,226,48
20250919,15,125.0,65,214,48
20250919,16,1.4,1,2,48
20250919,17,130.9,29,274,48
20250919,18,113.8,57,197,48
20250920,1,0.0,0,0,48
20250920,2,2.0,1,4,48
20250920,3,45.8,25,96,48
20250920,4,30.5,11,83,48
20250920,5,150.5,92,196,48
20250920,6,40.2,11,80,48
20250920,7,253.6,101,366,48
20250920,8,125.9,41,240,48
20250920,9,200.5,102,291,48
20250920,10,35.8,0,92,48
20250920,11,224.8,117,346,48
20250920,12,221.0,184,262,48
20250920,13,144.0,33,208,48
20250920,14,179.1,94,225,48
20250920,15,132.9,83,178,48
20250920,16,1.8,1,4,48
20250920,17,150.6,50,339,48
20250920,18,121.8,74,170,48
20250921,1,0.0,0,0,48
20250921,2,2.5,1,6,48
20250921,3,31.2,13,62,48
20250921,4,32.0,10,60,48
20250921,5,108.9,78,151,48
20250921,6,27.9,11,75,48
20250921,7,152.3,32,351,48
20250921,8,70.2,32,168,48
20250921,9,110.4,69,168,48
20250921,10,6.3,0,26,48
20250921,11,134.8,24,260,48
20250921,12,164.9,84,259,48
20250921,13,62.5,32,105,48
20250921,14,126.1,75,173,48
20250921,15,83.7,50,121,48
20250921,16,1.8,1,3,48
20250921,17,63.8,1,262,48
20250921,18,74.1,42,119,48
20250922,1,0.0,0,0,48
20250922,2,3.1,2,10,48
20250922,3,82.0,41,128,48
20250922,4,33.2,21,58,48
20250922,5,172.2,101,223,48
20250922,6,81.6,24,167,48
20250922,7,217.8,45,356,48
20250922,8,154.7,78,257,48
20250922,9,201.5,67,334,48
20250922,10,57.5,0,133,48
20250922,11,196.7,26,374,48
20250922,12,178.8,76,278,48
20250922,13,107.5,47,178,48
20250922,14,140.6,84,205,48
20250922,15,135.1,82,212,48
20250922,16,1.5,1,3,48
20250922,17,151.5,6,328,48
20250922,18,123.8,72,200,48
20250923,1,10.0,0,27,48
20250923,2,22.4,3,39,48
20250923,3,145.4,72,205,48
20250923,4,65.3,28,99,48
20250923,5,202.1,157,244,48
20250923,6,146.3,42,249,48
20250923,7,348.1,248,388,48
20250923,8,261.1,185,330,48
20250923,9,294.1,232,341,48
20250923,10,87.0,26,151,48
20250923,11,283.6,108,390,48
20250923,12,230.2,140,299,48
20250923,13,157.1,114,210,48
20250923,14,183.3,126,234,48
20250923,15,189.1,138,235,48
20250923,16,61.6,2,122,48
20250923,17,317.8,225,381,48
20250923,18,186.2,137,237,48
20250924,1,0.0,0,0,48
20250924,2,6.8,2,14,48
20250924,3,93.0,54,141,48
20250924,4,40.8,23,70,48
20250924,5,170.5,117,204,48
20250924,6,124.0,29,213,48
20250924,7,345.5,266,384,48
20250924,8,220.0,99,288,48
20250924,9,249.4,177,304,48
20250924,10,95.3,10,153,48
20250924,11,250.2,122,382,48
20250924,12,206.0,133,272,48
20250924,13,153.6,104,202,48
20250924,14,188.8,117,240,48
20250924,15,167.4,123,206,48
20250924,16,19.6,2,69,48
20250924,17,318.2,220,373,48
20250924,18,163.1,120,200,48
20250925,1,0.0,0,0,48
20250925,2,3.3,1,8,48
20250925,3,65.6,22,119,48
20250925,4,31.7,19,46,48
20250925,5,141.0,100,205,48
20250925,6,74.2,8,206,48
20250925,7,295.8,206,380,48
20250925,8,146.2,55,240,48
20250925,9,175.4,88,262,48
20250925,10,74.0,14,154,48
20250925,11,182.1,24,382,48
20250925,12,193.0,78,278,48
20250925,13,121.9,57,183,48
20250925,14,155.5,81,215,48
20250925,15,129.6,68,183,48
20250925,16,1.8,1,3,48
20250925,17,227.4,138,329,48
20250925,18,123.1,68,174,48
20250926,1,0.0,0,0,48
20250926,2,1.6,1,5,48
20250926,3,41.0,15,81,48
20250926,4,19.7,14,26,48
20250926,5,145.7,111,216,48
20250926,6,29.3,7,81,48
20250926,7,304.5,183,371,48
20250926,8,112.4,25,188,48
20250926,9,209.7,147,303,48
20250926,10,101.8,9,207,48
20250926,11,269.4,96,380,48
20250926,12,239.9,172,307,48
20250926,13,187.9,90,295,48
20250926,14,222.2,139,309,48
20250926,15,152.2,97,220,48
20250926,16,1.4,1,7,48
20250926,17,172.1,102,285,48
20250926,18,138.6,88,197,48
20250927,1,0.0,0,0,48
20250927,2,1.4,1,3,48
20250927,3,32.8,13,76,48
20250927,4,18.6,15,24,48
20250927,5,156.8,123,190,48
20250927,6,30.5,6,60,48
20250927,7,233.8,101,316,48
20250927,8,57.2,24,134,48
20250927,9,188.2,136,255,48
20250927,10,127.1,54,180,48
20250927,11,215.1,63,344,48
20250927,12,205.0,118,272,48
20250927,13,198.2,143,256,48
20250927,14,223.4,162,298,48
20250927,15,137.3,98,173,48
20250927,16,1.3,1,3,48
20250927,17,128.6,53,223,48
20250927,18,122.3,84,156,48
20250928,1,8.8,0,45,48
20250928,2,14.3,2,50,48
20250928,3,162.6,75,259,48
20250928,4,44.4,24,88,48
20250928,5,204.3,143,273,48
20250928,6,207.6,41,387,48
20250928,7,329.4,239,388,48
20250928,8,228.6,140,330,48
20250928,9,258.3,180,345,48
20250928,10,145.4,48,267,48
20250928,11,266.9,65,391,48
20250928,12,225.3,158,278,48
20250928,13,207.1,163,307,48
20250928,14,218.7,188,315,48
20250928,15,197.1,152,285,48
20250928,16,64.5,2,161,48
20250928,17,308.7,221,388,48
20250928,18,192.8,143,279,48
20250929,1,1.3,0,8,48
20250929,2,7.2,1,13,48
20250929,3,201.2,85,245,48
20250929,4,34.4,19,54,48
20250929,5,222.9,182,268,48
20250929,6,280.5,110,365,48
20250929,7,366.3,297,391,48
20250929,8,270.0,145,334,48
20250929,9,284.0,209,328,48
20250929,10,159.2,114,209,48
20250929,11,297.8,97,392,48
20250929,12,268.2,173,311,48
20250929,13,262.0,187,305,48
20250929,14,281.9,206,334,48
20250929,15,234.1,173,272,48
20250929,16,50.2,1,98,48
20250929,17,349.4,250,387,48
20250929,18,224.5,167,263,48
20250930,1,0.0,0,0,48
20250930,2,2.0,1,22,48
20250930,3,90.7,29,131,48
20250930,4,20.3,13,28,48
20250930,5,203.3,139,239,48
20250930,6,151.1,96,219,48
20250930,7,350.2,213,388,48
20250930,8,181.0,75,244,48
20250930,9,265.9,163,318,48
20250930,10,177.6,109,233,48
20250930,11,262.8,80,378,48
20250930,12,239.5,153,295,48
20250930,13,248.8,188,293,48
20250930,14,284.4,215,340,48
20250930,15,203.1,153,248,48
20250930,16,1.8,1,19,48
20250930,17,257.3,63,338,48
20250930,18,187.4,134,230,48
20251001,1,0.0,0,0,48
20251001,2,3.4,1,15,48
20251001,3,39.3,14,59,48
20251001,4,19.2,16,24,48
20251001,5,143.7,90,197,48
20251001,6,94.3,22,162,48
20251001,7,330.4,194,385,48
20251001,8,115.0,29,197,48
20251001,9,207.5,104,273,48
20251001,10,168.0,86,239,48
20251001,11,234.3,78,383,48
20251001,12,220.4,152,279,48
20251001,13,239.9,148,279,48
20251001,14,291.2,208,356,48
20251001,15,171.0,98,217,48
20251001,16,3.1,1,13,48
20251001,17,181.2,49,324,48
20251001,18,153.7,85,201,48
20251002,1,0.0,0,0,48
20251002,2,1.6,1,6,48
20251002,3,19.2,4,59,48
20251002,4,18.0,14,22,48
20251002,5,105.0,68,147,48
20251002,6,55.4,15,103,48
20251002,7,226.6,66,373,48
20251002,8,62.1,26,151,48
20251002,9,150.1,95,245,48
20251002,10,87.9,13,184,48
20251002,11,179.5,59,287,48
20251002,12,194.4,129,259,48
20251002,13,157.2,56,249,48
20251002,14,200.6,116,321,48
20251002,15,116.5,84,174,48
20251002,16,1.5,1,5,48
20251002,17,129.5,54,258,48
20251002,18,105.0,76,161,48
20251003,1,0.0,0,0,48
20251003,2,1.8,0,10,48
20251003,3,17.9,5,78,48
20251003,4,13.1,8,20,48
20251003,5,84.0,65,109,48
20251003,6,47.6,22,99,48
20251003,7,131.8,61,264,48
20251003,8,55.3,33,126,48
20251003,9,120.9,75,159,48
20251003,10,10.9,0,52,48
20251003,11,147.9,103,211,48
20251003,12,187.8,149,238,48
20251003,13,72.8,31,123,48
20251003,14,143.4,100,187,48
20251003,15,84.1,62,117,48
20251003,16,2.0,0,11,48
20251003,17,87.8,45,190,48
20251003,18,75.8,57,112,48
20251004,1,0.0,0,0,48
20251004,2,2.0,0,8,48
20251004,3,17.4,2,34,48
20251004,4,11.1,6,23,48
20251004,5,89.4,67,113,48
20251004,6,15.5,4,35,48
20251004,7,65.3,22,160,48
20251004,8,30.1,22,42,48
20251004,9,103.8,80,136,48
20251004,10,26.6,2,80,48
20251004,11,114.2,49,185,48
20251004,12,120.4,70,174,48
20251004,13,58.2,31,100,48
20251004,14,112.2,72,156,48
20251004,15,64.1,50,77,48
20251004,16,1.7,0,14,48
20251004,17,37.2,1,89,48
20251004,18,55.5,42,70,48
20251005,1,0.0,0,0,48
20251005,2,0.5,0,3,48
20251005,3,22.3,16,34,48
20251005,4,10.3,5,25,48
20251005,5,76.5,56,96,48
20251005,6,6.3,3,11,48
20251005,7,67.4,11,108,48
20251005,8,30.1,18,56,48
20251005,9,92.3,71,137,48
20251005,10,54.4,3,103,48
20251005,11,112.0,19,223,48
20251005,12,131.1,70,192,48
20251005,13,76.7,30,145,48
20251005,14,107.3,64,170,48
20251005,15,68.9,54,101,48
20251005,16,0.3,0,2,48
20251005,17,22.9,3,54,48
20251005,18,57.9,44,87,48
20251006,1,0.0,0,0,48
20251006,2,1.8,0,16,48
20251006,3,44.2,14,113,48
20251006,4,12.4,5,19,48
20251006,5,138.0,55,209,48
20251006,6,26.0,4,61,48
20251006,7,183.0,82,358,48
20251006,8,66.4,17,145,48
20251006,9,191.3,82,281,48
20251006,10,83.2,17,182,48
20251006,11,208.3,30,381,48
20251006,12,197.9,104,291,48
20251006,13,172.8,65,273,48
20251006,14,237.0,143,338,48
20251006,15,133.4,66,213,48
20251006,16,1.6,0,14,48
20251006,17,82.3,21,221,48
20251006,18,116.7,57,193,48
20251007,1,0.0,0,0,48
20251007,2,2.8,1,23,48
20251007,3,80.9,21,136,48
20251007,4,16.3,13,21,48
20251007,5,186.4,141,254,48
20251007,6,85.9,6,192,48
20251007,7,322.3,181,371,48
20251007,8,136.1,39,234,48
20251007,9,244.9,169,317,48
20251007,10,138.5,74,219,48
20251007,11,295.0,216,387,48
20251007,12,262.7,207,323,48
20251007,13,242.8,174,293,48
20251007,14,323.3,241,363,48
20251007,15,195.0,132,255,48
20251007,16,5.0,1,20,48
20251007,17,203.5,70,313,48
20251007,18,177.5,112,236,48
20251008,1,0.0,0,0,48
20251008,2,1.0,1,1,48
20251008,3,72.9,10,125,48
20251008,4,15.4,12,18,48
20251008,5,205.9,134,251,48
20251008,6,95.1,3,182,48
20251008,7,357.6,244,389,48
20251008,8,187.4,29,255,48
20251008,9,272.0,159,331,48
20251008,10,186.0,138,231,48
20251008,11,307.7,202,385,48
20251008,12,299.3,257,362,48
20251008,13,281.3,239,326,48
20251008,14,350.1,306,380,48
20251008,15,223.5,154,265,48
20251008,16,1.0,1,1,48
20251008,17,261.1,99,350,48
20251008,18,203.5,132,243,48
20251009,1,0.0,0,0,48
20251009,2,1.0,1,1,48
20251009,3,40.3,6,120,48
20251009,4,14.5,12,18,48
20251009,5,146.7,109,200,48
20251009,6,88.3,3,242,48
20251009,7,316.2,188,383,48
20251009,8,114.0,28,249,48
20251009,9,214.7,139,308,48
20251009,10,174.5,132,240,48
20251009,11,247.9,119,349,48
20251009,12,242.0,186,305,48
20251009,13,235.8,199,304,48
20251009,14,296.3,217,358,48
20251009,15,173.7,127,244,48
20251009,16,1.0,1,1,48
20251009,17,196.9,94,322,48
20251009,18,156.3,115,223,48
20251010,1,0.0,0,0,48
20251010,2,1.0,1,1,48
20251010,3,72.5,28,93,48
20251010,4,15.1,11,18,48
20251010,5,195.5,140,246,48
20251010,6,150.0,55,213,48
20251010,7,350.6,226,392,48
20251010,8,190.4,106,235,48
20251010,9,273.1,153,328,48
20251010,10,215.8,156,252,48
20251010,11,291.1,186,373,48
20251010,12,250.0,221,301,48
20251010,13,240.4,207,270,48
20251010,14,255.3,208,305,48
20251010,15,207.6,165,240,48
20251010,16,0.8,0,1,48
20251010,17,260.4,120,323,48
20251010,18,188.7,142,219,48
20251011,1,0.0,0,0,48
20251011,2,1.0,1,1,48
20251011,3,118.9,72,185,48
20251011,4,15.6,12,26,48
20251011,5,226.9,150,306,48
20251011,6,168.6,100,294,48
20251011,7,379.0,357,391,48
20251011,8,272.4,217,328,48
20251011,9,315.3,259,368,48
20251011,10,189.0,135,256,48
20251011,11,263.9,135,360,48
20251011,12,260.3,215,303,48
20251011,13,222.9,199,269,48
20251011,14,228.2,198,263,48
20251011,15,226.7,194,272,48
20251011,16,3.0,1,15,48
20251011,17,334.0,286,382,48
20251011,18,210.0,180,252,48
20251012,1,12.2,0,36,48
20251012,2,16.4,1,45,48
20251012,3,229.0,140,290,48
20251012,4,51.3,16,92,48
20251012,5,253.4,192,306,48
20251012,6,283.7,171,369,48
20251012,7,370.8,357,386,48
20251012,8,315.7,290,357,48
20251012,9,336.8,291,381,48
20251012,10,183.5,139,231,48
20251012,11,292.2,171,370,48
20251012,12,266.7,241,309,48
20251012,13,230.6,215,258,48
20251012,14,237.9,216,284,48
20251012,15,252.1,229,287,48
20251012,16,74.9,1,122,48
20251012,17,357.6,324,380,48
20251012,18,239.9,214,276,48
20251013,1,107.7,2,326,48
20251013,2,19.3,4,40,48
20251013,3,243.2,192,269,48
20251013,4,67.6,21,93,48
20251013,5,283.5,214,318,48
20251013,6,310.8,177,370,48
20251013,7,358.6,339,382,48
20251013,8,340.3,319,360,48
20251013,9,367.6,343,391,48
20251013,10,175.0,131,218,48
20251013,11,336.8,270,382,48
20251013,12,317.1,283,356,48
20251013,13,267.9,200,293,48
20251013,14,297.2,225,343,48
20251013,15,279.0,248,298,48
20251013,16,109.0,83,134,48
20251013,17,346.0,302,376,48
20251013,18,267.6,234,286,48
20251014,1,162.9,21,340,48
20251014,2,31.8,10,49,48
20251014,3,206.9,155,240,48
20251014,4,81.3,42,103,48
20251014,5,238.2,201,268,48
20251014,6,287.6,197,363,48
20251014,7,370.0,353,387,48
20251014,8,331.6,317,359,48
20251014,9,345.4,309,389,48
20251014,10,219.2,145,248,48
20251014,11,328.5,247,381,48
20251014,12,310.3,289,360,48
20251014,13,252.5,228,272,48
20251014,14,275.7,252,311,48
20251014,15,265.7,250,291,48
20251014,16,129.2,92,166,48
20251014,17,367.0,345,384,48
20251014,18,259.8,242,284,48
20251015,1,80.4,2,256,48
20251015,2,39.4,8,66,48
20251015,3,180.8,129,210,48
20251015,4,73.2,27,108,48
20251015,5,236.8,173,270,48
20251015,6,256.6,157,324,48
20251015,7,363.4,343,377,48
20251015,8,314.8,281,332,48
20251015,9,337.4,308,355,48
20251015,10,202.7,154,258,48
20251015,11,334.8,264,386,48
20251015,12,300.8,271,364,48
20251015,13,236.8,193,275,48
20251015,14,257.8,208,317,48
20251015,15,253.1,217,278,48
20251015,16,116.0,74,147,48
20251015,17,348.1,320,361,48
20251015,18,246.0,210,268,48
20251016,1,150.3,0,344,48
20251016,2,38.8,5,129,48
20251016,3,166.8,134,192,48
20251016,4,52.7,21,85,48
20251016,5,237.7,178,278,48
20251016,6,263.5,169,318,48
20251016,7,368.6,350,387,48
20251016,8,294.3,243,331,48
20251016,9,333.9,292,370,48
20251016,10,207.8,156,269,48
20251016,11,312.2,216,386,48
20251016,12,275.2,225,357,48
20251016,13,231.2,183,292,48
20251016,14,253.5,208,319,48
20251016,15,244.8,202,286,48
20251016,16,112.1,60,177,48
20251016,17,362.1,314,386,48
20251016,18,238.8,195,281,48
20251017,1,249.7,43,355,48
20251017,2,45.9,8,98,48
20251017,3,165.2,108,200,48
20251017,4,53.1,21,89,48
20251017,5,254.5,171,291,48
20251017,6,253.7,170,310,48
20251017,7,370.3,343,383,48
20251017,8,306.1,245,337,48
20251017,9,353.8,328,374,48
20251017,10,221.5,131,253,48
20251017,11,280.7,173,361,48
20251017,12,289.8,246,361,48
20251017,13,247.9,213,287,48
20251017,14,266.8,223,339,48
20251017,15,258.2,214,287,48
20251017,16,109.4,14,150,48
20251017,17,361.3,315,379,48
20251017,18,249.8,201,277,48
20251018,1,48.8,0,199,48
20251018,2,12.7,1,78,48
20251018,3,52.3,5,102,48
20251018,4,20.8,8,30,48
20251018,5,119.8,57,183,48
20251018,6,109.8,20,176,48
20251018,7,280.6,129,353,48
20251018,8,143.3,19,246,48
20251018,9,246.3,71,333,48
20251018,10,132.1,21,217,48
20251018,11,213.6,125,292,48
20251018,12,215.4,115,273,48
20251018,13,162.6,62,215,48
20251018,14,186.1,115,237,48
20251018,15,156.6,57,211,48
20251018,16,12.6,1,59,48
20251018,17,218.5,45,317,48
20251018,18,146.7,50,199,48
20251019,1,3.6,0,14,48
20251019,2,3.4,0,18,48
20251019,3,19.2,8,36,48
20251019,4,13.8,6,21,48
20251019,5,70.2,59,85,48
20251019,6,8.9,3,23,48
20251019,7,93.3,51,180,48
20251019,8,33.9,19,79,48
20251019,9,85.1,70,117,48
20251019,10,65.3,14,122,48
20251019,11,148.4,112,211,48
20251019,12,129.5,106,171,48
20251019,13,99.5,62,137,48
20251019,14,134.9,108,169,48
20251019,15,72.8,58,101,48
20251019,16,3.6,1,9,48
20251019,17,38.8,21,88,48
20251019,18,62.6,50,87,48
20251020,1,5.8,0,24,48
20251020,2,8.5,1,24,48
20251020,3,127.9,24,211,48
20251020,4,51.8,10,97,48
20251020,5,171.2,80,238,48
20251020,6,189.3,11,335,48
20251020,7,305.3,128,354,48
20251020,8,183.4,68,267,48
20251020,9,198.3,81,277,48
20251020,10,55.7,7,108,48
20251020,11,223.1,114,322,48
20251020,12,187.4,128,245,48
20251020,13,120.3,72,157,48
20251020,14,161.3,102,212,48
20251020,15,151.4,74,210,48
20251020,16,20.9,1,70,48
20251020,17,268.6,94,349,48
20251020,18,145.5,68,204,48
20251021,1,35.2,0,108,48
20251021,2,2.7,1,6,48
20251021,3,43.1,8,88,48
20251021,4,22.0,12,30,48
20251021,5,115.5,43,163,48
20251021,6,61.9,24,146,48
20251021,7,220.0,116,327,48
20251021,8,88.5,24,157,48
20251021,9,142.2,63,213,48
20251021,10,46.1,18,91,48
20251021,11,158.1,82,250,48
20251021,12,152.2,120,210,48
20251021,13,88.0,58,124,48
20251021,14,135.7,107,188,48
20251021,15,103.0,59,146,48
20251021,16,19.6,1,35,48
20251021,17,142.1,54,232,48
20251021,18,95.9,54,136,48
20251022,1,48.5,0,333,48
20251022,2,14.2,1,87,48
20251022,3,100.5,10,199,48
20251022,4,38.0,16,101,48
20251022,5,161.9,41,271,48
20251022,6,163.5,22,332,48
20251022,7,310.9,112,388,48
20251022,8,191.3,25,342,48
20251022,9,240.5,60,365,48
20251022,10,150.1,26,254,48
20251022,11,253.9,116,380,48
20251022,12,224.8,122,297,48
20251022,13,187.3,54,272,48
20251022,14,234.5,123,320,48
20251022,15,182.0,61,271,48
20251022,16,42.8,1,161,48
20251022,17,248.6,47,375,48
20251022,18,172.5,54,261,48
20251023,1,88.7,0,229,48
20251023,2,6.9,1,15,48
20251023,3,29.4,8,64,48
20251023,4,27.9,12,51,48
20251023,5,96.1,42,169,48
20251023,6,40.2,8,106,48
20251023,7,103.6,8,220,48
20251023,8,61.4,21,154,48
20251023,9,87.4,55,200,48
20251023,10,57.8,9,145,48
20251023,11,125.7,56,217,48
20251023,12,120.2,70,158,48
20251023,13,80.4,35,129,48
20251023,14,102.4,69,137,48
20251023,15,75.1,42,142,48
20251023,16,25.9,6,82,48
20251023,17,101.9,14,200,48
20251023,18,72.1,38,139,48
20251024,1,0.0,0,0,48
20251024,2,1.2,0,3,48
20251024,3,18.5,12,26,48
20251024,4,16.6,7,32,48
20251024,5,63.4,42,79,48
20251024,6,17.0,6,40,48
20251024,7,62.5,17,129,48
20251024,8,45.3,20,75,48
20251024,9,78.1,54,113,48
20251024,10,52.3,1,82,48
20251024,11,161.1,54,250,48
20251024,12,136.4,77,182,48
20251024,13,71.6,22,108,48
20251024,14,96.4,59,126,48
20251024,15,68.8,55,95,48
20251024,16,6.0,0,13,48
20251024,17,19.6,0,63,48
20251024,18,58.5,47,81,48
20251025,1,0.0,0,0,48
20251025,2,0.4,0,1,48
20251025,3,9.7,4,16,48
20251025,4,8.2,3,17,48
20251025,5,62.0,45,82,48
20251025,6,4.0,1,12,48
20251025,7,67.7,18,149,48
20251025,8,18.5,12,26,48
20251025,9,96.6,71,138,48
20251025,10,23.8,7,54,48
20251025,11,128.3,20,237,48
20251025,12,142.5,79,199,48
20251025,13,57.4,27,110,48
20251025,14,102.2,71,150,48
20251025,15,60.5,42,81,48
20251025,16,0.3,0,2,48
20251025,17,23.2,1,63,48
20251025,18,51.6,36,71,48
20251026,1,0.0,0,0,50
20251026,2,0.9,0,1,50
20251026,3,13.3,8,20,50
20251026,4,20.5,11,37,50
20251026,5,65.1,46,98,50
20251026,6,6.3,2,11,50
20251026,7,92.9,52,145,50
20251026,8,37.8,19,71,50
20251026,9,88.5,74,106,50
20251026,10,67.7,33,97,50
20251026,11,187.2,123,230,50
20251026,12,137.6,96,180,50
20251026,13,80.0,49,105,50
20251026,14,94.8,76,110,50
20251026,15,70.5,50,81,50
20251026,16,1.6,1,3,50
20251026,17,51.2,10,79,50
20251026,18,61.2,50,68,50
20251027,1,4.7,0,31,48
20251027,2,11.9,0,55,48
20251027,3,31.1,5,102,48
20251027,4,30.8,5,76,48
20251027,5,118.1,59,235,48
20251027,6,45.2,9,129,48
20251027,7,158.1,67,349,48
20251027,8,72.2,13,202,48
20251027,9,120.4,58,263,48
20251027,10,57.4,0,145,48
20251027,11,182.6,21,352,48
20251027,12,158.9,69,310,48
20251027,13,94.0,13,203,48
20251027,14,117.0,40,210,48
20251027,15,93.2,37,198,48
20251027,16,23.6,1,90,48
20251027,17,87.2,19,258,48
20251027,18,86.4,34,185,48
20251028,1,0.0,0,0,48
20251028,2,1.3,0,2,48
20251028,3,12.5,2,40,48
20251028,4,16.6,5,24,48
20251028,5,77.5,51,132,48
20251028,6,17.0,2,56,48
20251028,7,109.8,24,278,48
20251028,8,25.8,8,70,48
20251028,9,84.9,31,183,48
20251028,10,38.2,1,105,48
20251028,11,153.0,26,272,48
20251028,12,121.3,65,216,48
20251028,13,66.3,16,142,48
20251028,14,98.9,40,192,48
20251028,15,64.1,34,130,48
20251028,16,5.3,1,17,48
20251028,17,49.6,17,140,48
20251028,18,57.3,30,119,48
20251029,1,32.7,0,204,48
20251029,2,8.9,1,76,48
20251029,3,31.5,6,73,48
20251029,4,22.4,13,47,48
20251029,5,141.1,66,254,48
20251029,6,42.9,3,76,48
20251029,7,260.0,98,356,48
20251029,8,90.8,16,174,48
20251029,9,199.7,80,317,48
20251029,10,87.2,0,200,48
20251029,11,283.0,200,374,48
20251029,12,236.2,143,330,48
20251029,13,119.6,15,232,48
20251029,14,144.3,36,260,48
20251029,15,134.8,56,221,48
20251029,16,4.2,1,13,48
20251029,17,157.0,34,257,48
20251029,18,123.9,49,204,48
20251030,1,0.1,0,2,48
20251030,2,5.4,0,13,48
20251030,3,45.0,0,108,48
20251030,4,20.2,8,37,48
20251030,5,147.0,73,204,48
20251030,6,47.9,3,141,48
20251030,7,212.2,93,348,48
20251030,8,98.0,10,220,48
20251030,9,198.9,90,296,48
20251030,10,104.6,11,200,48
20251030,11,250.7,175,354,48
20251030,12,216.1,159,275,48
20251030,13,132.9,62,213,48
20251030,14,151.7,82,239,48
20251030,15,134.6,74,187,48
20251030,16,21.1,0,57,48
20251030,17,139.6,45,297,48
20251030,18,124.2,66,180,48
20251031,1,0.0,0,0,48
20251031,2,1.6,1,8,48
20251031,3,5.4,1,14,48
20251031,4,18.3,12,28,48
20251031,5,79.3,63,98,48
20251031,6,9.3,1,24,48
20251031,7,102.1,18,187,48
20251031,8,20.8,15,30,48
20251031,9,95.2,70,120,48
20251031,10,15.9,6,29,48
20251031,11,179.0,86,315,48
20251031,12,185.9,112,221,48
20251031,13,79.4,30,122,48
20251031,14,128.6,56,179,48
20251031,15,72.8,52,88,48
20251031,16,2.3,1,11,48
20251031,17,47.6,21,97,48
20251031,18,64.1,45,77,48
20251101,1,0.0,0,0,48
20251101,2,1.2,1,2,48
20251101,3,8.3,1,33,48
20251101,4,17.6,11,27,48
20251101,5,83.9,45,145,48
20251101,6,7.8,1,23,48
20251101,7,114.1,25,289,48
20251101,8,27.1,8,70,48
20251101,9,97.9,48,193,48
20251101,10,30.9,1,105,48
20251101,11,168.0,13,293,48
20251101,12,158.9,71,269,48
20251101,13,52.5,20,124,48
20251101,14,77.8,49,133,48
20251101,15,68.4,31,127,48
20251101,16,1.6,1,4,48
20251101,17,50.1,17,154,48
20251101,18,59.8,28,113,48
20251102,1,0.0,0,0,48
20251102,2,2.6,1,15,48
20251102,3,21.7,13,40,48
20251102,4,25.9,19,34,48
20251102,5,113.2,71,153,48
20251102,6,13.1,5,29,48
20251102,7,142.8,65,307,48
20251102,8,37.4,17,64,48
20251102,9,117.9,65,220,48
20251102,10,33.7,4,139,48
20251102,11,221.4,76,327,48
20251102,12,192.7,94,278,48
20251102,13,85.9,52,150,48
20251102,14,115.4,77,174,48
20251102,15,89.2,66,145,48
20251102,16,3.2,1,21,48
20251102,17,56.1,23,175,48
20251102,18,78.4,57,130,48
20251103,1,0.0,0,0,48
20251103,2,5.4,1,23,48
20251103,3,11.6,2,18,48
20251103,4,22.1,12,38,48
20251103,5,81.2,64,117,48
20251103,6,11.2,4,29,48
20251103,7,148.1,73,210,48
20251103,8,20.7,13,29,48
20251103,9,88.1,59,129,48
20251103,10,30.5,8,66,48
20251103,11,178.1,98,279,48
20251103,12,149.8,101,208,48
20251103,13,73.5,51,119,48
20251103,14,117.7,80,174,48
20251103,15,71.0,58,96,48
20251103,16,6.3,1,23,48
20251103,17,62.4,35,91,48
20251103,18,63.5,53,86,48
20251104,1,0.0,0,0,48
20251104,2,1.4,1,4,48
20251104,3,17.4,1,41,48
20251104,4,21.9,13,38,48
20251104,5,91.6,62,128,48
20251104,6,17.2,4,44,48
20251104,7,130.6,61,255,48
20251104,8,49.9,10,111,48
20251104,9,112.8,69,217,48
20251104,10,47.9,5,96,48
20251104,11,194.7,97,268,48
20251104,12,192.3,143,246,48
20251104,13,96.1,37,166,48
20251104,14,131.3,69,211,48
20251104,15,91.2,63,136,48
20251104,16,2.4,1,12,48
20251104,17,77.8,24,168,48
20251104,18,80.9,56,121,48
20251105,1,66.0,0,158,48
20251105,2,6.6,2,16,48
20251105,3,34.8,10,56,48
20251105,4,29.4,21,40,48
20251105,5,120.1,77,154,48
20251105,6,50.1,13,93,48
20251105,7,203.2,77,299,48
20251105,8,93.5,41,142,48
20251105,9,169.5,76,267,48
20251105,10,63.6,11,108,48
20251105,11,212.2,105,296,48
20251105,12,219.8,147,278,48
20251105,13,120.4,37,188,48
20251105,14,159.5,72,259,48
20251105,15,120.0,61,168,48
20251105,16,26.2,10,49,48
20251105,17,147.1,47,246,48
20251105,18,112.6,57,158,48
20251106,1,234.1,79,305,48
20251106,2,89.0,4,146,48
20251106,3,110.9,45,162,48
20251106,4,27.2,14,43,48
20251106,5,219.7,137,289,48
20251106,6,164.0,37,238,48
20251106,7,343.1,155,390,48
20251106,8,229.3,107,288,48
20251106,9,292.4,152,346,48
20251106,10,198.6,68,276,48
20251106,11,311.4,241,361,48
20251106,12,305.3,234,347,48
20251106,13,205.9,114,292,48
20251106,14,202.7,119,295,48
20251106,15,224.2,135,282,48
20251106,16,83.5,23,120,48
20251106,17,323.3,105,383,48
20251106,18,215.4,119,271,48
20251107,1,274.6,205,325,48
20251107,2,105.6,56,139,48
20251107,3,85.5,47,127,48
20251107,4,27.3,16,42,48
20251107,5,197.2,154,247,48
20251107,6,110.5,59,182,48
20251107,7,345.6,303,377,48
20251107,8,215.3,153,251,48
20251107,9,312.1,239,340,48
20251107,10,195.1,68,268,48
20251107,11,315.6,228,377,48
20251107,12,314.5,275,346,48
20251107,13,210.5,142,260,48
20251107,14,206.5,150,298,48
20251107,15,215.9,175,244,48
20251107,16,107.5,70,143,48
20251107,17,299.3,236,360,48
20251107,18,212.2,177,233,48
20251108,1,204.0,0,286,48
20251108,2,78.3,6,139,48
20251108,3,82.3,36,133,48
20251108,4,31.5,25,53,48
20251108,5,183.8,142,252,48
20251108,6,120.5,30,173,48
20251108,7,301.0,188,356,48
20251108,8,187.3,94,256,48
20251108,9,284.0,200,342,48
20251108,10,184.1,66,261,48
20251108,11,281.5,31,380,48
20251108,12,302.2,235,349,48
20251108,13,186.0,123,239,48
20251108,14,179.4,135,226,48
20251108,15,202.5,155,253,48
20251108,16,79.5,4,141,48
20251108,17,259.7,162,309,48
20251108,18,193.7,140,236,48
20251109,1,12.8,0,109,48
20251109,2,6.9,1,23,48
20251109,3,50.3,10,122,48
20251109,4,31.6,22,55,48
20251109,5,156.2,99,237,48
20251109,6,51.0,7,149,48
20251109,7,233.7,120,358,48
20251109,8,112.8,34,224,48
20251109,9,198.3,88,304,48
20251109,10,170.6,12,243,48
20251109,11,311.7,247,370,48
20251109,12,271.8,195,323,48
20251109,13,176.8,53,248,48
20251109,14,172.4,84,257,48
20251109,15,164.7,90,225,48
20251109,16,19.2,1,89,48
20251109,17,158.5,45,304,48
20251109,18,149.0,87,209,48
20251110,1,89.5,0,304,48
20251110,2,32.2,1,109,48
20251110,3,76.6,35,155,48
20251110,4,44.5,24,79,48
20251110,5,129.3,94,179,48
20251110,6,125.0,22,252,48
20251110,7,274.0,92,367,48
20251110,8,154.9,72,278,48
20251110,9,164.0,65,296,48
20251110,10,39.9,8,100,48
20251110,11,282.8,165,370,48
20251110,12,252.6,196,308,48
20251110,13,99.6,32,148,48
20251110,14,136.0,48,186,48
20251110,15,136.5,84,198,48
20251110,16,39.1,1,83,48
20251110,17,239.9,83,352,48
20251110,18,133.2,81,192,48
20251111,1,17.9,0,95,48
20251111,2,6.3,1,33,48
20251111,3,27.8,4,58,48
20251111,4,23.0,16,33,48
20251111,5,104.1,47,151,48
20251111,6,37.6,5,65,48
20251111,7,186.8,44,295,48
20251111,8,73.0,14,157,48
20251111,9,122.2,48,239,48
20251111,10,60.2,12,128,48
20251111,11,213.4,126,288,48
20251111,12,197.0,110,300,48
20251111,13,88.1,21,123,48
20251111,14,111.1,36,165,48
20251111,15,97.6,44,147,48
20251111,16,16.6,1,64,48
20251111,17,150.1,21,241,48
20251111,18,93.1,39,144,48
20251112,1,0.0,0,0,48
20251112,2,1.1,0,3,48
20251112,3,50.1,4,123,48
20251112,4,22.6,9,50,48
20251112,5,92.6,46,160,48
20251112,6,52.9,2,156,48
20251112,7,215.5,58,347,48
20251112,8,104.3,16,250,48
20251112,9,149.0,48,293,48
20251112,10,85.7,12,167,48
20251112,11,235.6,140,344,48
20251112,12,200.6,126,317,48
20251112,13,82.8,22,148,48
20251112,14,79.0,33,141,48
20251112,15,110.2,48,200,48
20251112,16,11.1,0,37,48
20251112,17,141.3,15,303,48
20251112,18,102.1,41,189,48
20251113,1,0.0,0,0,48
20251113,2,0.9,0,5,48
20251113,3,37.1,8,92,48
20251113,4,16.7,8,22,48
20251113,5,114.6,51,205,48
20251113,6,36.2,3,136,48
20251113,7,225.7,69,384,48
20251113,8,72.3,11,193,48
20251113,9,162.5,63,318,48
20251113,10,110.1,13,271,48
20251113,11,259.1,135,385,48
20251113,12,225.2,113,342,48
20251113,13,129.0,35,254,48
20251113,14,139.9,52,242,48
20251113,15,123.4,56,226,48
20251113,16,19.5,0,48,48
20251113,17,122.2,17,266,48
20251113,18,112.4,47,207,48
20251114,1,0.0,0,0,48
20251114,2,5.1,1,17,48
20251114,3,19.1,13,28,48
20251114,4,25.1,16,47,48
20251114,5,96.1,57,136,48
20251114,6,8.5,5,17,48
20251114,7,126.6,39,184,48
20251114,8,25.5,9,37,48
20251114,9,107.8,60,149,48
20251114,10,74.6,29,116,48
20251114,11,207.0,143,273,48
20251114,12,150.1,90,215,48
20251114,13,101.8,49,147,48
20251114,14,125.7,72,188,48
20251114,15,85.9,53,118,48
20251114,16,19.3,10,33,48
20251114,17,62.6,20,108,48
20251114,18,77.4,47,104,48
20251115,1,0.5,0,4,48
20251115,2,4.9,1,20,48
20251115,3,36.9,10,78,48
20251115,4,28.6,18,50,48
20251115,5,99.3,50,150,48
20251115,6,45.6,9,105,48
20251115,7,203.4,37,354,48
20251115,8,82.9,16,176,48
20251115,9,152.1,62,265,48
20251115,10,79.4,24,181,48
20251115,11,253.6,158,352,48
20251115,12,199.5,88,303,48
20251115,13,104.5,44,181,48
20251115,14,125.8,67,195,48
20251115,15,110.3,50,186,48
20251115,16,29.5,2,134,48
20251115,17,147.0,14,286,48
20251115,18,103.9,43,177,48
20251116,1,0.4,0,5,48
20251116,2,5.9,1,11,48
20251116,3,62.3,19,105,48
20251116,4,37.3,24,57,48
20251116,5,165.9,93,235,48
20251116,6,107.9,11,209,48
20251116,7,284.0,99,375,48
20251116,8,177.5,46,277,48
20251116,9,221.8,86,310,48
20251116,10,64.0,7,145,48
20251116,11,338.2,271,379,48
20251116,12,278.9,181,345,48
20251116,13,109.0,44,186,48
20251116,14,139.0,83,197,48
20251116,15,152.6,82,216,48
20251116,16,76.3,1,159,48
20251116,17,228.1,25,357,48
20251116,18,149.8,71,204,48
20251117,1,1.8,0,10,48
20251117,2,23.6,2,52,48
20251117,3,87.9,17,152,48
20251117,4,68.6,27,121,48
20251117,5,159.5,88,252,48
20251117,6,161.6,36,365,48
20251117,7,282.8,65,389,48
20251117,8,182.9,37,296,48
20251117,9,205.5,69,308,48
20251117,10,69.8,0,151,48
20251117,11,286.0,117,393,48
20251117,12,244.4,107,349,48
20251117,13,103.0,16,189,48
20251117,14,128.2,42,232,48
20251117,15,150.5,53,236,48
20251117,16,53.3,5,102,48
20251117,17,226.5,35,367,48
20251117,18,145.3,48,227,48
20251118,1,58.7,0,210,48
20251118,2,11.7,1,54,48
20251118,3,89.2,8,134,48
20251118,4,99.0,20,189,48
20251118,5,224.2,145,278,48
20251118,6,90.6,9,148,48
20251118,7,332.9,56,382,48
20251118,8,174.3,24,237,48
20251118,9,272.2,164,322,48
20251118,10,144.3,39,201,48
20251118,11,336.6,250,385,48
20251118,12,304.8,216,366,48
20251118,13,180.7,81,238,48
20251118,14,186.0,84,278,48
20251118,15,200.1,102,241,48
20251118,16,36.1,1,83,48
20251118,17,231.4,39,312,48
20251118,18,186.1,88,229,48
20251119,1,0.0,0,0,48
20251119,2,1.3,1,10,48
20251119,3,44.3,11,103,48
20251119,4,45.9,21,97,48
20251119,5,159.0,109,213,48
20251119,6,80.7,8,121,48
20251119,7,249.3,63,368,48
20251119,8,132.9,23,212,48
20251119,9,219.1,140,281,48
20251119,10,84.4,33,153,48
20251119,11,230.1,101,353,48
20251119,12,240.4,161,311,48
20251119,13,118.5,55,186,48
20251119,14,141.4,57,207,48
20251119,15,141.8,84,191,48
20251119,16,1.8,1,11,48
20251119,17,188.5,27,317,48
20251119,18,131.2,74,180,48
20251120,1,83.0,0,192,48
20251120,2,28.9,1,67,48
20251120,3,96.5,31,156,48
20251120,4,88.6,22,171,48
20251120,5,183.1,132,227,48
20251120,6,155.9,44,266,48
20251120,7,304.6,83,381,48
20251120,8,200.6,59,322,48
20251120,9,253.6,138,311,48
20251120,10,114.7,18,177,48
20251120,11,304.8,129,375,48
20251120,12,280.2,192,341,48
20251120,13,144.5,49,208,48
20251120,14,164.8,77,243,48
20251120,15,182.7,97,233,48
20251120,16,48.6,10,135,48
20251120,17,249.1,67,348,48
20251120,18,173.9,87,222,48
20251121,1,82.0,20,202,48
20251121,2,40.8,6,90,48
20251121,3,113.1,21,172,48
20251121,4,121.3,19,232,48
20251121,5,220.2,99,267,48
20251121,6,182.4,19,370,48
20251121,7,362.2,283,390,48
20251121,8,243.6,41,357,48
20251121,9,299.4,102,362,48
20251121,10,202.9,115,278,48
20251121,11,341.9,234,391,48
20251121,12,291.1,161,371,48
20251121,13,207.2,131,300,48
20251121,14,208.3,147,309,48
20251121,15,226.0,105,272,48
20251121,16,62.6,6,151,48
20251121,17,311.9,181,386,48
20251121,18,215.6,100,264,48
20251122,1,48.3,0,234,48
20251122,2,20.0,3,42,48
20251122,3,78.7,29,128,48
20251122,4,51.3,19,86,48
20251122,5,136.5,98,179,48
20251122,6,113.1,17,279,48
20251122,7,294.9,124,379,48
20251122,8,152.8,36,237,48
20251122,9,184.2,90,252,48
20251122,10,98.2,27,133,48
20251122,11,294.6,166,366,48
20251122,12,225.5,130,284,48
20251122,13,108.4,55,140,48
20251122,14,106.8,71,147,48
20251122,15,140.0,87,185,48
20251122,16,69.5,1,129,48
20251122,17,245.1,135,344,48
20251122,18,139.0,82,187,48
20251123,1,0.8,0,23,48
20251123,2,3.1,1,13,48
20251123,3,11.6,3,29,48
20251123,4,23.7,17,33,48
20251123,5,91.7,73,123,48
20251123,6,23.2,4,71,48
20251123,7,120.1,47,216,48
20251123,8,40.1,11,92,48
20251123,9,106.1,42,175,48
20251123,10,54.4,0,120,48
20251123,11,159.9,58,254,48
20251123,12,133.9,74,198,48
20251123,13,72.0,19,130,48
20251123,14,91.7,31,145,48
20251123,15,72.7,40,122,48
20251123,16,9.2,1,23,48
20251123,17,83.4,24,181,48
20251123,18,67.3,37,113,48
20251124,1,1.0,0,21,48
20251124,2,1.5,1,6,48
20251124,3,59.6,14,103,48
20251124,4,49.5,22,103,48
20251124,5,172.3,89,259,48
20251124,6,91.4,23,151,48
20251124,7,253.3,39,354,48
20251124,8,133.6,36,234,48
20251124,9,225.2,68,333,48
20251124,10,126.9,0,238,48
20251124,11,298.0,165,353,48
20251124,12,263.1,126,343,48
20251124,13,154.1,24,247,48
20251124,14,157.8,28,227,48
20251124,15,161.6,58,225,48
20251124,16,6.9,1,28,48
20251124,17,172.3,21,263,48
20251124,18,147.1,51,205,48
20251125,1,188.1,27,315,48
20251125,2,73.3,8,122,48
20251125,3,131.7,53,172,48
20251125,4,144.1,48,199,48
20251125,5,201.2,131,238,48
20251125,6,226.3,51,364,48
20251125,7,304.1,110,391,48
20251125,8,239.8,92,320,48
20251125,9,263.9,119,322,48
20251125,10,100.9,0,177,48
20251125,11,335.4,220,390,48
20251125,12,276.7,190,335,48
20251125,13,124.8,9,189,48
20251125,14,145.7,24,225,48
20251125,15,195.5,107,241,48
20251125,16,107.3,12,178,48
20251125,17,277.4,35,383,48
20251125,18,191.9,95,243,48
20251126,1,70.9,8,147,48
20251126,2,31.1,3,75,48
20251126,3,63.9,5,100,48
20251126,4,50.3,19,92,48
20251126,5,206.6,93,293,48
20251126,6,105.2,4,196,48
20251126,7,339.0,58,391,48
20251126,8,161.8,15,234,48
20251126,9,277.0,103,355,48
20251126,10,189.1,50,257,48
20251126,11,335.4,230,391,48
20251126,12,273.4,156,349,48
20251126,13,212.6,78,284,48
20251126,14,225.9,79,307,48
20251126,15,204.3,85,262,48
20251126,16,12.4,1,60,48
20251126,17,226.3,46,343,48
20251126,18,188.1,74,239,48
20251127,1,4.3,0,23,48
20251127,2,2.9,0,11,48
20251127,3,24.5,12,42,48
20251127,4,17.8,9,26,48
20251127,5,97.3,78,130,48
20251127,6,18.5,4,70,48
20251127,7,139.6,18,280,48
20251127,8,36.2,21,54,48
20251127,9,137.5,91,182,48
20251127,10,67.6,32,115,48
20251127,11,232.5,142,343,48
20251127,12,185.1,132,247,48
20251127,13,93.7,49,130,48
20251127,14,96.7,42,154,48
20251127,15,96.7,72,116,48
20251127,16,3.5,1,13,48
20251127,17,63.8,0,145,48
20251127,18,85.6,63,105,48
20251128,1,0.2,0,1,48
20251128,2,2.2,0,14,48
20251128,3,14.8,2,36,48
20251128,4,17.9,9,25,48
20251128,5,100.3,73,125,48
20251128,6,17.5,1,57,48
20251128,7,136.9,11,264,48
20251128,8,27.6,12,48,48
20251128,9,120.9,76,169,48
20251128,10,69.5,47,101,48
20251128,11,237.4,44,344,48
20251128,12,174.6,124,236,48
20251128,13,97.0,64,136,48
20251128,14,115.3,64,158,48
20251128,15,93.3,66,119,48
20251128,16,4.6,0,16,48
20251128,17,57.1,2,109,48
20251128,18,82.3,59,102,48
20251129,1,0.0,0,0,48
20251129,2,1.1,1,2,48
20251129,3,31.9,5,61,48
20251129,4,23.8,20,29,48
20251129,5,108.2,75,136,48
20251129,6,38.0,11,70,48
20251129,7,201.4,37,328,48
20251129,8,64.6,26,109,48
20251129,9,117.0,67,164,48
20251129,10,48.5,17,118,48
20251129,11,182.6,98,266,48
20251129,12,143.4,107,194,48
20251129,13,58.5,22,118,48
20251129,14,71.2,33,128,48
20251129,15,82.0,58,115,48
20251129,16,3.7,1,23,48
20251129,17,128.1,26,239,48
20251129,18,78.3,53,110,48
20251130,1,99.2,0,283,48
20251130,2,19.6,1,61,48
20251130,3,54.9,12,111,48
20251130,4,28.1,15,51,48
20251130,5,155.7,105,205,48
20251130,6,74.9,14,133,48
20251130,7,256.3,89,372,48
20251130,8,129.9,23,241,48
20251130,9,202.3,116,306,48
20251130,10,106.5,42,199,48
20251130,11,275.8,160,368,48
20251130,12,212.3,129,319,48
20251130,13,130.6,55,238,48
20251130,14,151.3,66,256,48
20251130,15,143.5,64,231,48
20251130,16,48.9,1,151,48
20251130,17,200.0,33,341,48
20251130,18,137.8,65,219,48
20251201,1,6.7,0,14,48
20251201,2,9.9,1,29,48
20251201,3,33.8,8,78,48
20251201,4,30.1,11,59,48
20251201,5,117.3,56,148,48
20251201,6,31.4,3,53,48
20251201,7,202.7,40,290,48
20251201,8,106.6,21,222,48
20251201,9,177.7,61,249,48
20251201,10,105.7,49,152,48
20251201,11,233.3,142,278,48
20251201,12,203.8,93,245,48
20251201,13,111.3,56,138,48
20251201,14,111.4,58,145,48
20251201,15,109.1,55,157,48
20251201,16,39.2,5,108,48
20251201,17,132.0,33,216,48
20251201,18,108.3,51,152,48
20251202,1,2.3,0,14,48
20251202,2,1.7,0,6,48
20251202,3,43.0,7,74,48
20251202,4,15.5,10,20,48
20251202,5,151.9,71,218,48
20251202,6,73.5,5,155,48
20251202,7,285.9,38,385,48
20251202,8,111.3,17,204,48
20251202,9,209.2,65,298,48
20251202,10,127.1,41,198,48
20251202,11,278.9,142,387,48
20251202,12,209.4,74,307,48
20251202,13,158.2,55,237,48
20251202,14,173.8,53,284,48
20251202,15,149.9,55,218,48
20251202,16,3.2,0,15,48
20251202,17,185.3,29,313,48
20251202,18,137.5,48,200,48
20251203,1,17.6,0,30,48
20251203,2,7.3,1,12,48
20251203,3,73.3,13,104,48
20251203,4,38.1,16,96,48
20251203,5,200.1,106,251,48
20251203,6,108.3,13,149,48
20251203,7,347.0,125,385,48
20251203,8,168.8,36,215,48
20251203,9,273.2,141,339,48
20251203,10,160.6,41,228,48
20251203,11,333.7,181,385,48
20251203,12,264.4,157,325,48
20251203,13,210.5,75,286,48
20251203,14,231.9,102,325,48
20251203,15,196.3,99,241,48
20251203,16,5.9,1,16,48
20251203,17,246.6,40,308,48
20251203,18,181.5,86,221,48
20251204,1,12.4,0,69,48
20251204,2,6.7,1,33,48
20251204,3,78.3,7,128,48
20251204,4,56.0,17,106,48
20251204,5,151.6,125,195,48
20251204,6,82.4,23,173,48
20251204,7,290.2,75,377,48
20251204,8,172.4,32,274,48
20251204,9,240.3,120,327,48
20251204,10,110.4,43,170,48
20251204,11,308.4,200,379,48
20251204,12,231.8,116,293,48
20251204,13,134.9,53,183,48
20251204,14,153.9,66,228,48
20251204,15,160.4,80,217,48
20251204,16,5.0,1,25,48
20251204,17,215.1,32,330,48
20251204,18,149.3,71,204,48
20251205,1,20.8,0,64,48
20251205,2,9.4,1,28,48
20251205,3,44.7,3,95,48
20251205,4,41.6,11,107,48
20251205,5,152.0,87,234,48
20251205,6,68.2,12,161,48
20251205,7,262.1,41,376,48
20251205,8,117.7,26,213,48
20251205,9,219.7,107,318,48
20251205,10,134.0,28,227,48
20251205,11,318.3,250,372,48
20251205,12,220.9,101,326,48
20251205,13,176.8,64,288,48
20251205,14,206.9,99,348,48
20251205,15,159.4,71,245,48
20251205,16,7.3,0,28,48
20251205,17,171.5,14,313,48
20251205,18,145.9,61,227,48
20251206,1,3.3,0,29,48
20251206,2,6.4,1,15,48
20251206,3,16.1,1,35,48
20251206,4,28.3,17,44,48
20251206,5,92.8,71,117,48
20251206,6,13.8,4,30,48
20251206,7,152.7,26,273,48
20251206,8,81.3,25,151,48
20251206,9,134.9,78,210,48
20251206,10,77.0,23,113,48
20251206,11,213.0,128,297,48
20251206,12,143.1,92,210,48
20251206,13,82.6,48,127,48
20251206,14,87.6,59,138,48
20251206,15,87.9,60,122,48
20251206,16,29.3,1,85,48
20251206,17,111.7,7,214,48
20251206,18,83.8,51,125,48
20251207,1,1.2,0,4,48
20251207,2,4.3,1,10,48
20251207,3,27.3,7,55,48
20251207,4,26.2,22,36,48
20251207,5,113.1,82,162,48
20251207,6,36.0,5,107,48
20251207,7,175.5,61,317,48
20251207,8,90.3,37,165,48
20251207,9,171.7,89,298,48
20251207,10,93.1,17,162,48
20251207,11,241.3,126,335,48
20251207,12,158.7,109,229,48
20251207,13,95.6,63,147,48
20251207,14,96.7,67,151,48
20251207,15,106.9,71,173,48
20251207,16,17.9,1,55,48
20251207,17,114.8,21,226,48
20251207,18,99.3,67,160,48
20251208,1,0.0,0,0,48
20251208,2,1.5,1,12,48
20251208,3,21.8,3,46,48
20251208,4,19.6,12,28,48
20251208,5,93.6,56,128,48
20251208,6,21.3,1,66,48
20251208,7,157.5,17,324,48
20251208,8,51.6,17,125,48
20251208,9,131.8,73,228,48
20251208,10,72.1,10,116,48
20251208,11,188.1,81,295,48
20251208,12,145.5,78,220,48
20251208,13,98.1,38,130,48
20251208,14,124.4,75,177,48
20251208,15,89.5,46,140,48
20251208,16,1.4,1,11,48
20251208,17,80.4,3,181,48
20251208,18,80.9,40,128,48
20251209,1,0.0,0,0,48
20251209,2,2.5,0,16,48
20251209,3,20.7,0,41,48
20251209,4,19.8,9,37,48
20251209,5,88.4,50,128,48
20251209,6,23.2,3,53,48
20251209,7,91.0,14,271,48
20251209,8,39.1,12,86,48
20251209,9,108.9,58,181,48
20251209,10,46.7,16,101,48
20251209,11,220.8,127,301,48
20251209,12,120.1,70,170,48
20251209,13,77.3,36,118,48
20251209,14,106.0,57,160,48
20251209,15,77.9,44,117,48
20251209,16,2.0,1,11,48
20251209,17,37.9,1,123,48
20251209,18,67.3,38,104,48
20251210,1,0.0,0,0,48
20251210,2,2.0,1,14,48
20251210,3,21.3,9,40,48
20251210,4,17.0,11,30,48
20251210,5,93.0,48,125,48
20251210,6,13.6,5,26,48
20251210,7,126.1,35,290,48
20251210,8,24.4,14,43,48
20251210,9,104.7,60,167,48
20251210,10,58.5,22,125,48
20251210,11,168.4,81,337,48
20251210,12,110.4,75,150,48
20251210,13,96.8,50,146,48
20251210,14,155.0,96,198,48
20251210,15,81.7,45,118,48
20251210,16,1.6,0,9,48
20251210,17,50.7,21,98,48
20251210,18,70.9,39,104,48
20251211,1,0.1,0,3,48
20251211,2,4.8,1,14,48
20251211,3,28.3,6,69,48
20251211,4,15.6,14,23,48
20251211,5,113.6,73,135,48
20251211,6,45.0,2,115,48
20251211,7,204.6,37,318,48
20251211,8,57.4,13,141,48
20251211,9,143.9,86,226,48
20251211,10,81.9,38,115,48
20251211,11,265.3,190,346,48
20251211,12,159.6,89,250,48
20251211,13,146.0,85,193,48
20251211,14,218.9,161,282,48
20251211,15,116.6,70,163,48
20251211,16,4.2,1,12,48
20251211,17,130.2,17,257,48
20251211,18,106.0,61,152,48
20251212,1,17.3,0,70,48
20251212,2,10.4,1,31,48
20251212,3,93.2,36,150,48
20251212,4,50.9,18,123,48
20251212,5,183.7,135,230,48
20251212,6,129.5,34,250,48
20251212,7,308.9,169,378,48
20251212,8,185.5,61,269,48
20251212,9,259.4,136,309,48
20251212,10,122.1,24,178,48
20251212,11,336.2,206,389,48
20251212,12,264.6,163,345,48
20251212,13,180.3,94,247,48
20251212,14,211.7,132,292,48
20251212,15,189.8,110,244,48
20251212,16,17.9,1,79,48
20251212,17,240.5,131,355,48
20251212,18,176.9,106,232,48
20251213,1,1.2,0,8,48
20251213,2,4.4,1,12,48
20251213,3,41.0,15,52,48
20251213,4,19.6,10,30,48
20251213,5,126.8,84,163,48
20251213,6,62.3,22,94,48
20251213,7,130.6,61,247,48
20251213,8,56.6,22,75,48
20251213,9,132.8,76,178,48
20251213,10,131.1,51,186,48
20251213,11,162.2,74,241,48
20251213,12,156.3,80,208,48
20251213,13,156.6,99,192,48
20251213,14,193.8,143,241,48
20251213,15,119.8,77,143,48
20251213,16,4.3,1,12,48
20251213,17,53.7,6,120,48
20251213,18,102.1,66,125,48
20251214,1,0.0,0,0,48
20251214,2,4.2,0,15,48
20251214,3,21.9,10,35,48
20251214,4,11.4,6,17,48
20251214,5,72.5,48,101,48
20251214,6,22.5,8,47,48
20251214,7,141.5,80,189,48
20251214,8,25.7,15,43,48
20251214,9,80.8,46,123,48
20251214,10,36.9,14,58,48
20251214,11,173.6,95,220,48
20251214,12,94.6,62,128,48
20251214,13,76.2,31,106,48
20251214,14,144.5,58,213,48
20251214,15,69.9,42,87,48
20251214,16,4.5,0,13,48
20251214,17,52.2,30,82,48
20251214,18,61.5,38,74,48
20251215,1,64.0,0,126,48
20251215,2,39.8,1,72,48
20251215,3,102.3,8,147,48
20251215,4,58.0,19,87,48
20251215,5,136.9,49,190,48
20251215,6,168.5,10,285,48
20251215,7,290.5,94,380,48
20251215,8,175.8,18,247,48
20251215,9,200.7,44,274,48
20251215,10,62.0,9,126,48
20251215,11,313.2,138,382,48
20251215,12,210.6,68,308,48
20251215,13,98.0,38,147,48
20251215,14,136.7,68,189,48
20251215,15,145.0,42,198,48
20251215,16,53.9,1,112,48
20251215,17,283.8,46,376,48
20251215,18,145.0,39,199,48
20251216,1,100.8,0,140,48
20251216,2,60.4,2,96,48
20251216,3,110.5,24,158,48
20251216,4,40.3,19,81,48
20251216,5,213.9,130,261,48
20251216,6,201.5,118,284,48
20251216,7,370.7,334,389,48
20251216,8,208.7,110,287,48
20251216,9,283.4,179,331,48
20251216,10,174.5,41,252,48
20251216,11,323.9,214,391,48
20251216,12,266.5,166,351,48
20251216,13,209.3,100,257,48
20251216,14,219.6,147,277,48
20251216,15,213.8,126,261,48
20251216,16,53.2,3,89,48
20251216,17,321.3,210,375,48
20251216,18,204.9,131,250,48
20251217,1,7.9,0,26,48
20251217,2,6.8,1,22,48
20251217,3,52.3,10,74,48
20251217,4,20.9,12,32,48
20251217,5,131.8,49,187,48
20251217,6,65.6,11,141,48
20251217,7,251.7,59,370,48
20251217,8,95.1,19,129,48
20251217,9,204.0,45,276,48
20251217,10,135.8,13,235,48
20251217,11,276.5,129,331,48
20251217,12,216.9,89,297,48
20251217,13,197.1,39,312,48
20251217,14,242.9,66,383,48
20251217,15,154.9,41,209,48
20251217,16,6.2,1,15,48
20251217,17,155.1,65,289,48
20251217,18,139.3,40,188,48
20251218,1,0.0,0,0,48
20251218,2,1.1,0,4,48
20251218,3,26.0,4,54,48
20251218,4,17.3,11,25,48
20251218,5,98.3,52,138,48
20251218,6,51.0,10,100,48
20251218,7,204.0,87,295,48
20251218,8,64.7,16,120,48
20251218,9,140.8,52,259,48
20251218,10,80.1,26,129,48
20251218,11,231.4,130,314,48
20251218,12,162.1,89,215,48
20251218,13,96.6,41,135,48
20251218,14,111.1,55,146,48
20251218,15,99.5,42,154,48
20251218,16,3.4,0,6,48
20251218,17,118.2,10,241,48
20251218,18,90.6,41,137,48
20251219,1,0.0,0,0,48
20251219,2,1.4,1,6,48
20251219,3,21.8,14,30,48
20251219,4,17.3,12,26,48
20251219,5,108.3,66,151,48
20251219,6,49.6,16,91,48
20251219,7,192.2,100,343,48
20251219,8,47.2,31,83,48
20251219,9,122.5,72,186,48
20251219,10,95.0,60,143,48
20251219,11,196.3,76,285,48
20251219,12,179.4,115,239,48
20251219,13,168.8,115,219,48
20251219,14,239.4,133,326,48
20251219,15,115.0,81,149,48
20251219,16,2.9,1,7,48
20251219,17,123.8,30,220,48
20251219,18,103.3,74,137,48
20251220,1,0.0,0,0,48
20251220,2,2.7,1,8,48
20251220,3,42.3,26,59,48
20251220,4,17.3,15,20,48
20251220,5,153.9,90,194,48
20251220,6,52.2,15,93,48
20251220,7,224.2,90,292,48
20251220,8,88.6,37,133,48
20251220,9,222.5,135,295,48
20251220,10,137.8,66,197,48
20251220,11,237.6,165,327,48
20251220,12,201.2,140,253,48
20251220,13,168.0,113,209,48
20251220,14,182.5,154,210,48
20251220,15,143.0,90,181,48
20251220,16,4.5,1,14,48
20251220,17,156.7,107,221,48
20251220,18,130.6,84,162,48
20251221,1,0.0,0,0,48
20251221,2,1.8,1,4,48
20251221,3,27.7,4,55,48
20251221,4,21.2,10,38,48
20251221,5,142.6,63,216,48
20251221,6,85.4,29,129,48
20251221,7,198.8,40,298,48
20251221,8,108.7,47,174,48
20251221,9,209.4,71,300,48
20251221,10,137.2,56,212,48
20251221,11,289.0,171,378,48
20251221,12,204.9,88,251,48
20251221,13,152.1,88,213,48
20251221,14,156.8,106,222,48
20251221,15,142.3,64,191,48
20251221,16,15.0,1,28,48
20251221,17,143.2,91,209,48
20251221,18,129.6,61,170,48
20251222,1,0.0,0,0,48
20251222,2,1.4,1,2,48
20251222,3,54.6,17,88,48
20251222,4,15.6,9,32,48
20251222,5,134.8,49,231,48
20251222,6,89.8,13,198,48
20251222,7,247.7,43,365,48
20251222,8,122.0,36,197,48
20251222,9,207.0,68,299,48
20251222,10,138.9,28,237,48
20251222,11,284.3,175,358,48
20251222,12,184.3,74,258,48
20251222,13,151.5,74,202,48
20251222,14,152.6,109,226,48
20251222,15,141.4,51,210,48
20251222,16,44.8,7,74,48
20251222,17,170.1,80,282,48
20251222,18,133.5,51,198,48
20251223,1,0.0,0,0,48
20251223,2,3.9,2,9,48
20251223,3,50.8,12,78,48
20251223,4,25.9,14,48,48
20251223,5,124.3,89,155,48
20251223,6,43.9,9,75,48
20251223,7,231.0,46,321,48
20251223,8,130.4,50,197,48
20251223,9,189.4,90,246,48
20251223,10,113.6,58,140,48
20251223,11,281.2,204,340,48
20251223,12,172.6,78,238,48
20251223,13,108.6,78,133,48
20251223,14,104.0,37,134,48
20251223,15,125.4,73,160,48
20251223,16,33.5,16,56,48
20251223,17,171.6,88,230,48
20251223,18,119.4,69,152,48
20251224,1,7.8,0,20,48
20251224,2,17.2,2,38,48
20251224,3,49.9,15,80,48
20251224,4,58.7,21,118,48
20251224,5,116.7,68,172,48
20251224,6,39.1,8,78,48
20251224,7,166.5,43,270,48
20251224,8,111.8,36,185,48
20251224,9,143.9,75,208,48
20251224,10,102.3,31,134,48
20251224,11,187.8,138,279,48
20251224,12,121.8,79,174,48
20251224,13,85.4,48,107,48
20251224,14,70.0,58,82,48
20251224,15,101.3,51,145,48
20251224,16,52.0,7,96,48
20251224,17,108.9,6,165,48
20251224,18,96.9,47,139,48
20251225,1,2.1,0,12,48
20251225,2,4.8,2,18,48
20251225,3,19.4,9,31,48
20251225,4,56.0,16,87,48
20251225,5,93.2,67,126,48
20251225,6,40.3,15,65,48
20251225,7,96.7,37,187,48
20251225,8,68.5,40,93,48
20251225,9,111.6,75,152,48
20251225,10,68.4,35,106,48
20251225,11,193.0,121,301,48
20251225,12,100.4,80,131,48
20251225,13,70.5,51,94,48
20251225,14,74.6,58,94,48
20251225,15,77.7,57,95,48
20251225,16,28.8,6,54,48
20251225,17,62.7,15,115,48
20251225,18,72.7,53,90,48
20251226,1,10.8,0,31,48
20251226,2,16.1,2,39,48
20251226,3,31.7,11,52,48
20251226,4,67.8,20,121,48
20251226,5,132.0,83,167,48
20251226,6,57.9,7,159,48
20251226,7,226.6,53,324,48
20251226,8,132.6,32,237,48
20251226,9,170.5,83,251,48
20251226,10,73.6,37,121,48
20251226,11,306.9,221,372,48
20251226,12,185.5,92,280,48
20251226,13,94.6,45,139,48
20251226,14,107.3,57,160,48
20251226,15,119.8,65,168,48
20251226,16,58.6,3,119,48
20251226,17,162.2,3,270,48
20251226,18,117.1,56,168,48
20251227,1,0.3,0,5,48
20251227,2,4.1,1,12,48
20251227,3,19.4,2,33,48
20251227,4,30.0,16,40,48
20251227,5,122.7,94,154,48
20251227,6,40.4,3,110,48
20251227,7,238.2,97,305,48
20251227,8,112.6,53,154,48
20251227,9,166.5,107,229,48
20251227,10,54.5,2,102,48
20251227,11,249.8,108,350,48
20251227,12,178.5,124,216,48
20251227,13,66.1,23,98,48
20251227,14,73.5,45,105,48
20251227,15,104.9,90,123,48
20251227,16,22.2,9,69,48
20251227,17,169.9,49,260,48
20251227,18,101.2,84,121,48
20251228,1,25.4,0,62,48
20251228,2,39.0,7,80,48
20251228,3,74.9,22,115,48
20251228,4,58.0,21,100,48
20251228,5,191.6,125,226,48
20251228,6,147.1,10,312,48
20251228,7,329.4,269,371,48
20251228,8,257.1,121,337,48
20251228,9,285.6,147,357,48
20251228,10,141.4,30,217,48
20251228,11,326.2,263,378,48
20251228,12,227.3,148,270,48
20251228,13,159.5,86,214,48
20251228,14,163.0,82,213,48
20251228,15,185.7,113,233,48
20251228,16,127.3,38,211,48
20251228,17,283.5,165,357,48
20251228,18,186.0,113,237,48
20251229,1,0.0,0,0,48
20251229,2,16.6,7,40,48
20251229,3,67.9,20,103,48
20251229,4,44.3,22,78,48
20251229,5,168.2,97,220,48
20251229,6,135.8,30,254,48
20251229,7,339.7,294,365,48
20251229,8,244.1,98,308,48
20251229,9,271.7,109,351,48
20251229,10,143.0,62,213,48
20251229,11,329.4,211,372,48
20251229,12,264.3,151,335,48
20251229,13,175.7,97,249,48
20251229,14,196.7,108,282,48
20251229,15,187.6,88,230,48
20251229,16,72.4,30,126,48
20251229,17,315.2,264,352,48
20251229,18,184.5,94,219,48
20251230,1,3.0,0,16,48
20251230,2,22.4,4,55,48
20251230,3,80.7,19,136,48
20251230,4,47.8,22,80,48
20251230,5,156.4,94,208,48
20251230,6,139.3,12,324,48
20251230,7,322.7,214,369,48
20251230,8,211.7,70,313,48
20251230,9,246.3,88,323,48
20251230,10,122.1,33,171,48
20251230,11,298.3,171,378,48
20251230,12,223.7,143,318,48
20251230,13,145.8,94,192,48
20251230,14,165.2,103,222,48
20251230,15,166.9,86,218,48
20251230,16,69.5,7,125,48
20251230,17,281.9,126,367,48
20251230,18,164.5,86,216,48
20251231,1,0.0,0,0,48
20251231,2,1.8,1,3,48
20251231,3,34.2,18,54,48
20251231,4,14.3,12,20,48
20251231,5,129.1,89,164,48
20251231,6,75.0,16,152,48
20251231,7,279.4,134,383,48
20251231,8,86.8,54,133,48
20251231,9,171.0,105,222,48
20251231,10,114.8,47,165,48
20251231,11,243.2,143,324,48
20251231,12,173.7,136,213,48
20251231,13,130.0,71,179,48
20251231,14,157.1,101,267,48
20251231,15,126.0,99,162,48
20251231,16,7.6,3,26,48
20251231,17,152.7,58,234,48
20251231,18,115.6,91,150,48
20260101,1,0.0,0,0,48
20260101,2,1.0,1,2,48
20260101,3,26.6,14,44,48
20260101,4,17.4,10,23,48
20260101,5,100.3,69,127,48
20260101,6,49.8,29,85,48
20260101,7,127.9,57,207,48
20260101,8,43.8,27,67,48
20260101,9,95.6,61,138,48
20260101,10,71.7,10,105,48
20260101,11,197.2,134,295,48
20260101,12,120.7,85,177,48
20260101,13,94.1,52,148,48
20260101,14,126.3,82,225,48
20260101,15,82.7,57,123,48
20260101,16,20.8,10,34,48
20260101,17,43.8,20,119,48
20260101,18,73.6,50,106,48
20260102,1,0.0,0,1,48
20260102,2,1.2,1,2,48
20260102,3,21.1,11,38,48
20260102,4,16.4,12,25,48
20260102,5,114.9,63,181,48
20260102,6,49.1,27,98,48
20260102,7,165.0,48,349,48
20260102,8,47.2,24,97,48
20260102,9,122.1,60,209,48
20260102,10,78.9,17,141,48
20260102,11,133.7,48,270,48
20260102,12,123.2,71,178,48
20260102,13,93.0,38,154,48
20260102,14,114.4,66,183,48
20260102,15,85.1,44,133,48
20260102,16,30.6,17,43,48
20260102,17,75.0,16,168,48
20260102,18,78.7,40,122,48
20260103,1,0.0,0,0,48
20260103,2,2.3,1,4,48
20260103,3,12.3,3,33,48
20260103,4,24.8,14,33,48
20260103,5,101.9,75,141,48
20260103,6,100.8,45,178,48
20260103,7,229.0,130,364,48
20260103,8,66.0,34,123,48
20260103,9,126.8,89,189,48
20260103,10,74.1,31,134,48
20260103,11,116.6,30,175,48
20260103,12,112.8,82,176,48
20260103,13,85.1,42,135,48
20260103,14,104.0,66,142,48
20260103,15,88.3,62,128,48
20260103,16,4.4,1,8,48
20260103,17,134.4,34,294,48
20260103,18,81.5,55,123,48
20260104,1,14.0,0,89,48
20260104,2,9.1,2,48,48
20260104,3,40.4,8,89,48
20260104,4,56.0,24,136,48
20260104,5,149.7,80,247,48
20260104,6,97.9,31,186,48
20260104,7,286.9,61,384,48
20260104,8,147.1,32,246,48
20260104,9,184.7,76,291,48
20260104,10,85.7,30,155,48
20260104,11,214.2,67,373,48
20260104,12,207.0,94,302,48
20260104,13,128.1,59,216,48
20260104,14,174.1,94,299,48
20260104,15,137.6,61,214,48
20260104,16,9.7,2,41,48
20260104,17,230.1,57,350,48
20260104,18,131.1,56,204,48
20260105,1,108.1,0,179,48
20260105,2,43.5,2,74,48
20260105,3,87.5,4,136,48
20260105,4,126.4,25,207,48
20260105,5,227.2,150,272,48
20260105,6,156.5,18,301,48
20260105,7,372.8,340,385,48
20260105,8,262.1,157,331,48
20260105,9,272.4,184,325,48
20260105,10,144.3,109,192,48
20260105,11,349.6,239,393,48
20260105,12,311.5,262,375,48
20260105,13,211.9,165,250,48
20260105,14,256.3,199,311,48
20260105,15,223.1,189,255,48
20260105,16,72.9,3,124,48
20260105,17,335.6,280,385,48
20260105,18,216.7,183,249,48
20260106,1,114.7,0,233,48
20260106,2,41.2,2,82,48
20260106,3,102.0,50,136,48
20260106,4,119.0,32,188,48
20260106,5,218.3,131,270,48
20260106,6,126.0,36,201,48
20260106,7,317.1,83,385,48
20260106,8,226.7,66,353,48
20260106,9,291.1,146,355,48
20260106,10,190.0,41,262,48
20260106,11,341.3,212,390,48
20260106,12,313.2,175,381,48
20260106,13,236.4,89,283,48
20260106,14,279.2,160,327,48
20260106,15,233.2,118,284,48
20260106,16,36.6,2,97,48
20260106,17,258.1,2,360,48
20260106,18,217.5,102,272,48
20260107,1,85.5,1,250,48
20260107,2,29.0,5,86,48
20260107,3,94.5,15,173,48
20260107,4,58.6,39,106,48
20260107,5,188.3,139,233,48
20260107,6,171.0,35,309,48
20260107,7,278.9,85,390,48
20260107,8,175.1,47,327,48
20260107,9,224.8,160,277,48
20260107,10,133.3,54,193,48
20260107,11,275.4,154,384,48
20260107,12,251.4,163,327,48
20260107,13,162.5,93,212,48
20260107,14,204.6,145,280,48
20260107,15,177.2,107,223,48
20260107,16,81.0,4,185,48
20260107,17,236.7,7,380,48
20260107,18,171.7,92,226,48
20260108,1,132.7,10,213,48
20260108,2,57.2,16,84,48
20260108,3,139.9,34,194,48
20260108,4,125.5,48,206,48
20260108,5,217.6,113,266,48
20260108,6,195.4,9,300,48
20260108,7,344.8,195,391,48
20260108,8,301.1,131,352,48
20260108,9,319.5,136,379,48
20260108,10,215.6,102,296,48
20260108,11,348.5,271,393,48
20260108,12,303.1,202,371,48
20260108,13,238.1,142,333,48
20260108,14,243.4,153,369,48
20260108,15,241.4,122,304,48
20260108,16,125.0,63,164,48
20260108,17,318.9,199,387,48
20260108,18,235.5,123,294,48
20260109,1,152.6,6,288,48
20260109,2,43.7,9,84,48
20260109,3,86.1,22,132,48
20260109,4,57.0,19,85,48
20260109,5,156.0,108,187,48
20260109,6,99.9,14,161,48
20260109,7,303.5,253,349,48
20260109,8,182.8,106,229,48
20260109,9,199.1,115,252,48
20260109,10,121.7,86,149,48
20260109,11,277.4,208,332,48
20260109,12,197.4,154,231,48
20260109,13,147.6,108,171,48
20260109,14,164.0,118,191,48
20260109,15,153.9,113,182,48
20260109,16,91.6,6,140,48
20260109,17,250.5,53,336,48
20260109,18,153.5,113,181,48
20260110,1,40.5,2,111,48
20260110,2,21.7,3,59,48
20260110,3,81.7,30,124,48
20260110,4,43.8,16,126,48
20260110,5,206.3,127,270,48
20260110,6,138.3,75,252,48
20260110,7,356.3,184,390,48
20260110,8,201.6,95,268,48
20260110,9,256.0,114,338,48
20260110,10,148.6,89,250,48
20260110,11,284.6,200,391,48
20260110,12,227.9,153,299,48
20260110,13,184.5,98,299,48
20260110,14,208.2,101,353,48
20260110,15,188.2,118,248,48
20260110,16,13.3,2,43,48
20260110,17,294.1,216,357,48
20260110,18,176.7,117,230,48
20260111,1,31.4,0,110,48
20260111,2,18.4,1,49,48
20260111,3,75.7,41,104,48
20260111,4,26.4,12,46,48
20260111,5,126.9,75,158,48
20260111,6,94.3,54,132,48
20260111,7,141.2,73,213,48
20260111,8,92.9,57,125,48
20260111,9,172.7,103,230,48
20260111,10,126.8,71,229,48
20260111,11,251.3,205,292,48
20260111,12,173.9,121,218,48
20260111,13,161.4,93,245,48
20260111,14,210.7,133,288,48
20260111,15,137.6,86,183,48
20260111,16,35.6,15,63,48
20260111,17,85.8,37,206,48
20260111,18,124.4,78,168,48
20260112,1,12.0,0,60,48
20260112,2,6.4,1,19,48
20260112,3,62.6,30,86,48
20260112,4,20.2,13,33,48
20260112,5,109.8,64,138,48
20260112,6,52.8,19,106,48
20260112,7,237.1,63,327,48
20260112,8,100.8,41,175,48
20260112,9,180.9,94,234,48
20260112,10,110.7,68,143,48
20260112,11,277.9,208,349,48
20260112,12,208.5,126,263,48
20260112,13,143.1,91,186,48
20260112,14,179.9,99,226,48
20260112,15,137.0,83,176,48
20260112,16,12.2,5,26,48
20260112,17,126.0,15,219,48
20260112,18,124.7,71,164,48
20260113,1,129.5,20,266,48
20260113,2,40.2,10,78,48
20260113,3,78.9,6,134,48
20260113,4,83.9,13,172,48
20260113,5,154.8,73,203,48
20260113,6,90.1,12,192,48
20260113,7,315.8,60,381,48
20260113,8,171.9,44,287,48
20260113,9,225.6,83,294,48
20260113,10,153.0,90,195,48
20260113,11,318.1,222,385,48
20260113,12,236.9,131,290,48
20260113,13,170.9,101,206,48
20260113,14,185.7,110,230,48
20260113,15,176.3,88,227,48
20260113,16,46.0,7,132,48
20260113,17,237.3,21,338,48
20260113,18,167.1,75,223,48
20260114,1,68.8,1,127,48
20260114,2,33.8,1,70,48
20260114,3,48.0,5,84,48
20260114,4,34.3,10,56,48
20260114,5,175.8,83,234,48
20260114,6,101.0,14,182,48
20260114,7,336.7,43,390,48
20260114,8,136.3,43,177,48
20260114,9,241.7,111,313,48
20260114,10,205.0,76,270,48
20260114,11,307.1,195,390,48
20260114,12,246.1,137,296,48
20260114,13,223.6,97,299,48
20260114,14,243.0,128,350,48
20260114,15,190.7,93,247,48
20260114,16,20.4,3,43,48
20260114,17,229.8,11,302,48
20260114,18,176.8,79,229,48
20260115,1,72.9,10,170,48
20260115,2,26.5,4,65,48
20260115,3,93.3,28,154,48
20260115,4,51.5,12,151,48
20260115,5,179.7,59,289,48
20260115,6,132.8,11,339,48
20260115,7,304.4,34,389,48
20260115,8,188.8,33,278,48
20260115,9,234.1,77,315,48
20260115,10,142.6,79,185,48
20260115,11,306.0,172,379,48
20260115,12,208.7,96,304,48
20260115,13,153.9,88,193,48
20260115,14,165.1,94,208,48
20260115,15,175.5,71,239,48
20260115,16,25.6,2,95,48
20260115,17,246.5,3,391,48
20260115,18,164.1,59,227,48
20260116,1,130.2,46,222,48
20260116,2,13.1,3,51,48
20260116,3,86.0,58,112,48
20260116,4,29.6,17,44,48
20260116,5,184.4,113,236,48
20260116,6,107.0,32,205,48
20260116,7,344.2,303,373,48
20260116,8,206.3,94,262,48
20260116,9,272.6,180,331,48
20260116,10,174.4,122,255,48
20260116,11,306.4,208,377,48
20260116,12,269.5,190,359,48
20260116,13,208.7,139,303,48
20260116,14,229.6,142,316,48
20260116,15,199.3,140,260,48
20260116,16,59.6,6,107,48
20260116,17,294.8,203,332,48
20260116,18,191.8,132,247,48
20260117,1,100.0,9,200,48
20260117,2,42.1,6,92,48
20260117,3,81.6,46,102,48
20260117,4,32.3,28,45,48
20260117,5,193.4,123,271,48
20260117,6,93.8,30,225,48
20260117,7,337.6,154,372,48
20260117,8,189.4,77,260,48
20260117,9,278.7,177,347,48
20260117,10,214.8,126,280,48
20260117,11,300.2,173,369,48
20260117,12,259.6,200,317,48
20260117,13,222.2,152,277,48
20260117,14,232.3,168,338,48
20260117,15,207.3,140,259,48
20260117,16,43.9,4,99,48
20260117,17,269.8,65,343,48
20260117,18,194.2,133,245,48
20260118,1,139.1,61,228,48
20260118,2,56.3,23,91,48
20260118,3,71.2,31,106,48
20260118,4,33.4,27,48,48
20260118,5,201.6,147,225,48
20260118,6,133.4,36,244,48
20260118,7,381.5,369,390,48
20260118,8,205.9,155,234,48
20260118,9,286.0,226,305,48
20260118,10,196.1,87,229,48
20260118,11,306.5,221,387,48
20260118,12,254.4,216,308,48
20260118,13,202.6,147,246,48
20260118,14,212.4,148,268,48
20260118,15,205.9,164,233,48
20260118,16,50.9,21,99,48
20260118,17,350.5,307,379,48
20260118,18,197.8,165,221,48
20260119,1,162.0,28,229,48
20260119,2,71.3,11,106,48
20260119,3,95.7,52,128,48
20260119,4,94.3,36,171,48
20260119,5,210.5,136,254,48
20260119,6,192.5,41,308,48
20260119,7,369.6,264,389,48
20260119,8,236.9,97,293,48
20260119,9,290.4,180,337,48
20260119,10,175.3,60,244,48
20260119,11,343.3,280,384,48
20260119,12,298.1,249,358,48
20260119,13,212.5,113,283,48
20260119,14,240.8,172,336,48
20260119,15,223.9,151,276,48
20260119,16,75.0,6,114,48
20260119,17,339.7,108,382,48
20260119,18,216.8,135,262,48
20260120,1,66.7,0,141,48
20260120,2,29.5,2,62,48
20260120,3,85.0,38,123,48
20260120,4,52.6,32,65,48
20260120,5,132.6,72,174,48
20260120,6,69.0,34,129,48
20260120,7,188.4,72,321,48
20260120,8,109.5,47,204,48
20260120,9,174.1,87,243,48
20260120,10,87.8,32,129,48
20260120,11,274.8,156,336,48
20260120,12,218.4,113,305,48
20260120,13,127.1,59,182,48
20260120,14,169.0,87,234,48
20260120,15,143.5,72,184,48
20260120,16,24.7,1,59,48
20260120,17,97.0,8,255,48
20260120,18,129.8,64,173,48
20260121,1,3.9,0,40,48
20260121,2,3.1,1,18,48
20260121,3,47.1,26,66,48
20260121,4,25.0,17,41,48
20260121,5,101.3,66,129,48
20260121,6,41.4,21,86,48
20260121,7,127.3,38,259,48
20260121,8,63.3,30,101,48
20260121,9,132.6,74,200,48
20260121,10,83.6,25,137,48
20260121,11,198.6,150,266,48
20260121,12,156.6,82,216,48
20260121,13,95.6,45,133,48
20260121,14,111.9,74,143,48
20260121,15,98.7,55,130,48
20260121,16,15.8,1,41,48
20260121,17,72.9,29,153,48
20260121,18,89.4,49,119,48
20260122,1,0.0,0,0,48
20260122,2,1.7,1,2,48
20260122,3,30.1,16,43,48
20260122,4,20.1,14,29,48
20260122,5,105.9,70,134,48
20260122,6,35.2,8,78,48
20260122,7,246.8,30,383,48
20260122,8,53.2,22,98,48
20260122,9,138.0,76,181,48
20260122,10,79.3,24,136,48
20260122,11,215.9,134,291,48
20260122,12,140.3,77,191,48
20260122,13,101.3,38,163,48
20260122,14,128.8,34,211,48
20260122,15,99.5,51,140,48
20260122,16,3.1,1,21,48
20260122,17,111.8,12,210,48
20260122,18,90.2,45,130,48
20260123,1,0.0,0,0,48
20260123,2,1.7,1,3,48
20260123,3,30.4,21,42,48
20260123,4,21.0,17,32,48
20260123,5,116.0,88,144,48
20260123,6,31.5,10,71,48
20260123,7,114.5,12,287,48
20260123,8,46.1,27,65,48
20260123,9,137.1,95,179,48
20260123,10,90.7,25,135,48
20260123,11,183.8,141,245,48
20260123,12,113.3,85,157,48
20260123,13,87.4,46,114,48
20260123,14,73.3,34,101,48
20260123,15,86.2,60,112,48
20260123,16,24.9,2,47,48
20260123,17,49.8,4,139,48
20260123,18,77.8,55,103,48
20260124,1,0.0,0,0,48
20260124,2,1.8,1,3,48
20260124,3,30.4,17,51,48
20260124,4,31.3,25,39,48
20260124,5,96.4,71,129,48
20260124,6,52.9,20,117,48
20260124,7,128.5,23,258,48
20260124,8,49.9,25,97,48
20260124,9,109.1,82,147,48
20260124,10,56.0,27,106,48
20260124,11,183.8,127,251,48
20260124,12,90.2,71,124,48
20260124,13,55.9,33,85,48
20260124,14,48.0,22,73,48
20260124,15,71.1,50,93,48
20260124,16,26.4,11,66,48
20260124,17,52.3,7,180,48
20260124,18,65.5,43,90,48
20260125,1,10.3,0,45,48
20260125,2,6.5,2,22,48
20260125,3,37.0,20,64,48
20260125,4,28.8,17,49,48
20260125,5,119.5,79,156,48
20260125,6,43.5,10,168,48
20260125,7,264.1,101,379,48
20260125,8,94.1,29,182,48
20260125,9,169.1,84,275,48
20260125,10,113.1,21,222,48
20260125,11,268.7,155,375,48
20260125,12,171.5,91,266,48
20260125,13,123.4,26,253,48
20260125,14,121.2,22,290,48
20260125,15,122.5,60,199,48
20260125,16,4.6,1,14,48
20260125,17,161.4,33,316,48
20260125,18,113.2,55,185,48
20260126,1,56.7,0,138,48
20260126,2,29.5,1,82,48
20260126,3,54.7,22,85,48
20260126,4,43.3,21,84,48
20260126,5,191.0,88,267,48
20260126,6,85.1,9,167,48
20260126,7,305.6,22,374,48
20260126,8,136.6,33,201,48
20260126,9,268.4,122,340,48
20260126,10,224.0,50,313,48
20260126,11,306.5,163,375,48
20260126,12,249.5,128,337,48
20260126,13,232.5,53,331,48
20260126,14,239.5,51,368,48
20260126,15,197.3,71,259,48
20260126,16,21.6,3,44,48
20260126,17,205.9,4,279,48
20260126,18,181.8,61,238,48
20260127,1,24.1,0,126,48
20260127,2,11.4,1,61,48
20260127,3,28.3,10,61,48
20260127,4,27.8,18,62,48
20260127,5,111.1,72,142,48
20260127,6,80.9,34,134,48
20260127,7,204.7,30,335,48
20260127,8,74.0,31,124,48
20260127,9,147.6,71,203,48
20260127,10,107.5,17,178,48
20260127,11,224.3,105,335,48
20260127,12,152.8,77,211,48
20260127,13,122.2,25,182,48
20260127,14,138.1,34,209,48
20260127,15,113.1,47,159,48
20260127,16,15.8,2,76,48
20260127,17,107.8,8,191,48
20260127,18,102.6,42,145,48
20260128,1,27.0,0,98,48
20260128,2,14.4,2,46,48
20260128,3,98.7,9,158,48
20260128,4,109.3,26,194,48
20260128,5,211.7,96,299,48
20260128,6,148.8,59,268,48
20260128,7,357.1,310,380,48
20260128,8,223.0,50,311,48
20260128,9,296.6,130,369,48
20260128,10,236.0,137,301,48
20260128,11,310.5,166,382,48
20260128,12,305.9,156,376,48
20260128,13,260.0,165,325,48
20260128,14,274.9,163,355,48
20260128,15,231.1,125,296,48
20260128,16,53.3,5,98,48
20260128,17,253.4,175,329,48
20260128,18,215.3,114,270,48
20260129,1,28.4,0,84,48
20260129,2,14.7,2,41,48
20260129,3,55.9,9,91,48
20260129,4,55.1,18,80,48
20260129,5,173.5,75,242,48
20260129,6,68.1,16,161,48
20260129,7,295.3,167,333,48
20260129,8,141.3,23,216,48
20260129,9,267.5,88,334,48
20260129,10,206.7,53,269,48
20260129,11,322.0,236,364,48
20260129,12,281.0,105,328,48
20260129,13,243.4,76,295,48
20260129,14,278.7,101,342,48
20260129,15,201.0,76,241,48
20260129,16,31.3,1,96,48
20260129,17,180.8,62,297,48
20260129,18,183.7,68,222,48
20260130,1,1.1,0,7,48
20260130,2,2.5,2,5,48
20260130,3,9.3,2,21,48
20260130,4,20.1,13,24,48
20260130,5,93.8,51,128,48
20260130,6,33.1,4,105,48
20260130,7,249.6,128,363,48
20260130,8,46.6,18,85,48
20260130,9,122.2,47,189,48
20260130,10,75.9,26,118,48
20260130,11,227.5,145,367,48
20260130,12,140.6,67,196,48
20260130,13,98.5,35,139,48
20260130,14,129.7,54,192,48
20260130,15,94.1,61,124,48
20260130,16,2.1,1,4,48
20260130,17,130.7,47,203,48
20260130,18,86.0,54,115,48
20260131,1,0.4,0,1,48
20260131,2,2.9,2,5,48
20260131,3,30.1,6,74,48
20260131,4,24.7,16,32,48
20260131,5,107.6,50,187,48
20260131,6,53.8,10,106,48
20260131,7,260.5,120,374,48
20260131,8,80.1,12,171,48
20260131,9,161.2,48,266,48
20260131,10,150.5,90,208,48
20260131,11,226.0,108,302,48
20260131,12,178.8,69,270,48
20260131,13,161.6,94,224,48
20260131,14,169.2,81,238,48
20260131,15,127.4,61,194,48
20260131,16,10.3,1,33,48
20260131,17,156.1,69,238,48
20260131,18,116.5,56,178,48
20260201,1,0.4,0,2,48
20260201,2,8.3,2,14,48
20260201,3,88.2,36,141,48
20260201,4,41.8,21,64,48
20260201,5,153.5,83,241,48
20260201,6,139.2,28,275,48
20260201,7,327.5,145,372,48
20260201,8,194.7,69,297,48
20260201,9,236.8,91,341,48
20260201,10,170.5,33,245,48
20260201,11,292.5,195,354,48
20260201,12,231.0,156,281,48
20260201,13,172.7,74,227,48
20260201,14,178.0,114,220,48
20260201,15,173.1,86,237,48
20260201,16,57.4,23,101,48
20260201,17,257.8,50,350,48
20260201,18,166.5,85,228,48
20260202,1,2.8,0,11,48
20260202,2,11.4,2,22,48
20260202,3,34.1,10,57,48
20260202,4,39.6,28,86,48
20260202,5,107.9,85,143,48
20260202,6,61.9,24,121,48
20260202,7,289.0,151,351,48
20260202,8,119.6,32,192,48
20260202,9,196.3,73,267,48
20260202,10,118.3,34,188,48
20260202,11,270.9,206,354,48
20260202,12,221.8,133,285,48
20260202,13,140.8,57,210,48
20260202,14,167.5,89,233,48
20260202,15,135.9,63,185,48
20260202,16,30.2,11,62,48
20260202,17,182.7,43,268,48
20260202,18,129.6,64,175,48
20260203,1,21.4,0,71,48
20260203,2,13.5,3,30,48
20260203,3,24.4,8,35,48
20260203,4,31.4,25,36,48
20260203,5,123.5,85,155,48
20260203,6,69.3,6,106,48
20260203,7,278.5,155,347,48
20260203,8,84.7,33,127,48
20260203,9,183.3,63,259,48
20260203,10,111.5,30,212,48
20260203,11,319.0,230,375,48
20260203,12,195.1,119,236,48
20260203,13,138.8,48,224,48
20260203,14,166.8,90,244,48
20260203,15,130.8,69,187,48
20260203,16,20.2,8,32,48
20260203,17,168.4,40,249,48
20260203,18,122.8,66,173,48
20260204,1,0.0,0,0,48
20260204,2,3.0,2,6,48
20260204,3,24.7,0,52,48
20260204,4,79.4,21,135,48
20260204,5,170.4,76,244,48
20260204,6,85.4,2,170,48
20260204,7,297.6,99,357,48
20260204,8,151.6,16,242,48
20260204,9,249.9,68,342,48
20260204,10,147.6,30,257,48
20260204,11,261.0,167,371,48
20260204,12,226.0,115,341,48
20260204,13,164.8,53,263,48
20260204,14,178.6,78,265,48
20260204,15,163.8,58,232,48
20260204,16,3.3,1,13,48
20260204,17,203.5,62,283,48
20260204,18,151.2,52,215,48
20260205,1,0.0,0,0,48
20260205,2,2.7,1,13,48
20260205,3,19.4,0,39,48
20260205,4,20.6,10,33,48
20260205,5,127.6,78,157,48
20260205,6,25.9,2,99,48
20260205,7,220.3,71,341,48
20260205,8,63.2,14,135,48
20260205,9,160.0,57,233,48
20260205,10,67.2,7,111,48
20260205,11,332.2,216,384,48
20260205,12,200.7,117,256,48
20260205,13,119.0,24,177,48
20260205,14,156.5,44,229,48
20260205,15,117.1,49,164,48
20260205,16,2.2,1,11,48
20260205,17,123.9,37,223,48
20260205,18,105.4,44,148,48
20260206,1,0.0,0,0,48
20260206,2,1.8,1,2,48
20260206,3,15.6,1,30,48
20260206,4,33.4,10,53,48
20260206,5,143.4,102,161,48
20260206,6,44.8,1,89,48
20260206,7,305.2,132,379,48
20260206,8,113.1,26,167,48
20260206,9,222.4,99,295,48
20260206,10,110.3,31,174,48
20260206,11,331.1,216,388,48
20260206,12,246.2,198,279,48
20260206,13,161.1,97,204,48
20260206,14,182.9,117,250,48
20260206,15,148.0,97,179,48
20260206,16,1.5,1,2,48
20260206,17,199.6,53,292,48
20260206,18,136.4,85,165,48
20260207,1,0.0,0,0,48
20260207,2,4.2,2,12,48
20260207,3,37.1,11,65,48
20260207,4,93.2,49,131,48
20260207,5,158.2,130,183,48
20260207,6,58.7,10,116,48
20260207,7,327.1,193,375,48
20260207,8,188.6,88,276,48
20260207,9,205.4,116,286,48
20260207,10,111.7,75,165,48
20260207,11,300.5,175,372,48
20260207,12,213.1,170,259,48
20260207,13,132.1,91,163,48
20260207,14,150.6,107,190,48
20260207,15,146.8,113,168,48
20260207,16,21.1,2,46,48
20260207,17,283.2,190,359,48
20260207,18,142.6,107,164,48
20260208,1,0.0,0,0,48
20260208,2,2.9,2,5,48
20260208,3,72.6,19,116,48
20260208,4,92.5,49,151,48
20260208,5,158.9,119,214,48
20260208,6,94.2,27,183,48
20260208,7,347.5,242,379,48
20260208,8,205.8,102,266,48
20260208,9,247.0,130,326,48
20260208,10,162.5,74,242,48
20260208,11,329.3,207,382,48
20260208,12,240.8,190,303,48
20260208,13,167.3,90,242,48
20260208,14,166.3,97,226,48
20260208,15,177.9,119,235,48
20260208,16,8.5,2,36,48
20260208,17,290.2,182,367,48
20260208,18,167.2,112,216,48
20260209,1,0.3,0,4,48
20260209,2,27.4,4,67,48
20260209,3,86.7,21,111,48
20260209,4,134.0,99,164,48
20260209,5,179.6,137,214,48
20260209,6,93.0,7,162,48
20260209,7,322.7,225,372,48
20260209,8,237.9,135,295,48
20260209,9,295.7,219,340,48
20260209,10,149.2,46,213,48
20260209,11,330.7,246,378,48
20260209,12,286.9,244,343,48
20260209,13,176.5,116,255,48
20260209,14,177.9,142,281,48
20260209,15,200.6,149,242,48
20260209,16,29.5,3,58,48
20260209,17,260.3,155,344,48
20260209,18,187.9,136,224,48
20260210,1,0.0,0,0,48
20260210,2,2.6,2,4,48
20260210,3,52.8,10,77,48
20260210,4,66.9,29,97,48
20260210,5,168.9,128,200,48
20260210,6,36.7,4,79,48
20260210,7,334.2,174,382,48
20260210,8,149.6,83,204,48
20260210,9,265.8,190,308,48
20260210,10,153.0,35,215,48
20260210,11,358.1,320,383,48
20260210,12,287.0,243,315,48
20260210,13,183.8,83,231,48
20260210,14,183.0,111,238,48
20260210,15,182.1,127,215,48
20260210,16,2.2,2,3,48
20260210,17,208.9,93,265,48
20260210,18,166.2,115,195,48
20260211,1,0.0,0,0,48
20260211,2,2.2,2,3,48
20260211,3,60.8,12,106,48
20260211,4,56.6,22,99,48
20260211,5,197.9,152,229,48
20260211,6,75.3,22,119,48
20260211,7,280.6,103,390,48
20260211,8,167.5,86,233,48
20260211,9,298.6,243,332,48
20260211,10,153.3,103,224,48
20260211,11,322.7,235,391,48
20260211,12,272.1,230,299,48
20260211,13,175.4,144,217,48
20260211,14,168.7,117,213,48
20260211,15,184.6,148,210,48
20260211,16,1.9,1,3,48
20260211,17,208.5,50,293,48
20260211,18,167.3,128,193,48
20260212,1,1.5,0,8,48
20260212,2,9.3,2,35,48
20260212,3,60.0,19,95,48
20260212,4,98.5,23,163,48
20260212,5,192.8,158,226,48
20260212,6,95.7,12,238,48
20260212,7,314.1,234,366,48
20260212,8,201.9,73,307,48
20260212,9,302.8,244,347,48
20260212,10,174.0,105,239,48
20260212,11,298.4,232,358,48
20260212,12,244.8,214,280,48
20260212,13,168.8,128,194,48
20260212,14,160.6,133,180,48
20260212,15,189.1,138,232,48
20260212,16,13.0,2,48,48
20260212,17,216.5,69,299,48
20260212,18,172.6,120,215,48
20260213,1,4.6,0,17,48
20260213,2,38.0,5,85,48
20260213,3,74.5,30,125,48
20260213,4,120.8,63,165,48
20260213,5,179.6,150,222,48
20260213,6,119.4,35,202,48
20260213,7,331.4,264,384,48
20260213,8,224.9,91,318,48
20260213,9,299.1,221,331,48
20260213,10,153.0,70,251,48
20260213,11,326.9,250,389,48
20260213,12,283.3,216,352,48
20260213,13,188.9,96,282,48
20260213,14,208.2,123,296,48
20260213,15,200.3,162,238,48
20260213,16,55.1,3,109,48
20260213,17,236.6,183,264,48
20260213,18,188.6,148,221,48
20260214,1,14.7,0,77,48
20260214,2,53.4,1,128,48
20260214,3,94.9,26,130,48
20260214,4,128.8,15,188,48
20260214,5,217.5,113,267,48
20260214,6,249.3,58,367,48
20260214,7,330.8,234,382,48
20260214,8,239.5,55,329,48
20260214,9,294.3,152,358,48
20260214,10,186.8,65,302,48
20260214,11,299.3,202,385,48
20260214,12,250.1,150,333,48
20260214,13,206.8,95,326,48
20260214,14,230.1,98,352,48
20260214,15,213.5,124,275,48
20260214,16,66.8,1,159,48
20260214,17,280.2,48,371,48
20260214,18,204.6,106,256,48
20260215,1,4.1,0,21,48
20260215,2,13.7,1,46,48
20260215,3,43.9,10,70,48
20260215,4,52.6,16,103,48
20260215,5,114.6,68,170,48
20260215,6,57.8,12,118,48
20260215,7,236.4,114,334,48
20260215,8,110.4,34,227,48
20260215,9,159.8,66,310,48
20260215,10,86.6,26,153,48
20260215,11,244.4,153,335,48
20260215,12,174.1,102,233,48
20260215,13,111.1,50,160,48
20260215,14,142.3,78,198,48
20260215,15,118.3,66,177,48
20260215,16,26.1,1,87,48
20260215,17,144.7,59,226,48
20260215,18,110.3,59,168,48
20260216,1,0.6,0,4,48
20260216,2,3.7,1,20,48
20260216,3,50.7,10,77,48
20260216,4,58.0,15,102,48
20260216,5,137.9,88,188,48
20260216,6,49.7,8,81,48
20260216,7,227.8,77,314,48
20260216,8,120.2,41,179,48
20260216,9,179.3,60,291,48
20260216,10,99.4,38,150,48
20260216,11,259.5,166,348,48
20260216,12,185.9,116,270,48
20260216,13,114.7,70,157,48
20260216,14,121.3,67,157,48
20260216,15,126.8,69,177,48
20260216,16,6.8,1,29,48
20260216,17,145.5,69,219,48
20260216,18,115.8,63,162,48
20260217,1,21.6,0,90,48
20260217,2,49.7,2,128,48
20260217,3,92.9,39,151,48
20260217,4,106.1,14,199,48
20260217,5,161.4,102,241,48
20260217,6,151.5,33,304,48
20260217,7,304.5,153,377,48
20260217,8,209.7,60,343,48
20260217,9,234.3,77,358,48
20260217,10,152.8,75,263,48
20260217,11,295.3,213,367,48
20260217,12,229.1,126,367,48
20260217,13,164.0,84,273,48
20260217,14,176.0,90,297,48
20260217,15,176.2,87,269,48
20260217,16,67.4,1,177,48
20260217,17,252.9,99,354,48
20260217,18,169.7,78,259,48
20260218,1,0.0,0,0,48
20260218,2,5.5,1,23,48
20260218,3,34.3,14,66,48
20260218,4,26.3,9,56,48
20260218,5,147.0,111,170,48
20260218,6,47.9,13,94,48
20260218,7,266.0,149,331,48
20260218,8,109.6,47,181,48
20260218,9,197.7,106,299,48
20260218,10,91.0,48,197,48
20260218,11,291.4,239,365,48
20260218,12,204.0,128,249,48
20260218,13,109.7,69,179,48
20260218,14,114.7,76,174,48
20260218,15,127.9,83,175,48
20260218,16,4.2,1,16,48
20260218,17,155.0,56,241,48
20260218,18,117.0,74,157,48
20260219,1,0.0,0,0,48
20260219,2,2.6,2,6,48
20260219,3,87.0,17,139,48
20260219,4,94.3,37,144,48
20260219,5,157.0,95,215,48
20260219,6,139.9,11,253,48
20260219,7,316.1,118,370,48
20260219,8,246.8,43,351,48
20260219,9,268.8,100,367,48
20260219,10,184.7,33,307,48
20260219,11,311.5,243,359,48
20260219,12,270.5,141,348,48
20260219,13,186.1,80,260,48
20260219,14,191.8,118,229,48
20260219,15,198.6,84,266,48
20260219,16,3.0,2,12,48
20260219,17,248.9,26,344,48
20260219,18,181.6,75,244,48
20260220,1,0.0,0,0,48
20260220,2,5.0,1,19,48
20260220,3,25.4,3,46,48
20260220,4,15.3,6,42,48
20260220,5,120.8,55,175,48
20260220,6,24.8,7,43,48
20260220,7,253.8,76,350,48
20260220,8,97.6,21,220,48
20260220,9,199.9,70,330,48
20260220,10,112.2,52,199,48
20260220,11,241.6,110,346,48
20260220,12,225.8,104,310,48
20260220,13,129.1,72,204,48
20260220,14,142.8,81,246,48
20260220,15,130.4,62,202,48
20260220,16,4.0,1,15,48
20260220,17,146.7,47,259,48
20260220,18,118.2,54,184,48
20260221,1,0.2,0,2,48
20260221,2,1.6,1,4,48
20260221,3,18.5,1,42,48
20260221,4,21.9,8,60,48
20260221,5,79.4,52,115,48
20260221,6,19.2,6,46,48
20260221,7,158.2,57,258,48
20260221,8,58.2,16,125,48
20260221,9,107.9,43,188,48
20260221,10,81.6,13,116,48
20260221,11,177.0,127,237,48
20260221,12,139.3,98,178,48
20260221,13,91.7,43,122,48
20260221,14,99.6,59,131,48
20260221,15,80.7,46,116,48
20260221,16,3.0,1,12,48
20260221,17,97.4,38,183,48
20260221,18,74.0,41,107,48
20260222,1,0.0,0,0,48
20260222,2,1.7,1,12,48
20260222,3,1.4,0,6,48
20260222,4,9.2,5,14,48
20260222,5,58.0,42,71,48
20260222,6,14.0,2,30,48
20260222,7,78.2,24,261,48
20260222,8,28.1,16,57,48
20260222,9,83.0,49,166,48
20260222,10,37.3,1,111,48
20260222,11,159.4,105,248,48
20260222,12,117.3,91,180,48
20260222,13,66.0,34,125,48
20260222,14,93.7,58,135,48
20260222,15,58.2,40,102,48
20260222,16,1.6,0,11,48
20260222,17,57.0,31,122,48
20260222,18,52.0,36,92,48
20260223,1,1.6,0,22,48
20260223,2,9.5,1,61,48
20260223,3,30.3,1,121,48
20260223,4,44.9,8,154,48
20260223,5,102.4,36,222,48
20260223,6,51.3,9,176,48
20260223,7,192.0,64,337,48
20260223,8,115.9,14,305,48
20260223,9,155.5,47,332,48
20260223,10,100.1,5,196,48
20260223,11,237.0,132,340,48
20260223,12,161.3,70,259,48
20260223,13,114.8,34,194,48
20260223,14,128.3,60,212,48
20260223,15,111.3,42,220,48
20260223,16,20.5,1,99,48
20260223,17,135.2,34,303,48
20260223,18,103.6,38,209,48
20260224,1,0.0,0,0,48
20260224,2,1.7,1,12,48
20260224,3,17.3,5,80,48
20260224,4,18.5,12,52,48
20260224,5,180.3,145,216,48
20260224,6,66.3,1,130,48
20260224,7,264.3,95,345,48
20260224,8,124.8,74,195,48
20260224,9,216.0,140,279,48
20260224,10,129.2,92,190,48
20260224,11,276.6,109,359,48
20260224,12,239.1,162,302,48
20260224,13,171.8,118,218,48
20260224,14,191.9,133,247,48
20260224,15,153.6,116,191,48
20260224,16,2.1,1,14,48
20260224,17,143.1,49,263,48
20260224,18,138.3,101,172,48
20260225,1,0.0,0,0,48
20260225,2,1.7,1,3,48
20260225,3,21.6,2,49,48
20260225,4,33.7,12,56,48
20260225,5,141.7,55,179,48
20260225,6,50.8,2,94,48
20260225,7,290.5,105,367,48
20260225,8,129.2,34,196,48
20260225,9,199.6,81,283,48
20260225,10,115.4,50,208,48
20260225,11,288.3,161,374,48
20260225,12,212.6,126,282,48
20260225,13,159.1,90,234,48
20260225,14,178.7,110,244,48
20260225,15,141.3,67,196,48
20260225,16,1.4,1,3,48
20260225,17,173.6,21,272,48
20260225,18,129.5,59,178,48
20260226,1,0.0,0,0,48
20260226,2,3.5,1,15,48
20260226,3,4.9,2,10,48
20260226,4,22.9,16,34,48
20260226,5,58.8,37,86,48
20260226,6,16.4,2,55,48
20260226,7,121.4,39,222,48
20260226,8,27.4,12,50,48
20260226,9,87.3,54,135,48
20260226,10,46.5,3,98,48
20260226,11,196.8,118,282,48
20260226,12,130.1,94,180,48
20260226,13,76.7,35,114,48
20260226,14,99.4,69,136,48
20260226,15,67.8,49,96,48
20260226,16,3.0,1,14,48
20260226,17,45.2,22,94,48
20260226,18,59.0,43,84,48
20260227,1,7.5,0,37,48
20260227,2,28.5,2,78,48
20260227,3,79.3,12,122,48
20260227,4,96.4,29,170,48
20260227,5,193.6,76,265,48
20260227,6,91.3,11,176,48
20260227,7,273.3,96,362,48
20260227,8,211.5,43,294,48
20260227,9,252.2,83,322,48
20260227,10,138.4,19,210,48
20260227,11,290.9,200,376,48
20260227,12,202.5,113,255,48
20260227,13,135.8,69,189,48
20260227,14,134.9,80,183,48
20260227,15,168.4,73,218,48
20260227,16,44.1,2,125,48
20260227,17,215.6,75,315,48
20260227,18,159.1,65,215,48
20260228,1,21.5,0,49,48
20260228,2,34.1,1,63,48
20260228,3,68.1,9,98,48
20260228,4,76.9,9,115,48
20260228,5,156.9,98,224,48
20260228,6,83.3,5,176,48
20260228,7,274.2,164,362,48
20260228,8,197.3,43,277,48
20260228,9,251.5,141,343,48
20260228,10,156.8,61,252,48
20260228,11,233.5,33,360,48
20260228,12,196.3,117,251,48
20260228,13,143.7,100,205,48
20260228,14,139.3,100,177,48
20260228,15,160.5,100,217,48
20260228,16,63.6,1,121,48
20260228,17,209.2,108,345,48
20260228,18,153.8,92,208,48
20260301,1,0.0,0,0,48
20260301,2,1.3,0,7,48
20260301,3,6.3,1,12,48
20260301,4,7.8,4,12,48
20260301,5,62.4,36,91,48
20260301,6,12.0,1,27,48
20260301,7,90.8,28,229,48
20260301,8,23.9,14,33,48
20260301,9,96.3,47,169,48
20260301,10,43.8,6,90,48
20260301,11,191.7,61,315,48
20260301,12,102.0,63,155,48
20260301,13,55.7,30,90,48
20260301,14,65.3,43,96,48
20260301,15,57.8,31,91,48
20260301,16,1.2,0,6,48
20260301,17,48.6,0,106,48
20260301,18,51.0,28,82,48
20260302,1,0.0,0,0,48
20260302,2,1.7,1,5,48
20260302,3,20.1,7,35,48
20260302,4,20.2,5,39,48
20260302,5,95.3,47,159,48
20260302,6,30.5,4,91,48
20260302,7,188.5,68,386,48
20260302,8,67.3,21,128,48
20260302,9,149.6,67,249,48
20260302,10,72.5,13,159,48
20260302,11,222.8,71,378,48
20260302,12,142.0,78,232,48
20260302,13,96.6,39,191,48
20260302,14,114.8,64,227,48
20260302,15,94.9,46,169,48
20260302,16,1.4,0,5,48
20260302,17,103.5,32,212,48
20260302,18,85.5,40,152,48
20260303,1,1.1,0,18,48
20260303,2,24.7,2,100,48
20260303,3,111.8,35,165,48
20260303,4,78.1,18,148,48
20260303,5,205.4,118,282,48
20260303,6,121.0,39,288,48
20260303,7,320.0,264,372,48
20260303,8,223.4,122,325,48
20260303,9,300.4,240,367,48
20260303,10,221.3,188,261,48
20260303,11,316.4,216,389,48
20260303,12,226.4,149,323,48
20260303,13,188.0,136,281,48
20260303,14,169.2,120,301,48
20260303,15,208.2,156,268,48
20260303,16,39.9,2,165,48
20260303,17,242.5,158,339,48
20260303,18,192.3,141,258,48
20260304,1,0.0,0,0,48
20260304,2,2.8,2,3,48
20260304,3,52.4,12,81,48
20260304,4,27.6,16,66,48
20260304,5,160.6,95,205,48
20260304,6,74.3,20,138,48
20260304,7,284.6,206,350,48
20260304,8,136.5,45,198,48
20260304,9,270.7,158,327,48
20260304,10,198.3,36,261,48
20260304,11,236.5,75,359,48
20260304,12,189.5,94,268,48
20260304,13,170.5,78,232,48
20260304,14,159.0,94,212,48
20260304,15,164.6,84,212,48
20260304,16,2.2,2,3,48
20260304,17,169.4,113,233,48
20260304,18,148.7,77,186,48
20260305,1,0.1,0,3,48
20260305,2,3.5,2,10,48
20260305,3,41.5,9,74,48
20260305,4,21.0,12,46,48
20260305,5,127.6,82,195,48
20260305,6,75.7,5,189,48
20260305,7,316.3,165,385,48
20260305,8,126.4,24,220,48
20260305,9,219.4,126,293,48
20260305,10,135.0,35,218,48
20260305,11,205.8,56,345,48
20260305,12,167.9,99,258,48
20260305,13,145.3,75,209,48
20260305,14,150.4,96,222,48
20260305,15,135.6,70,198,48
20260305,16,7.1,1,60,48
20260305,17,203.3,60,322,48
20260305,18,126.5,64,184,48
20260306,1,15.1,0,59,48
20260306,2,38.0,3,82,48
20260306,3,103.4,36,153,48
20260306,4,44.0,7,79,48
20260306,5,195.5,121,236,48
20260306,6,198.6,24,329,48
20260306,7,365.1,331,388,48
20260306,8,284.8,148,348,48
20260306,9,325.6,259,380,48
20260306,10,210.2,144,270,48
20260306,11,329.2,277,376,48
20260306,12,262.4,170,321,48
20260306,13,225.9,179,299,48
20260306,14,227.6,180,297,48
20260306,15,221.1,157,258,48
20260306,16,118.8,2,206,48
20260306,17,325.3,230,385,48
20260306,18,217.3,151,256,48
20260307,1,0.0,0,0,48
20260307,2,2.5,2,6,48
20260307,3,52.4,25,101,48
20260307,4,4.7,2,16,48
20260307,5,180.2,126,265,48
20260307,6,119.7,66,181,48
20260307,7,382.4,359,390,48
20260307,8,244.7,179,321,48
20260307,9,306.3,258,359,48
20260307,10,207.2,130,266,48
20260307,11,316.3,231,386,48
20260307,12,233.1,184,262,48
20260307,13,196.8,172,232,48
20260307,14,196.9,169,230,48
20260307,15,202.5,169,251,48
20260307,16,2.1,2,4,48
20260307,17,291.4,237,360,48
20260307,18,186.7,157,231,48
20260308,1,0.0,0,0,48
20260308,2,5.1,4,7,48
20260308,3,71.8,39,108,48
20260308,4,12.6,8,31,48
20260308,5,188.5,145,249,48
20260308,6,161.5,53,212,48
20260308,7,377.9,368,389,48
20260308,8,278.7,220,309,48
20260308,9,317.4,268,354,48
20260308,10,235.3,145,284,48
20260308,11,357.5,299,390,48
20260308,12,228.5,193,263,48
20260308,13,196.9,164,236,48
20260308,14,195.5,164,228,48
20260308,15,214.5,188,252,48
20260308,16,30.7,3,63,48
20260308,17,365.4,317,385,48
20260308,18,204.5,180,236,48
20260309,1,0.0,0,0,48
20260309,2,3.2,2,13,48
20260309,3,73.2,25,107,48
20260309,4,16.8,14,21,48
20260309,5,196.5,108,244,48
20260309,6,118.9,26,194,48
20260309,7,373.6,337,387,48
20260309,8,250.5,103,317,48
20260309,9,319.5,231,364,48
20260309,10,254.1,190,286,48
20260309,11,344.1,230,388,48
20260309,12,242.2,195,290,48
20260309,13,230.3,171,277,48
20260309,14,227.5,171,274,48
20260309,15,222.5,155,254,48
20260309,16,5.0,2,27,48
20260309,17,326.5,217,376,48
20260309,18,206.3,142,236,48
20260310,1,0.0,0,0,48
20260310,2,3.4,1,18,48
20260310,3,11.7,1,29,48
20260310,4,13.4,8,20,48
20260310,5,104.0,70,145,48
20260310,6,27.5,1,81,48
20260310,7,216.4,7,362,48
20260310,8,57.7,13,133,48
20260310,9,175.2,82,235,48
20260310,10,133.1,36,216,48
20260310,11,258.2,110,346,48
20260310,12,146.7,72,241,48
20260310,13,144.6,48,219,48
20260310,14,157.7,58,241,48
20260310,15,115.6,59,164,48
20260310,16,3.0,1,15,48
20260310,17,116.5,10,251,48
20260310,18,103.6,50,150,48
20260311,1,0.0,0,0,48
20260311,2,2.0,1,8,48
20260311,3,8.0,2,22,48
20260311,4,15.5,12,22,48
20260311,5,62.7,41,85,48
20260311,6,29.1,1,79,48
20260311,7,67.2,5,147,48
20260311,8,28.9,9,58,48
20260311,9,105.0,39,204,48
20260311,10,46.2,4,148,48
20260311,11,203.1,15,346,48
20260311,12,109.5,56,155,48
20260311,13,84.4,48,170,48
20260311,14,118.4,60,195,48
20260311,15,70.5,36,132,48
20260311,16,2.1,1,7,48
20260311,17,27.1,1,58,48
20260311,18,60.4,30,113,48
20260312,1,0.0,0,0,48
20260312,2,3.8,1,16,48
20260312,3,17.0,6,39,48
20260312,4,11.6,6,22,48
20260312,5,93.6,47,156,48
20260312,6,9.9,2,51,48
20260312,7,157.8,51,258,48
20260312,8,22.6,8,55,48
20260312,9,69.5,30,113,48
20260312,10,71.0,8,141,48
20260312,11,244.2,111,343,48
20260312,12,92.0,55,143,48
20260312,13,79.8,31,149,48
20260312,14,90.2,29,161,48
20260312,15,75.3,46,109,48
20260312,16,4.5,1,13,48
20260312,17,43.0,3,79,48
20260312,18,65.4,40,95,48
20260313,1,0.0,0,0,48
20260313,2,1.3,1,2,48
20260313,3,16.2,2,47,48
20260313,4,8.1,5,11,48
20260313,5,86.6,44,167,48
20260313,6,13.9,1,48,48
20260313,7,156.1,38,370,48
20260313,8,54.9,8,170,48
20260313,9,113.9,34,272,48
20260313,10,62.3,10,177,48
20260313,11,248.5,96,359,48
20260313,12,153.6,51,245,48
20260313,13,103.8,21,211,48
20260313,14,133.5,22,230,48
20260313,15,91.0,40,181,48
20260313,16,1.1,1,2,48
20260313,17,74.1,5,234,48
20260313,18,80.5,34,165,48
20260314,1,0.0,0,0,48
20260314,2,2.9,2,9,48
20260314,3,58.9,8,118,48
20260314,4,14.3,12,28,48
20260314,5,146.6,92,271,48
20260314,6,60.0,15,162,48
20260314,7,312.4,142,383,48
20260314,8,164.0,80,318,48
20260314,9,230.8,116,366,48
20260314,10,151.6,39,251,48
20260314,11,242.1,32,389,48
20260314,12,193.2,102,281,48
20260314,13,167.7,89,272,48
20260314,14,169.3,98,279,48
20260314,15,153.9,77,248,48
20260314,16,8.8,2,45,48
20260314,17,246.7,153,348,48
20260314,18,144.7,75,233,48
20260315,1,0.0,0,0,48
20260315,2,4.9,1,17,48
20260315,3,6.7,1,19,48
20260315,4,10.9,7,15,48
20260315,5,59.9,38,105,48
20260315,6,29.4,1,77,48
20260315,7,150.9,23,379,48
20260315,8,31.8,10,144,48
20260315,9,78.4,27,196,48
20260315,10,47.2,0,194,48
20260315,11,230.2,87,360,48
20260315,12,117.6,40,199,48
20260315,13,94.9,16,225,48
20260315,14,128.2,33,233,48
20260315,15,70.5,26,158,48
20260315,16,4.3,1,14,48
20260315,17,75.2,17,247,48
20260315,18,63.5,24,149,48
20260316,1,0.0,0,0,48
20260316,2,3.2,1,17,48
20260316,3,14.2,4,36,48
20260316,4,11.7,8,22,48
20260316,5,77.3,48,114,48
20260316,6,17.4,1,56,48
20260316,7,166.2,68,282,48
20260316,8,38.3,11,68,48
20260316,9,137.9,55,217,48
20260316,10,77.5,7,137,48
20260316,11,275.6,139,360,48
20260316,12,152.6,104,204,48
20260316,13,113.8,46,203,48
20260316,14,144.0,70,285,48
20260316,15,94.7,58,153,48
20260316,16,3.0,1,16,48
20260316,17,79.3,25,148,48
20260316,18,84.5,50,139,48
20260317,1,0.0,0,0,48
20260317,2,4.9,1,16,48
20260317,3,16.8,5,48,48
20260317,4,18.1,9,38,48
20260317,5,79.0,49,136,48
20260317,6,41.4,6,82,48
20260317,7,195.1,65,291,48
20260317,8,49.9,22,117,48
20260317,9,119.5,70,196,48
20260317,10,42.9,5,116,48
20260317,11,233.7,35,359,48
20260317,12,119.4,55,178,48
20260317,13,85.1,41,166,48
20260317,14,112.4,59,210,48
20260317,15,81.4,40,136,48
20260317,16,5.6,1,16,48
20260317,17,103.9,22,225,48
20260317,18,70.4,34,114,48
20260318,1,15.7,0,71,48
20260318,2,49.4,2,144,48
20260318,3,88.4,14,179,48
20260318,4,49.9,18,117,48
20260318,5,145.4,99,224,48
20260318,6,130.6,14,292,48
20260318,7,301.1,196,378,48
20260318,8,176.1,60,300,48
20260318,9,198.9,94,325,48
20260318,10,124.0,78,172,48
20260318,11,229.8,44,355,48
20260318,12,142.2,68,212,48
20260318,13,123.9,75,169,48
20260318,14,124.9,69,172,48
20260318,15,135.9,73,209,48
20260318,16,83.8,1,201,48
20260318,17,250.8,122,364,48
20260318,18,135.8,76,211,48
20260319,1,14.9,0,58,48
20260319,2,39.0,13,84,48
20260319,3,114.6,69,161,48
20260319,4,48.3,17,89,48
20260319,5,205.6,148,261,48
20260319,6,163.8,90,301,48
20260319,7,336.7,257,381,48
20260319,8,255.5,136,333,48
20260319,9,274.4,126,360,48
20260319,10,167.1,120,213,48
20260319,11,270.1,51,380,48
20260319,12,196.0,79,264,48
20260319,13,150.0,85,194,48
20260319,14,149.4,86,191,48
20260319,15,182.2,106,232,48
20260319,16,127.4,79,174,48
20260319,17,302.7,205,360,48
20260319,18,182.3,109,227,48
20260320,1,0.0,0,0,48
20260320,2,9.4,4,26,48
20260320,3,90.6,64,122,48
20260320,4,22.4,18,39,48
20260320,5,190.0,143,260,48
20260320,6,126.4,51,196,48
20260320,7,358.7,298,389,48
20260320,8,254.7,178,323,48
20260320,9,290.8,194,366,48
20260320,10,157.0,114,197,48
20260320,11,292.0,131,391,48
20260320,12,194.8,92,267,48
20260320,13,172.1,110,227,48
20260320,14,171.7,107,227,48
20260320,15,182.8,127,235,48
20260320,16,51.9,12,126,48
20260320,17,340.6,270,386,48
20260320,18,175.2,125,219,48
20260321,1,1.4,0,8,48
20260321,2,21.4,2,86,48
20260321,3,79.6,23,129,48
20260321,4,24.8,16,52,48
20260321,5,163.4,117,216,48
20260321,6,115.5,16,244,48
20260321,7,356.5,258,391,48
20260321,8,224.9,103,314,48
20260321,9,240.3,89,355,48
20260321,10,142.9,73,194,48
20260321,11,267.8,73,388,48
20260321,12,187.4,91,245,48
20260321,13,177.8,119,231,48
20260321,14,179.2,120,231,48
20260321,15,161.8,83,217,48
20260321,16,64.1,2,171,48
20260321,17,321.6,191,385,48
20260321,18,159.2,90,206,48
20260322,1,0.0,0,0,48
20260322,2,5.9,2,15,48
20260322,3,48.3,17,87,48
20260322,4,17.3,14,30,48
20260322,5,148.5,111,213,48
20260322,6,77.1,13,189,48
20260322,7,291.9,172,382,48
20260322,8,148.7,79,255,48
20260322,9,214.6,95,341,48
20260322,10,182.2,123,237,48
20260322,11,259.8,66,377,48
20260322,12,167.0,84,255,48
20260322,13,155.8,105,214,48
20260322,14,155.5,105,214,48
20260322,15,144.2,80,219,48
20260322,16,9.0,1,74,48
20260322,17,208.5,43,343,48
20260322,18,128.8,73,200,48
20260323,1,0.0,0,0,48
20260323,2,4.8,1,15,48
20260323,3,43.7,12,78,48
20260323,4,14.6,10,31,48
20260323,5,131.8,44,197,48
20260323,6,100.4,22,275,48
20260323,7,337.5,245,392,48
20260323,8,171.2,37,340,48
20260323,9,243.9,65,362,48
20260323,10,154.2,27,212,48
20260323,11,281.2,114,386,48
20260323,12,202.1,101,322,48
20260323,13,188.9,81,315,48
20260323,14,212.3,147,345,48
20260323,15,163.0,75,239,48
20260323,16,26.7,1,101,48
20260323,17,249.8,101,388,48
20260323,18,153.8,66,230,48
20260324,1,0.0,0,0,48
20260324,2,1.6,1,5,48
20260324,3,12.1,7,17,48
20260324,4,12.0,7,16,48
20260324,5,50.5,40,64,48
20260324,6,8.6,3,23,48
20260324,7,100.8,15,290,48
20260324,8,27.1,12,49,48
20260324,9,69.8,46,98,48
20260324,10,38.3,5,70,48
20260324,11,213.5,113,361,48
20260324,12,109.4,61,153,48
20260324,13,69.0,27,95,48
20260324,14,105.5,60,152,48
20260324,15,60.1,35,74,48
20260324,16,1.4,1,4,48
20260324,17,38.7,5,123,48
20260324,18,52.6,30,68,48
20260325,1,0.0,0,0,48
20260325,2,1.3,1,3,48
20260325,3,9.9,4,22,48
20260325,4,7.9,6,14,48
20260325,5,49.7,28,79,48
20260325,6,13.7,2,29,48
20260325,7,50.5,13,177,48
20260325,8,23.9,9,61,48
20260325,9,61.5,25,143,48
20260325,10,56.3,11,137,48
20260325,11,107.0,9,233,48
20260325,12,71.2,35,140,48
20260325,13,62.6,16,129,48
20260325,14,71.4,32,122,48
20260325,15,47.9,23,99,48
20260325,16,1.0,1,3,48
20260325,17,37.9,15,83,48
20260325,18,41.7,20,86,48
20260326,1,0.0,0,0,48
20260326,2,2.3,1,4,48
20260326,3,24.9,8,41,48
20260326,4,9.9,6,15,48
20260326,5,98.7,45,187,48
20260326,6,59.9,9,166,48
20260326,7,275.6,74,369,48
20260326,8,107.0,48,204,48
20260326,9,172.1,86,325,48
20260326,10,124.0,24,244,48
20260326,11,244.8,79,382,48
20260326,12,159.3,90,264,48
20260326,13,152.4,64,276,48
20260326,14,171.6,83,324,48
20260326,15,123.4,70,217,48
20260326,16,7.6,1,43,48
20260326,17,211.1,52,307,48
20260326,18,115.9,63,198,48
20260327,1,0.0,0,0,48
20260327,2,2.1,1,6,48
20260327,3,11.6,1,31,48
20260327,4,9.6,4,13,48
20260327,5,75.2,38,133,48
20260327,6,23.7,1,61,48
20260327,7,280.1,72,349,48
20260327,8,50.8,9,103,48
20260327,9,130.6,68,193,48
20260327,10,54.5,8,123,48
20260327,11,309.6,159,377,48
20260327,12,171.8,109,260,48
20260327,13,150.0,68,265,48
20260327,14,202.9,107,308,48
20260327,15,106.1,66,146,48
20260327,16,1.8,1,11,48
20260327,17,151.5,22,257,48
20260327,18,97.6,58,133,48
20260328,1,0.0,0,0,48
20260328,2,0.3,0,2,48
20260328,3,6.3,0,31,48
20260328,4,4.7,4,6,48
20260328,5,54.1,21,116,48
20260328,6,15.0,0,53,48
20260328,7,91.9,0,233,48
20260328,8,23.8,2,86,48
20260328,9,78.5,20,182,48
20260328,10,23.6,3,96,48
20260328,11,246.9,82,353,48
20260328,12,120.5,45,205,48
20260328,13,77.9,29,131,48
20260328,14,122.0,53,218,48
20260328,15,64.7,25,123,48
20260328,16,0.3,0,5,48
20260328,17,38.9,1,149,48
20260328,18,55.6,22,108,48
20260329,1,0.0,0,0,46
20260329,2,3.3,0,11,46
20260329,3,8.3,2,20,46
20260329,4,5.7,2,10,46
20260329,5,43.9,21,79,46
20260329,6,7.9,1,53,46
20260329,7,77.3,2,279,46
20260329,8,19.1,5,57,46
20260329,9,69.7,21,177,46
20260329,10,31.5,0,75,46
20260329,11,301.0,227,378,46
20260329,12,156.8,87,273,46
20260329,13,116.0,48,229,46
20260329,14,153.7,76,243,46
20260329,15,70.3,41,126,46
20260329,16,3.5,0,14,46
20260329,17,36.6,0,111,46
20260329,18,61.4,38,110,46
20260330,1,0.0,0,0,48
20260330,2,0.0,0,0,48
20260330,3,8.8,1,19,48
20260330,4,10.5,6,17,48
20260330,5,73.5,33,137,48
20260330,6,20.8,0,104,48
20260330,7,97.0,2,340,48
20260330,8,28.4,5,101,48
20260330,9,91.8,21,223,48
20260330,10,46.5,2,168,48
20260330,11,223.6,38,375,48
20260330,12,121.9,49,235,48
20260330,13,87.3,20,190,48
20260330,14,115.5,43,189,48
20260330,15,72.5,27,162,48
20260330,16,0.0,0,1,48
20260330,17,48.9,0,209,48
20260330,18,62.5,23,144,48
20260331,1,0.0,0,0,48
20260331,2,0.4,0,2,48
20260331,3,31.3,3,53,48
20260331,4,17.1,12,26,48
20260331,5,148.0,53,235,48
20260331,6,61.8,1,148,48
20260331,7,311.5,110,387,48
20260331,8,137.2,15,224,48
20260331,9,203.8,75,331,48
20260331,10,140.3,22,223,48
20260331,11,308.3,192,384,48
20260331,12,198.7,111,276,48
20260331,13,189.6,102,274,48
20260331,14,201.6,113,307,48
20260331,15,150.4,65,227,48
20260331,16,4.5,0,23,48
20260331,17,248.7,54,370,48
20260331,18,142.1,58,213,48
20260401,1,0.0,0,0,48
20260401,2,0.9,0,4,48
20260401,3,55.8,5,151,48
20260401,4,19.6,15,29,48
20260401,5,148.7,129,189,48
20260401,6,80.0,24,167,48
20260401,7,370.7,335,389,48
20260401,8,178.3,115,224,48
20260401,9,227.8,159,304,48
20260401,10,139.1,79,194,48
20260401,11,342.0,188,378,48
20260401,12,237.4,179,275,48
20260401,13,224.8,163,263,48
20260401,14,239.0,157,302,48
20260401,15,165.1,121,198,48
20260401,16,8.4,0,49,48
20260401,17,301.8,209,370,48
20260401,18,160.5,122,197,48
20260402,1,1.7,0,11,48
20260402,2,7.7,0,20,48
20260402,3,30.7,6,51,48
20260402,4,24.5,14,48,48
20260402,5,125.0,91,160,48
20260402,6,89.6,26,210,48
20260402,7,319.6,125,373,48
20260402,8,141.4,57,244,48
20260402,9,166.0,93,255,48
20260402,10,75.7,8,186,48
20260402,11,263.0,66,380,48
20260402,12,188.0,78,301,48
20260402,13,152.9,99,251,48
20260402,14,199.6,107,289,48
20260402,15,127.8,79,170,48
20260402,16,46.6,0,139,48
20260402,17,248.3,49,363,48
20260402,18,126.9,74,163,48
20260403,1,0.0,0,0,48
20260403,2,0.8,0,4,48
20260403,3,9.9,1,17,48
20260403,4,12.0,6,19,48
20260403,5,47.6,27,94,48
20260403,6,11.1,1,54,48
20260403,7,69.3,26,300,48
20260403,8,31.0,13,68,48
20260403,9,116.7,59,172,48
20260403,10,24.9,0,66,48
20260403,11,182.4,75,282,48
20260403,12,136.7,74,186,48
20260403,13,54.3,22,118,48
20260403,14,101.0,46,206,48
20260403,15,63.7,30,105,48
20260403,16,0.8,0,4,48
20260403,17,36.1,17,147,48
20260403,18,55.2,27,91,48
20260404,1,0.0,0,0,48
20260404,2,1.0,0,5,48
20260404,3,10.1,3,24,48
20260404,4,10.4,6,16,48
20260404,5,60.1,30,110,48
20260404,6,30.1,3,65,48
20260404,7,91.0,4,302,48
20260404,8,47.4,14,119,48
20260404,9,118.7,53,181,48
20260404,10,39.6,6,140,48
20260404,11,166.0,36,264,48
20260404,12,121.9,62,184,48
20260404,13,74.4,24,131,48
20260404,14,93.5,43,138,48
20260404,15,69.7,39,110,48
20260404,16,1.0,0,4,48
20260404,17,44.2,0,231,48
20260404,18,60.8,34,104,48
20260405,1,0.0,0,0,48
20260405,2,0.1,0,1,48
20260405,3,5.9,1,11,48
20260405,4,9.3,7,14,48
20260405,5,48.4,30,69,48
20260405,6,24.6,0,65,48
20260405,7,63.6,11,180,48
20260405,8,20.8,6,48,48
20260405,9,57.1,20,120,48
20260405,10,37.0,6,83,48
20260405,11,171.8,40,360,48
20260405,12,90.4,51,160,48
20260405,13,72.8,30,133,48
20260405,14,94.6,51,168,48
20260405,15,52.5,30,89,48
20260405,16,0.1,0,1,48
20260405,17,26.6,11,74,48
20260405,18,45.0,28,76,48
20260406,1,0.0,0,1,48
20260406,2,5.0,0,24,48
20260406,3,10.7,3,20,48
20260406,4,9.0,7,13,48
20260406,5,63.4,48,99,48
20260406,6,39.0,4,75,48
20260406,7,173.5,47,365,48
20260406,8,44.3,25,86,48
20260406,9,101.2,48,206,48
20260406,10,77.1,28,183,48
20260406,11,170.9,17,370,48
20260406,12,112.8,39,184,48
20260406,13,125.1,70,186,48
20260406,14,132.1,76,189,48
20260406,15,76.5,40,122,48
20260406,16,3.6,0,21,48
20260406,17,114.4,5,267,48
20260406,18,71.5,37,120,48
20260407,1,0.0,0,0,48
20260407,2,0.7,0,1,48
20260407,3,8.7,2,20,48
20260407,4,11.0,7,19,48
20260407,5,58.4,32,87,48
20260407,6,28.4,3,67,48
20260407,7,116.6,24,222,48
20260407,8,27.4,9,57,48
20260407,9,71.1,16,128,48
20260407,10,41.1,2,113,48
20260407,11,173.5,18,333,48
20260407,12,95.3,30,140,48
20260407,13,72.5,13,107,48
20260407,14,89.2,19,143,48
20260407,15,57.6,18,94,48
20260407,16,0.6,0,3,48
20260407,17,62.9,8,117,48
20260407,18,52.1,16,85,48
20260408,1,0.5,0,4,48
20260408,2,3.2,0,12,48
20260408,3,38.3,16,65,48
20260408,4,17.0,10,47,48
20260408,5,104.3,73,146,48
20260408,6,79.6,14,211,48
20260408,7,280.7,126,385,48
20260408,8,129.2,50,242,48
20260408,9,175.5,60,284,48
20260408,10,101.3,16,173,48
20260408,11,234.8,66,374,48
20260408,12,168.9,84,253,48
20260408,13,160.4,86,242,48
20260408,14,180.8,97,273,48
20260408,15,122.0,66,185,48
20260408,16,26.6,0,115,48
20260408,17,238.6,60,376,48
20260408,18,119.5,68,176,48
20260409,1,0.0,0,0,48
20260409,2,0.3,0,5,48
20260409,3,12.6,5,29,48
20260409,4,13.1,9,22,48
20260409,5,88.0,43,146,48
20260409,6,33.7,1,69,48
20260409,7,183.6,19,356,48
20260409,8,40.8,9,87,48
20260409,9,125.5,57,243,48
20260409,10,83.0,5,184,48
20260409,11,182.0,59,310,48
20260409,12,142.4,83,226,48
20260409,13,134.2,50,224,48
20260409,14,167.0,50,282,48
20260409,15,90.5,48,148,48
20260409,16,0.4,0,5,48
20260409,17,123.4,11,270,48
20260409,18,83.1,41,139,48
20260410,1,0.0,0,0,48
20260410,2,2.4,0,21,48
20260410,3,22.8,1,51,48
20260410,4,20.4,10,30,48
20260410,5,87.0,35,133,48
20260410,6,23.6,0,67,48
20260410,7,186.6,14,387,48
20260410,8,61.3,5,159,48
20260410,9,114.8,32,174,48
20260410,10,55.3,0,118,48
20260410,11,227.3,63,388,48
20260410,12,162.1,64,260,48
20260410,13,142.8,17,254,48
20260410,14,188.8,50,323,48
20260410,15,97.7,36,144,48
20260410,16,3.8,0,21,48
20260410,17,109.4,0,353,48
20260410,18,88.6,32,125,48
20260411,1,0.0,0,0,48
20260411,2,0.2,0,7,48
20260411,3,1.8,1,4,48
20260411,4,8.1,4,12,48
20260411,5,41.8,18,65,48
20260411,6,2.5,0,16,48
20260411,7,42.6,5,98,48
20260411,8,8.3,2,16,48
20260411,9,59.1,21,101,48
20260411,10,24.8,0,82,48
20260411,11,212.1,59,331,48
20260411,12,121.4,57,179,48
20260411,13,79.5,35,125,48
20260411,14,145.4,76,243,48
20260411,15,57.4,27,84,48
20260411,16,0.2,0,6,48
20260411,17,19.4,4,36,48
20260411,18,49.2,29,70,48
20260412,1,0.0,0,0,48
20260412,2,0.1,0,3,48
20260412,3,4.8,1,16,48
20260412,4,14.5,8,29,48
20260412,5,76.4,45,152,48
20260412,6,9.5,0,56,48
20260412,7,102.3,4,381,48
20260412,8,39.2,8,147,48
20260412,9,116.3,52,261,48
20260412,10,27.3,4,77,48
20260412,11,241.1,89,390,48
20260412,12,165.6,77,320,48
20260412,13,112.0,30,257,48
20260412,14,161.6,86,275,48
20260412,15,85.9,41,173,48
20260412,16,0.0,0,2,48
20260412,17,60.1,0,225,48
20260412,18,75.3,36,151,48
20260413,1,0.0,0,0,48
20260413,2,0.2,0,1,48
20260413,3,39.7,14,60,48
20260413,4,14.9,11,28,48
20260413,5,160.1,102,221,48
20260413,6,114.7,39,162,48
20260413,7,351.1,260,390,48
20260413,8,178.6,114,274,48
20260413,9,253.0,194,310,48
20260413,10,131.2,77,194,48
20260413,11,285.0,107,391,48
20260413,12,228.5,139,318,48
20260413,13,219.9,165,276,48
20260413,14,233.8,195,299,48
20260413,15,171.1,124,211,48
20260413,16,8.8,0,41,48
20260413,17,296.2,61,376,48
20260413,18,162.0,121,198,48
20260414,1,0.2,0,3,48
20260414,2,3.3,0,22,48
20260414,3,27.6,2,62,48
20260414,4,29.1,14,57,48
20260414,5,131.7,62,248,48
20260414,6,62.9,6,132,48
20260414,7,238.1,65,380,48
20260414,8,126.8,19,276,48
20260414,9,204.1,48,342,48
20260414,10,99.5,6,203,48
20260414,11,297.1,151,366,48
20260414,12,231.1,142,356,48
20260414,13,205.9,107,320,48
20260414,14,233.2,104,338,48
20260414,15,151.5,82,224,48
20260414,16,11.3,0,58,48
20260414,17,180.5,22,368,48
20260414,18,140.3,70,208,48
20260415,1,0.0,0,0,48
20260415,2,0.0,0,1,48
20260415,3,2.6,1,6,48
20260415,4,15.1,9,21,48
20260415,5,72.0,49,94,48
20260415,6,9.1,0,27,48
20260415,7,85.2,11,181,48
20260415,8,24.8,15,45,48
20260415,9,105.2,59,158,48
20260415,10,28.0,5,74,48
20260415,11,234.5,95,343,48
20260415,12,184.8,140,246,48
20260415,13,117.5,81,170,48
20260415,14,183.1,131,244,48
20260415,15,84.6,61,113,48
20260415,16,0.0,0,1,48
20260415,17,39.3,0,80,48
20260415,18,73.1,53,99,48
20260416,1,0.0,0,0,48
20260416,2,0.3,0,5,48
20260416,3,9.6,2,40,48
20260416,4,20.9,15,27,48
20260416,5,100.9,61,183,48
20260416,6,29.3,1,139,48
20260416,7,191.1,15,374,48
20260416,8,73.0,18,199,48
20260416,9,131.1,48,274,48
20260416,10,63.7,26,100,48
20260416,11,253.8,45,374,48
20260416,12,186.1,126,262,48
20260416,13,147.5,83,241,48
20260416,14,187.9,118,275,48
20260416,15,107.0,71,176,48
20260416,16,0.2,0,4,48
20260416,17,105.8,0,326,48
20260416,18,96.4,59,168,48
20260417,1,0.0,0,0,48
20260417,2,0.9,0,7,48
20260417,3,4.9,2,18,48
20260417,4,19.0,14,28,48
20260417,5,90.6,51,120,48
20260417,6,9.3,1,27,48
20260417,7,132.6,26,310,48
20260417,8,27.5,11,56,48
20260417,9,119.2,69,157,48
20260417,10,62.6,21,124,48
20260417,11,267.3,103,373,48
20260417,12,165.9,74,242,48
20260417,13,161.2,75,226,48
20260417,14,195.1,108,316,48
20260417,15,95.9,52,121,48
20260417,16,1.3,0,8,48
20260417,17,46.4,6,135,48
20260417,18,82.4,44,106,48
20260418,1,0.0,0,0,48
20260418,2,0.0,0,0,48
20260418,3,5.8,2,23,48
20260418,4,22.8,11,32,48
20260418,5,97.7,59,135,48
20260418,6,21.4,1,92,48
20260418,7,131.2,9,372,48
20260418,8,46.6,12,117,48
20260418,9,125.9,62,192,48
20260418,10,60.1,11,135,48
20260418,11,252.9,51,374,48
20260418,12,174.5,103,248,48
20260418,13,147.5,71,226,48
20260418,14,162.2,70,232,48
20260418,15,95.6,51,146,48
20260418,16,0.0,0,0,48
20260418,17,78.0,16,272,48
20260418,18,84.3,44,137,48
20260419,1,0.0,0,0,48
20260419,2,1.0,0,3,48
20260419,3,21.7,9,29,48
20260419,4,22.8,12,35,48
20260419,5,132.3,90,215,48
20260419,6,53.2,13,129,48
20260419,7,213.6,28,385,48
20260419,8,113.3,53,226,48
20260419,9,164.5,72,313,48
20260419,10,92.8,12,155,48
20260419,11,208.8,38,390,48
20260419,12,145.7,71,242,48
20260419,13,129.5,70,219,48
20260419,14,134.5,69,219,48
20260419,15,111.0,65,193,48
20260419,16,4.9,0,29,48
20260419,17,173.0,11,371,48
20260419,18,103.4,57,181,48
20260420,1,0.8,0,7,48
20260420,2,5.8,0,15,48
20260420,3,40.6,9,58,48
20260420,4,22.4,13,42,48
20260420,5,126.4,75,182,48
20260420,6,84.9,10,151,48
20260420,7,332.2,252,376,48
20260420,8,172.8,42,240,48
20260420,9,214.4,123,264,48
20260420,10,110.9,59,174,48
20260420,11,224.8,62,379,48
20260420,12,168.6,96,226,48
20260420,13,176.6,115,240,48
20260420,14,204.6,124,314,48
20260420,15,139.8,96,183,48
20260420,16,34.9,0,88,48
20260420,17,260.2,131,371,48
20260420,18,136.4,89,181,48
20260421,1,0.0,0,0,48
20260421,2,1.0,0,8,48
20260421,3,18.7,4,43,48
20260421,4,29.9,12,42,48
20260421,5,66.5,32,102,48
20260421,6,9.7,1,44,48
20260421,7,146.6,12,284,48
20260421,8,49.5,14,106,48
20260421,9,103.1,35,177,48
20260421,10,49.7,6,93,48
20260421,11,162.6,13,354,48
20260421,12,136.6,83,190,48
20260421,13,98.5,59,147,48
20260421,14,143.2,97,239,48
20260421,15,78.1,41,112,48
20260421,16,0.6,0,7,48
20260421,17,66.1,5,164,48
20260421,18,69.7,35,100,48
20260422,1,1.3,0,7,48
20260422,2,7.3,0,29,48
20260422,3,9.2,1,22,48
20260422,4,25.7,13,45,48
20260422,5,72.6,49,100,48
20260422,6,15.9,2,34,48
20260422,7,83.1,1,243,48
20260422,8,36.2,6,65,48
20260422,9,93.0,19,153,48
20260422,10,46.6,1,105,48
20260422,11,132.6,4,326,48
20260422,12,104.6,32,201,48
20260422,13,81.4,36,143,48
20260422,14,100.5,45,177,48
20260422,15,65.9,24,96,48
20260422,16,5.7,0,24,48
20260422,17,31.4,0,111,48
20260422,18,57.6,22,85,48
20260423,1,4.8,1,12,48
20260423,2,10.3,2,32,48
20260423,3,22.0,5,52,48
20260423,4,15.3,6,22,48
20260423,5,127.7,72,182,48
20260423,6,62.7,1,149,48
20260423,7,177.1,28,323,48
20260423,8,88.9,32,180,48
20260423,9,170.0,45,293,48
20260423,10,93.6,14,174,48
20260423,11,196.8,23,338,48
20260423,12,109.9,48,185,48
20260423,13,119.3,53,180,48
20260423,14,125.2,65,183,48
20260423,15,100.5,52,157,48
20260423,16,42.5,4,114,48
20260423,17,147.8,7,301,48
20260423,18,98.1,47,162,48
20260424,1,8.7,5,16,48
20260424,2,11.3,5,22,48
20260424,3,45.7,19,77,48
20260424,4,16.5,11,22,48
20260424,5,143.3,95,195,48
20260424,6,103.8,17,196,48
20260424,7,267.4,48,386,48
20260424,8,169.5,45,310,48
20260424,9,218.5,67,333,48
20260424,10,149.1,96,226,48
20260424,11,204.9,25,356,48
20260424,12,142.0,47,215,48
20260424,13,158.5,73,231,48
20260424,14,159.9,68,231,48
20260424,15,135.8,60,204,48
20260424,16,96.8,22,189,48
20260424,17,228.7,34,372,48
20260424,18,137.9,57,213,48
20260425,1,1.0,0,9,48
20260425,2,5.3,2,14,48
20260425,3,33.5,13,57,48
20260425,4,16.4,10,21,48
20260425,5,110.9,66,150,48
20260425,6,79.8,8,154,48
20260425,7,291.3,73,391,48
20260425,8,135.9,41,235,48
20260425,9,168.9,73,268,48
20260425,10,143.2,100,216,48
20260425,11,191.4,10,361,48
20260425,12,136.1,47,210,48
20260425,13,154.1,77,221,48
20260425,14,153.9,72,222,48
20260425,15,116.7,52,172,48
20260425,16,53.9,6,138,48
20260425,17,277.6,89,384,48
20260425,18,120.2,51,176,48
20260426,1,0.3,0,2,48
20260426,2,4.8,0,12,48
20260426,3,31.6,7,72,48
20260426,4,17.0,14,19,48
20260426,5,119.6,92,173,48
20260426,6,66.2,7,189,48
20260426,7,245.7,43,391,48
20260426,8,106.3,24,252,48
20260426,9,154.9,68,258,48
20260426,10,126.0,82,171,48
20260426,11,208.5,53,357,48
20260426,12,140.5,55,230,48
20260426,13,143.0,82,205,48
20260426,14,146.0,77,217,48
20260426,15,111.6,60,178,48
20260426,16,35.6,0,112,48
20260426,17,212.9,74,385,48
20260426,18,110.1,58,184,48
20260427,1,2.6,0,8,48
20260427,2,6.8,4,12,48
20260427,3,48.4,32,74,48
20260427,4,18.9,16,25,48
20260427,5,137.2,100,162,48
20260427,6,85.9,21,150,48
20260427,7,321.1,145,392,48
20260427,8,182.0,64,271,48
20260427,9,210.3,117,273,48
20260427,10,149.2,107,197,48
20260427,11,256.4,76,387,48
20260427,12,159.2,49,267,48
20260427,13,186.3,108,256,48
20260427,14,194.9,116,271,48
20260427,15,144.1,82,194,48
20260427,16,75.9,23,137,48
20260427,17,304.9,133,384,48
20260427,18,147.4,81,196,48
20260428,1,5.5,0,13,48
20260428,2,8.9,4,17,48
20260428,3,35.4,22,45,48
20260428,4,26.0,18,46,48
20260428,5,97.9,76,143,48
20260428,6,84.1,51,121,48
20260428,7,161.5,67,296,48
20260428,8,78.2,45,112,48
20260428,9,94.2,52,137,48
20260428,10,85.8,20,147,48
20260428,11,254.4,96,359,48
20260428,12,97.9,49,152,48
20260428,13,93.5,63,150,48
20260428,14,97.0,58,153,48
20260428,15,85.4,53,112,48
20260428,16,28.4,10,50,48
20260428,17,158.5,103,261,48
20260428,18,85.1,54,116,48
20260429,1,2.3,0,10,48
20260429,2,4.1,0,16,48
20260429,3,14.8,4,37,48
20260429,4,20.9,9,51,48
20260429,5,64.4,29,93,48
20260429,6,31.5,1,85,48
20260429,7,86.3,26,172,48
20260429,8,36.5,15,71,48
20260429,9,48.4,11,82,48
20260429,10,56.5,5,89,48
20260429,11,154.0,21,320,48
20260429,12,65.6,32,95,48
20260429,13,57.3,31,83,48
20260429,14,58.6,45,79,48
20260429,15,53.3,22,82,48
20260429,16,7.6,0,22,48
20260429,17,47.1,28,103,48
20260429,18,48.9,22,74,48
20260430,1,0.0,0,0,48
20260430,2,0.0,0,0,48
20260430,3,6.5,0,16,48
20260430,4,9.8,3,21,48
20260430,5,52.7,21,79,48
20260430,6,9.4,0,49,48
20260430,7,96.5,28,215,48
20260430,8,17.6,5,36,48
20260430,9,42.1,12,90,48
20260430,10,31.2,3,87,48
20260430,11,163.5,38,310,48
20260430,12,73.5,31,115,48
20260430,13,48.0,23,78,48
20260430,14,62.8,28,118,48
20260430,15,44.2,26,70,48
20260430,16,0.0,0,0,48
20260430,17,36.3,14,73,48
20260430,18,39.7,24,63,48
20260501,1,0.3,0,2,48
20260501,2,3.6,0,6,48
20260501,3,31.1,4,55,48
20260501,4,15.4,13,23,48
20260501,5,104.2,74,133,48
20260501,6,51.8,2,139,48
20260501,7,190.4,65,381,48
20260501,8,92.9,26,202,48
20260501,9,122.1,51,229,48
20260501,10,79.2,7,128,48
20260501,11,229.0,106,385,48
20260501,12,122.3,52,211,48
20260501,13,103.9,44,178,48
20260501,14,117.5,78,201,48
20260501,15,94.0,52,169,48
20260501,16,23.3,0,67,48
20260501,17,169.7,37,340,48
20260501,18,91.3,46,163,48
20260502,1,0.5,0,2,48
20260502,2,3.8,2,6,48
20260502,3,28.3,15,64,48
20260502,4,17.0,14,35,48
20260502,5,145.7,104,202,48
20260502,6,32.7,6,107,48
20260502,7,271.4,95,391,48
20260502,8,139.0,56,284,48
20260502,9,197.4,101,291,48
20260502,10,115.7,31,189,48
20260502,11,277.6,116,381,48
20260502,12,164.0,64,266,48
20260502,13,138.9,81,215,48
20260502,14,144.6,75,233,48
20260502,15,127.5,74,194,48
20260502,16,25.7,0,71,48
20260502,17,236.1,95,384,48
20260502,18,124.2,72,193,48
20260503,1,2.9,0,8,48
20260503,2,6.3,2,15,48
20260503,3,47.8,20,84,48
20260503,4,18.5,16,29,48
20260503,5,147.9,104,209,48
20260503,6,71.3,12,214,48
20260503,7,332.8,208,389,48
20260503,8,180.0,90,288,48
20260503,9,237.5,128,333,48
20260503,10,161.4,87,230,48
20260503,11,282.3,149,386,48
20260503,12,168.5,82,235,48
20260503,13,159.9,114,220,48
20260503,14,161.7,108,218,48
20260503,15,148.8,115,212,48
20260503,16,61.1,0,157,48
20260503,17,293.6,199,374,48
20260503,18,149.0,114,216,48
20260504,1,0.3,0,3,48
20260504,2,3.1,0,11,48
20260504,3,47.9,11,102,48
20260504,4,17.5,15,24,48
20260504,5,162.4,132,209,48
20260504,6,111.0,36,258,48
20260504,7,372.1,339,389,48
20260504,8,243.8,183,294,48
20260504,9,262.5,184,333,48
20260504,10,163.5,122,202,48
20260504,11,272.0,84,386,48
20260504,12,206.9,98,284,48
20260504,13,182.9,132,237,48
20260504,14,185.8,122,245,48
20260504,15,172.0,124,226,48
20260504,16,62.1,0,137,48
20260504,17,353.6,297,382,48
20260504,18,173.0,123,222,48
20260505,1,0.0,0,0,48
20260505,2,0.3,0,3,48
20260505,3,61.0,24,98,48
20260505,4,20.7,15,31,48
20260505,5,140.7,108,184,48
20260505,6,80.8,37,136,48
20260505,7,364.3,320,389,48
20260505,8,219.9,171,316,48
20260505,9,215.3,130,318,48
20260505,10,140.4,84,187,48
20260505,11,274.9,64,390,48
20260505,12,208.6,123,292,48
20260505,13,198.6,154,286,48
20260505,14,218.2,178,295,48
20260505,15,165.8,117,204,48
20260505,16,17.4,0,105,48
20260505,17,341.1,297,382,48
20260505,18,167.3,122,204,48
20260506,1,0.0,0,0,48
20260506,2,1.2,0,4,48
20260506,3,77.7,45,102,48
20260506,4,21.5,17,37,48
20260506,5,119.2,78,175,48
20260506,6,96.9,29,214,48
20260506,7,352.9,269,392,48
20260506,8,163.4,72,221,48
20260506,9,160.0,90,255,48
20260506,10,121.4,47,204,48
20260506,11,330.7,196,392,48
20260506,12,194.9,72,283,48
20260506,13,179.5,120,231,48
20260506,14,198.6,138,257,48
20260506,15,150.8,99,206,48
20260506,16,2.2,0,30,48
20260506,17,290.0,177,348,48
20260506,18,153.1,102,202,48
20260507,1,0.0,0,0,48
20260507,2,0.0,0,0,48
20260507,3,45.0,8,73,48
20260507,4,18.6,16,21,48
20260507,5,170.3,153,192,48
20260507,6,65.7,16,197,48
20260507,7,357.8,281,392,48
20260507,8,163.8,75,227,48
20260507,9,225.1,175,275,48
20260507,10,175.8,139,210,48
20260507,11,323.1,204,392,48
20260507,12,208.3,111,295,48
20260507,13,212.4,162,251,48
20260507,14,225.9,170,260,48
20260507,15,172.4,134,205,48
20260507,16,0.0,0,0,48
20260507,17,268.4,186,366,48
20260507,18,166.8,128,198,48
20260508,1,0.0,0,0,48
20260508,2,0.0,0,0,48
20260508,3,55.4,13,82,48
20260508,4,18.5,16,22,48
20260508,5,167.2,137,205,48
20260508,6,88.5,6,213,48
20260508,7,365.0,318,391,48
20260508,8,193.0,137,238,48
20260508,9,237.2,156,297,48
20260508,10,184.0,153,214,48
20260508,11,275.2,93,387,48
20260508,12,214.2,117,292,48
20260508,13,194.0,151,253,48
20260508,14,186.0,144,258,48
20260508,15,175.9,123,212,48
20260508,16,0.4,0,6,48
20260508,17,317.2,257,365,48
20260508,18,174.4,128,205,48
20260509,1,0.0,0,0,48
20260509,2,0.9,0,6,48
20260509,3,33.0,13,69,48
20260509,4,19.8,13,38,48
20260509,5,128.5,98,173,48
20260509,6,37.4,7,107,48
20260509,7,268.3,59,390,48
20260509,8,110.7,24,215,48
20260509,9,166.5,65,257,48
20260509,10,126.7,89,182,48
20260509,11,218.7,41,367,48
20260509,12,159.0,51,259,48
20260509,13,145.5,85,208,48
20260509,14,149.4,80,237,48
20260509,15,122.7,62,171,48
20260509,16,5.3,0,60,48
20260509,17,204.5,42,334,48
20260509,18,122.3,58,176,48
20260510,1,0.0,0,0,48
20260510,2,0.0,0,0,48
20260510,3,28.2,14,44,48
20260510,4,19.0,7,42,48
20260510,5,75.9,43,134,48
20260510,6,29.0,8,79,48
20260510,7,204.6,99,371,48
20260510,8,57.4,16,101,48
20260510,9,121.8,58,234,48
20260510,10,92.5,27,169,48
20260510,11,200.8,23,376,48
20260510,12,127.5,50,229,48
20260510,13,116.6,81,183,48
20260510,14,130.5,93,201,48
20260510,15,91.6,54,154,48
20260510,16,0.0,0,0,48
20260510,17,97.6,26,195,48
20260510,18,87.3,49,142,48
20260511,1,0.0,0,0,48
20260511,2,0.4,0,2,48
20260511,3,49.3,18,70,48
20260511,4,16.6,13,22,48
20260511,5,79.1,62,104,48
20260511,6,107.4,43,186,48
20260511,7,318.6,183,380,48
20260511,8,101.8,64,182,48
20260511,9,131.7,96,188,48
20260511,10,59.3,23,110,48
20260511,11,245.8,95,385,48
20260511,12,148.9,102,208,48
20260511,13,125.9,96,168,48
20260511,14,172.9,144,223,48
20260511,15,107.4,81,141,48
20260511,16,2.3,0,23,48
20260511,17,207.9,124,363,48
20260511,18,106.9,82,144,48
20260512,1,0.0,0,0,48
20260512,2,0.8,0,5,48
20260512,3,21.1,8,65,48
20260512,4,13.8,7,20,48
20260512,5,71.4,36,125,48
20260512,6,46.9,12,159,48
20260512,7,271.5,92,379,48
20260512,8,60.0,9,176,48
20260512,9,86.9,28,197,48
20260512,10,46.8,14,97,48
20260512,11,193.6,29,373,48
20260512,12,108.6,34,189,48
20260512,13,98.8,54,145,48
20260512,14,130.3,82,173,48
20260512,15,77.0,29,144,48
20260512,16,0.9,0,6,48
20260512,17,116.7,34,258,48
20260512,18,73.5,27,139,48
20260513,1,0.0,0,0,48
20260513,2,0.1,0,1,48
20260513,3,53.5,15,113,48
20260513,4,19.9,15,28,48
20260513,5,97.3,69,161,48
20260513,6,73.0,22,168,48
20260513,7,257.6,184,356,48
20260513,8,102.5,47,213,48
20260513,9,119.6,69,227,48
20260513,10,66.2,31,132,48
20260513,11,143.6,33,288,48
20260513,12,130.9,74,220,48
20260513,13,124.2,82,192,48
20260513,14,152.0,98,232,48
20260513,15,101.5,69,177,48
20260513,16,2.0,0,18,48
20260513,17,168.2,20,273,48
20260513,18,101.4,70,175,48
20260514,1,0.0,0,0,48
20260514,2,5.3,0,29,48
20260514,3,57.7,32,110,48
20260514,4,12.0,7,29,48
20260514,5,80.3,61,103,48
20260514,6,49.4,17,139,48
20260514,7,298.1,207,381,48
20260514,8,99.0,28,234,48
20260514,9,119.8,75,199,48
20260514,10,71.0,34,137,48
20260514,11,195.9,48,358,48
20260514,12,142.8,50,263,48
20260514,13,124.5,61,231,48
20260514,14,144.6,71,239,48
20260514,15,103.4,55,182,48
20260514,16,4.1,0,25,48
20260514,17,186.4,104,289,48
20260514,18,101.4,54,172,48
20260515,1,0.0,0,0,48
20260515,2,0.0,0,0,48
20260515,3,42.6,11,93,48
20260515,4,8.7,7,11,48
20260515,5,64.0,41,119,48
20260515,6,38.1,4,114,48
20260515,7,316.1,184,382,48
20260515,8,102.3,29,204,48
20260515,9,98.9,41,228,48
20260515,10,73.7,28,220,48
20260515,11,225.4,58,376,48
20260515,12,158.5,65,254,48
20260515,13,136.5,69,213,48
20260515,14,161.0,97,228,48
20260515,15,103.0,54,179,48
20260515,16,0.0,0,0,48
20260515,17,182.7,99,308,48
20260515,18,99.8,54,174,48
20260516,1,0.0,0,0,48
20260516,2,3.0,0,30,48
20260516,3,67.8,19,97,48
20260516,4,11.3,9,14,48
20260516,5,140.1,96,179,48
20260516,6,89.4,13,168,48
20260516,7,343.3,280,387,48
20260516,8,157.1,99,184,48
20260516,9,192.4,120,248,48
20260516,10,160.4,134,214,48
20260516,11,274.5,134,383,48
20260516,12,177.8,109,255,48
20260516,13,141.4,113,179,48
20260516,14,135.5,104,169,48
20260516,15,146.0,110,171,48
20260516,16,9.8,0,46,48
20260516,17,289.6,183,350,48
20260516,18,148.5,111,172,48
20260517,1,0.0,0,0,48
20260517,2,0.1,0,2,48
20260517,3,46.1,22,103,48
20260517,4,12.0,7,18,48
20260517,5,111.4,66,206,48
20260517,6,52.5,7,162,48
20260517,7,286.4,154,373,48
20260517,8,106.7,27,257,48
20260517,9,137.9,53,296,48
20260517,10,129.3,53,200,48
20260517,11,246.9,110,356,48
20260517,12,151.3,78,246,48
20260517,13,122.5,85,199,48
20260517,14,118.3,83,189,48
20260517,15,115.6,69,205,48
20260517,16,22.0,0,117,48
20260517,17,190.3,88,361,48
20260517,18,115.3,66,210,48
20260518,1,0.0,0,0,48
20260518,2,0.6,0,2,48
20260518,3,82.8,12,125,48
20260518,4,11.5,8,19,48
20260518,5,197.4,56,251,48
20260518,6,136.9,34,207,48
20260518,7,335.9,198,374,48
20260518,8,205.5,53,303,48
20260518,9,223.9,102,305,48
20260518,10,173.5,48,233,48
20260518,11,266.3,113,355,48
20260518,12,210.0,125,276,48
20260518,13,186.9,85,237,48
20260518,14,190.4,96,237,48
20260518,15,179.8,81,231,48
20260518,16,51.1,0,149,48
20260518,17,303.6,52,367,48
20260518,18,181.6,73,235,48
20260519,1,0.0,0,0,48
20260519,2,0.0,0,0,48
20260519,3,12.5,7,26,48
20260519,4,8.9,5,13,48
20260519,5,61.2,43,88,48
20260519,6,59.5,43,94,48
20260519,7,61.9,32,150,48
20260519,8,43.7,29,75,48
20260519,9,107.0,70,160,48
20260519,10,53.0,23,101,48
20260519,11,156.9,54,245,48
20260519,12,104.3,73,151,48
20260519,13,75.6,51,100,48
20260519,14,88.2,60,118,48
20260519,15,68.0,47,97,48
20260519,16,0.0,0,0,48
20260519,17,40.4,21,82,48
20260519,18,60.9,42,90,48
20260520,1,0.0,0,0,48
20260520,2,0.0,0,0,48
20260520,3,18.3,7,34,48
20260520,4,11.5,8,16,48
20260520,5,62.5,50,97,48
20260520,6,34.0,10,101,48
20260520,7,133.2,45,350,48
20260520,8,41.5,21,122,48
20260520,9,84.4,53,180,48
20260520,10,68.0,21,120,48
20260520,11,170.2,68,344,48
20260520,12,117.1,72,182,48
20260520,13,87.2,51,149,48
20260520,14,99.8,70,176,48
20260520,15,73.0,55,123,48
20260520,16,0.0,0,0,48
20260520,17,61.9,19,226,48
20260520,18,67.7,50,124,48
20260521,1,0.0,0,0,48
20260521,2,0.0,0,1,48
20260521,3,40.1,8,90,48
20260521,4,14.1,8,20,48
20260521,5,108.0,49,217,48
20260521,6,79.1,16,200,48
20260521,7,260.8,83,360,48
20260521,8,98.4,23,224,48
20260521,9,152.5,42,288,48
20260521,10,126.9,54,210,48
20260521,11,211.6,52,336,48
20260521,12,159.8,60,245,48
20260521,13,144.0,81,213,48
20260521,14,149.5,91,216,48
20260521,15,116.9,52,204,48
20260521,16,0.8,0,13,48
20260521,17,175.0,50,359,48
20260521,18,114.9,53,201,48
20260522,1,0.0,0,0,48
20260522,2,0.0,0,0,48
20260522,3,37.8,18,96,48
20260522,4,11.6,3,19,48
20260522,5,89.8,29,157,48
20260522,6,72.4,28,146,48
20260522,7,285.9,136,386,48
20260522,8,101.9,18,207,48
20260522,9,114.0,27,268,48
20260522,10,105.7,48,169,48
20260522,11,200.1,29,383,48
20260522,12,144.7,56,244,48
20260522,13,135.0,81,188,48
20260522,14,145.2,84,208,48
20260522,15,106.2,46,170,48
20260522,16,0.2,0,7,48
20260522,17,209.9,92,347,48
20260522,18,105.1,46,162,48
20260523,1,0.0,0,0,48
20260523,2,0.1,0,4,48
20260523,3,16.1,2,105,48
20260523,4,11.2,6,15,48
20260523,5,123.3,66,178,48
20260523,6,34.8,0,128,48
20260523,7,323.7,180,389,48
20260523,8,131.3,23,293,48
20260523,9,124.4,40,262,48
20260523,10,122.8,41,176,48
20260523,11,217.6,33,385,48
20260523,12,153.5,53,267,48
20260523,13,137.9,80,224,48
20260523,14,143.4,81,225,48
20260523,15,116.6,56,202,48
20260523,16,2.0,0,28,48
20260523,17,218.6,84,379,48
20260523,18,114.4,54,198,48
20260524,1,0.0,0,0,48
20260524,2,0.0,0,0,48
20260524,3,32.4,5,90,48
20260524,4,19.6,12,35,48
20260524,5,114.7,57,165,48
20260524,6,104.7,43,182,48
20260524,7,282.2,90,391,48
20260524,8,121.1,20,244,48
20260524,9,147.1,36,261,48
20260524,10,175.1,98,257,48
20260524,11,217.8,33,389,48
20260524,12,170.6,53,303,48
20260524,13,159.5,94,219,48
20260524,14,157.0,102,211,48
20260524,15,135.5,57,213,48
20260524,16,1.6,0,20,48
20260524,17,201.2,38,388,48
20260524,18,130.9,52,214,48
20260525,1,0.0,0,0,48
20260525,2,0.0,0,1,48
20260525,3,58.4,28,79,48
20260525,4,21.8,14,35,48
20260525,5,95.3,66,143,48
20260525,6,102.0,54,178,48
20260525,7,290.2,116,387,48
20260525,8,120.2,34,225,48
20260525,9,130.4,49,229,48
20260525,10,153.0,110,223,48
20260525,11,207.4,36,363,48
20260525,12,149.4,58,236,48
20260525,13,150.5,98,194,48
20260525,14,146.0,106,182,48
20260525,15,127.0,69,187,48
20260525,16,5.3,0,57,48
20260525,17,232.5,103,386,48
20260525,18,125.9,68,190,48
20260526,1,0.0,0,0,48
20260526,2,1.9,0,5,48
20260526,3,84.5,61,123,48
20260526,4,21.4,17,31,48
20260526,5,134.7,85,166,48
20260526,6,150.3,101,235,48
20260526,7,339.8,250,389,48
20260526,8,186.8,109,258,48
20260526,9,188.2,122,229,48
20260526,10,158.3,123,217,48
20260526,11,245.4,71,386,48
20260526,12,187.6,103,287,48
20260526,13,172.0,124,246,48
20260526,14,174.1,121,274,48
20260526,15,158.9,118,213,48
20260526,16,64.1,5,121,48
20260526,17,341.5,267,387,48
20260526,18,163.4,124,213,48
20260527,1,0.0,0,0,48
20260527,2,1.3,0,17,48
20260527,3,41.4,19,60,48
20260527,4,18.5,12,22,48
20260527,5,102.1,67,138,48
20260527,6,61.0,29,110,48
20260527,7,265.0,51,384,48
20260527,8,102.5,21,184,48
20260527,9,115.4,31,191,48
20260527,10,87.5,43,151,48
20260527,11,220.9,41,384,48
20260527,12,153.7,55,243,48
20260527,13,136.1,80,189,48
20260527,14,150.1,82,215,48
20260527,15,108.1,52,153,48
20260527,16,4.4,0,30,48
20260527,17,215.6,45,366,48
20260527,18,108.8,50,152,48
20260528,1,0.0,0,0,48
20260528,2,0.7,0,8,48
20260528,3,29.0,8,73,48
20260528,4,13.1,4,24,48
20260528,5,70.1,26,112,48
20260528,6,31.7,2,99,48
20260528,7,208.1,48,361,48
20260528,8,52.4,13,124,48
20260528,9,87.8,21,145,48
20260528,10,73.8,30,120,48
20260528,11,197.6,31,372,48
20260528,12,128.8,58,209,48
20260528,13,130.1,83,187,48
20260528,14,165.3,91,258,48
20260528,15,87.3,41,135,48
20260528,16,1.0,0,9,48
20260528,17,91.7,11,188,48
20260528,18,82.5,37,128,48
20260529,1,0.0,0,0,48
20260529,2,0.1,0,3,48
20260529,3,62.2,28,100,48
20260529,4,18.8,14,30,48
20260529,5,92.9,50,159,48
20260529,6,49.7,19,76,48
20260529,7,260.4,94,387,48
20260529,8,91.2,26,245,48
20260529,9,122.1,32,260,48
20260529,10,158.0,43,253,48
20260529,11,238.6,27,385,48
20260529,12,157.9,81,258,48
20260529,13,159.6,105,262,48
20260529,14,168.9,110,288,48
20260529,15,122.8,63,213,48
20260529,16,2.0,0,21,48
20260529,17,152.6,53,375,48
20260529,18,113.4,57,203,48
20260530,1,0.0,0,0,48
20260530,2,0.2,0,1,48
20260530,3,66.9,32,103,48
20260530,4,17.9,11,25,48
20260530,5,104.2,67,134,48
20260530,6,77.9,11,135,48
20260530,7,295.0,78,391,48
20260530,8,142.5,35,222,48
20260530,9,143.5,51,233,48
20260530,10,190.3,124,291,48
20260530,11,247.6,96,384,48
20260530,12,167.3,88,241,48
20260530,13,161.9,76,219,48
20260530,14,161.0,74,217,48
20260530,15,141.8,79,192,48
20260530,16,5.9,0,36,48
20260530,17,259.1,57,381,48
20260530,18,141.0,75,193,48
20260531,1,0.0,0,0,48
20260531,2,0.0,0,0,48
20260531,3,45.1,13,90,48
20260531,4,20.3,12,31,48
20260531,5,110.0,81,140,48
20260531,6,63.8,22,138,48
20260531,7,274.4,117,379,48
20260531,8,122.3,31,262,48
20260531,9,150.2,50,249,48
20260531,10,174.5,112,254,48
20260531,11,245.6,121,371,48
20260531,12,178.9,101,260,48
20260531,13,160.5,88,231,48
20260531,14,156.3,83,234,48
20260531,15,134.5,77,198,48
20260531,16,13.3,0,72,48
20260531,17,233.0,98,356,48
20260531,18,135.1,75,201,48
20260601,1,0.0,0,0,48
20260601,2,0.1,0,3,48
20260601,3,66.9,39,102,48
20260601,4,18.3,12,28,48
20260601,5,124.8,83,167,48
20260601,6,50.3,19,85,48
20260601,7,351.3,306,376,48
20260601,8,196.6,101,295,48
20260601,9,183.2,95,244,48
20260601,10,148.8,72,218,48
20260601,11,265.1,112,364,48
20260601,12,199.4,99,260,48
20260601,13,197.6,126,246,48
20260601,14,210.1,133,259,48
20260601,15,156.7,93,196,48
20260601,16,17.6,0,83,48
20260601,17,305.4,203,352,48
20260601,18,160.0,98,200,48
20260602,1,0.0,0,0,48
20260602,2,1.8,0,16,48
20260602,3,86.6,52,121,48
20260602,4,24.5,14,60,48
20260602,5,141.9,97,174,48
20260602,6,61.1,24,119,48
20260602,7,323.7,219,375,48
20260602,8,188.7,91,278,48
20260602,9,205.2,155,268,48
20260602,10,163.3,82,236,48
20260602,11,265.4,137,356,48
20260602,12,229.4,143,288,48
20260602,13,205.1,142,245,48
20260602,14,208.8,153,256,48
20260602,15,172.1,123,206,48
20260602,16,34.1,0,136,48
20260602,17,277.0,161,349,48
20260602,18,173.8,129,209,48
20260603,1,0.0,0,0,48
20260603,2,2.8,0,16,48
20260603,3,23.0,5,55,48
20260603,4,14.1,7,23,48
20260603,5,68.7,40,108,48
20260603,6,17.0,4,34,48
20260603,7,193.3,7,341,48
20260603,8,52.9,13,142,48
20260603,9,84.3,34,156,48
20260603,10,80.7,9,146,48
20260603,11,145.3,18,341,48
20260603,12,127.1,42,258,48
20260603,13,105.4,51,158,48
20260603,14,121.4,87,175,48
20260603,15,79.3,35,134,48
20260603,16,2.9,0,22,48
20260603,17,114.1,15,275,48
20260603,18,78.6,32,142,48
20260604,1,0.0,0,0,48
20260604,2,0.7,0,12,48
20260604,3,10.6,1,20,48
20260604,4,5.9,4,11,48
20260604,5,46.9,32,68,48
20260604,6,28.6,10,43,48
20260604,7,116.6,45,247,48
20260604,8,30.0,19,39,48
20260604,9,90.2,60,117,48
20260604,10,76.0,23,118,48
20260604,11,117.6,31,237,48
20260604,12,98.6,55,147,48
20260604,13,88.6,58,122,48
20260604,14,100.4,74,129,48
20260604,15,65.1,41,89,48
20260604,16,0.7,0,11,48
20260604,17,62.0,31,127,48
20260604,18,61.0,39,82,48
20260605,1,0.0,0,0,48
20260605,2,0.3,0,4,48
20260605,3,35.1,1,90,48
20260605,4,12.3,5,19,48
20260605,5,88.3,33,153,48
20260605,6,34.6,5,87,48
20260605,7,231.4,100,374,48
20260605,8,73.2,15,226,48
20260605,9,136.4,59,249,48
20260605,10,103.3,22,145,48
20260605,11,229.2,89,348,48
20260605,12,160.3,85,266,48
20260605,13,129.6,59,198,48
20260605,14,139.6,63,226,48
20260605,15,107.0,66,189,48
20260605,16,0.1,0,2,48
20260605,17,156.8,44,358,48
20260605,18,102.9,58,189,48
20260606,1,0.0,0,0,48
20260606,2,0.2,0,1,48
20260606,3,33.9,15,76,48
20260606,4,14.0,7,27,48
20260606,5,65.3,27,112,48
20260606,6,15.8,5,48,48
20260606,7,88.6,9,271,48
20260606,8,45.1,21,96,48
20260606,9,109.6,43,227,48
20260606,10,92.6,23,150,48
20260606,11,213.4,151,284,48
20260606,12,161.7,80,263,48
20260606,13,122.7,74,205,48
20260606,14,134.9,97,230,48
20260606,15,93.7,62,145,48
20260606,16,0.2,0,1,48
20260606,17,58.6,0,230,48
20260606,18,87.3,54,144,48
20260607,1,0.0,0,0,48
20260607,2,0.5,0,1,48
20260607,3,31.7,9,71,48
20260607,4,9.3,3,16,48
20260607,5,47.6,25,92,48
20260607,6,15.1,3,38,48
20260607,7,135.7,15,314,48
20260607,8,36.3,14,73,48
20260607,9,93.5,41,171,48
20260607,10,78.9,26,122,48
20260607,11,244.9,82,349,48
20260607,12,146.7,50,230,48
20260607,13,120.2,74,190,48
20260607,14,143.9,104,219,48
20260607,15,84.0,50,137,48
20260607,16,0.5,0,1,48
20260607,17,70.2,16,191,48
20260607,18,76.3,43,127,48
20260608,1,0.0,0,0,48
20260608,2,0.1,0,5,48
20260608,3,49.4,20,78,48
20260608,4,11.8,10,16,48
20260608,5,92.6,59,146,48
20260608,6,59.8,14,132,48
20260608,7,305.3,171,356,48
20260608,8,117.2,46,193,48
20260608,9,150.0,95,259,48
20260608,10,146.3,76,236,48
20260608,11,231.4,79,352,48
20260608,12,194.6,97,263,48
20260608,13,180.2,120,223,48
20260608,14,187.7,122,221,48
20260608,15,135.4,92,189,48
20260608,16,0.7,0,11,48
20260608,17,226.4,119,301,48
20260608,18,134.4,94,188,48
20260609,1,0.0,0,0,48
20260609,2,0.9,0,11,48
20260609,3,23.3,6,47,48
20260609,4,14.0,6,21,48
20260609,5,71.6,47,105,48
20260609,6,31.2,3,94,48
20260609,7,182.5,11,349,48
20260609,8,46.4,15,127,48
20260609,9,109.9,45,204,48
20260609,10,131.6,53,212,48
20260609,11,195.2,56,344,48
20260609,12,127.4,30,223,48
20260609,13,122.8,66,179,48
20260609,14,118.5,50,169,48
20260609,15,94.2,51,157,48
20260609,16,0.9,0,11,48
20260609,17,102.8,9,288,48
20260609,18,91.0,47,157,48
20260610,1,0.0,0,0,48
20260610,2,0.0,0,0,48
20260610,3,46.5,10,85,48
20260610,4,15.1,12,18,48
20260610,5,107.2,67,167,48
20260610,6,75.0,10,134,48
20260610,7,328.6,255,376,48
20260610,8,126.9,50,192,48
20260610,9,181.5,105,284,48
20260610,10,171.5,86,266,48
20260610,11,233.9,69,367,48
20260610,12,208.1,109,285,48
20260610,13,186.5,137,251,48
20260610,14,189.8,139,240,48
20260610,15,151.0,103,215,48
20260610,16,0.0,0,0,48
20260610,17,219.1,136,311,48
20260610,18,148.4,101,212,48
20260611,1,0.0,0,0,48
20260611,2,1.9,0,13,48
20260611,3,48.5,27,70,48
20260611,4,16.2,12,22,48
20260611,5,95.6,34,142,48
20260611,6,56.7,8,124,48
20260611,7,218.3,38,382,48
20260611,8,86.1,21,188,48
20260611,9,150.8,59,225,48
20260611,10,144.1,31,232,48
20260611,11,266.5,108,377,48
20260611,12,195.6,105,286,48
20260611,13,163.4,103,225,48
20260611,14,168.5,134,222,48
20260611,15,129.7,71,182,48
20260611,16,1.9,0,13,48
20260611,17,171.2,43,285,48
20260611,18,126.3,64,181,48
20260612,1,0.0,0,0,48
20260612,2,1.7,0,7,48
20260612,3,33.9,21,45,48
20260612,4,11.3,6,19,48
20260612,5,50.6,25,89,48
20260612,6,16.6,6,33,48
20260612,7,123.1,17,315,48
20260612,8,32.4,17,77,48
20260612,9,74.8,36,129,48
20260612,10,71.4,31,151,48
20260612,11,203.7,100,297,48
20260612,12,108.6,44,177,48
20260612,13,108.9,63,152,48
20260612,14,135.5,90,191,48
20260612,15,75.1,51,102,48
20260612,16,1.6,0,6,48
20260612,17,45.1,0,142,48
20260612,18,66.6,44,94,48
20260613,1,0.0,0,0,48
20260613,2,0.6,0,1,48
20260613,3,19.8,15,32,48
20260613,4,11.6,8,18,48
20260613,5,34.0,23,66,48
20260613,6,33.1,8,51,48
20260613,7,165.7,57,322,48
20260613,8,26.8,20,58,48
20260613,9,63.8,42,105,48
20260613,10,62.3,25,135,48
20260613,11,164.4,9,333,48
20260613,12,75.5,26,176,48
20260613,13,87.9,53,130,48
20260613,14,116.8,72,179,48
20260613,15,58.8,37,96,48
20260613,16,0.5,0,1,48
20260613,17,72.0,33,143,48
20260613,18,53.5,35,87,48
20260614,1,0.0,0,0,48
20260614,2,1.2,0,4,48
20260614,3,32.7,15,63,48
20260614,4,7.8,5,12,48
20260614,5,69.6,45,104,48
20260614,6,60.7,31,127,48
20260614,7,269.3,61,388,48
20260614,8,68.3,26,169,48
20260614,9,104.4,55,187,48
20260614,10,155.4,57,241,48
20260614,11,185.1,49,359,48
20260614,12,111.4,48,186,48
20260614,13,123.8,70,185,48
20260614,14,122.1,69,181,48
20260614,15,99.7,65,172,48
20260614,16,0.5,0,1,48
20260614,17,166.4,42,315,48
20260614,18,97.6,62,166,48
20260615,1,0.0,0,0,48
20260615,2,0.6,0,3,48
20260615,3,59.0,33,94,48
20260615,4,13.8,12,17,48
20260615,5,125.8,77,166,48
20260615,6,81.4,23,176,48
20260615,7,328.6,285,384,48
20260615,8,157.2,95,224,48
20260615,9,181.4,113,257,48
20260615,10,204.6,117,260,48
20260615,11,182.5,43,372,48
20260615,12,163.9,97,269,48
20260615,13,178.6,142,252,48
20260615,14,183.2,148,289,48
20260615,15,147.8,111,205,48
20260615,16,26.0,0,52,48
20260615,17,268.2,200,375,48
20260615,18,152.4,119,205,48
20260616,1,0.0,0,0,48
20260616,2,0.0,0,0,48
20260616,3,67.4,44,92,48
20260616,4,12.8,10,17,48
20260616,5,131.9,110,152,48
20260616,6,90.2,46,150,48
20260616,7,361.9,321,384,48
20260616,8,197.2,139,240,48
20260616,9,209.6,140,256,48
20260616,10,181.5,128,266,48
20260616,11,247.6,60,374,48
20260616,12,200.8,117,271,48
20260616,13,214.2,154,280,48
20260616,14,235.7,158,306,48
20260616,15,174.1,125,219,48
20260616,16,7.3,0,48,48
20260616,17,321.0,270,374,48
20260616,18,175.5,130,219,48
20260617,1,0.0,0,0,48
20260617,2,0.0,0,0,48
20260617,3,37.8,10,83,48
20260617,4,12.5,9,18,48
20260617,5,115.9,65,161,48
20260617,6,53.9,19,119,48
20260617,7,317.4,192,388,48
20260617,8,122.8,24,219,48
20260617,9,172.1,72,254,48
20260617,10,122.1,75,159,48
20260617,11,224.4,47,378,48
20260617,12,185.1,71,298,48
20260617,13,170.6,91,242,48
20260617,14,183.0,89,271,48
20260617,15,132.3,65,189,48
20260617,16,0.2,0,5,48
20260617,17,254.8,115,360,48
20260617,18,132.2,66,184,48
20260618,1,0.0,0,0,48
20260618,2,0.9,0,1,48
20260618,3,65.0,33,102,48
20260618,4,12.7,10,18,48
20260618,5,136.5,86,177,48
20260618,6,68.1,32,115,48
20260618,7,346.3,258,385,48
20260618,8,159.0,53,231,48
20260618,9,189.1,78,282,48
20260618,10,185.0,116,263,48
20260618,11,228.1,34,378,48
20260618,12,184.9,83,276,48
20260618,13,195.5,120,254,48
20260618,14,203.5,125,259,48
20260618,15,155.8,82,206,48
20260618,16,0.9,0,1,48
20260618,17,278.8,174,348,48
20260618,18,153.7,83,202,48
20260619,1,0.0,0,0,48
20260619,2,1.0,0,3,48
20260619,3,36.5,11,62,48
20260619,4,11.0,3,20,48
20260619,5,107.3,52,169,48
20260619,6,60.3,13,131,48
20260619,7,295.4,134,371,48
20260619,8,102.2,17,197,48
20260619,9,161.1,81,247,48
20260619,10,151.3,85,202,48
20260619,11,226.5,19,379,48
20260619,12,149.3,46,245,48
20260619,13,156.2,65,221,48
20260619,14,165.1,64,230,48
20260619,15,124.1,59,189,48
20260619,16,2.4,0,21,48
20260619,17,199.3,71,338,48
20260619,18,119.8,56,193,48
20260620,1,0.0,0,0,48
20260620,2,1.7,1,3,48
20260620,3,51.1,27,78,48
20260620,4,15.2,9,25,48
20260620,5,138.2,82,209,48
20260620,6,49.4,11,141,48
20260620,7,316.9,83,391,48
20260620,8,130.9,38,248,48
20260620,9,202.9,106,297,48
20260620,10,201.1,156,277,48
20260620,11,272.7,139,389,48
20260620,12,176.0,90,265,48
20260620,13,184.6,117,253,48
20260620,14,185.1,116,254,48
20260620,15,153.6,99,227,48
20260620,16,1.5,1,9,48
20260620,17,244.4,47,386,48
20260620,18,152.4,96,227,48
20260621,1,0.0,0,0,48
20260621,2,3.6,2,5,48
20260621,3,49.2,30,67,48
20260621,4,20.4,18,24,48
20260621,5,139.1,94,178,48
20260621,6,154.5,78,258,48
20260621,7,306.5,146,391,48
20260621,8,139.2,47,249,48
20260621,9,191.6,95,269,48
20260621,10,210.5,157,282,48
20260621,11,221.8,44,390,48
20260621,12,152.7,62,263,48
20260621,13,183.7,103,243,48
20260621,14,185.4,104,266,48
20260621,15,154.5,86,215,48
20260621,16,10.5,1,59,48
20260621,17,272.2,132,386,48
20260621,18,156.5,87,216,48
20260622,1,0.0,0,0,48
20260622,2,2.7,2,4,48
20260622,3,59.6,32,101,48
20260622,4,20.9,13,32,48
20260622,5,128.3,81,178,48
20260622,6,151.5,70,235,48
20260622,7,318.1,188,386,48
20260622,8,157.0,51,249,48
20260622,9,187.4,104,248,48
20260622,10,148.7,101,203,48
20260622,11,231.9,35,382,48
20260622,12,170.5,53,276,48
20260622,13,178.0,90,256,48
20260622,14,194.9,85,292,48
20260622,15,152.3,79,214,48
20260622,16,15.2,1,64,48
20260622,17,275.4,133,369,48
20260622,18,155.3,82,218,48
20260623,1,0.0,0,0,48
20260623,2,3.0,2,4,48
20260623,3,67.7,35,92,48
20260623,4,19.9,15,29,48
20260623,5,136.1,96,170,48
20260623,6,130.3,39,235,48
20260623,7,347.5,267,392,48
20260623,8,193.9,98,260,48
20260623,9,219.9,136,311,48
20260623,10,203.6,124,300,48
20260623,11,251.0,64,386,48
20260623,12,202.4,80,298,48
20260623,13,206.9,125,268,48
20260623,14,218.3,129,296,48
20260623,15,176.5,103,231,48
20260623,16,24.6,2,57,48
20260623,17,331.1,230,390,48
20260623,18,179.5,108,230,48
20260624,1,0.0,0,0,48
20260624,2,4.0,2,9,48
20260624,3,86.0,57,118,48
20260624,4,20.4,17,26,48
20260624,5,151.6,103,195,48
20260624,6,197.3,120,260,48
20260624,7,355.2,295,392,48
20260624,8,223.2,141,283,48
20260624,9,240.5,155,308,48
20260624,10,223.0,147,290,48
20260624,11,267.7,111,388,48
20260624,12,205.0,81,297,48
20260624,13,208.2,127,278,48
20260624,14,205.5,129,264,48
20260624,15,192.0,124,249,48
20260624,16,49.1,3,113,48
20260624,17,349.1,282,390,48
20260624,18,195.3,130,248,48
20260625,1,0.1,0,1,48
20260625,2,3.3,1,6,48
20260625,3,61.9,14,111,48
20260625,4,19.2,13,30,48
20260625,5,143.7,74,244,48
20260625,6,137.8,24,248,48
20260625,7,321.0,216,388,48
20260625,8,167.5,63,261,48
20260625,9,214.6,125,314,48
20260625,10,177.8,88,268,48
20260625,11,223.8,74,377,48
20260625,12,188.6,82,306,48
20260625,13,181.6,102,265,48
20260625,14,186.5,99,267,48
20260625,15,166.3,89,248,48
20260625,16,23.3,1,94,48
20260625,17,268.5,147,368,48
20260625,18,167.9,91,250,48
20260626,1,0.0,0,0,48
20260626,2,3.3,2,10,48
20260626,3,57.3,14,95,48
20260626,4,20.2,16,30,48
20260626,5,144.8,100,187,48
20260626,6,146.9,82,212,48
20260626,7,333.4,238,388,48
20260626,8,166.7,76,232,48
20260626,9,211.3,162,264,48
20260626,10,175.5,137,196,48
20260626,11,244.0,65,381,48
20260626,12,199.1,95,302,48
20260626,13,194.5,135,254,48
20260626,14,218.1,124,316,48
20260626,15,169.8,109,217,48
20260626,16,10.6,1,55,48
20260626,17,300.9,198,374,48
20260626,18,171.6,110,220,48
20260627,1,0.0,0,0,48
20260627,2,1.4,1,2,48
20260627,3,47.2,7,109,48
20260627,4,13.4,7,21,48
20260627,5,99.6,24,165,48
20260627,6,104.8,31,195,48
20260627,7,289.2,126,383,48
20260627,8,119.7,19,248,48
20260627,9,161.9,45,276,48
20260627,10,173.8,46,262,48
20260627,11,231.9,53,383,48
20260627,12,154.8,27,292,48
20260627,13,190.1,63,303,48
20260627,14,229.4,86,363,48
20260627,15,144.5,44,240,48
20260627,16,3.0,0,23,48
20260627,17,210.0,54,374,48
20260627,18,136.5,41,228,48
20260628,1,0.0,0,0,48
20260628,2,1.3,0,6,48
20260628,3,33.3,3,59,48
20260628,4,10.9,3,25,48
20260628,5,57.4,17,105,48
20260628,6,58.3,21,107,48
20260628,7,270.4,114,370,48
20260628,8,81.8,19,177,48
20260628,9,109.5,34,207,48
20260628,10,115.5,30,224,48
20260628,11,230.5,72,361,48
20260628,12,135.1,42,254,48
20260628,13,152.0,58,248,48
20260628,14,189.4,100,289,48
20260628,15,108.2,42,186,48
20260628,16,1.4,0,5,48
20260628,17,142.6,51,255,48
20260628,18,101.5,40,177,48
20260629,1,0.0,0,0,48
20260629,2,1.6,1,7,48
20260629,3,57.1,25,93,48
20260629,4,14.5,9,22,48
20260629,5,129.2,69,197,48
20260629,6,103.5,18,219,48
20260629,7,335.9,234,391,48
20260629,8,147.7,55,260,48
20260629,9,196.4,132,290,48
20260629,10,200.8,135,309,48
20260629,11,290.5,107,389,48
20260629,12,205.3,109,292,48
20260629,13,216.1,160,281,48
20260629,14,223.7,163,296,48
20260629,15,167.3,112,243,48
20260629,16,13.6,1,74,48
20260629,17,260.8,161,383,48
20260629,18,162.5,108,242,48
20260630,1,0.0,0,0,48
20260630,2,6.4,2,29,48
20260630,3,100.4,74,123,48
20260630,4,23.8,18,35,48
20260630,5,179.9,137,209,48
20260630,6,185.5,120,277,48
20260630,7,363.1,326,389,48
20260630,8,241.7,175,284,48
20260630,9,261.6,204,306,48
20260630,10,250.4,164,320,48
20260630,11,248.7,62,386,48
20260630,12,231.4,129,311,48
20260630,13,240.9,175,334,48
20260630,14,240.1,178,358,48
20260630,15,211.9,151,263,48
20260630,16,75.3,1,201,48
20260630,17,351.8,302,382,48
20260630,18,215.0,157,262,48
20260701,1,0.4,0,3,48
20260701,2,5.7,1,10,48
20260701,3,75.3,27,125,48
20260701,4,24.4,11,42,48
20260701,5,171.1,58,234,48
20260701,6,144.5,38,259,48
20260701,7,333.4,265,386,48
20260701,8,195.4,70,307,48
20260701,9,246.0,114,339,48
20260701,10,224.7,98,287,48
20260701,11,247.4,86,377,48
20260701,12,193.1,111,278,48
20260701,13,196.3,139,258,48
20260701,14,190.8,133,239,48
20260701,15,182.6,98,247,48
20260701,16,74.0,0,171,48
20260701,17,300.4,138,382,48
20260701,18,183.4,89,251,48
20260702,1,0.0,0,0,48
20260702,2,1.2,1,2,48
20260702,3,17.3,6,29,48
20260702,4,11.5,6,18,48
20260702,5,40.8,22,71,48
20260702,6,37.2,4,95,48
20260702,7,250.3,141,370,48
20260702,8,44.0,12,101,48
20260702,9,67.3,30,134,48
20260702,10,79.5,23,166,48
20260702,11,211.0,32,367,48
20260702,12,91.9,38,142,48
20260702,13,105.4,51,163,48
20260702,14,138.6,83,190,48
20260702,15,73.9,34,124,48
20260702,16,0.8,0,2,48
20260702,17,115.8,55,230,48
20260702,18,68.9,35,118,48
20260703,1,0.0,0,0,48
20260703,2,2.6,1,8,48
20260703,3,25.6,11,35,48
20260703,4,17.7,10,25,48
20260703,5,63.4,35,114,48
20260703,6,58.5,33,88,48
20260703,7,181.4,12,383,48
20260703,8,52.0,24,100,48
20260703,9,100.4,60,173,48
20260703,10,140.9,77,202,48
20260703,11,219.6,56,383,48
20260703,12,100.4,52,158,48
20260703,13,131.4,99,170,48
20260703,14,140.2,107,206,48
20260703,15,93.0,67,124,48
20260703,16,2.5,1,7,48
20260703,17,95.0,2,219,48
20260703,18,87.6,61,124,48
20260704,1,0.0,0,0,48
20260704,2,1.0,1,2,48
20260704,3,19.3,11,31,48
20260704,4,10.8,8,15,48
20260704,5,22.0,9,81,48
20260704,6,25.8,12,40,48
20260704,7,165.9,67,347,48
20260704,8,26.4,11,62,48
20260704,9,55.0,34,144,48
20260704,10,56.7,16,119,48
20260704,11,218.9,88,352,48
20260704,12,72.5,20,143,48
20260704,13,88.9,57,118,48
20260704,14,111.9,85,136,48
20260704,15,56.8,33,99,48
20260704,16,1.1,1,2,48
20260704,17,64.8,28,162,48
20260704,18,53.2,32,97,48
20260705,1,0.0,0,0,48
20260705,2,0.9,0,2,48
20260705,3,31.1,16,51,48
20260705,4,13.9,8,18,48
20260705,5,45.1,20,105,48
20260705,6,55.9,29,105,48
20260705,7,166.2,11,376,48
20260705,8,52.4,20,143,48
20260705,9,93.3,61,166,48
20260705,10,143.9,66,219,48
20260705,11,232.8,78,377,48
20260705,12,100.5,39,175,48
20260705,13,114.4,84,152,48
20260705,14,112.7,85,140,48
20260705,15,90.3,61,139,48
20260705,16,1.5,1,3,48
20260705,17,76.9,1,214,48
20260705,18,83.9,55,131,48
20260706,1,0.0,0,0,48
20260706,2,1.1,0,2,48
20260706,3,26.3,4,57,48
20260706,4,15.8,9,28,48
20260706,5,41.0,14,85,48
20260706,6,46.6,19,104,48
20260706,7,238.8,64,370,48
20260706,8,46.7,11,123,48
20260706,9,80.7,35,158,48
20260706,10,103.0,47,180,48
20260706,11,225.8,63,380,48
20260706,12,93.5,33,186,48
20260706,13,112.1,75,171,48
20260706,14,121.6,82,186,48
20260706,15,82.1,42,145,48
20260706,16,1.2,0,2,48
20260706,17,85.9,14,205,48
20260706,18,75.1,39,136,48
20260707,1,0.0,0,0,48
20260707,2,2.0,1,3,48
20260707,3,38.6,12,90,48
20260707,4,18.8,15,28,48
20260707,5,72.0,24,165,48
20260707,6,60.6,9,168,48
20260707,7,255.2,50,389,48
20260707,8,75.4,11,220,48
20260707,9,114.4,33,250,48
20260707,10,156.5,80,301,48
20260707,11,233.4,44,387,48
20260707,12,122.0,39,243,48
20260707,13,141.3,73,272,48
20260707,14,143.1,77,283,48
20260707,15,111.2,48,215,48
20260707,16,1.4,1,2,48
20260707,17,119.8,16,331,48
20260707,18,104.6,44,213,48
20260708,1,0.0,0,0,48
20260708,2,2.3,2,3,48
20260708,3,57.4,14,87,48
20260708,4,19.2,18,22,48
20260708,5,162.1,134,213,48
20260708,6,131.2,67,189,48
20260708,7,341.6,260,392,48
20260708,8,172.1,93,250,48
20260708,9,238.7,183,293,48
20260708,10,248.9,170,309,48
20260708,11,255.4,71,391,48
20260708,12,184.9,93,279,48
20260708,13,191.4,133,264,48
20260708,14,173.1,131,266,48
20260708,15,179.3,122,236,48
20260708,16,2.2,1,8,48
20260708,17,302.1,208,389,48
20260708,18,178.6,123,235,48
20260709,1,0.0,0,0,48
20260709,2,3.1,2,4,48
20260709,3,68.5,19,90,48
20260709,4,21.1,19,24,48
20260709,5,177.7,120,221,48
20260709,6,149.9,64,193,48
20260709,7,343.3,240,392,48
20260709,8,191.9,73,257,48
20260709,9,244.0,162,305,48
20260709,10,247.3,168,315,48
20260709,11,257.0,54,391,48
20260709,12,190.8,74,280,48
20260709,13,198.7,138,254,48
20260709,14,177.9,131,218,48
20260709,15,188.0,110,241,48
20260709,16,21.9,2,60,48
20260709,17,330.9,192,389,48
20260709,18,190.0,113,238,48
20260710,1,0.0,0,0,48
20260710,2,3.5,2,5,48
20260710,3,75.7,35,107,48
20260710,4,21.4,18,25,48
20260710,5,178.4,136,211,48
20260710,6,157.2,94,229,48
20260710,7,348.4,265,391,48
20260710,8,203.6,112,274,48
20260710,9,240.5,156,301,48
20260710,10,230.3,173,298,48
20260710,11,250.6,47,391,48
20260710,12,192.5,91,281,48
20260710,13,196.6,145,245,48
20260710,14,182.4,141,225,48
20260710,15,186.8,127,239,48
20260710,16,23.7,2,74,48
20260710,17,340.1,269,388,48
20260710,18,189.8,132,243,48
20260711,1,0.0,0,0,48
20260711,2,2.5,2,3,48
20260711,3,53.4,27,82,48
20260711,4,17.6,14,23,48
20260711,5,112.5,61,188,48
20260711,6,120.7,60,208,48
20260711,7,276.2,86,383,48
20260711,8,129.2,36,245,48
20260711,9,171.7,61,279,48
20260711,10,163.5,102,246,48
20260711,11,217.8,54,384,48
20260711,12,132.0,37,242,48
20260711,13,135.0,80,206,48
20260711,14,122.9,74,181,48
20260711,15,131.1,64,206,48
20260711,16,4.4,2,23,48
20260711,17,227.6,44,379,48
20260711,18,131.3,64,207,48
20260712,1,0.0,0,0,48
20260712,2,2.8,2,4,48
20260712,3,35.1,14,47,48
20260712,4,18.9,11,29,48
20260712,5,60.8,31,103,48
20260712,6,50.6,19,101,48
20260712,7,195.6,63,321,48
20260712,8,56.4,20,107,48
20260712,9,94.7,27,164,48
20260712,10,103.5,48,161,48
20260712,11,161.5,42,320,48
20260712,12,85.6,36,143,48
20260712,13,100.9,61,134,48
20260712,14,100.7,74,130,48
20260712,15,81.4,39,122,48
20260712,16,2.8,2,4,48
20260712,17,116.7,34,238,48
20260712,18,80.7,41,124,48
20260713,1,0.0,0,0,48
20260713,2,3.9,2,7,48
20260713,3,42.6,15,77,48
20260713,4,22.7,11,34,48
20260713,5,74.6,36,107,48
20260713,6,56.4,16,130,48
20260713,7,195.3,34,344,48
20260713,8,77.1,17,171,48
20260713,9,116.2,31,195,48
20260713,10,106.7,72,147,48
20260713,11,207.1,47,371,48
20260713,12,135.3,41,228,48
20260713,13,125.3,77,187,48
20260713,14,138.8,68,232,48
20260713,15,103.3,49,164,48
20260713,16,4.0,2,10,48
20260713,17,136.5,28,272,48
20260713,18,102.3,47,164,48
20260714,1,0.0,0,0,48
20260714,2,4.6,3,6,48
20260714,3,48.9,21,91,48
20260714,4,25.1,15,31,48
20260714,5,75.4,34,121,48
20260714,6,49.1,10,134,48
20260714,7,222.4,33,371,48
20260714,8,89.2,15,183,48
20260714,9,141.8,35,260,48
20260714,10,126.8,95,177,48
20260714,11,248.3,62,381,48
20260714,12,170.3,60,272,48
20260714,13,149.5,82,230,48
20260714,14,163.7,77,269,48
20260714,15,123.4,52,195,48
20260714,16,6.0,2,28,48
20260714,17,173.2,23,314,48
20260714,18,122.8,51,193,48
20260715,1,0.0,0,0,48
20260715,2,4.7,4,6,48
20260715,3,64.7,31,101,48
20260715,4,24.6,18,28,48
20260715,5,123.4,84,160,48
20260715,6,77.5,21,152,48
20260715,7,288.9,143,378,48
20260715,8,133.1,37,227,48
20260715,9,202.2,75,276,48
20260715,10,160.4,88,214,48
20260715,11,266.8,95,385,48
20260715,12,192.4,66,294,48
20260715,13,173.8,87,258,48
20260715,14,183.9,76,294,48
20260715,15,156.4,81,224,48
20260715,16,16.2,1,63,48
20260715,17,258.8,94,357,48
20260715,18,158.7,79,228,48
20260716,1,0.2,0,2,48
20260716,2,4.6,2,7,48
20260716,3,74.7,43,97,48
20260716,4,27.5,25,30,48
20260716,5,150.8,117,181,48
20260716,6,121.6,57,180,48
20260716,7,308.0,147,384,48
20260716,8,153.5,52,224,48
20260716,9,233.0,131,302,48
20260716,10,192.2,128,271,48
20260716,11,278.0,114,390,48
20260716,12,199.6,68,296,48
20260716,13,204.6,113,286,48
20260716,14,212.0,113,298,48
20260716,15,176.4,95,238,48
20260716,16,15.4,1,48,48
20260716,17,301.7,131,381,48
20260716,18,179.6,98,239,48
20260717,1,0.0,0,0,48
20260717,2,3.0,2,4,48
20260717,3,62.3,30,92,48
20260717,4,21.7,17,25,48
20260717,5,116.8,73,157,48
20260717,6,73.0,24,154,48
20260717,7,309.3,137,391,48
20260717,8,125.1,26,219,48
20260717,9,194.4,76,276,48
20260717,10,207.5,127,270,48
20260717,11,256.7,71,391,48
20260717,12,179.7,56,293,48
20260717,13,208.3,83,306,48
20260717,14,227.6,71,356,48
20260717,15,164.3,78,237,48
20260717,16,2.5,2,4,48
20260717,17,250.4,73,380,48
20260717,18,163.4,75,238,48
20260718,1,0.0,0,0,48
20260718,2,0.8,0,3,48
20260718,3,24.5,16,49,48
20260718,4,15.2,7,23,48
20260718,5,45.3,25,89,48
20260718,6,36.0,12,76,48
20260718,7,161.6,9,368,48
20260718,8,38.4,18,118,48
20260718,9,77.8,43,192,48
20260718,10,151.1,90,231,48
20260718,11,205.4,47,361,48
20260718,12,82.2,41,196,48
20260718,13,118.2,81,216,48
20260718,14,111.0,71,216,48
20260718,15,80.7,54,161,48
20260718,16,1.4,1,3,48
20260718,17,89.9,24,231,48
20260718,18,78.7,52,161,48
20260719,1,0.0,0,0,48
20260719,2,0.5,0,3,48
20260719,3,28.2,13,43,48
20260719,4,14.9,11,21,48
20260719,5,43.2,23,83,48
20260719,6,38.5,10,70,48
20260719,7,149.7,17,365,48
20260719,8,42.9,25,98,48
20260719,9,83.7,17,151,48
20260719,10,134.9,81,183,48
20260719,11,222.9,73,368,48
20260719,12,84.9,44,139,48
20260719,13,111.1,92,144,48
20260719,14,106.6,89,137,48
20260719,15,82.2,60,126,48
20260719,16,1.0,0,3,48
20260719,17,80.4,9,235,48
20260719,18,77.9,54,124,48
20260720,1,0.0,0,0,48
20260720,2,1.3,0,3,48
20260720,3,34.4,13,52,48
20260720,4,16.9,10,22,48
20260720,5,107.7,70,153,48
20260720,6,73.5,15,175,48
20260720,7,281.6,53,377,48
20260720,8,80.5,30,173,48
20260720,9,157.1,81,236,48
20260720,10,192.6,93,294,48
20260720,11,230.9,78,381,48
20260720,12,113.6,39,193,48
20260720,13,138.7,92,198,48
20260720,14,129.3,86,169,48
20260720,15,121.5,80,187,48
20260720,16,1.5,0,3,48
20260720,17,191.1,83,326,48
20260720,18,121.0,79,187,48
20260721,1,0.0,0,0,48
20260721,2,0.5,0,2,48
20260721,3,32.6,19,44,48
20260721,4,16.2,12,22,48
20260721,5,113.4,97,133,48
20260721,6,84.6,21,143,48
20260721,7,320.8,237,384,48
20260721,8,103.2,43,151,48
20260721,9,181.4,117,230,48
20260721,10,215.6,161,280,48
20260721,11,229.8,54,387,48
20260721,12,136.1,58,213,48
20260721,13,163.9,113,216,48
20260721,14,156.8,120,199,48
20260721,15,138.2,92,174,48
20260721,16,0.5,0,3,48
20260721,17,225.6,142,323,48
20260721,18,137.8,91,173,48
20260722,1,0.0,0,0,48
20260722,2,1.3,0,3,48
20260722,3,38.4,14,60,48
20260722,4,15.0,13,18,48
20260722,5,99.6,78,122,48
20260722,6,37.1,11,72,48
20260722,7,321.3,211,382,48
20260722,8,97.8,32,173,48
20260722,9,168.3,97,239,48
20260722,10,210.2,157,309,48
20260722,11,260.5,88,385,48
20260722,12,145.7,59,249,48
20260722,13,168.8,134,215,48
20260722,14,163.0,136,194,48
20260722,15,136.7,94,187,48
20260722,16,0.7,0,2,48
20260722,17,217.0,99,315,48
20260722,18,135.2,95,184,48
20260723,1,0.0,0,0,48
20260723,2,1.3,0,3,48
20260723,3,38.5,19,56,48
20260723,4,17.4,14,20,48
20260723,5,84.1,56,102,48
20260723,6,29.2,9,64,48
20260723,7,321.3,203,381,48
20260723,8,86.9,29,135,48
20260723,9,171.6,103,226,48
20260723,10,221.8,138,294,48
20260723,11,259.9,104,385,48
20260723,12,138.5,65,230,48
20260723,13,172.1,118,229,48
20260723,14,169.8,120,259,48
20260723,15,135.8,92,176,48
20260723,16,1.0,0,2,48
20260723,17,216.6,119,275,48
20260723,18,132.8,89,169,48
20260724,1,0.0,0,0,48
20260724,2,1.7,1,2,48
20260724,3,35.1,21,59,48
20260724,4,17.7,11,23,48
20260724,5,59.0,26,86,48
20260724,6,28.9,8,80,48
20260724,7,248.6,28,384,48
20260724,8,55.5,11,126,48
20260724,9,131.4,38,218,48
20260724,10,181.5,133,276,48
20260724,11,264.4,83,391,48
20260724,12,157.1,53,268,48
20260724,13,157.6,79,254,48
20260724,14,155.8,82,266,48
20260724,15,122.4,59,174,48
20260724,16,1.1,0,2,48
20260724,17,106.0,1,225,48
20260724,18,112.6,52,162,48
20260725,1,0.0,0,0,48
20260725,2,1.3,1,2,48
20260725,3,20.4,6,35,48
20260725,4,17.3,10,33,48
20260725,5,36.3,9,74,48
20260725,6,11.0,4,23,48
20260725,7,190.0,36,381,48
20260725,8,22.8,8,53,48
20260725,9,61.1,6,184,48
20260725,10,105.8,52,187,48
20260725,11,237.8,83,387,48
20260725,12,119.0,42,253,48
20260725,13,121.5,54,237,48
20260725,14,127.6,58,267,48
20260725,15,79.0,34,144,48
20260725,16,1.4,1,3,48
20260725,17,63.2,11,129,48
20260725,18,71.2,32,129,48
20260726,1,0.0,0,0,48
20260726,2,1.6,1,3,48
20260726,3,19.8,11,36,48
20260726,4,21.8,13,37,48
20260726,5,32.5,8,62,48
20260726,6,13.9,5,30,48
20260726,7,155.6,17,282,48
20260726,8,22.7,14,32,48
20260726,9,57.8,32,85,48
20260726,10,91.0,19,203,48
20260726,11,192.8,108,308,48
20260726,12,94.9,57,148,48
20260726,13,90.6,54,115,48
20260726,14,90.8,71,117,48
20260726,15,64.7,43,83,48
20260726,16,1.7,1,2,48
20260726,17,63.6,1,108,48
20260726,18,61.4,39,83,48
20260727,1,0.0,0,0,48
20260727,2,1.6,1,3,48
20260727,3,28.4,14,54,48
20260727,4,17.3,12,24,48
20260727,5,72.1,44,125,48
20260727,6,36.3,9,115,48
20260727,7,211.3,43,367,48
20260727,8,54.5,16,143,48
20260727,9,126.9,51,235,48
20260727,10,166.0,68,271,48
20260727,11,248.3,118,372,48
20260727,12,119.4,65,212,48
20260727,13,119.6,63,194,48
20260727,14,110.1,57,176,48
20260727,15,102.6,66,176,48
20260727,16,1.5,0,3,48
20260727,17,126.8,37,262,48
20260727,18,99.1,60,175,48
20260728,1,0.0,0,0,48
20260728,2,1.6,1,3,48
20260728,3,32.1,8,62,48
20260728,4,15.9,8,24,48
20260728,5,65.9,21,117,48
20260728,6,32.0,5,80,48
20260728,7,234.4,32,390,48
20260728,8,59.2,8,179,48
20260728,9,129.1,34,221,48
20260728,10,158.7,92,240,48
20260728,11,251.4,52,389,48
20260728,12,119.7,32,235,48
20260728,13,134.1,68,245,48
20260728,14,133.6,66,255,48
20260728,15,106.0,48,189,48
20260728,16,1.5,0,3,48
20260728,17,128.7,11,303,48
20260728,18,100.8,44,181,48
20260729,1,0.0,0,0,48
20260729,2,2.2,1,4,48
20260729,3,59.2,20,104,48
20260729,4,21.0,17,26,48
20260729,5,102.4,74,156,48
20260729,6,97.6,26,197,48
20260729,7,332.3,232,387,48
20260729,8,127.9,34,233,48
20260729,9,210.7,113,294,48
20260729,10,199.6,145,242,48
20260729,11,265.9,114,390,48
20260729,12,166.5,73,267,48
20260729,13,178.2,118,238,48
20260729,14,176.8,124,237,48
20260729,15,155.3,94,218,48
20260729,16,5.8,1,33,48
20260729,17,230.2,94,339,48
20260729,18,153.2,91,220,48
20260730,1,0.0,0,0,48
20260730,2,0.4,0,3,48
20260730,3,56.5,26,98,48
20260730,4,16.7,13,26,48
20260730,5,77.6,59,101,48
20260730,6,58.5,12,111,48
20260730,7,325.6,161,380,48
20260730,8,117.3,29,204,48
20260730,9,206.9,112,269,48
20260730,10,202.1,124,256,48
20260730,11,298.1,159,374,48
20260730,12,168.4,64,252,48
20260730,13,169.4,85,272,48
20260730,14,163.7,63,314,48
20260730,15,151.6,93,204,48
20260730,16,0.3,0,3,48
20260730,17,229.3,106,338,48
20260730,18,146.9,86,199,48
20260731,1,0.0,0,0,48
20260731,2,0.1,0,1,48
20260731,3,45.8,19,87,48
20260731,4,14.5,12,17,48
20260731,5,83.3,52,125,48
20260731,6,65.9,23,124,48
20260731,7,308.6,137,390,48
20260731,8,124.1,26,208,48
20260731,9,195.7,102,247,48
20260731,10,180.8,118,234,48
20260731,11,279.1,133,384,48
20260731,12,169.1,51,268,48
20260731,13,167.6,74,270,48
20260731,14,163.1,53,318,48
20260731,15,147.9,76,200,48
20260731,16,0.0,0,1,48
20260731,17,241.1,71,351,48
20260731,18,146.9,74,199,48
20260801,1,0.0,0,0,48
20260801,2,0.0,0,1,48
20260801,3,44.7,15,87,48
20260801,4,14.6,8,24,48
20260801,5,64.5,34,92,48
20260801,6,45.9,11,139,48
20260801,7,231.4,21,384,48
20260801,8,73.5,15,158,48
20260801,9,151.4,71,229,48
20260801,10,172.1,114,235,48
20260801,11,258.5,99,387,48
20260801,12,133.3,51,232,48
20260801,13,137.9,82,233,48
20260801,14,123.7,70,245,48
20260801,15,116.4,62,176,48
20260801,16,0.0,0,0,48
20260801,17,138.4,12,319,48
20260801,18,110.2,54,171,48
20260802,1,0.0,0,0,48
20260802,2,0.8,0,2,48
20260802,3,55.2,29,101,48
20260802,4,23.4,18,32,48
20260802,5,114.7,79,186,48
20260802,6,89.1,24,183,48
20260802,7,275.7,40,387,48
20260802,8,102.3,29,187,48
20260802,9,147.4,61,222,48
20260802,10,195.0,114,278,48
20260802,11,261.8,96,390,48
20260802,12,132.8,57,220,48
20260802,13,141.4,76,216,48
20260802,14,127.4,72,202,48
20260802,15,129.5,71,179,48
20260802,16,0.7,0,4,48
20260802,17,211.1,24,331,48
20260802,18,129.6,65,183,48
20260803,1,0.0,0,0,48
20260803,2,0.6,0,2,48
20260803,3,31.8,14,50,48
20260803,4,16.9,12,27,48
20260803,5,89.5,55,136,48
20260803,6,46.0,8,98,48
20260803,7,289.9,63,390,48
20260803,8,86.9,13,171,48
20260803,9,142.1,41,207,48
20260803,10,152.5,105,205,48
20260803,11,242.4,72,389,48
20260803,12,136.8,41,214,48
20260803,13,154.7,84,235,48
20260803,14,169.2,88,296,48
20260803,15,120.1,54,180,48
20260803,16,0.2,0,1,48
20260803,17,208.8,72,323,48
20260803,18,119.6,54,175,48
20260804,1,0.0,0,0,48
20260804,2,1.2,1,4,48
20260804,3,41.6,27,62,48
20260804,4,15.0,13,19,48
20260804,5,88.9,65,104,48
20260804,6,46.9,15,105,48
20260804,7,328.7,247,378,48
20260804,8,100.5,45,141,48
20260804,9,165.7,110,226,48
20260804,10,126.4,57,200,48
20260804,11,257.6,60,369,48
20260804,12,153.1,81,237,48
20260804,13,159.5,84,264,48
20260804,14,197.0,92,354,48
20260804,15,128.9,78,182,48
20260804,16,1.0,0,2,48
20260804,17,221.0,113,287,48
20260804,18,126.0,77,173,48
20260805,1,0.0,0,0,48
20260805,2,1.4,0,3,48
20260805,3,24.4,12,59,48
20260805,4,16.9,7,28,48
20260805,5,38.5,20,68,48
20260805,6,14.8,5,39,48
20260805,7,192.4,71,351,48
20260805,8,29.2,8,95,48
20260805,9,85.3,36,147,48
20260805,10,72.9,29,114,48
20260805,11,214.8,62,365,48
20260805,12,85.5,33,157,48
20260805,13,71.8,34,127,48
20260805,14,68.1,33,130,48
20260805,15,63.7,38,104,48
20260805,16,1.3,1,3,48
20260805,17,98.9,40,212,48
20260805,18,61.1,36,103,48
20260806,1,0.0,0,0,48
20260806,2,1.2,0,3,48
20260806,3,18.5,4,39,48
20260806,4,18.2,13,27,48
20260806,5,84.4,38,169,48
20260806,6,54.0,1,142,48
20260806,7,236.5,117,383,48
20260806,8,68.4,16,177,48
20260806,9,148.2,77,263,48
20260806,10,133.2,60,225,48
20260806,11,237.7,97,384,48
20260806,12,110.6,55,211,48
20260806,13,108.1,72,194,48
20260806,14,87.1,54,140,48
20260806,15,100.5,59,191,48
20260806,16,1.1,0,2,48
20260806,17,153.6,40,353,48
20260806,18,97.9,54,187,48
20260807,1,0.0,0,0,48
20260807,2,1.1,1,2,48
20260807,3,26.8,3,77,48
20260807,4,16.0,12,27,48
20260807,5,76.0,38,108,48
20260807,6,59.9,20,99,48
20260807,7,262.3,10,389,48
20260807,8,89.0,17,158,48
20260807,9,162.0,67,250,48
20260807,10,164.2,96,214,48
20260807,11,280.9,102,389,48
20260807,12,147.9,65,235,48
20260807,13,165.1,91,246,48
20260807,14,173.7,91,327,48
20260807,15,122.3,68,193,48
20260807,16,1.0,0,1,48
20260807,17,170.5,0,323,48
20260807,18,118.6,58,186,48
20260808,1,0.0,0,0,48
20260808,2,1.1,1,2,48
20260808,3,32.8,3,70,48
20260808,4,15.2,9,25,48
20260808,5,58.6,23,92,48
20260808,6,55.7,2,93,48
20260808,7,226.4,15,391,48
20260808,8,62.0,25,135,48
20260808,9,119.3,29,202,48
20260808,10,103.4,26,177,48
20260808,11,239.3,32,388,48
20260808,12,123.5,43,209,48
20260808,13,128.2,60,183,48
20260808,14,151.6,83,238,48
20260808,15,99.7,47,147,48
20260808,16,1.0,0,2,48
20260808,17,102.1,1,249,48
20260808,18,91.2,41,140,48
20260809,1,0.0,0,0,48
20260809,2,1.5,1,3,48
20260809,3,35.0,16,69,48
20260809,4,15.7,8,25,48
20260809,5,71.7,27,145,48
20260809,6,54.4,18,172,48
20260809,7,190.1,8,387,48
20260809,8,64.5,19,163,48
20260809,9,131.9,50,245,48
20260809,10,129.0,62,180,48
20260809,11,210.4,48,381,48
20260809,12,107.8,46,210,48
20260809,13,120.9,74,200,48
20260809,14,131.3,58,235,48
20260809,15,99.2,55,177,48
20260809,16,1.4,1,3,48
20260809,17,119.4,0,304,48
20260809,18,93.3,49,173,48
20260810,1,0.0,0,0,48
20260810,2,2.0,1,5,48
20260810,3,48.3,19,83,48
20260810,4,15.5,9,21,48
20260810,5,107.7,68,166,48
20260810,6,50.4,13,116,48
20260810,7,307.9,114,389,48
20260810,8,117.3,24,232,48
20260810,9,192.8,72,303,48
20260810,10,148.8,81,239,48
20260810,11,269.0,91,390,48
20260810,12,160.9,46,274,48
20260810,13,157.7,96,213,48
20260810,14,170.3,87,289,48
20260810,15,137.8,63,216,48
20260810,16,3.7,1,34,48
20260810,17,245.5,99,384,48
20260810,18,137.4,63,219,48
20260811,1,0.0,0,0,48
20260811,2,2.0,1,5,48
20260811,3,34.9,16,58,48
20260811,4,15.4,9,22,48
20260811,5,78.4,42,133,48
20260811,6,72.0,25,178,48
20260811,7,254.0,10,385,48
20260811,8,109.1,19,195,48
20260811,9,158.6,36,283,48
20260811,10,131.2,67,219,48
20260811,11,232.7,51,389,48
20260811,12,150.4,49,240,48
20260811,13,136.9,82,191,48
20260811,14,150.6,76,226,48
20260811,15,121.7,51,173,48
20260811,16,1.6,1,4,48
20260811,17,215.2,25,359,48
20260811,18,122.2,47,177,48
20260812,1,0.0,0,0,48
20260812,2,1.5,0,3,48
20260812,3,39.3,15,75,48
20260812,4,15.0,12,19,48
20260812,5,66.6,48,119,48
20260812,6,139.0,25,294,48
20260812,7,250.5,12,387,48
20260812,8,117.9,25,251,48
20260812,9,137.9,47,224,48
20260812,10,118.0,66,199,48
20260812,11,240.0,65,367,48
20260812,12,155.6,50,267,48
20260812,13,151.9,86,230,48
20260812,14,182.8,89,263,48
20260812,15,124.6,59,205,48
20260812,16,12.6,1,56,48
20260812,17,212.1,23,378,48
20260812,18,124.2,54,209,48
20260813,1,0.0,0,0,48
20260813,2,2.1,1,4,48
20260813,3,88.9,64,112,48
20260813,4,12.8,11,18,48
20260813,5,140.8,78,196,48
20260813,6,252.6,148,308,48
20260813,7,341.4,266,385,48
20260813,8,217.2,138,267,48
20260813,9,227.3,125,302,48
20260813,10,183.0,120,264,48
20260813,11,269.9,86,388,48
20260813,12,199.4,83,303,48
20260813,13,181.8,108,253,48
20260813,14,177.5,106,255,48
20260813,15,182.0,114,237,48
20260813,16,56.5,34,102,48
20260813,17,340.4,287,381,48
20260813,18,187.4,124,240,48
20260814,1,0.0,0,0,48
20260814,2,1.1,0,3,48
20260814,3,69.6,36,104,48
20260814,4,13.8,11,20,48
20260814,5,146.7,103,215,48
20260814,6,132.8,70,270,48
20260814,7,328.6,159,387,48
20260814,8,156.1,52,249,48
20260814,9,223.2,126,297,48
20260814,10,177.6,125,247,48
20260814,11,268.8,74,385,48
20260814,12,205.9,82,299,48
20260814,13,182.6,102,246,48
20260814,14,182.0,92,309,48
20260814,15,169.7,92,220,48
20260814,16,13.8,0,83,48
20260814,17,293.3,160,376,48
20260814,18,170.3,92,224,48
20260815,1,0.0,0,0,48
20260815,2,0.7,0,1,48
20260815,3,41.4,16,74,48
20260815,4,14.7,10,19,48
20260815,5,103.5,70,170,48
20260815,6,45.8,7,125,48
20260815,7,245.3,21,377,48
20260815,8,86.7,21,179,48
20260815,9,184.1,83,294,48
20260815,10,151.7,70,232,48
20260815,11,238.6,71,367,48
20260815,12,160.5,48,261,48
20260815,13,148.7,69,224,48
20260815,14,148.7,63,251,48
20260815,15,129.4,60,200,48
20260815,16,0.4,0,1,48
20260815,17,183.6,6,340,48
20260815,18,125.9,55,200,48
20260816,1,0.0,0,1,48
20260816,2,4.0,1,7,48
20260816,3,49.9,12,109,48
20260816,4,19.6,15,23,48
20260816,5,131.7,78,187,48
20260816,6,83.7,17,183,48
20260816,7,324.9,127,389,48
20260816,8,159.9,53,238,48
20260816,9,240.5,138,319,48
20260816,10,193.8,128,247,48
20260816,11,277.1,113,378,48
20260816,12,197.6,82,313,48
20260816,13,196.9,120,281,48
20260816,14,201.0,116,330,48
20260816,15,171.2,90,243,48
20260816,16,30.4,1,129,48
20260816,17,307.3,127,387,48
20260816,18,174.9,91,247,48
20260817,1,0.0,0,0,48
20260817,2,2.7,0,6,48
20260817,3,83.7,61,108,48
20260817,4,19.2,15,25,48
20260817,5,172.5,111,208,48
20260817,6,105.9,53,195,48
20260817,7,346.5,281,390,48
20260817,8,193.6,136,240,48
20260817,9,291.6,252,323,48
20260817,10,203.9,155,235,48
20260817,11,293.6,174,376,48
20260817,12,246.5,162,316,48
20260817,13,237.0,188,289,48
20260817,14,265.4,186,347,48
20260817,15,208.4,173,245,48
20260817,16,56.3,0,108,48
20260817,17,326.5,234,387,48
20260817,18,210.5,177,249,48
20260818,1,0.0,0,0,48
20260818,2,1.0,0,2,48
20260818,3,70.4,55,90,48
20260818,4,16.3,12,20,48
20260818,5,101.4,52,157,48
20260818,6,111.0,60,181,48
20260818,7,299.8,120,385,48
20260818,8,128.7,64,196,48
20260818,9,192.9,78,254,48
20260818,10,114.9,31,215,48
20260818,11,277.7,178,370,48
20260818,12,199.1,107,259,48
20260818,13,182.4,98,295,48
20260818,14,238.9,142,362,48
20260818,15,154.3,84,206,48
20260818,16,0.9,0,2,48
20260818,17,224.4,95,348,48
20260818,18,149.9,84,206,48
20260819,1,0.0,0,0,48
20260819,2,0.6,0,2,48
20260819,3,59.8,25,107,48
20260819,4,16.0,9,25,48
20260819,5,116.0,75,186,48
20260819,6,87.6,26,151,48
20260819,7,346.6,259,386,48
20260819,8,166.8,84,215,48
20260819,9,235.4,161,298,48
20260819,10,180.1,82,239,48
20260819,11,291.1,152,374,48
20260819,12,214.6,127,279,48
20260819,13,206.3,146,299,48
20260819,14,226.6,116,359,48
20260819,15,175.4,123,211,48
20260819,16,5.5,0,48,48
20260819,17,299.9,219,368,48
20260819,18,177.2,127,211,48
20260820,1,0.0,0,0,48
20260820,2,0.7,0,1,48
20260820,3,46.0,22,67,48
20260820,4,11.5,10,14,48
20260820,5,114.1,78,141,48
20260820,6,89.1,25,134,48
20260820,7,274.7,26,383,48
20260820,8,125.3,37,194,48
20260820,9,211.5,107,276,48
20260820,10,143.6,84,200,48
20260820,11,274.6,147,373,48
20260820,12,190.5,90,262,48
20260820,13,172.5,97,247,48
20260820,14,201.7,91,307,48
20260820,15,152.8,81,202,48
20260820,16,0.5,0,1,48
20260820,17,216.6,56,318,48
20260820,18,148.7,78,201,48
20260821,1,0.0,0,0,48
20260821,2,0.9,0,2,48
20260821,3,30.6,12,56,48
20260821,4,14.5,9,18,48
20260821,5,86.3,54,127,48
20260821,6,112.6,33,148,48
20260821,7,291.1,47,384,48
20260821,8,113.4,46,176,48
20260821,9,183.1,113,255,48
20260821,10,112.6,47,151,48
20260821,11,292.0,150,383,48
20260821,12,168.0,82,243,48
20260821,13,151.6,96,200,48
20260821,14,181.1,109,260,48
20260821,15,133.1,84,175,48
20260821,16,0.8,0,1,48
20260821,17,204.0,1,307,48
20260821,18,130.9,84,172,48
20260822,1,0.0,0,0,48
20260822,2,1.7,0,3,48
20260822,3,15.5,4,30,48
20260822,4,16.6,10,24,48
20260822,5,68.0,44,119,48
20260822,6,30.1,2,56,48
20260822,7,200.3,56,366,48
20260822,8,41.5,18,97,48
20260822,9,111.4,55,221,48
20260822,10,112.5,24,209,48
20260822,11,201.2,68,360,48
20260822,12,89.3,42,150,48
20260822,13,98.4,51,145,48
20260822,14,97.5,81,123,48
20260822,15,81.1,53,141,48
20260822,16,1.4,0,3,48
20260822,17,101.3,37,233,48
20260822,18,79.4,52,139,48
20260823,1,0.0,0,0,48
20260823,2,3.8,1,6,48
20260823,3,26.3,5,54,48
20260823,4,21.0,15,25,48
20260823,5,101.6,62,158,48
20260823,6,33.6,5,127,48
20260823,7,218.6,12,384,48
20260823,8,77.5,24,173,48
20260823,9,167.1,81,266,48
20260823,10,165.5,111,219,48
20260823,11,232.1,62,377,48
20260823,12,117.4,52,198,48
20260823,13,136.1,103,173,48
20260823,14,126.8,102,165,48
20260823,15,113.5,66,176,48
20260823,16,1.8,0,3,48
20260823,17,167.6,14,335,48
20260823,18,113.3,61,181,48
20260824,1,0.0,0,0,48
20260824,2,1.7,0,4,48
20260824,3,43.1,15,87,48
20260824,4,24.2,16,35,48
20260824,5,105.8,60,176,48
20260824,6,57.7,26,112,48
20260824,7,231.7,16,380,48
20260824,8,92.6,27,172,48
20260824,9,175.2,53,281,48
20260824,10,105.6,50,192,48
20260824,11,227.8,67,371,48
20260824,12,118.6,41,199,48
20260824,13,117.7,73,166,48
20260824,14,128.2,75,161,48
20260824,15,112.0,55,164,48
20260824,16,1.2,0,3,48
20260824,17,155.4,12,322,48
20260824,18,111.1,50,169,48
20260825,1,0.0,0,0,48
20260825,2,0.4,0,1,48
20260825,3,26.2,15,44,48
20260825,4,26.0,19,35,48
20260825,5,69.6,48,87,48
20260825,6,16.1,7,38,48
20260825,7,243.6,79,381,48
20260825,8,47.0,15,93,48
20260825,9,108.3,44,160,48
20260825,10,81.7,19,129,48
20260825,11,210.9,55,365,48
20260825,12,92.3,30,163,48
20260825,13,92.3,41,156,48
20260825,14,111.0,39,216,48
20260825,15,75.8,34,119,48
20260825,16,0.1,0,1,48
20260825,17,122.6,51,223,48
20260825,18,76.4,34,120,48
20260826,1,0.0,0,0,48
20260826,2,0.1,0,1,48
20260826,3,35.9,19,53,48
20260826,4,18.1,15,21,48
20260826,5,88.9,62,132,48
20260826,6,27.1,9,57,48
20260826,7,302.4,127,378,48
20260826,8,66.0,30,101,48
20260826,9,152.8,89,211,48
20260826,10,121.8,66,176,48
20260826,11,252.0,96,367,48
20260826,12,132.8,59,186,48
20260826,13,136.9,87,192,48
20260826,14,167.8,81,257,48
20260826,15,110.0,71,150,48
20260826,16,0.0,0,0,48
20260826,17,163.7,68,223,48
20260826,18,107.2,67,149,48
20260827,1,0.0,0,0,48
20260827,2,0.0,0,0,48
20260827,3,35.5,13,63,48
20260827,4,23.6,17,37,48
20260827,5,139.2,71,239,48
20260827,6,82.2,6,215,48
20260827,7,341.2,255,388,48
20260827,8,137.7,31,239,48
20260827,9,213.5,119,316,48
20260827,10,173.5,87,256,48
20260827,11,258.7,94,371,48
20260827,12,176.9,107,288,48
20260827,13,166.6,106,260,48
20260827,14,163.3,98,293,48
20260827,15,149.0,90,229,48
20260827,16,0.0,0,0,48
20260827,17,243.1,95,354,48
20260827,18,147.8,86,227,48
20260828,1,0.0,0,0,48
20260828,2,0.0,0,0,48
20260828,3,24.2,10,47,48
20260828,4,26.3,16,39,48
20260828,5,100.5,56,173,48
20260828,6,66.5,16,174,48
20260828,7,253.1,19,385,48
20260828,8,81.8,24,208,48
20260828,9,148.4,75,280,48
20260828,10,96.9,24,186,48
20260828,11,212.0,48,357,48
20260828,12,114.1,48,219,48
20260828,13,95.6,38,178,48
20260828,14,96.5,46,190,48
20260828,15,97.8,45,177,48
20260828,16,0.0,0,0,48
20260828,17,146.5,13,299,48
20260828,18,96.7,42,180,48
20260829,1,0.0,0,0,48
20260829,2,0.1,0,1,48
20260829,3,35.8,11,59,48
20260829,4,28.0,11,41,48
20260829,5,107.7,48,189,48
20260829,6,67.0,8,169,48
20260829,7,267.4,171,353,48
20260829,8,101.8,25,202,48
20260829,9,169.4,62,269,48
20260829,10,84.3,15,146,48
20260829,11,204.3,134,278,48
20260829,12,114.4,63,186,48
20260829,13,91.4,40,136,48
20260829,14,102.5,70,164,48
20260829,15,100.7,48,158,48
20260829,16,0.0,0,0,48
20260829,17,191.5,66,337,48
20260829,18,102.5,45,163,48
20260830,1,0.0,0,0,48
20260830,2,0.0,0,0,48
20260830,3,33.4,24,40,48
20260830,4,30.4,22,42,48
20260830,5,118.4,96,132,48
20260830,6,35.9,19,62,48
20260830,7,257.2,59,354,48
20260830,8,99.9,57,163,48
20260830,9,174.9,120,232,48
20260830,10,127.9,56,148,48
20260830,11,213.4,99,307,48
20260830,12,122.6,56,220,48
20260830,13,108.0,66,157,48
20260830,14,96.5,56,166,48
20260830,15,111.8,85,168,48
20260830,16,0.0,0,0,48
20260830,17,193.1,62,310,48
20260830,18,112.3,83,163,48
20260831,1,0.0,0,0,48
20260831,2,0.0,0,0,48
20260831,3,32.6,18,51,48
20260831,4,16.2,10,26,48
20260831,5,116.0,81,164,48
20260831,6,89.4,46,113,48
20260831,7,295.2,146,371,48
20260831,8,124.7,58,189,48
20260831,9,204.9,146,257,48
20260831,10,104.6,80,134,48
20260831,11,237.6,94,372,48
20260831,12,173.5,86,242,48
20260831,13,120.4,84,167,48
20260831,14,134.3,86,198,48
20260831,15,121.2,73,166,48
20260831,16,0.0,0,0,48
20260831,17,208.2,86,297,48
20260831,18,123.3,75,162,48
20260901,1,0.0,0,0,48
20260901,2,0.0,0,0,48
20260901,3,22.1,5,35,48
20260901,4,11.4,8,19,48
20260901,5,84.4,66,117,48
20260901,6,39.1,4,94,48
20260901,7,250.3,27,380,48
20260901,8,69.9,12,155,48
20260901,9,144.5,78,217,48
20260901,10,91.8,45,149,48
20260901,11,250.9,71,373,48
20260901,12,125.1,44,225,48
20260901,13,111.5,51,169,48
20260901,14,138.4,58,231,48
20260901,15,97.7,44,147,48
20260901,16,0.0,0,0,48
20260901,17,135.9,0,269,48
20260901,18,92.7,40,146,48
20260902,1,0.0,0,0,48
20260902,2,0.0,0,0,48
20260902,3,29.0,11,45,48
20260902,4,18.6,13,23,48
20260902,5,88.6,66,116,48
20260902,6,69.9,9,130,48
20260902,7,292.8,195,346,48
20260902,8,103.6,38,160,48
20260902,9,168.0,92,222,48
20260902,10,104.9,45,183,48
20260902,11,221.9,48,347,48
20260902,12,154.3,88,210,48
20260902,13,115.3,59,144,48
20260902,14,124.8,53,186,48
20260902,15,113.1,68,145,48
20260902,16,0.0,0,0,48
20260902,17,222.2,103,287,48
20260902,18,114.8,65,146,48
20260903,1,0.0,0,0,48
20260903,2,0.0,0,0,48
20260903,3,13.5,4,24,48
20260903,4,14.6,6,21,48
20260903,5,66.3,28,114,48
20260903,6,27.1,6,61,48
20260903,7,196.9,25,310,48
20260903,8,37.5,8,74,48
20260903,9,84.5,28,187,48
20260903,10,92.6,42,152,48
20260903,11,212.1,31,342,48
20260903,12,108.9,39,173,48
20260903,13,87.1,53,138,48
20260903,14,72.6,46,121,48
20260903,15,72.0,34,116,48
20260903,16,0.0,0,0,48
20260903,17,109.4,26,198,48
20260903,18,68.5,32,110,48
20260904,1,0.0,0,0,48
20260904,2,0.1,0,2,48
20260904,3,11.6,4,22,48
20260904,4,14.1,9,22,48
20260904,5,64.7,41,108,48
20260904,6,17.5,3,63,48
20260904,7,230.2,119,339,48
20260904,8,35.0,10,71,48
20260904,9,97.8,58,173,48
20260904,10,69.1,32,110,48
20260904,11,203.0,75,345,48
20260904,12,110.4,46,164,48
20260904,13,78.8,41,119,48
20260904,14,80.3,43,139,48
20260904,15,71.9,38,107,48
20260904,16,0.1,0,3,48
20260904,17,111.6,55,198,48
20260904,18,67.8,36,100,48
20260905,1,0.0,0,0,48
20260905,2,0.0,0,0,48
20260905,3,14.6,2,40,48
20260905,4,12.0,9,21,48
20260905,5,76.1,38,155,48
20260905,6,23.7,1,102,48
20260905,7,158.7,4,389,48
20260905,8,49.9,6,162,48
20260905,9,113.0,36,266,48
20260905,10,84.8,32,195,48
20260905,11,252.2,85,386,48
20260905,12,122.0,29,306,48
20260905,13,108.7,38,256,48
20260905,14,155.7,54,377,48
20260905,15,79.8,29,194,48
20260905,16,0.0,0,0,48
20260905,17,92.3,0,304,48
20260905,18,77.5,27,192,48
20260906,1,0.0,0,0,48
20260906,2,0.0,0,0,48
20260906,3,17.7,6,42,48
20260906,4,12.4,8,20,48
20260906,5,71.4,50,116,48
20260906,6,18.0,3,50,48
20260906,7,206.2,5,384,48
20260906,8,50.3,10,147,48
20260906,9,128.4,64,256,48
20260906,10,121.1,61,181,48
20260906,11,208.5,26,373,48
20260906,12,181.8,36,359,48
20260906,13,150.1,73,262,48
20260906,14,190.4,50,377,48
20260906,15,91.3,43,163,48
20260906,16,0.0,0,0,48
20260906,17,89.1,0,270,48
20260906,18,84.4,36,169,48
20260907,1,0.0,0,0,48
20260907,2,0.0,0,0,48
20260907,3,13.8,6,21,48
20260907,4,10.9,8,15,48
20260907,5,68.7,51,96,48
20260907,6,26.0,8,48,48
20260907,7,251.8,52,358,48
20260907,8,35.5,17,89,48
20260907,9,109.3,64,192,48
20260907,10,75.5,45,115,48
20260907,11,194.7,97,323,48
20260907,12,102.9,63,181,48
20260907,13,86.8,51,124,48
20260907,14,93.4,54,150,48
20260907,15,73.9,49,108,48
20260907,16,0.0,0,0,48
20260907,17,88.5,45,164,48
20260907,18,69.8,48,103,48
20260908,1,0.0,0,0,48
20260908,2,0.0,0,0,48
20260908,3,14.5,9,22,48
20260908,4,8.7,6,16,48
20260908,5,55.6,35,71,48
20260908,6,24.0,9,32,48
20260908,7,209.5,109,294,48
20260908,8,22.6,16,33,48
20260908,9,95.5,52,136,48
20260908,10,86.8,53,133,48
20260908,11,240.2,102,328,48
20260908,12,90.9,38,124,48
20260908,13,93.8,55,124,48
20260908,14,109.7,60,137,48
20260908,15,77.6,38,102,48
20260908,16,0.0,0,2,48
20260908,17,66.1,34,115,48
20260908,18,67.7,38,84,48
20260909,1,0.0,0,0,48
20260909,2,0.5,0,2,48
20260909,3,27.9,9,64,48
20260909,4,20.9,10,28,48
20260909,5,114.1,59,199,48
20260909,6,30.7,5,87,48
20260909,7,226.6,59,388,48
20260909,8,100.0,15,263,48
20260909,9,171.4,78,325,48
20260909,10,107.9,34,249,48
20260909,11,251.5,114,386,48
20260909,12,138.9,56,298,48
20260909,13,113.3,51,245,48
20260909,14,112.6,58,210,48
20260909,15,110.5,51,221,48
20260909,16,8.7,0,49,48
20260909,17,166.8,16,382,48
20260909,18,109.1,47,222,48
20260910,1,0.0,0,0,48
20260910,2,0.1,0,1,48
20260910,3,17.9,5,28,48
20260910,4,13.4,8,19,48
20260910,5,95.8,61,138,48
20260910,6,22.2,6,61,48
20260910,7,280.0,76,389,48
20260910,8,73.8,22,168,48
20260910,9,179.3,111,264,48
20260910,10,136.9,74,207,48
20260910,11,255.8,98,374,48
20260910,12,164.8,64,236,48
20260910,13,147.7,76,226,48
20260910,14,154.1,59,258,48
20260910,15,119.5,66,167,48
20260910,16,0.1,0,2,48
20260910,17,155.6,46,299,48
20260910,18,112.7,61,165,48
20260911,1,0.0,0,0,48
20260911,2,0.1,0,1,48
20260911,3,30.1,5,59,48
20260911,4,12.6,11,17,48
20260911,5,105.5,70,155,48
20260911,6,49.4,2,148,48
20260911,7,325.6,222,389,48
20260911,8,111.9,17,252,48
20260911,9,192.2,97,294,48
20260911,10,124.6,65,218,48
20260911,11,281.5,122,385,48
20260911,12,184.5,103,279,48
20260911,13,150.7,79,230,48
20260911,14,161.3,82,269,48
20260911,15,133.6,76,213,48
20260911,16,2.7,0,37,48
20260911,17,209.5,51,379,48
20260911,18,130.6,70,214,48
20260912,1,0.0,0,0,48
20260912,2,0.4,0,4,48
20260912,3,13.8,3,33,48
20260912,4,11.1,4,17,48
20260912,5,62.4,28,105,48
20260912,6,26.0,2,66,48
20260912,7,192.6,36,368,48
20260912,8,35.1,8,73,48
20260912,9,105.4,53,186,48
20260912,10,77.3,20,176,48
20260912,11,236.5,54,385,48
20260912,12,127.3,38,256,48
20260912,13,107.2,29,225,48
20260912,14,142.3,37,299,48
20260912,15,84.7,28,159,48
20260912,16,0.3,0,3,48
20260912,17,67.4,17,165,48
20260912,18,76.3,24,139,48
20260913,1,0.0,0,0,48
20260913,2,0.8,0,3,48
20260913,3,44.7,15,64,48
20260913,4,17.3,13,22,48
20260913,5,132.0,84,185,48
20260913,6,126.6,7,217,48
20260913,7,339.8,143,381,48
20260913,8,192.6,50,247,48
20260913,9,248.8,138,310,48
20260913,10,163.1,57,240,48
20260913,11,275.6,128,369,48
20260913,12,215.0,173,278,48
20260913,13,165.4,99,245,48
20260913,14,155.0,120,252,48
20260913,15,168.2,102,214,48
20260913,16,30.8,0,101,48
20260913,17,310.5,59,380,48
20260913,18,171.4,101,216,48
20260914,1,0.0,0,0,48
20260914,2,0.0,0,0,48
20260914,3,39.5,18,66,48
20260914,4,12.6,10,15,48
20260914,5,106.9,63,163,48
20260914,6,37.7,7,75,48
20260914,7,339.0,195,379,48
20260914,8,138.8,46,218,48
20260914,9,211.5,118,273,48
20260914,10,163.7,78,229,48
20260914,11,267.7,90,373,48
20260914,12,212.6,136,273,48
20260914,13,186.9,107,247,48
20260914,14,205.3,142,294,48
20260914,15,155.2,90,202,48
20260914,16,0.4,0,10,48
20260914,17,256.8,100,363,48
20260914,18,152.3,83,202,48
20260915,1,0.0,0,0,48
20260915,2,0.0,0,0,48
20260915,3,17.6,5,45,48
20260915,4,11.5,8,15,48
20260915,5,62.9,38,97,48
20260915,6,9.3,1,46,48
20260915,7,227.2,46,369,48
20260915,8,34.2,6,106,48
20260915,9,110.0,49,199,48
20260915,10,67.3,21,139,48
20260915,11,242.2,61,357,48
20260915,12,119.1,39,240,48
20260915,13,98.0,47,192,48
20260915,14,127.4,68,219,48
20260915,15,79.9,32,156,48
20260915,16,0.0,0,0,48
20260915,17,92.2,11,232,48
20260915,18,74.5,30,149,48
20260916,1,0.0,0,0,48
20260916,2,0.1,0,1,48
20260916,3,24.8,6,41,48
20260916,4,14.8,12,19,48
20260916,5,90.7,64,127,48
20260916,6,22.3,3,66,48
20260916,7,338.0,274,376,48
20260916,8,93.4,24,159,48
20260916,9,178.1,94,242,48
20260916,10,97.8,37,176,48
20260916,11,232.9,67,366,48
20260916,12,169.6,123,233,48
20260916,13,124.6,62,193,48
20260916,14,136.1,75,198,48
20260916,15,114.2,69,156,48
20260916,16,0.0,0,1,48
20260916,17,197.9,83,308,48
20260916,18,112.1,65,151,48
20260917,1,0.0,0,0,48
20260917,2,0.0,0,0,48
20260917,3,11.5,2,20,48
20260917,4,9.3,6,13,48
20260917,5,53.4,35,92,48
20260917,6,5.1,1,10,48
20260917,7,214.5,79,321,48
20260917,8,20.4,7,47,48
20260917,9,100.3,59,161,48
20260917,10,61.8,27,126,48
20260917,11,187.0,34,328,48
20260917,12,103.4,45,171,48
20260917,13,81.1,39,147,48
20260917,14,100.8,48,182,48
20260917,15,68.6,33,105,48
20260917,16,0.0,0,0,48
20260917,17,66.1,27,111,48
20260917,18,61.9,30,95,48
20260918,1,0.0,0,0,48
20260918,2,0.0,0,0,48
20260918,3,7.8,2,13,48
20260918,4,5.3,2,9,48
20260918,5,46.6,30,68,48
20260918,6,7.9,1,24,48
20260918,7,190.4,96,310,48
20260918,8,15.4,8,37,48
20260918,9,88.4,55,116,48
20260918,10,54.7,23,81,48
20260918,11,235.1,85,346,48
20260918,12,95.5,46,141,48
20260918,13,81.6,43,116,48
20260918,14,114.9,64,163,48
20260918,15,63.5,38,92,48
20260918,16,0.0,0,0,48
20260918,17,58.6,35,101,48
20260918,18,57.3,35,83,48
20260919,1,0.0,0,0,48
20260919,2,0.0,0,0,48
20260919,3,4.6,0,12,48
20260919,4,2.1,1,3,48
20260919,5,37.6,26,54,48
20260919,6,3.3,0,8,48
20260919,7,200.5,130,287,48
20260919,8,10.7,4,22,48
20260919,9,80.3,49,127,48
20260919,10,63.3,34,121,48
20260919,11,252.7,130,358,48
20260919,12,101.1,42,193,48
20260919,13,81.5,49,144,48
20260919,14,107.1,75,174,48
20260919,15,64.0,38,107,48
20260919,16,0.0,0,0,48
20260919,17,62.2,33,101,48
20260919,18,56.8,35,95,48
20260920,1,0.0,0,0,48
20260920,2,0.0,0,0,48
20260920,3,9.7,0,38,48
20260920,4,5.5,2,11,48
20260920,5,49.1,24,91,48
20260920,6,14.0,0,63,48
20260920,7,217.5,6,390,48
20260920,8,43.3,4,146,48
20260920,9,103.9,46,228,48
20260920,10,91.9,34,206,48
20260920,11,269.0,64,390,48
20260920,12,123.3,38,229,48
20260920,13,115.2,52,207,48
20260920,14,151.9,97,228,48
20260920,15,83.0,37,166,48
20260920,16,0.0,0,0,48
20260920,17,95.5,25,273,48
20260920,18,76.2,33,158,48
20260921,1,0.0,0,0,48
20260921,2,0.0,0,0,48
20260921,3,30.9,17,49,48
20260921,4,14.7,11,21,48
20260921,5,119.4,74,160,48
20260921,6,62.9,23,101,48
20260921,7,364.9,283,391,48
20260921,8,155.1,75,224,48
20260921,9,228.2,138,296,48
20260921,10,208.5,130,274,48
20260921,11,293.5,90,389,48
20260921,12,199.7,95,288,48
20260921,13,196.6,121,265,48
20260921,14,184.7,95,280,48
20260921,15,162.8,106,218,48
20260921,16,0.0,0,0,48
20260921,17,309.9,237,364,48
20260921,18,162.7,105,217,48
20260922,1,0.0,0,0,48
20260922,2,0.1,0,1,48
20260922,3,41.0,21,66,48
20260922,4,16.1,14,22,48
20260922,5,148.1,116,189,48
20260922,6,97.3,44,138,48
20260922,7,376.1,328,393,48
20260922,8,217.3,146,279,48
20260922,9,267.4,164,329,48
20260922,10,221.9,158,276,48
20260922,11,306.3,117,392,48
20260922,12,251.1,125,317,48
20260922,13,224.7,143,282,48
20260922,14,210.8,104,314,48
20260922,15,197.3,129,241,48
20260922,16,20.4,0,98,48
20260922,17,347.3,270,391,48
20260922,18,194.9,126,241,48
20260923,1,0.0,0,0,48
20260923,2,0.3,0,1,48
20260923,3,24.1,6,46,48
20260923,4,11.1,7,15,48
20260923,5,79.2,53,118,48
20260923,6,74.7,16,183,48
20260923,7,339.0,163,390,48
20260923,8,129.4,14,227,48
20260923,9,166.0,78,263,48
20260923,10,106.4,30,215,48
20260923,11,252.3,43,390,48
20260923,12,184.6,53,276,48
20260923,13,136.7,42,230,48
20260923,14,152.1,47,230,48
20260923,15,126.7,44,191,48
20260923,16,4.4,0,35,48
20260923,17,272.5,96,381,48
20260923,18,127.5,45,192,48
20260924,1,0.0,0,0,48
20260924,2,2.8,0,25,48
20260924,3,20.6,8,43,48
20260924,4,11.1,7,16,48
20260924,5,99.3,73,125,48
20260924,6,33.3,3,99,48
20260924,7,313.3,94,375,48
20260924,8,90.7,9,156,48
20260924,9,197.1,129,258,48
20260924,10,176.8,111,256,48
20260924,11,279.8,88,384,48
20260924,12,184.5,77,258,48
20260924,13,170.1,98,236,48
20260924,14,155.3,50,246,48
20260924,15,138.9,79,178,48
20260924,16,2.5,0,23,48
20260924,17,201.8,57,341,48
20260924,18,133.0,74,175,48
20260925,1,0.0,0,0,45
20260925,2,0.4,0,5,45
20260925,3,31.6,14,50,45
20260925,4,11.8,9,14,45
20260925,5,101.0,56,152,45
20260925,6,53.8,6,141,45
20260925,7,366.5,327,388,45
20260925,8,137.0,45,225,45
20260925,9,199.5,133,281,45
20260925,10,150.2,84,224,45
20260925,11,286.0,106,388,45
20260925,12,202.6,105,289,45
20260925,13,173.5,113,247,45
20260925,14,184.2,98,248,45
20260925,15,147.5,106,211,45
20260925,16,0.2,0,4,45
20260925,17,258.4,86,367,45
20260925,18,143.5,102,211,45
