date_key,fuel,mean_share_pct,periods
20180511,biomass,6.57,47
20180511,coal,0.37,47
20180511,gas,28.71,47
20180511,hydro,1.65,47
20180511,imports,8.58,47
20180511,nuclear,24.23,47
20180511,other,0.24,47
20180511,solar,5.27,47
20180511,wind,24.38,47
20180512,biomass,6.11,48
20180512,coal,0.57,48
20180512,gas,40.48,48
20180512,hydro,1.69,48
20180512,imports,9.89,48
20180512,nuclear,25.49,48
20180512,other,0.0,48
20180512,solar,6.83,48
20180512,wind,8.95,48
20180513,biomass,6.56,48
20180513,coal,0.76,48
20180513,gas,41.67,48
20180513,hydro,2.0,48
20180513,imports,10.48,48
20180513,nuclear,24.43,48
20180513,other,0.18,48
20180513,solar,8.24,48
20180513,wind,5.69,48
20180514,biomass,6.08,48
20180514,coal,1.39,48
20180514,gas,41.3,48
20180514,hydro,1.97,48
20180514,imports,7.37,48
20180514,nuclear,22.4,48
20180514,other,0.24,48
20180514,solar,8.76,48
20180514,wind,10.47,48
20180515,biomass,6.62,48
20180515,coal,1.83,48
20180515,gas,40.93,48
20180515,hydro,1.8,48
20180515,imports,7.05,48
20180515,nuclear,21.96,48
20180515,other,0.22,48
20180515,solar,7.93,48
20180515,wind,11.65,48
20180516,biomass,6.56,48
20180516,coal,1.92,48
20180516,gas,39.12,48
20180516,hydro,1.4,48
20180516,imports,6.78,48
20180516,nuclear,22.43,48
20180516,other,0.22,48
20180516,solar,4.21,48
20180516,wind,17.36,48
20180517,biomass,6.1,48
20180517,coal,1.18,48
20180517,gas,43.59,48
20180517,hydro,1.34,48
20180517,imports,9.18,48
20180517,nuclear,20.65,48
20180517,other,0.26,48
20180517,solar,8.14,48
20180517,wind,9.55,48
20180518,biomass,6.76,48
20180518,coal,0.06,48
20180518,gas,50.97,48
20180518,hydro,1.44,48
20180518,imports,9.7,48
20180518,nuclear,19.04,48
20180518,other,0.28,48
20180518,solar,7.58,48
20180518,wind,4.15,48
20180519,biomass,7.82,48
20180519,coal,0.5,48
20180519,gas,40.47,48
20180519,hydro,1.81,48
20180519,imports,8.44,48
20180519,nuclear,21.35,48
20180519,other,0.31,48
20180519,solar,9.81,48
20180519,wind,9.46,48
20180520,biomass,7.86,48
20180520,coal,0.06,48
20180520,gas,32.61,48
20180520,hydro,1.62,48
20180520,imports,9.98,48
20180520,nuclear,22.46,48
20180520,other,0.32,48
20180520,solar,9.36,48
20180520,wind,15.71,48
20180521,biomass,7.16,48
20180521,coal,1.26,48
20180521,gas,45.81,48
20180521,hydro,1.47,48
20180521,imports,8.9,48
20180521,nuclear,19.94,48
20180521,other,0.33,48
20180521,solar,7.12,48
20180521,wind,8.01,48
20180522,biomass,7.09,48
20180522,coal,0.4,48
20180522,gas,38.52,48
20180522,hydro,1.23,48
20180522,imports,8.47,48
20180522,nuclear,19.88,48
20180522,other,0.38,48
20180522,solar,8.06,48
20180522,wind,15.97,48
20180523,biomass,7.52,48
20180523,coal,0.54,48
20180523,gas,39.21,48
20180523,hydro,1.42,48
20180523,imports,10.13,48
20180523,nuclear,20.71,48
20180523,other,0.45,48
20180523,solar,7.85,48
20180523,wind,12.17,48
20180524,biomass,7.47,48
20180524,coal,0.39,48
20180524,gas,45.71,48
20180524,hydro,1.49,48
20180524,imports,10.08,48
20180524,nuclear,20.27,48
20180524,other,0.37,48
20180524,solar,4.84,48
20180524,wind,9.38,48
20180525,biomass,7.63,48
20180525,coal,0.61,48
20180525,gas,45.05,48
20180525,hydro,1.26,48
20180525,imports,10.75,48
20180525,nuclear,21.04,48
20180525,other,0.44,48
20180525,solar,2.85,48
20180525,wind,10.36,48
20180526,biomass,8.72,48
20180526,coal,1.31,48
20180526,gas,26.96,48
20180526,hydro,1.35,48
20180526,imports,10.35,48
20180526,nuclear,25.0,48
20180526,other,0.49,48
20180526,solar,7.36,48
20180526,wind,18.47,48
20180527,biomass,8.71,48
20180527,coal,0.56,48
20180527,gas,22.55,48
20180527,hydro,1.68,48
20180527,imports,7.5,48
20180527,nuclear,26.89,48
20180527,other,0.39,48
20180527,solar,8.11,48
20180527,wind,23.61,48
20180528,biomass,7.78,48
20180528,coal,1.4,48
20180528,gas,39.06,48
20180528,hydro,1.48,48
20180528,imports,9.16,48
20180528,nuclear,25.86,48
20180528,other,0.45,48
20180528,solar,7.49,48
20180528,wind,7.31,48
20180529,biomass,7.0,48
20180529,coal,0.9,48
20180529,gas,37.97,48
20180529,hydro,1.41,48
20180529,imports,8.27,48
20180529,nuclear,24.67,48
20180529,other,0.45,48
20180529,solar,4.13,48
20180529,wind,15.2,48
20180530,biomass,6.54,48
20180530,coal,0.87,48
20180530,gas,48.9,48
20180530,hydro,1.49,48
20180530,imports,8.3,48
20180530,nuclear,24.19,48
20180530,other,0.42,48
20180530,solar,2.05,48
20180530,wind,7.25,48
20180531,biomass,6.31,48
20180531,coal,1.36,48
20180531,gas,50.62,48
20180531,hydro,1.55,48
20180531,imports,7.96,48
20180531,nuclear,24.28,48
20180531,other,0.33,48
20180531,solar,4.18,48
20180531,wind,3.41,48
20180601,biomass,6.18,48
20180601,coal,0.43,48
20180601,gas,51.22,48
20180601,hydro,1.42,48
20180601,imports,8.14,48
20180601,nuclear,24.54,48
20180601,other,0.36,48
20180601,solar,5.17,48
20180601,wind,2.54,48
20180602,biomass,5.94,48
20180602,coal,0.0,48
20180602,gas,44.09,48
20180602,hydro,1.33,48
20180602,imports,11.14,48
20180602,nuclear,27.56,48
20180602,other,0.44,48
20180602,solar,6.28,48
20180602,wind,3.22,48
20180603,biomass,6.53,48
20180603,coal,0.0,48
20180603,gas,40.75,48
20180603,hydro,1.66,48
20180603,imports,11.55,48
20180603,nuclear,28.4,48
20180603,other,0.43,48
20180603,solar,8.33,48
20180603,wind,2.34,48
20180604,biomass,5.76,48
20180604,coal,0.62,48
20180604,gas,46.64,48
20180604,hydro,1.51,48
20180604,imports,9.87,48
20180604,nuclear,25.05,48
20180604,other,0.41,48
20180604,solar,4.02,48
20180604,wind,6.12,48
20180605,biomass,5.9,48
20180605,coal,1.24,48
20180605,gas,43.8,48
20180605,hydro,1.07,48
20180605,imports,8.37,48
20180605,nuclear,24.89,48
20180605,other,0.39,48
20180605,solar,4.87,48
20180605,wind,9.46,48
20180606,biomass,5.56,48
20180606,coal,0.22,48
20180606,gas,45.01,48
20180606,hydro,1.14,48
20180606,imports,9.44,48
20180606,nuclear,24.9,48
20180606,other,0.39,48
20180606,solar,7.79,48
20180606,wind,5.55,48
20180607,biomass,5.03,48
20180607,coal,0.84,48
20180607,gas,48.62,48
20180607,hydro,1.28,48
20180607,imports,9.4,48
20180607,nuclear,23.99,48
20180607,other,0.37,48
20180607,solar,5.39,48
20180607,wind,5.07,48
20180608,biomass,6.11,48
20180608,coal,0.77,48
20180608,gas,48.73,48
20180608,hydro,1.34,48
20180608,imports,9.27,48
20180608,nuclear,24.15,48
20180608,other,0.35,48
20180608,solar,4.74,48
20180608,wind,4.55,48
20180609,biomass,6.59,48
20180609,coal,0.66,48
20180609,gas,43.04,48
20180609,hydro,1.25,48
20180609,imports,11.02,48
20180609,nuclear,26.9,48
20180609,other,0.45,48
20180609,solar,7.04,48
20180609,wind,3.05,48
20180610,biomass,7.15,48
20180610,coal,1.14,48
20180610,gas,37.47,48
20180610,hydro,1.16,48
20180610,imports,11.81,48
20180610,nuclear,28.78,48
20180610,other,0.47,48
20180610,solar,7.95,48
20180610,wind,4.08,48
20180611,biomass,5.95,48
20180611,coal,0.78,48
20180611,gas,41.95,48
20180611,hydro,1.08,48
20180611,imports,9.16,48
20180611,nuclear,26.03,48
20180611,other,0.41,48
20180611,solar,7.99,48
20180611,wind,6.65,48
20180612,biomass,4.98,48
20180612,coal,1.08,48
20180612,gas,45.7,48
20180612,hydro,1.2,48
20180612,imports,9.99,48
20180612,nuclear,25.17,48
20180612,other,0.4,48
20180612,solar,4.84,48
20180612,wind,6.64,48
20180613,biomass,5.55,48
20180613,coal,0.83,48
20180613,gas,40.99,48
20180613,hydro,1.19,48
20180613,imports,8.34,48
20180613,nuclear,24.71,48
20180613,other,0.02,48
20180613,solar,6.33,48
20180613,wind,12.04,48
20180614,biomass,2.74,48
20180614,coal,0.63,48
20180614,gas,26.88,48
20180614,hydro,1.47,48
20180614,imports,6.21,48
20180614,nuclear,25.1,48
20180614,other,0.36,48
20180614,solar,6.68,48
20180614,wind,29.94,48
20180615,biomass,5.82,48
20180615,coal,0.73,48
20180615,gas,40.34,48
20180615,hydro,1.54,48
20180615,imports,8.36,48
20180615,nuclear,23.43,48
20180615,other,0.35,48
20180615,solar,6.47,48
20180615,wind,12.97,48
20180616,biomass,3.24,48
20180616,coal,0.36,48
20180616,gas,35.75,48
20180616,hydro,1.38,48
20180616,imports,11.54,48
20180616,nuclear,26.53,48
20180616,other,0.47,48
20180616,solar,5.56,48
20180616,wind,15.17,48
20180617,biomass,3.1,48
20180617,coal,0.76,48
20180617,gas,32.93,48
20180617,hydro,1.57,48
20180617,imports,11.42,48
20180617,nuclear,27.74,48
20180617,other,0.48,48
20180617,solar,4.42,48
20180617,wind,17.58,48
20180618,biomass,5.0,48
20180618,coal,1.51,48
20180618,gas,31.38,48
20180618,hydro,1.09,48
20180618,imports,8.15,48
20180618,nuclear,23.09,48
20180618,other,0.41,48
20180618,solar,6.29,48
20180618,wind,23.08,48
20180619,biomass,5.31,48
20180619,coal,1.17,48
20180619,gas,42.45,48
20180619,hydro,1.88,48
20180619,imports,6.98,48
20180619,nuclear,21.83,48
20180619,other,0.1,48
20180619,solar,4.7,48
20180619,wind,15.59,48
20180620,biomass,4.55,48
20180620,coal,1.7,48
20180620,gas,36.97,48
20180620,hydro,1.24,48
20180620,imports,6.29,48
20180620,nuclear,23.76,48
20180620,other,0.1,48
20180620,solar,5.0,48
20180620,wind,20.4,48
20180621,biomass,4.56,48
20180621,coal,1.99,48
20180621,gas,29.4,48
20180621,hydro,0.79,48
20180621,imports,5.98,48
20180621,nuclear,25.11,48
20180621,other,0.1,48
20180621,solar,8.89,48
20180621,wind,23.19,48
20180622,biomass,4.69,48
20180622,coal,0.54,48
20180622,gas,37.28,48
20180622,hydro,1.57,48
20180622,imports,6.53,48
20180622,nuclear,23.72,48
20180622,other,0.07,48
20180622,solar,9.23,48
20180622,wind,16.38,48
20180623,biomass,6.33,48
20180623,coal,0.99,48
20180623,gas,38.68,48
20180623,hydro,1.73,48
20180623,imports,7.47,48
20180623,nuclear,27.03,48
20180623,other,0.1,48
20180623,solar,9.09,48
20180623,wind,8.58,48
20180624,biomass,6.12,48
20180624,coal,0.77,48
20180624,gas,40.62,48
20180624,hydro,1.79,48
20180624,imports,8.52,48
20180624,nuclear,27.74,48
20180624,other,0.1,48
20180624,solar,10.48,48
20180624,wind,3.86,48
20180625,biomass,6.32,48
20180625,coal,1.36,48
20180625,gas,47.98,48
20180625,hydro,1.68,48
20180625,imports,6.8,48
20180625,nuclear,24.15,48
20180625,other,0.04,48
20180625,solar,8.77,48
20180625,wind,2.92,48
20180626,biomass,7.4,48
20180626,coal,1.33,48
20180626,gas,48.18,48
20180626,hydro,1.44,48
20180626,imports,7.28,48
20180626,nuclear,23.42,48
20180626,other,0.09,48
20180626,solar,8.45,48
20180626,wind,2.4,48
20180627,biomass,7.11,48
20180627,coal,0.42,48
20180627,gas,48.09,48
20180627,hydro,1.21,48
20180627,imports,6.14,48
20180627,nuclear,23.41,48
20180627,other,0.07,48
20180627,solar,8.55,48
20180627,wind,5.0,48
20180628,biomass,7.2,48
20180628,coal,1.0,48
20180628,gas,46.83,48
20180628,hydro,1.23,48
20180628,imports,6.1,48
20180628,nuclear,23.45,48
20180628,other,0.08,48
20180628,solar,8.08,48
20180628,wind,6.04,48
20180629,biomass,7.44,48
20180629,coal,0.24,48
20180629,gas,42.19,48
20180629,hydro,0.98,48
20180629,imports,7.29,48
20180629,nuclear,24.3,48
20180629,other,0.08,48
20180629,solar,8.63,48
20180629,wind,8.85,48
20180630,biomass,5.04,48
20180630,coal,0.65,48
20180630,gas,33.56,48
20180630,hydro,1.28,48
20180630,imports,10.84,48
20180630,nuclear,27.15,48
20180630,other,0.04,48
20180630,solar,10.14,48
20180630,wind,11.31,48
20180701,biomass,5.3,48
20180701,coal,0.44,48
20180701,gas,32.31,48
20180701,hydro,1.03,48
20180701,imports,9.38,48
20180701,nuclear,27.68,48
20180701,other,0.0,48
20180701,solar,8.4,48
20180701,wind,15.46,48
20180702,biomass,4.19,48
20180702,coal,0.78,48
20180702,gas,40.65,48
20180702,hydro,0.88,48
20180702,imports,8.82,48
20180702,nuclear,24.42,48
20180702,other,0.09,48
20180702,solar,8.36,48
20180702,wind,11.81,48
20180703,biomass,4.01,48
20180703,coal,0.35,48
20180703,gas,43.54,48
20180703,hydro,0.94,48
20180703,imports,8.27,48
20180703,nuclear,24.32,48
20180703,other,0.1,48
20180703,solar,8.09,48
20180703,wind,10.38,48
20180704,biomass,6.34,48
20180704,coal,0.39,48
20180704,gas,51.13,48
20180704,hydro,1.09,48
20180704,imports,8.94,48
20180704,nuclear,21.66,48
20180704,other,0.1,48
20180704,solar,6.45,48
20180704,wind,3.91,48
20180705,biomass,5.83,48
20180705,coal,0.32,48
20180705,gas,48.7,48
20180705,hydro,0.99,48
20180705,imports,9.85,48
20180705,nuclear,21.66,48
20180705,other,0.1,48
20180705,solar,7.19,48
20180705,wind,5.37,48
20180706,biomass,4.82,48
20180706,coal,0.66,48
20180706,gas,51.78,48
20180706,hydro,1.48,48
20180706,imports,8.94,48
20180706,nuclear,22.24,48
20180706,other,0.04,48
20180706,solar,7.51,48
20180706,wind,2.55,48
20180707,biomass,5.51,48
20180707,coal,0.88,48
20180707,gas,43.89,48
20180707,hydro,1.99,48
20180707,imports,9.24,48
20180707,nuclear,25.04,48
20180707,other,0.04,48
20180707,solar,9.27,48
20180707,wind,4.15,48
20180708,biomass,5.09,48
20180708,coal,0.74,48
20180708,gas,42.12,48
20180708,hydro,1.29,48
20180708,imports,7.87,48
20180708,nuclear,27.6,48
20180708,other,0.0,48
20180708,solar,9.91,48
20180708,wind,5.38,48
20180709,biomass,4.9,48
20180709,coal,0.88,48
20180709,gas,47.37,48
20180709,hydro,1.35,48
20180709,imports,8.37,48
20180709,nuclear,24.07,48
20180709,other,0.0,48
20180709,solar,7.14,48
20180709,wind,5.91,48
20180710,biomass,5.94,48
20180710,coal,0.9,48
20180710,gas,44.63,48
20180710,hydro,1.18,48
20180710,imports,8.19,48
20180710,nuclear,23.73,48
20180710,other,0.0,48
20180710,solar,6.21,48
20180710,wind,9.22,48
20180711,biomass,5.74,48
20180711,coal,1.05,48
20180711,gas,46.53,48
20180711,hydro,1.33,48
20180711,imports,8.2,48
20180711,nuclear,24.6,48
20180711,other,0.0,48
20180711,solar,6.18,48
20180711,wind,6.37,48
20180712,biomass,5.77,48
20180712,coal,0.99,48
20180712,gas,48.68,48
20180712,hydro,1.37,48
20180712,imports,8.29,48
20180712,nuclear,24.59,48
20180712,other,0.0,48
20180712,solar,6.71,48
20180712,wind,3.6,48
20180713,biomass,6.74,5
20180713,coal,1.0,5
20180713,gas,51.46,5
20180713,hydro,2.0,5
20180713,imports,9.28,5
20180713,nuclear,26.3,5
20180713,other,0.0,5
20180713,solar,0.0,5
20180713,wind,3.22,5
20180716,biomass,5.74,43
20180716,coal,1.1,43
20180716,gas,49.86,43
20180716,hydro,1.87,43
20180716,imports,9.74,43
20180716,nuclear,20.58,43
20180716,other,0.2,43
20180716,solar,6.1,43
20180716,wind,4.81,43
20180717,biomass,5.99,48
20180717,coal,1.9,48
20180717,gas,49.08,48
20180717,hydro,1.11,48
20180717,imports,10.07,48
20180717,nuclear,21.07,48
20180717,other,0.2,48
20180717,solar,5.08,48
20180717,wind,5.5,48
20180718,biomass,6.84,48
20180718,coal,1.87,48
20180718,gas,50.77,48
20180718,hydro,1.06,48
20180718,imports,10.19,48
20180718,nuclear,21.43,48
20180718,other,0.21,48
20180718,solar,5.0,48
20180718,wind,2.62,48
20180719,biomass,6.53,48
20180719,coal,1.59,48
20180719,gas,48.37,48
20180719,hydro,0.9,48
20180719,imports,10.64,48
20180719,nuclear,21.4,48
20180719,other,0.19,48
20180719,solar,6.78,48
20180719,wind,3.61,48
20180720,biomass,6.95,48
20180720,coal,1.73,48
20180720,gas,48.25,48
20180720,hydro,0.83,48
20180720,imports,10.72,48
20180720,nuclear,22.55,48
20180720,other,0.17,48
20180720,solar,4.83,48
20180720,wind,3.98,48
20180721,biomass,3.59,48
20180721,coal,0.68,48
20180721,gas,47.29,48
20180721,hydro,0.87,48
20180721,imports,11.78,48
20180721,nuclear,25.92,48
20180721,other,0.1,48
20180721,solar,6.31,48
20180721,wind,3.46,48
20180722,biomass,4.77,48
20180722,coal,0.35,48
20180722,gas,39.03,48
20180722,hydro,1.04,48
20180722,imports,11.84,48
20180722,nuclear,27.26,48
20180722,other,0.1,48
20180722,solar,7.51,48
20180722,wind,8.09,48
20180723,biomass,6.38,48
20180723,coal,0.0,48
20180723,gas,44.44,48
20180723,hydro,1.21,48
20180723,imports,10.03,48
20180723,nuclear,24.02,48
20180723,other,0.1,48
20180723,solar,5.93,48
20180723,wind,7.88,48
20180724,biomass,6.96,48
20180724,coal,0.0,48
20180724,gas,48.25,48
20180724,hydro,0.95,48
20180724,imports,9.24,48
20180724,nuclear,23.6,48
20180724,other,0.1,48
20180724,solar,6.0,48
20180724,wind,4.91,48
20180725,biomass,7.01,48
20180725,coal,0.1,48
20180725,gas,45.95,48
20180725,hydro,1.07,48
20180725,imports,9.26,48
20180725,nuclear,24.31,48
20180725,other,0.1,48
20180725,solar,7.41,48
20180725,wind,4.79,48
20180726,biomass,5.69,48
20180726,coal,0.3,48
20180726,gas,43.72,48
20180726,hydro,1.17,48
20180726,imports,8.85,48
20180726,nuclear,24.44,48
20180726,other,0.1,48
20180726,solar,6.43,48
20180726,wind,9.31,48
20180727,biomass,6.88,48
20180727,coal,0.51,48
20180727,gas,42.97,48
20180727,hydro,1.11,48
20180727,imports,9.11,48
20180727,nuclear,24.94,48
20180727,other,0.1,48
20180727,solar,5.38,48
20180727,wind,9.0,48
20180728,biomass,5.05,48
20180728,coal,0.0,48
20180728,gas,22.84,48
20180728,hydro,1.71,48
20180728,imports,6.84,48
20180728,nuclear,31.79,48
20180728,other,0.1,48
20180728,solar,7.54,48
20180728,wind,24.13,48
20180729,biomass,4.75,48
20180729,coal,0.73,48
20180729,gas,27.94,48
20180729,hydro,1.1,48
20180729,imports,7.26,48
20180729,nuclear,25.99,48
20180729,other,0.0,48
20180729,solar,2.57,48
20180729,wind,29.65,48
20180730,biomass,4.58,48
20180730,coal,1.2,48
20180730,gas,31.3,48
20180730,hydro,0.83,48
20180730,imports,8.68,48
20180730,nuclear,23.41,48
20180730,other,0.0,48
20180730,solar,5.57,48
20180730,wind,24.44,48
20180731,biomass,4.81,48
20180731,coal,1.44,48
20180731,gas,36.57,48
20180731,hydro,1.03,48
20180731,imports,8.99,48
20180731,nuclear,21.71,48
20180731,other,0.0,48
20180731,solar,6.5,48
20180731,wind,18.94,48
20180801,biomass,5.4,48
20180801,coal,1.46,48
20180801,gas,42.17,48
20180801,hydro,1.05,48
20180801,imports,9.02,48
20180801,nuclear,21.76,48
20180801,other,0.0,48
20180801,solar,6.7,48
20180801,wind,12.44,48
20180802,biomass,5.78,48
20180802,coal,1.29,48
20180802,gas,44.63,48
20180802,hydro,0.95,48
20180802,imports,9.17,48
20180802,nuclear,20.96,48
20180802,other,0.0,48
20180802,solar,6.47,48
20180802,wind,10.76,48
20180803,biomass,5.77,48
20180803,coal,1.0,48
20180803,gas,47.53,48
20180803,hydro,1.0,48
20180803,imports,9.12,48
20180803,nuclear,21.49,48
20180803,other,0.0,48
20180803,solar,6.51,48
20180803,wind,7.59,48
20180804,biomass,6.3,1
20180804,coal,1.1,1
20180804,gas,53.9,1
20180804,hydro,1.7,1
20180804,imports,9.2,1
20180804,nuclear,22.2,1
20180804,other,0.0,1
20180804,solar,0.0,1
20180804,wind,5.6,1
20180806,biomass,6.65,47
20180806,coal,0.62,47
20180806,gas,43.44,47
20180806,hydro,1.34,47
20180806,imports,5.7,47
20180806,nuclear,26.83,47
20180806,other,0.26,47
20180806,solar,6.89,47
20180806,wind,8.26,47
20180807,biomass,7.28,48
20180807,coal,1.1,48
20180807,gas,46.81,48
20180807,hydro,1.4,48
20180807,imports,6.35,48
20180807,nuclear,25.97,48
20180807,other,0.39,48
20180807,solar,5.66,48
20180807,wind,5.05,48
20180808,biomass,6.54,48
20180808,coal,0.72,48
20180808,gas,38.49,48
20180808,hydro,0.83,48
20180808,imports,10.45,48
20180808,nuclear,26.98,48
20180808,other,0.42,48
20180808,solar,5.68,48
20180808,wind,9.89,48
20180809,biomass,7.79,48
20180809,coal,1.29,48
20180809,gas,39.05,48
20180809,hydro,1.17,48
20180809,imports,10.38,48
20180809,nuclear,26.81,48
20180809,other,0.44,48
20180809,solar,4.41,48
20180809,wind,8.67,48
20180810,biomass,7.57,48
20180810,coal,0.77,48
20180810,gas,35.26,48
20180810,hydro,1.46,48
20180810,imports,10.3,48
20180810,nuclear,27.29,48
20180810,other,0.4,48
20180810,solar,5.15,48
20180810,wind,11.79,48
20180811,biomass,9.13,48
20180811,coal,1.13,48
20180811,gas,32.36,48
20180811,hydro,0.88,48
20180811,imports,11.35,48
20180811,nuclear,28.32,48
20180811,other,0.37,48
20180811,solar,5.92,48
20180811,wind,10.53,48
20180812,biomass,6.94,48
20180812,coal,0.0,48
20180812,gas,34.99,48
20180812,hydro,1.76,48
20180812,imports,9.41,48
20180812,nuclear,28.15,48
20180812,other,0.48,48
20180812,solar,3.04,48
20180812,wind,15.23,48
20180813,biomass,6.67,48
20180813,coal,0.38,48
20180813,gas,48.62,48
20180813,hydro,1.61,48
20180813,imports,10.05,48
20180813,nuclear,22.51,48
20180813,other,0.45,48
20180813,solar,4.3,48
20180813,wind,5.42,48
20180814,biomass,7.97,48
20180814,coal,0.96,48
20180814,gas,42.29,48
20180814,hydro,1.11,48
20180814,imports,9.91,48
20180814,nuclear,22.7,48
20180814,other,0.43,48
20180814,solar,3.9,48
20180814,wind,10.74,48
20180815,biomass,7.33,48
20180815,coal,0.0,48
20180815,gas,30.49,48
20180815,hydro,1.05,48
20180815,imports,10.3,48
20180815,nuclear,24.88,48
20180815,other,0.47,48
20180815,solar,3.83,48
20180815,wind,21.66,48
20180816,biomass,6.24,48
20180816,coal,0.11,48
20180816,gas,31.84,48
20180816,hydro,1.25,48
20180816,imports,9.69,48
20180816,nuclear,25.49,48
20180816,other,0.48,48
20180816,solar,4.54,48
20180816,wind,20.37,48
20180817,biomass,5.79,48
20180817,coal,0.1,48
20180817,gas,30.37,48
20180817,hydro,1.32,48
20180817,imports,10.7,48
20180817,nuclear,26.13,48
20180817,other,0.48,48
20180817,solar,4.94,48
20180817,wind,20.16,48
20180818,biomass,3.74,48
20180818,coal,0.73,48
20180818,gas,28.39,48
20180818,hydro,1.47,48
20180818,imports,8.63,48
20180818,nuclear,28.29,48
20180818,other,0.56,48
20180818,solar,3.69,48
20180818,wind,24.49,48
20180819,biomass,5.38,48
20180819,coal,0.46,48
20180819,gas,31.46,48
20180819,hydro,1.64,48
20180819,imports,10.41,48
20180819,nuclear,28.39,48
20180819,other,0.53,48
20180819,solar,4.09,48
20180819,wind,17.63,48
20180820,biomass,5.39,48
20180820,coal,4.79,48
20180820,gas,48.42,48
20180820,hydro,2.37,48
20180820,imports,9.52,48
20180820,nuclear,23.49,48
20180820,other,0.41,48
20180820,solar,3.28,48
20180820,wind,2.33,48
20180821,biomass,4.8,48
20180821,coal,3.53,48
20180821,gas,48.43,48
20180821,hydro,1.25,48
20180821,imports,6.63,48
20180821,nuclear,23.24,48
20180821,other,0.46,48
20180821,solar,4.65,48
20180821,wind,7.02,48
20180822,biomass,6.3,48
20180822,coal,2.45,48
20180822,gas,39.81,48
20180822,hydro,1.54,48
20180822,imports,7.41,48
20180822,nuclear,24.75,48
20180822,other,0.46,48
20180822,solar,3.22,48
20180822,wind,14.07,48
20180823,biomass,7.56,48
20180823,coal,2.43,48
20180823,gas,37.17,48
20180823,hydro,1.87,48
20180823,imports,6.69,48
20180823,nuclear,25.16,48
20180823,other,0.46,48
20180823,solar,4.04,48
20180823,wind,14.62,48
20180824,biomass,5.18,48
20180824,coal,1.66,48
20180824,gas,23.34,48
20180824,hydro,1.66,48
20180824,imports,8.26,48
20180824,nuclear,27.29,48
20180824,other,0.5,48
20180824,solar,5.22,48
20180824,wind,26.88,48
20180825,biomass,7.8,48
20180825,coal,0.77,48
20180825,gas,28.57,48
20180825,hydro,1.38,48
20180825,imports,8.55,48
20180825,nuclear,28.91,48
20180825,other,0.47,48
20180825,solar,7.45,48
20180825,wind,16.09,48
20180826,biomass,8.65,48
20180826,coal,0.19,48
20180826,gas,23.5,48
20180826,hydro,1.78,48
20180826,imports,10.4,48
20180826,nuclear,29.98,48
20180826,other,0.49,48
20180826,solar,1.73,48
20180826,wind,23.28,48
20180827,biomass,7.82,48
20180827,coal,0.0,48
20180827,gas,27.8,48
20180827,hydro,1.81,48
20180827,imports,4.46,48
20180827,nuclear,29.18,48
20180827,other,0.33,48
20180827,solar,3.83,48
20180827,wind,24.76,48
20180828,biomass,7.78,48
20180828,coal,2.94,48
20180828,gas,40.51,48
20180828,hydro,1.44,48
20180828,imports,8.27,48
20180828,nuclear,25.11,48
20180828,other,0.43,48
20180828,solar,3.22,48
20180828,wind,10.3,48
20180829,biomass,7.28,48
20180829,coal,3.87,48
20180829,gas,41.01,48
20180829,hydro,1.34,48
20180829,imports,7.09,48
20180829,nuclear,24.04,48
20180829,other,0.4,48
20180829,solar,4.06,48
20180829,wind,10.9,48
20180830,biomass,6.36,48
20180830,coal,2.39,48
20180830,gas,47.75,48
20180830,hydro,1.33,48
20180830,imports,8.41,48
20180830,nuclear,24.18,48
20180830,other,0.21,48
20180830,solar,5.25,48
20180830,wind,4.12,48
20180831,biomass,5.4,48
20180831,coal,1.14,48
20180831,gas,44.45,48
20180831,hydro,1.32,48
20180831,imports,9.39,48
20180831,nuclear,25.09,48
20180831,other,0.0,48
20180831,solar,5.78,48
20180831,wind,7.42,48
20180901,biomass,5.79,48
20180901,coal,1.03,48
20180901,gas,35.93,48
20180901,hydro,1.26,48
20180901,imports,9.94,48
20180901,nuclear,27.62,48
20180901,other,0.0,48
20180901,solar,4.99,48
20180901,wind,13.44,48
20180902,biomass,5.43,48
20180902,coal,0.71,48
20180902,gas,32.7,48
20180902,hydro,1.13,48
20180902,imports,9.7,48
20180902,nuclear,27.2,48
20180902,other,0.0,48
20180902,solar,4.97,48
20180902,wind,18.15,48
20180903,biomass,5.77,48
20180903,coal,1.61,48
20180903,gas,45.83,48
20180903,hydro,1.48,48
20180903,imports,8.86,48
20180903,nuclear,24.63,48
20180903,other,0.0,48
20180903,solar,3.76,48
20180903,wind,8.05,48
20180904,biomass,5.71,48
20180904,coal,2.53,48
20180904,gas,47.19,48
20180904,hydro,1.49,48
20180904,imports,7.96,48
20180904,nuclear,24.42,48
20180904,other,0.0,48
20180904,solar,3.96,48
20180904,wind,6.74,48
20180905,biomass,7.51,48
20180905,coal,6.25,48
20180905,gas,42.38,48
20180905,hydro,1.26,48
20180905,imports,4.71,48
20180905,nuclear,24.99,48
20180905,other,0.37,48
20180905,solar,4.48,48
20180905,wind,8.05,48
20180906,biomass,8.33,48
20180906,coal,6.87,48
20180906,gas,40.17,48
20180906,hydro,1.04,48
20180906,imports,4.54,48
20180906,nuclear,25.59,48
20180906,other,0.4,48
20180906,solar,3.56,48
20180906,wind,9.5,48
20180907,biomass,8.69,48
20180907,coal,6.78,48
20180907,gas,25.73,48
20180907,hydro,1.15,48
20180907,imports,6.37,48
20180907,nuclear,26.75,48
20180907,other,0.41,48
20180907,solar,5.27,48
20180907,wind,18.86,48
20180908,biomass,5.1,48
20180908,coal,6.84,48
20180908,gas,33.69,48
20180908,hydro,1.15,48
20180908,imports,7.33,48
20180908,nuclear,27.35,48
20180908,other,0.33,48
20180908,solar,2.8,48
20180908,wind,15.41,48
20180909,biomass,5.37,48
20180909,coal,3.21,48
20180909,gas,21.13,48
20180909,hydro,1.27,48
20180909,imports,7.33,48
20180909,nuclear,27.64,48
20180909,other,0.38,48
20180909,solar,5.36,48
20180909,wind,28.31,48
20180910,biomass,7.9,48
20180910,coal,2.42,48
20180910,gas,26.89,48
20180910,hydro,1.94,48
20180910,imports,5.27,48
20180910,nuclear,24.0,48
20180910,other,0.45,48
20180910,solar,3.93,48
20180910,wind,27.19,48
20180911,biomass,8.2,48
20180911,coal,6.54,48
20180911,gas,23.19,48
20180911,hydro,1.37,48
20180911,imports,3.66,48
20180911,nuclear,23.71,48
20180911,other,0.44,48
20180911,solar,2.75,48
20180911,wind,30.15,48
20180912,biomass,7.86,48
20180912,coal,6.34,48
20180912,gas,32.83,48
20180912,hydro,2.25,48
20180912,imports,5.11,48
20180912,nuclear,23.91,48
20180912,other,0.43,48
20180912,solar,2.5,48
20180912,wind,18.76,48
20180913,biomass,7.82,48
20180913,coal,5.61,48
20180913,gas,31.79,48
20180913,hydro,2.07,48
20180913,imports,4.38,48
20180913,nuclear,23.95,48
20180913,other,0.43,48
20180913,solar,5.16,48
20180913,wind,18.8,48
20180914,biomass,7.74,48
20180914,coal,4.37,48
20180914,gas,28.65,48
20180914,hydro,2.07,48
20180914,imports,7.07,48
20180914,nuclear,24.77,48
20180914,other,0.39,48
20180914,solar,3.5,48
20180914,wind,21.45,48
20180915,biomass,5.47,48
20180915,coal,6.11,48
20180915,gas,29.39,48
20180915,hydro,2.27,48
20180915,imports,10.78,48
20180915,nuclear,26.75,48
20180915,other,0.29,48
20180915,solar,4.71,48
20180915,wind,14.24,48
20180916,biomass,6.03,48
20180916,coal,5.32,48
20180916,gas,21.11,48
20180916,hydro,2.37,48
20180916,imports,6.35,48
20180916,nuclear,27.7,48
20180916,other,0.29,48
20180916,solar,3.31,48
20180916,wind,27.51,48
20180917,biomass,7.86,48
20180917,coal,4.93,48
20180917,gas,31.31,48
20180917,hydro,2.3,48
20180917,imports,5.01,48
20180917,nuclear,24.51,48
20180917,other,0.25,48
20180917,solar,3.8,48
20180917,wind,20.03,48
20180918,biomass,6.43,48
20180918,coal,2.95,48
20180918,gas,22.11,48
20180918,hydro,2.87,48
20180918,imports,5.59,48
20180918,nuclear,25.28,48
20180918,other,0.26,48
20180918,solar,3.16,48
20180918,wind,31.35,48
20180919,biomass,8.09,48
20180919,coal,2.36,48
20180919,gas,21.84,48
20180919,hydro,2.77,48
20180919,imports,5.13,48
20180919,nuclear,24.71,48
20180919,other,0.26,48
20180919,solar,3.35,48
20180919,wind,31.5,48
20180920,biomass,4.94,48
20180920,coal,4.7,48
20180920,gas,33.33,48
20180920,hydro,3.17,48
20180920,imports,6.41,48
20180920,nuclear,23.64,48
20180920,other,0.2,48
20180920,solar,1.41,48
20180920,wind,22.2,48
20180921,biomass,5.3,48
20180921,coal,3.84,48
20180921,gas,18.26,48
20180921,hydro,2.56,48
20180921,imports,7.07,48
20180921,nuclear,23.79,48
20180921,other,0.27,48
20180921,solar,4.8,48
20180921,wind,34.11,48
20180922,biomass,6.91,48
20180922,coal,6.36,48
20180922,gas,30.86,48
20180922,hydro,2.82,48
20180922,imports,7.21,48
20180922,nuclear,23.85,48
20180922,other,0.28,48
20180922,solar,1.59,48
20180922,wind,20.13,48
20180923,biomass,5.71,48
20180923,coal,7.23,48
20180923,gas,27.94,48
20180923,hydro,2.21,48
20180923,imports,9.32,48
20180923,nuclear,23.95,48
20180923,other,0.26,48
20180923,solar,4.2,48
20180923,wind,19.19,48
20180924,biomass,7.54,48
20180924,coal,9.81,48
20180924,gas,31.71,48
20180924,hydro,2.42,48
20180924,imports,8.55,48
20180924,nuclear,21.43,48
20180924,other,0.22,48
20180924,solar,5.29,48
20180924,wind,13.03,48
20180925,biomass,8.36,48
20180925,coal,7.06,48
20180925,gas,29.72,48
20180925,hydro,2.01,48
20180925,imports,7.56,48
20180925,nuclear,21.38,48
20180925,other,0.11,48
20180925,solar,5.88,48
20180925,wind,17.92,48
20180926,biomass,6.89,48
20180926,coal,4.99,48
20180926,gas,27.84,48
20180926,hydro,1.13,48
20180926,imports,5.05,48
20180926,nuclear,23.02,48
20180926,other,0.0,48
20180926,solar,4.15,48
20180926,wind,26.91,48
20180927,biomass,6.55,48
20180927,coal,9.38,48
20180927,gas,28.08,48
20180927,hydro,2.11,48
20180927,imports,8.43,48
20180927,nuclear,22.02,48
20180927,other,0.32,48
20180927,solar,5.52,48
20180927,wind,17.61,48
20180928,biomass,6.31,48
20180928,coal,6.78,48
20180928,gas,35.74,48
20180928,hydro,2.67,48
20180928,imports,9.05,48
20180928,nuclear,21.99,48
20180928,other,0.36,48
20180928,solar,4.91,48
20180928,wind,12.18,48
20180929,biomass,3.53,48
20180929,coal,5.91,48
20180929,gas,32.26,48
20180929,hydro,2.08,48
20180929,imports,9.17,48
20180929,nuclear,24.11,48
20180929,other,0.43,48
20180929,solar,6.18,48
20180929,wind,16.34,48
20180930,biomass,3.68,48
20180930,coal,4.3,48
20180930,gas,30.35,48
20180930,hydro,1.69,48
20180930,imports,9.73,48
20180930,nuclear,25.18,48
20180930,other,0.45,48
20180930,solar,3.04,48
20180930,wind,21.6,48
20181001,biomass,7.02,48
20181001,coal,5.32,48
20181001,gas,31.99,48
20181001,hydro,2.27,48
20181001,imports,8.02,48
20181001,nuclear,22.0,48
20181001,other,0.38,48
20181001,solar,4.05,48
20181001,wind,18.95,48
20181002,biomass,8.51,48
20181002,coal,4.44,48
20181002,gas,29.19,48
20181002,hydro,1.91,48
20181002,imports,4.85,48
20181002,nuclear,20.96,48
20181002,other,0.36,48
20181002,solar,2.42,48
20181002,wind,27.34,48
20181003,biomass,9.02,48
20181003,coal,5.17,48
20181003,gas,38.28,48
20181003,hydro,2.43,48
20181003,imports,6.99,48
20181003,nuclear,19.0,48
20181003,other,0.36,48
20181003,solar,2.76,48
20181003,wind,16.0,48
20181004,biomass,9.07,48
20181004,coal,3.87,48
20181004,gas,38.57,48
20181004,hydro,2.4,48
20181004,imports,6.03,48
20181004,nuclear,18.69,48
20181004,other,0.36,48
20181004,solar,2.65,48
20181004,wind,18.36,48
20181005,biomass,8.82,48
20181005,coal,4.54,48
20181005,gas,45.65,48
20181005,hydro,3.0,48
20181005,imports,8.37,48
20181005,nuclear,18.79,48
20181005,other,0.36,48
20181005,solar,2.58,48
20181005,wind,7.9,48
20181006,biomass,5.72,48
20181006,coal,4.04,48
20181006,gas,41.83,48
20181006,hydro,3.18,48
20181006,imports,8.98,48
20181006,nuclear,20.49,48
20181006,other,0.41,48
20181006,solar,1.63,48
20181006,wind,13.72,48
20181007,biomass,7.53,48
20181007,coal,1.26,48
20181007,gas,32.67,48
20181007,hydro,2.41,48
20181007,imports,10.12,48
20181007,nuclear,21.64,48
20181007,other,0.43,48
20181007,solar,4.08,48
20181007,wind,19.86,48
20181008,biomass,7.88,48
20181008,coal,3.09,48
20181008,gas,34.24,48
20181008,hydro,2.61,48
20181008,imports,6.34,48
20181008,nuclear,21.04,48
20181008,other,0.38,48
20181008,solar,2.07,48
20181008,wind,22.35,48
20181009,biomass,6.81,48
20181009,coal,2.62,48
20181009,gas,36.42,48
20181009,hydro,3.04,48
20181009,imports,5.83,48
20181009,nuclear,18.6,48
20181009,other,0.36,48
20181009,solar,4.88,48
20181009,wind,21.44,48
20181010,biomass,7.42,48
20181010,coal,2.2,48
20181010,gas,35.37,48
20181010,hydro,3.65,48
20181010,imports,8.47,48
20181010,nuclear,18.31,48
20181010,other,0.32,48
20181010,solar,4.83,48
20181010,wind,19.43,48
20181011,biomass,6.87,48
20181011,coal,3.35,48
20181011,gas,33.77,48
20181011,hydro,3.7,48
20181011,imports,6.94,48
20181011,nuclear,18.77,48
20181011,other,0.18,48
20181011,solar,1.98,48
20181011,wind,24.44,48
20181012,biomass,5.27,48
20181012,coal,0.56,48
20181012,gas,30.76,48
20181012,hydro,2.84,48
20181012,imports,6.84,48
20181012,nuclear,19.86,48
20181012,other,0.24,48
20181012,solar,1.24,48
20181012,wind,32.39,48
20181013,biomass,5.48,48
20181013,coal,0.0,48
20181013,gas,31.97,48
20181013,hydro,3.82,48
20181013,imports,7.05,48
20181013,nuclear,21.13,48
20181013,other,0.33,48
20181013,solar,2.28,48
20181013,wind,27.96,48
20181014,biomass,7.13,48
20181014,coal,1.23,48
20181014,gas,42.96,48
20181014,hydro,3.94,48
20181014,imports,9.96,48
20181014,nuclear,20.59,48
20181014,other,0.32,48
20181014,solar,1.01,48
20181014,wind,12.86,48
20181015,biomass,8.2,48
20181015,coal,5.34,48
20181015,gas,48.16,48
20181015,hydro,3.07,48
20181015,imports,6.91,48
20181015,nuclear,17.62,48
20181015,other,0.25,48
20181015,solar,1.03,48
20181015,wind,9.41,48
20181016,biomass,8.29,48
20181016,coal,6.51,48
20181016,gas,40.28,48
20181016,hydro,2.65,48
20181016,imports,5.03,48
20181016,nuclear,17.51,48
20181016,other,0.22,48
20181016,solar,1.75,48
20181016,wind,17.76,48
20181017,biomass,6.53,48
20181017,coal,8.97,48
20181017,gas,48.28,48
20181017,hydro,2.45,48
20181017,imports,4.3,48
20181017,nuclear,17.08,48
20181017,other,0.22,48
20181017,solar,1.7,48
20181017,wind,10.47,48
20181018,biomass,4.62,48
20181018,coal,8.8,48
20181018,gas,49.04,48
20181018,hydro,2.43,48
20181018,imports,8.06,48
20181018,nuclear,15.84,48
20181018,other,0.26,48
20181018,solar,3.72,48
20181018,wind,7.24,48
20181019,biomass,7.49,48
20181019,coal,6.07,48
20181019,gas,47.65,48
20181019,hydro,2.47,48
20181019,imports,6.49,48
20181019,nuclear,15.84,48
20181019,other,0.14,48
20181019,solar,3.46,48
20181019,wind,10.4,48
20181020,biomass,6.11,48
20181020,coal,0.96,48
20181020,gas,43.95,48
20181020,hydro,2.65,48
20181020,imports,10.38,48
20181020,nuclear,18.03,48
20181020,other,0.14,48
20181020,solar,3.65,48
20181020,wind,14.11,48
20181021,biomass,6.35,48
20181021,coal,0.0,48
20181021,gas,34.36,48
20181021,hydro,2.52,48
20181021,imports,10.15,48
20181021,nuclear,18.88,48
20181021,other,0.22,48
20181021,solar,3.87,48
20181021,wind,23.64,48
20181022,biomass,7.62,48
20181022,coal,0.95,48
20181022,gas,32.75,48
20181022,hydro,2.24,48
20181022,imports,7.73,48
20181022,nuclear,17.53,48
20181022,other,0.23,48
20181022,solar,3.95,48
20181022,wind,27.0,48
20181023,biomass,6.69,48
20181023,coal,1.13,48
20181023,gas,28.84,48
20181023,hydro,2.03,48
20181023,imports,5.87,48
20181023,nuclear,18.54,48
20181023,other,0.22,48
20181023,solar,2.4,48
20181023,wind,34.29,48
20181024,biomass,7.09,48
20181024,coal,4.16,48
20181024,gas,30.33,48
20181024,hydro,1.46,48
20181024,imports,5.16,48
20181024,nuclear,18.46,48
20181024,other,0.0,48
20181024,solar,2.44,48
20181024,wind,30.9,48
20181025,biomass,6.22,48
20181025,coal,4.48,48
20181025,gas,37.47,48
20181025,hydro,1.73,48
20181025,imports,7.3,48
20181025,nuclear,17.31,48
20181025,other,0.0,48
20181025,solar,1.41,48
20181025,wind,24.09,48
20181026,biomass,6.77,48
20181026,coal,3.28,48
20181026,gas,28.43,48
20181026,hydro,1.49,48
20181026,imports,7.2,48
20181026,nuclear,18.0,48
20181026,other,0.0,48
20181026,solar,2.19,48
20181026,wind,32.65,48
20181027,biomass,8.42,48
20181027,coal,0.52,48
20181027,gas,32.56,48
20181027,hydro,1.92,48
20181027,imports,6.02,48
20181027,nuclear,18.21,48
20181027,other,0.16,48
20181027,solar,2.5,48
20181027,wind,29.67,48
20181028,biomass,9.36,50
20181028,coal,1.9,50
20181028,gas,40.08,50
20181028,hydro,1.73,50
20181028,imports,9.17,50
20181028,nuclear,18.81,50
20181028,other,0.19,50
20181028,solar,2.93,50
20181028,wind,15.83,50
20181029,biomass,7.65,48
20181029,coal,7.54,48
20181029,gas,45.14,48
20181029,hydro,1.73,48
20181029,imports,5.53,48
20181029,nuclear,16.2,48
20181029,other,0.13,48
20181029,solar,3.04,48
20181029,wind,13.03,48
20181030,biomass,6.71,48
20181030,coal,8.63,48
20181030,gas,48.54,48
20181030,hydro,1.94,48
20181030,imports,4.38,48
20181030,nuclear,15.79,48
20181030,other,0.1,48
20181030,solar,1.52,48
20181030,wind,12.39,48
20181031,biomass,6.84,48
20181031,coal,6.43,48
20181031,gas,50.24,48
20181031,hydro,1.35,48
20181031,imports,5.07,48
20181031,nuclear,15.79,48
20181031,other,0.09,48
20181031,solar,2.09,48
20181031,wind,12.1,48
20181101,biomass,8.44,48
20181101,coal,5.56,48
20181101,gas,48.91,48
20181101,hydro,1.62,48
20181101,imports,8.46,48
20181101,nuclear,16.34,48
20181101,other,0.08,48
20181101,solar,1.36,48
20181101,wind,9.24,48
20181102,biomass,8.16,48
20181102,coal,5.94,48
20181102,gas,45.5,48
20181102,hydro,1.75,48
20181102,imports,6.08,48
20181102,nuclear,16.36,48
20181102,other,0.11,48
20181102,solar,3.12,48
20181102,wind,12.98,48
20181103,biomass,3.78,48
20181103,coal,2.08,48
20181103,gas,29.2,48
20181103,hydro,2.12,48
20181103,imports,6.42,48
20181103,nuclear,20.16,48
20181103,other,0.13,48
20181103,solar,1.6,48
20181103,wind,34.5,48
20181104,biomass,5.02,48
20181104,coal,4.85,48
20181104,gas,36.2,48
20181104,hydro,2.73,48
20181104,imports,7.81,48
20181104,nuclear,19.81,48
20181104,other,0.12,48
20181104,solar,1.01,48
20181104,wind,22.46,48
20181105,biomass,7.56,48
20181105,coal,6.45,48
20181105,gas,48.49,48
20181105,hydro,2.44,48
20181105,imports,5.26,48
20181105,nuclear,17.12,48
20181105,other,0.13,48
20181105,solar,1.1,48
20181105,wind,11.45,48
20181106,biomass,8.86,48
20181106,coal,4.96,48
20181106,gas,35.05,48
20181106,hydro,2.16,48
20181106,imports,6.1,48
20181106,nuclear,17.69,48
20181106,other,0.12,48
20181106,solar,0.95,48
20181106,wind,24.12,48
20181107,biomass,6.87,48
20181107,coal,5.25,48
20181107,gas,31.41,48
20181107,hydro,2.43,48
20181107,imports,7.67,48
20181107,nuclear,17.71,48
20181107,other,0.13,48
20181107,solar,0.85,48
20181107,wind,27.69,48
20181108,biomass,8.05,48
20181108,coal,5.38,48
20181108,gas,35.48,48
20181108,hydro,2.51,48
20181108,imports,6.15,48
20181108,nuclear,18.26,48
20181108,other,0.14,48
20181108,solar,1.58,48
20181108,wind,22.46,48
20181109,biomass,6.41,48
20181109,coal,4.05,48
20181109,gas,25.81,48
20181109,hydro,2.08,48
20181109,imports,8.69,48
20181109,nuclear,19.25,48
20181109,other,0.09,48
20181109,solar,0.81,48
20181109,wind,32.81,48
20181110,biomass,5.42,48
20181110,coal,4.53,48
20181110,gas,34.14,48
20181110,hydro,2.9,48
20181110,imports,8.49,48
20181110,nuclear,20.86,48
20181110,other,0.0,48
20181110,solar,1.61,48
20181110,wind,22.05,48
20181111,biomass,5.78,48
20181111,coal,3.63,48
20181111,gas,34.57,48
20181111,hydro,2.72,48
20181111,imports,9.67,48
20181111,nuclear,21.29,48
20181111,other,0.0,48
20181111,solar,2.34,48
20181111,wind,19.99,48
20181112,biomass,6.36,48
20181112,coal,4.66,48
20181112,gas,34.79,48
20181112,hydro,2.26,48
20181112,imports,5.7,48
20181112,nuclear,19.55,48
20181112,other,0.0,48
20181112,solar,1.88,48
20181112,wind,24.8,48
20181113,biomass,5.3,48
20181113,coal,6.02,48
20181113,gas,32.05,48
20181113,hydro,2.26,48
20181113,imports,7.04,48
20181113,nuclear,19.74,48
20181113,other,0.11,48
20181113,solar,2.29,48
20181113,wind,25.2,48
20181114,biomass,4.6,48
20181114,coal,8.74,48
20181114,gas,26.88,48
20181114,hydro,2.49,48
20181114,imports,6.13,48
20181114,nuclear,19.65,48
20181114,other,0.18,48
20181114,solar,1.68,48
20181114,wind,29.66,48
20181115,biomass,4.5,48
20181115,coal,12.06,48
20181115,gas,35.17,48
20181115,hydro,2.07,48
20181115,imports,6.8,48
20181115,nuclear,18.74,48
20181115,other,0.1,48
20181115,solar,1.21,48
20181115,wind,19.35,48
20181116,biomass,4.46,48
20181116,coal,14.75,48
20181116,gas,42.1,48
20181116,hydro,2.27,48
20181116,imports,7.57,48
20181116,nuclear,18.61,48
20181116,other,0.11,48
20181116,solar,0.3,48
20181116,wind,9.84,48
20181117,biomass,4.97,48
20181117,coal,11.27,48
20181117,gas,26.15,48
20181117,hydro,2.28,48
20181117,imports,10.37,48
20181117,nuclear,20.5,48
20181117,other,0.22,48
20181117,solar,2.31,48
20181117,wind,21.93,48
20181118,biomass,5.46,48
20181118,coal,10.19,48
20181118,gas,28.93,48
20181118,hydro,2.13,48
20181118,imports,9.63,48
20181118,nuclear,18.84,48
20181118,other,0.19,48
20181118,solar,2.64,48
20181118,wind,21.99,48
20181119,biomass,5.8,48
20181119,coal,13.45,48
20181119,gas,33.88,48
20181119,hydro,1.79,48
20181119,imports,4.0,48
20181119,nuclear,16.57,48
20181119,other,0.18,48
20181119,solar,0.87,48
20181119,wind,23.45,48
20181120,biomass,4.76,48
20181120,coal,10.61,48
20181120,gas,36.46,48
20181120,hydro,1.73,48
20181120,imports,2.63,48
20181120,nuclear,16.53,48
20181120,other,0.15,48
20181120,solar,0.48,48
20181120,wind,26.65,48
20181121,biomass,5.98,48
20181121,coal,12.18,48
20181121,gas,40.94,48
20181121,hydro,1.63,48
20181121,imports,1.68,48
20181121,nuclear,15.52,48
20181121,other,0.1,48
20181121,solar,0.83,48
20181121,wind,21.15,48
20181122,biomass,5.85,48
20181122,coal,16.12,48
20181122,gas,48.61,48
20181122,hydro,2.15,48
20181122,imports,2.83,48
20181122,nuclear,15.17,48
20181122,other,0.1,48
20181122,solar,0.8,48
20181122,wind,8.36,48
20181123,biomass,5.94,48
20181123,coal,15.08,48
20181123,gas,51.19,48
20181123,hydro,1.78,48
20181123,imports,2.41,48
20181123,nuclear,15.24,48
20181123,other,0.06,48
20181123,solar,0.39,48
20181123,wind,7.91,48
20181124,biomass,6.79,48
20181124,coal,10.54,48
20181124,gas,44.81,48
20181124,hydro,1.65,48
20181124,imports,7.8,48
20181124,nuclear,17.66,48
20181124,other,0.04,48
20181124,solar,0.4,48
20181124,wind,10.32,48
20181125,biomass,8.49,48
20181125,coal,6.27,48
20181125,gas,39.76,48
20181125,hydro,1.78,48
20181125,imports,9.23,48
20181125,nuclear,20.51,48
20181125,other,0.1,48
20181125,solar,0.72,48
20181125,wind,13.14,48
20181126,biomass,7.45,48
20181126,coal,12.76,48
20181126,gas,47.55,48
20181126,hydro,2.01,48
20181126,imports,4.5,48
20181126,nuclear,17.69,48
20181126,other,0.1,48
20181126,solar,0.91,48
20181126,wind,7.03,48
20181127,biomass,7.46,48
20181127,coal,9.1,48
20181127,gas,38.44,48
20181127,hydro,1.45,48
20181127,imports,4.42,48
20181127,nuclear,16.74,48
20181127,other,0.1,48
20181127,solar,0.26,48
20181127,wind,22.03,48
20181128,biomass,7.97,48
20181128,coal,8.75,48
20181128,gas,23.45,48
20181128,hydro,1.68,48
20181128,imports,7.75,48
20181128,nuclear,17.91,48
20181128,other,0.12,48
20181128,solar,0.19,48
20181128,wind,32.18,48
20181129,biomass,7.97,48
20181129,coal,8.52,48
20181129,gas,23.02,48
20181129,hydro,1.96,48
20181129,imports,6.52,48
20181129,nuclear,18.91,48
20181129,other,0.19,48
20181129,solar,0.58,48
20181129,wind,32.32,48
20181130,biomass,8.14,48
20181130,coal,8.73,48
20181130,gas,24.68,48
20181130,hydro,2.22,48
20181130,imports,4.63,48
20181130,nuclear,18.49,48
20181130,other,0.12,48
20181130,solar,1.66,48
20181130,wind,31.33,48
20181201,biomass,8.25,48
20181201,coal,4.77,48
20181201,gas,38.86,48
20181201,hydro,3.08,48
20181201,imports,8.28,48
20181201,nuclear,19.6,48
20181201,other,0.19,48
20181201,solar,0.32,48
20181201,wind,16.65,48
20181202,biomass,6.52,48
20181202,coal,3.56,48
20181202,gas,37.07,48
20181202,hydro,2.77,48
20181202,imports,9.07,48
20181202,nuclear,20.39,48
20181202,other,0.21,48
20181202,solar,0.58,48
20181202,wind,19.83,48
20181203,biomass,6.82,48
20181203,coal,6.39,48
20181203,gas,39.42,48
20181203,hydro,2.52,48
20181203,imports,7.61,48
20181203,nuclear,17.83,48
20181203,other,0.16,48
20181203,solar,0.83,48
20181203,wind,18.42,48
20181204,biomass,7.57,48
20181204,coal,8.96,48
20181204,gas,51.26,48
20181204,hydro,2.16,48
20181204,imports,7.21,48
20181204,nuclear,16.73,48
20181204,other,0.14,48
20181204,solar,0.96,48
20181204,wind,5.01,48
20181205,biomass,8.09,48
20181205,coal,7.49,48
20181205,gas,43.81,48
20181205,hydro,2.15,48
20181205,imports,6.8,48
20181205,nuclear,18.14,48
20181205,other,0.15,48
20181205,solar,0.12,48
20181205,wind,13.25,48
20181206,biomass,8.07,48
20181206,coal,3.42,48
20181206,gas,36.44,48
20181206,hydro,2.08,48
20181206,imports,7.94,48
20181206,nuclear,19.65,48
20181206,other,0.18,48
20181206,solar,0.25,48
20181206,wind,21.97,48
20181207,biomass,6.05,48
20181207,coal,1.93,48
20181207,gas,26.23,48
20181207,hydro,2.03,48
20181207,imports,8.12,48
20181207,nuclear,20.94,48
20181207,other,0.22,48
20181207,solar,0.88,48
20181207,wind,33.6,48
20181208,biomass,5.1,48
20181208,coal,1.64,48
20181208,gas,26.68,48
20181208,hydro,2.96,48
20181208,imports,8.08,48
20181208,nuclear,22.24,48
20181208,other,0.22,48
20181208,solar,0.86,48
20181208,wind,32.21,48
20181209,biomass,7.13,48
20181209,coal,1.01,48
20181209,gas,30.4,48
20181209,hydro,3.09,48
20181209,imports,8.58,48
20181209,nuclear,22.13,48
20181209,other,0.22,48
20181209,solar,1.37,48
20181209,wind,26.06,48
20181210,biomass,7.71,48
20181210,coal,7.86,48
20181210,gas,44.91,48
20181210,hydro,2.4,48
20181210,imports,7.38,48
20181210,nuclear,18.25,48
20181210,other,0.17,48
20181210,solar,0.72,48
20181210,wind,10.6,48
20181211,biomass,6.92,48
20181211,coal,8.15,48
20181211,gas,46.45,48
20181211,hydro,1.98,48
20181211,imports,7.06,48
20181211,nuclear,17.5,48
20181211,other,0.14,48
20181211,solar,0.89,48
20181211,wind,10.91,48
20181212,biomass,5.5,48
20181212,coal,6.91,48
20181212,gas,40.44,48
20181212,hydro,1.74,48
20181212,imports,4.38,48
20181212,nuclear,18.09,48
20181212,other,0.16,48
20181212,solar,0.63,48
20181212,wind,22.14,48
20181213,biomass,5.32,48
20181213,coal,6.73,48
20181213,gas,34.46,48
20181213,hydro,1.79,48
20181213,imports,4.32,48
20181213,nuclear,18.09,48
20181213,other,0.16,48
20181213,solar,0.99,48
20181213,wind,28.14,48
20181214,biomass,5.88,48
20181214,coal,7.23,48
20181214,gas,42.41,48
20181214,hydro,1.81,48
20181214,imports,3.93,48
20181214,nuclear,17.39,48
20181214,other,0.16,48
20181214,solar,0.82,48
20181214,wind,20.37,48
20181215,biomass,5.91,48
20181215,coal,3.26,48
20181215,gas,31.37,48
20181215,hydro,2.15,48
20181215,imports,7.82,48
20181215,nuclear,18.57,48
20181215,other,0.19,48
20181215,solar,0.14,48
20181215,wind,30.58,48
20181216,biomass,6.47,48
20181216,coal,7.29,48
20181216,gas,37.47,48
20181216,hydro,2.18,48
20181216,imports,7.34,48
20181216,nuclear,18.04,48
20181216,other,0.11,48
20181216,solar,0.78,48
20181216,wind,20.31,48
20181217,biomass,7.24,48
20181217,coal,6.91,48
20181217,gas,41.04,48
20181217,hydro,1.84,48
20181217,imports,6.12,48
20181217,nuclear,16.61,48
20181217,other,0.1,48
20181217,solar,1.16,48
20181217,wind,18.98,48
20181218,biomass,7.14,48
20181218,coal,5.95,48
20181218,gas,31.8,48
20181218,hydro,2.29,48
20181218,imports,6.7,48
20181218,nuclear,17.06,48
20181218,other,0.11,48
20181218,solar,0.15,48
20181218,wind,28.81,48
20181219,biomass,6.69,48
20181219,coal,6.69,48
20181219,gas,39.31,48
20181219,hydro,2.35,48
20181219,imports,8.0,48
20181219,nuclear,16.72,48
20181219,other,0.17,48
20181219,solar,1.02,48
20181219,wind,19.05,48
20181220,biomass,7.1,48
20181220,coal,4.12,48
20181220,gas,39.22,48
20181220,hydro,2.36,48
20181220,imports,9.16,48
20181220,nuclear,17.58,48
20181220,other,0.2,48
20181220,solar,0.95,48
20181220,wind,19.31,48
20181221,biomass,7.19,48
20181221,coal,5.3,48
20181221,gas,43.09,48
20181221,hydro,2.44,48
20181221,imports,8.84,48
20181221,nuclear,19.14,48
20181221,other,0.21,48
20181221,solar,0.52,48
20181221,wind,13.28,48
20181222,biomass,5.12,48
20181222,coal,3.55,48
20181222,gas,34.14,48
20181222,hydro,2.63,48
20181222,imports,9.42,48
20181222,nuclear,21.93,48
20181222,other,0.23,48
20181222,solar,1.15,48
20181222,wind,21.83,48
20181223,biomass,5.12,48
20181223,coal,5.95,48
20181223,gas,48.91,48
20181223,hydro,2.38,48
20181223,imports,9.15,48
20181223,nuclear,20.69,48
20181223,other,0.21,48
20181223,solar,0.22,48
20181223,wind,7.37,48
20181224,biomass,5.12,48
20181224,coal,6.08,48
20181224,gas,51.24,48
20181224,hydro,2.17,48
20181224,imports,8.95,48
20181224,nuclear,19.76,48
20181224,other,0.2,48
20181224,solar,1.06,48
20181224,wind,5.4,48
20181225,biomass,5.75,48
20181225,coal,3.34,48
20181225,gas,45.21,48
20181225,hydro,2.34,48
20181225,imports,9.62,48
20181225,nuclear,22.75,48
20181225,other,0.22,48
20181225,solar,0.46,48
20181225,wind,10.32,48
20181226,biomass,6.12,48
20181226,coal,3.09,48
20181226,gas,43.11,48
20181226,hydro,2.09,48
20181226,imports,8.59,48
20181226,nuclear,23.92,48
20181226,other,0.23,48
20181226,solar,0.48,48
20181226,wind,12.37,48
20181227,biomass,6.53,48
20181227,coal,4.79,48
20181227,gas,50.33,48
20181227,hydro,2.17,48
20181227,imports,8.36,48
20181227,nuclear,21.08,48
20181227,other,0.21,48
20181227,solar,0.81,48
20181227,wind,5.71,48
20181228,biomass,5.74,48
20181228,coal,3.21,48
20181228,gas,45.6,48
20181228,hydro,2.25,48
20181228,imports,7.93,48
20181228,nuclear,21.27,48
20181228,other,0.21,48
20181228,solar,0.55,48
20181228,wind,13.26,48
20181229,biomass,5.56,48
20181229,coal,1.06,48
20181229,gas,32.25,48
20181229,hydro,2.68,48
20181229,imports,7.7,48
20181229,nuclear,23.35,48
20181229,other,0.24,48
20181229,solar,0.65,48
20181229,wind,26.52,48
20181230,biomass,5.47,48
20181230,coal,1.11,48
20181230,gas,39.99,48
20181230,hydro,2.24,48
20181230,imports,8.21,48
20181230,nuclear,22.91,48
20181230,other,0.22,48
20181230,solar,0.43,48
20181230,wind,19.41,48
20181231,biomass,6.14,48
20181231,coal,2.7,48
20181231,gas,32.07,48
20181231,hydro,1.82,48
20181231,imports,7.64,48
20181231,nuclear,22.9,48
20181231,other,0.22,48
20181231,solar,0.27,48
20181231,wind,26.25,48
20190101,biomass,3.96,48
20190101,coal,1.78,48
20190101,gas,37.57,48
20190101,hydro,2.27,48
20190101,imports,7.8,48
20190101,nuclear,22.94,48
20190101,other,0.24,48
20190101,solar,1.05,48
20190101,wind,22.41,48
20190102,biomass,5.27,48
20190102,coal,6.54,48
20190102,gas,53.56,48
20190102,hydro,2.4,48
20190102,imports,7.56,48
20190102,nuclear,16.74,48
20190102,other,0.18,48
20190102,solar,0.72,48
20190102,wind,7.02,48
20190103,biomass,5.39,48
20190103,coal,9.27,48
20190103,gas,56.5,48
20190103,hydro,2.05,48
20190103,imports,6.72,48
20190103,nuclear,15.09,48
20190103,other,0.16,48
20190103,solar,0.39,48
20190103,wind,4.43,48
20190104,biomass,5.47,48
20190104,coal,6.62,48
20190104,gas,56.39,48
20190104,hydro,1.46,48
20190104,imports,6.49,48
20190104,nuclear,15.77,48
20190104,other,0.17,48
20190104,solar,0.85,48
20190104,wind,6.77,48
20190105,biomass,4.31,48
20190105,coal,3.43,48
20190105,gas,56.17,48
20190105,hydro,1.97,48
20190105,imports,8.04,48
20190105,nuclear,17.35,48
20190105,other,0.19,48
20190105,solar,0.18,48
20190105,wind,8.36,48
20190106,biomass,3.97,48
20190106,coal,4.69,48
20190106,gas,55.97,48
20190106,hydro,2.11,48
20190106,imports,8.7,48
20190106,nuclear,17.95,48
20190106,other,0.19,48
20190106,solar,0.4,48
20190106,wind,6.02,48
20190107,biomass,4.95,48
20190107,coal,2.62,48
20190107,gas,36.28,48
20190107,hydro,1.5,48
20190107,imports,5.8,48
20190107,nuclear,18.45,48
20190107,other,0.12,48
20190107,solar,0.31,48
20190107,wind,29.96,48
20190108,biomass,3.37,48
20190108,coal,2.54,48
20190108,gas,37.71,48
20190108,hydro,2.09,48
20190108,imports,7.06,48
20190108,nuclear,19.22,48
20190108,other,0.13,48
20190108,solar,1.51,48
20190108,wind,26.37,48
20190109,biomass,4.98,48
20190109,coal,7.01,48
20190109,gas,50.13,48
20190109,hydro,1.35,48
20190109,imports,6.99,48
20190109,nuclear,17.22,48
20190109,other,0.11,48
20190109,solar,1.38,48
20190109,wind,10.83,48
20190110,biomass,5.56,48
20190110,coal,9.3,48
20190110,gas,53.82,48
20190110,hydro,1.82,48
20190110,imports,2.93,48
20190110,nuclear,16.98,48
20190110,other,0.13,48
20190110,solar,0.43,48
20190110,wind,9.05,48
20190111,biomass,5.42,48
20190111,coal,5.43,48
20190111,gas,50.8,48
20190111,hydro,1.39,48
20190111,imports,4.73,48
20190111,nuclear,17.2,48
20190111,other,0.2,48
20190111,solar,0.53,48
20190111,wind,14.31,48
20190112,biomass,3.66,48
20190112,coal,1.5,48
20190112,gas,28.3,48
20190112,hydro,1.66,48
20190112,imports,8.09,48
20190112,nuclear,19.76,48
20190112,other,0.24,48
20190112,solar,0.33,48
20190112,wind,36.47,48
20190113,biomass,4.08,48
20190113,coal,1.75,48
20190113,gas,24.13,48
20190113,hydro,1.87,48
20190113,imports,9.17,48
20190113,nuclear,19.98,48
20190113,other,0.24,48
20190113,solar,0.65,48
20190113,wind,38.12,48
20190114,biomass,5.43,48
20190114,coal,6.56,48
20190114,gas,42.99,48
20190114,hydro,2.35,48
20190114,imports,6.89,48
20190114,nuclear,15.15,48
20190114,other,0.22,48
20190114,solar,0.74,48
20190114,wind,19.68,48
20190115,biomass,5.51,48
20190115,coal,4.38,48
20190115,gas,37.82,48
20190115,hydro,2.26,48
20190115,imports,5.61,48
20190115,nuclear,14.65,48
20190115,other,0.21,48
20190115,solar,0.59,48
20190115,wind,28.97,48
20190116,biomass,3.63,48
20190116,coal,6.15,48
20190116,gas,40.56,48
20190116,hydro,2.22,48
20190116,imports,6.15,48
20190116,nuclear,14.46,48
20190116,other,0.23,48
20190116,solar,0.42,48
20190116,wind,26.18,48
20190117,biomass,5.92,48
20190117,coal,7.94,48
20190117,gas,43.0,48
20190117,hydro,1.87,48
20190117,imports,6.04,48
20190117,nuclear,13.88,48
20190117,other,0.19,48
20190117,solar,2.11,48
20190117,wind,19.06,48
20190118,biomass,5.93,48
20190118,coal,7.22,48
20190118,gas,48.17,48
20190118,hydro,1.55,48
20190118,imports,6.61,48
20190118,nuclear,14.28,48
20190118,other,0.17,48
20190118,solar,0.76,48
20190118,wind,15.31,48
20190119,biomass,5.75,48
20190119,coal,5.4,48
20190119,gas,51.63,48
20190119,hydro,1.98,48
20190119,imports,7.96,48
20190119,nuclear,15.73,48
20190119,other,0.2,48
20190119,solar,0.5,48
20190119,wind,10.84,48
20190120,biomass,6.94,48
20190120,coal,4.05,48
20190120,gas,55.65,48
20190120,hydro,1.57,48
20190120,imports,8.61,48
20190120,nuclear,15.93,48
20190120,other,0.19,48
20190120,solar,1.21,48
20190120,wind,5.86,48
20190121,biomass,6.66,48
20190121,coal,7.02,48
20190121,gas,52.11,48
20190121,hydro,1.2,48
20190121,imports,3.76,48
20190121,nuclear,14.61,48
20190121,other,0.17,48
20190121,solar,0.87,48
20190121,wind,13.6,48
20190122,biomass,6.07,48
20190122,coal,8.19,48
20190122,gas,52.08,48
20190122,hydro,1.81,48
20190122,imports,3.57,48
20190122,nuclear,14.81,48
20190122,other,0.17,48
20190122,solar,1.08,48
20190122,wind,12.23,48
20190123,biomass,6.16,48
20190123,coal,11.16,48
20190123,gas,55.99,48
20190123,hydro,1.87,48
20190123,imports,3.76,48
20190123,nuclear,14.33,48
20190123,other,0.15,48
20190123,solar,1.38,48
20190123,wind,5.19,48
20190124,biomass,6.59,48
20190124,coal,11.03,48
20190124,gas,57.99,48
20190124,hydro,1.76,48
20190124,imports,3.4,48
20190124,nuclear,15.04,48
20190124,other,0.18,48
20190124,solar,0.54,48
20190124,wind,3.48,48
20190125,biomass,5.44,48
20190125,coal,4.17,48
20190125,gas,51.98,48
20190125,hydro,1.68,48
20190125,imports,3.99,48
20190125,nuclear,20.85,48
20190125,other,0.22,48
20190125,solar,0.99,48
20190125,wind,10.68,48
20190126,biomass,4.8,48
20190126,coal,0.34,48
20190126,gas,40.45,48
20190126,hydro,3.06,48
20190126,imports,12.16,48
20190126,nuclear,28.86,48
20190126,other,0.27,48
20190126,solar,0.92,48
20190126,wind,9.14,48
20190127,biomass,4.16,48
20190127,coal,0.35,48
20190127,gas,38.26,48
20190127,hydro,2.62,48
20190127,imports,11.51,48
20190127,nuclear,28.62,48
20190127,other,0.1,48
20190127,solar,2.17,48
20190127,wind,12.21,48
20190128,biomass,4.54,48
20190128,coal,5.75,48
20190128,gas,49.83,48
20190128,hydro,2.3,48
20190128,imports,8.12,48
20190128,nuclear,21.69,48
20190128,other,0.1,48
20190128,solar,2.59,48
20190128,wind,5.07,48
20190129,biomass,4.28,48
20190129,coal,8.47,48
20190129,gas,55.17,48
20190129,hydro,1.63,48
20190129,imports,6.86,48
20190129,nuclear,19.46,48
20190129,other,0.1,48
20190129,solar,0.63,48
20190129,wind,3.39,48
20190130,biomass,4.94,48
20190130,coal,10.74,48
20190130,gas,53.6,48
20190130,hydro,1.77,48
20190130,imports,6.79,48
20190130,nuclear,18.1,48
20190130,other,0.1,48
20190130,solar,2.01,48
20190130,wind,1.95,48
20190131,biomass,5.05,48
20190131,coal,8.33,48
20190131,gas,55.75,48
20190131,hydro,1.47,48
20190131,imports,7.09,48
20190131,nuclear,18.47,48
20190131,other,0.15,48
20190131,solar,1.18,48
20190131,wind,2.5,48
20190201,biomass,3.43,48
20190201,coal,7.64,48
20190201,gas,54.09,48
20190201,hydro,1.53,48
20190201,imports,8.29,48
20190201,nuclear,19.98,48
20190201,other,0.21,48
20190201,solar,0.79,48
20190201,wind,4.06,48
20190202,biomass,2.56,48
20190202,coal,3.5,48
20190202,gas,52.73,48
20190202,hydro,1.65,48
20190202,imports,9.59,48
20190202,nuclear,22.49,48
20190202,other,0.23,48
20190202,solar,2.69,48
20190202,wind,4.56,48
20190203,biomass,2.01,48
20190203,coal,2.51,48
20190203,gas,51.19,48
20190203,hydro,1.57,48
20190203,imports,11.13,48
20190203,nuclear,23.37,48
20190203,other,0.2,48
20190203,solar,2.46,48
20190203,wind,5.57,48
20190204,biomass,3.33,48
20190204,coal,4.53,48
20190204,gas,52.93,48
20190204,hydro,1.94,48
20190204,imports,7.56,48
20190204,nuclear,21.62,48
20190204,other,0.24,48
20190204,solar,1.42,48
20190204,wind,6.44,48
20190205,biomass,4.0,48
20190205,coal,3.45,48
20190205,gas,58.94,48
20190205,hydro,1.77,48
20190205,imports,7.15,48
20190205,nuclear,19.64,48
20190205,other,0.21,48
20190205,solar,0.54,48
20190205,wind,4.29,48
20190206,biomass,5.98,48
20190206,coal,2.62,48
20190206,gas,51.06,48
20190206,hydro,2.09,48
20190206,imports,9.77,48
20190206,nuclear,21.48,48
20190206,other,0.23,48
20190206,solar,1.69,48
20190206,wind,5.07,48
20190207,biomass,5.0,48
20190207,coal,4.27,48
20190207,gas,47.42,48
20190207,hydro,2.71,48
20190207,imports,10.6,48
20190207,nuclear,20.88,48
20190207,other,0.24,48
20190207,solar,2.53,48
20190207,wind,6.36,48
20190208,biomass,5.35,48
20190208,coal,1.85,48
20190208,gas,38.35,48
20190208,hydro,2.67,48
20190208,imports,13.11,48
20190208,nuclear,25.49,48
20190208,other,0.27,48
20190208,solar,0.83,48
20190208,wind,12.09,48
20190209,biomass,5.74,48
20190209,coal,0.2,48
20190209,gas,35.42,48
20190209,hydro,3.22,48
20190209,imports,12.38,48
20190209,nuclear,26.54,48
20190209,other,0.29,48
20190209,solar,3.24,48
20190209,wind,12.96,48
20190210,biomass,5.26,48
20190210,coal,0.58,48
20190210,gas,44.98,48
20190210,hydro,2.64,48
20190210,imports,11.22,48
20190210,nuclear,21.58,48
20190210,other,0.23,48
20190210,solar,2.0,48
20190210,wind,11.52,48
20190211,biomass,5.58,48
20190211,coal,3.54,48
20190211,gas,50.89,48
20190211,hydro,2.16,48
20190211,imports,7.75,48
20190211,nuclear,17.46,48
20190211,other,0.2,48
20190211,solar,2.39,48
20190211,wind,10.03,48
20190212,biomass,6.07,48
20190212,coal,2.58,48
20190212,gas,41.63,48
20190212,hydro,1.71,48
20190212,imports,7.73,48
20190212,nuclear,18.58,48
20190212,other,0.21,48
20190212,solar,1.56,48
20190212,wind,19.94,48
20190213,biomass,4.72,48
20190213,coal,2.69,48
20190213,gas,35.3,48
20190213,hydro,1.86,48
20190213,imports,9.25,48
20190213,nuclear,19.01,48
20190213,other,0.21,48
20190213,solar,2.36,48
20190213,wind,24.62,48
20190214,biomass,5.61,48
20190214,coal,2.83,48
20190214,gas,41.22,48
20190214,hydro,2.39,48
20190214,imports,8.99,48
20190214,nuclear,18.91,48
20190214,other,0.21,48
20190214,solar,3.51,48
20190214,wind,16.33,48
20190215,biomass,4.94,48
20190215,coal,4.38,48
20190215,gas,35.74,48
20190215,hydro,2.11,48
20190215,imports,9.31,48
20190215,nuclear,19.35,48
20190215,other,0.23,48
20190215,solar,4.08,48
20190215,wind,19.85,48
20190216,biomass,4.75,48
20190216,coal,0.76,48
20190216,gas,32.35,48
20190216,hydro,2.91,48
20190216,imports,9.85,48
20190216,nuclear,21.75,48
20190216,other,0.24,48
20190216,solar,1.55,48
20190216,wind,25.84,48
20190217,biomass,5.03,48
20190217,coal,0.38,48
20190217,gas,23.54,48
20190217,hydro,2.12,48
20190217,imports,9.21,48
20190217,nuclear,22.29,48
20190217,other,0.25,48
20190217,solar,2.97,48
20190217,wind,34.2,48
20190218,biomass,6.44,48
20190218,coal,2.13,48
20190218,gas,30.59,48
20190218,hydro,2.33,48
20190218,imports,8.46,48
20190218,nuclear,18.41,48
20190218,other,0.23,48
20190218,solar,1.5,48
20190218,wind,29.91,48
20190219,biomass,6.85,48
20190219,coal,2.57,48
20190219,gas,37.0,48
20190219,hydro,2.49,48
20190219,imports,9.33,48
20190219,nuclear,18.09,48
20190219,other,0.23,48
20190219,solar,2.68,48
20190219,wind,20.77,48
20190220,biomass,5.76,48
20190220,coal,1.4,48
20190220,gas,32.85,48
20190220,hydro,2.58,48
20190220,imports,9.59,48
20190220,nuclear,18.79,48
20190220,other,0.24,48
20190220,solar,1.81,48
20190220,wind,26.99,48
20190221,biomass,6.44,48
20190221,coal,2.26,48
20190221,gas,36.35,48
20190221,hydro,2.52,48
20190221,imports,10.48,48
20190221,nuclear,18.48,48
20190221,other,0.23,48
20190221,solar,3.09,48
20190221,wind,20.15,48
20190222,biomass,6.35,48
20190222,coal,1.54,48
20190222,gas,37.17,48
20190222,hydro,1.92,48
20190222,imports,10.26,48
20190222,nuclear,19.53,48
20190222,other,0.24,48
20190222,solar,3.49,48
20190222,wind,19.5,48
20190223,biomass,7.03,48
20190223,coal,0.26,48
20190223,gas,31.9,48
20190223,hydro,2.03,48
20190223,imports,10.24,48
20190223,nuclear,21.61,48
20190223,other,0.23,48
20190223,solar,4.23,48
20190223,wind,22.45,48
20190224,biomass,5.96,48
20190224,coal,0.23,48
20190224,gas,45.15,48
20190224,hydro,2.04,48
20190224,imports,11.07,48
20190224,nuclear,21.46,48
20190224,other,0.24,48
20190224,solar,5.08,48
20190224,wind,8.77,48
20190225,biomass,5.86,48
20190225,coal,2.05,48
20190225,gas,49.64,48
20190225,hydro,1.88,48
20190225,imports,8.91,48
20190225,nuclear,18.97,48
20190225,other,0.22,48
20190225,solar,4.66,48
20190225,wind,7.81,48
20190226,biomass,7.45,48
20190226,coal,2.65,48
20190226,gas,49.64,48
20190226,hydro,1.86,48
20190226,imports,8.58,48
20190226,nuclear,18.05,48
20190226,other,0.22,48
20190226,solar,4.64,48
20190226,wind,6.92,48
20190227,biomass,7.73,48
20190227,coal,2.44,48
20190227,gas,52.07,48
20190227,hydro,2.03,48
20190227,imports,8.54,48
20190227,nuclear,17.79,48
20190227,other,0.22,48
20190227,solar,4.66,48
20190227,wind,4.53,48
20190228,biomass,5.89,48
20190228,coal,2.58,48
20190228,gas,55.31,48
20190228,hydro,2.06,48
20190228,imports,8.71,48
20190228,nuclear,17.99,48
20190228,other,0.21,48
20190228,solar,1.32,48
20190228,wind,5.93,48
20190301,biomass,5.86,48
20190301,coal,2.15,48
20190301,gas,54.55,48
20190301,hydro,2.03,48
20190301,imports,8.98,48
20190301,nuclear,18.29,48
20190301,other,0.22,48
20190301,solar,1.22,48
20190301,wind,6.7,48
20190302,biomass,2.36,48
20190302,coal,0.29,48
20190302,gas,34.89,48
20190302,hydro,1.96,48
20190302,imports,11.22,48
20190302,nuclear,21.38,48
20190302,other,0.23,48
20190302,solar,2.75,48
20190302,wind,24.93,48
20190303,biomass,1.75,48
20190303,coal,0.65,48
20190303,gas,33.7,48
20190303,hydro,2.35,48
20190303,imports,8.08,48
20190303,nuclear,21.53,48
20190303,other,0.25,48
20190303,solar,0.98,48
20190303,wind,30.71,48
20190304,biomass,3.56,48
20190304,coal,0.88,48
20190304,gas,35.32,48
20190304,hydro,2.4,48
20190304,imports,8.05,48
20190304,nuclear,19.51,48
20190304,other,0.24,48
20190304,solar,3.32,48
20190304,wind,26.71,48
20190305,biomass,3.93,48
20190305,coal,1.65,48
20190305,gas,42.1,48
20190305,hydro,2.13,48
20190305,imports,9.15,48
20190305,nuclear,18.46,48
20190305,other,0.22,48
20190305,solar,3.35,48
20190305,wind,19.01,48
20190306,biomass,5.35,48
20190306,coal,1.75,48
20190306,gas,33.45,48
20190306,hydro,2.39,48
20190306,imports,9.37,48
20190306,nuclear,19.76,48
20190306,other,0.23,48
20190306,solar,1.32,48
20190306,wind,26.39,48
20190307,biomass,6.21,48
20190307,coal,2.85,48
20190307,gas,28.24,48
20190307,hydro,2.29,48
20190307,imports,9.53,48
20190307,nuclear,19.73,48
20190307,other,0.23,48
20190307,solar,2.51,48
20190307,wind,28.4,48
20190308,biomass,6.19,48
20190308,coal,2.47,48
20190308,gas,37.71,48
20190308,hydro,2.37,48
20190308,imports,9.54,48
20190308,nuclear,18.55,48
20190308,other,0.23,48
20190308,solar,1.82,48
20190308,wind,21.12,48
20190309,biomass,6.09,48
20190309,coal,0.34,48
20190309,gas,27.64,48
20190309,hydro,2.31,48
20190309,imports,8.74,48
20190309,nuclear,18.62,48
20190309,other,0.23,48
20190309,solar,4.2,48
20190309,wind,31.82,48
20190310,biomass,5.23,48
20190310,coal,0.26,48
20190310,gas,33.56,48
20190310,hydro,2.44,48
20190310,imports,10.09,48
20190310,nuclear,18.07,48
20190310,other,0.24,48
20190310,solar,4.07,48
20190310,wind,26.04,48
20190311,biomass,5.49,48
20190311,coal,2.43,48
20190311,gas,29.79,48
20190311,hydro,2.05,48
20190311,imports,8.76,48
20190311,nuclear,16.32,48
20190311,other,0.24,48
20190311,solar,4.89,48
20190311,wind,30.03,48
20190312,biomass,4.43,48
20190312,coal,2.47,48
20190312,gas,32.47,48
20190312,hydro,2.18,48
20190312,imports,9.34,48
20190312,nuclear,15.61,48
20190312,other,0.16,48
20190312,solar,1.4,48
20190312,wind,31.94,48
20190313,biomass,4.47,48
20190313,coal,2.39,48
20190313,gas,27.99,48
20190313,hydro,2.23,48
20190313,imports,10.02,48
20190313,nuclear,15.83,48
20190313,other,0.1,48
20190313,solar,3.19,48
20190313,wind,33.79,48
20190314,biomass,4.39,48
20190314,coal,2.73,48
20190314,gas,29.31,48
20190314,hydro,2.59,48
20190314,imports,9.23,48
20190314,nuclear,16.14,48
20190314,other,0.11,48
20190314,solar,3.86,48
20190314,wind,31.65,48
20190315,biomass,7.35,48
20190315,coal,1.22,48
20190315,gas,28.56,48
20190315,hydro,2.86,48
20190315,imports,9.38,48
20190315,nuclear,16.48,48
20190315,other,0.23,48
20190315,solar,2.63,48
20190315,wind,31.3,48
20190316,biomass,5.89,48
20190316,coal,0.29,48
20190316,gas,31.74,48
20190316,hydro,3.4,48
20190316,imports,10.63,48
20190316,nuclear,17.49,48
20190316,other,0.23,48
20190316,solar,1.27,48
20190316,wind,29.05,48
20190317,biomass,5.69,48
20190317,coal,0.26,48
20190317,gas,24.6,48
20190317,hydro,3.28,48
20190317,imports,9.95,48
20190317,nuclear,17.92,48
20190317,other,0.24,48
20190317,solar,5.46,48
20190317,wind,32.6,48
20190318,biomass,6.23,48
20190318,coal,2.46,48
20190318,gas,50.09,48
20190318,hydro,3.22,48
20190318,imports,9.71,48
20190318,nuclear,16.4,48
20190318,other,0.22,48
20190318,solar,2.86,48
20190318,wind,8.8,48
20190319,biomass,6.45,48
20190319,coal,2.05,48
20190319,gas,48.64,48
20190319,hydro,2.55,48
20190319,imports,8.53,48
20190319,nuclear,16.89,48
20190319,other,0.18,48
20190319,solar,2.42,48
20190319,wind,12.28,48
20190320,biomass,5.41,48
20190320,coal,0.8,48
20190320,gas,44.79,48
20190320,hydro,2.64,48
20190320,imports,9.22,48
20190320,nuclear,17.77,48
20190320,other,0.18,48
20190320,solar,2.87,48
20190320,wind,16.33,48
20190321,biomass,6.18,48
20190321,coal,1.65,48
20190321,gas,46.71,48
20190321,hydro,3.38,48
20190321,imports,8.92,48
20190321,nuclear,17.78,48
20190321,other,0.21,48
20190321,solar,2.1,48
20190321,wind,13.07,48
20190322,biomass,6.49,48
20190322,coal,3.0,48
20190322,gas,36.6,48
20190322,hydro,2.64,48
20190322,imports,8.9,48
20190322,nuclear,18.38,48
20190322,other,0.21,48
20190322,solar,1.61,48
20190322,wind,22.17,48
20190323,biomass,5.05,48
20190323,coal,1.26,48
20190323,gas,42.27,48
20190323,hydro,3.22,48
20190323,imports,8.62,48
20190323,nuclear,19.15,48
20190323,other,0.17,48
20190323,solar,3.91,48
20190323,wind,16.36,48
20190324,biomass,5.08,48
20190324,coal,0.25,48
20190324,gas,28.17,48
20190324,hydro,2.23,48
20190324,imports,9.14,48
20190324,nuclear,20.1,48
20190324,other,0.1,48
20190324,solar,7.36,48
20190324,wind,27.58,48
20190325,biomass,7.03,48
20190325,coal,2.3,48
20190325,gas,34.92,48
20190325,hydro,2.76,48
20190325,imports,8.33,48
20190325,nuclear,17.81,48
20190325,other,0.07,48
20190325,solar,6.39,48
20190325,wind,20.39,48
20190326,biomass,6.91,48
20190326,coal,2.36,48
20190326,gas,45.44,48
20190326,hydro,2.06,48
20190326,imports,8.49,48
20190326,nuclear,16.49,48
20190326,other,0.01,48
20190326,solar,4.87,48
20190326,wind,13.38,48
20190327,biomass,6.22,48
20190327,coal,2.35,48
20190327,gas,47.75,48
20190327,hydro,2.25,48
20190327,imports,8.7,48
20190327,nuclear,16.62,48
20190327,other,0.03,48
20190327,solar,3.56,48
20190327,wind,12.53,48
20190328,biomass,5.88,48
20190328,coal,1.69,48
20190328,gas,46.84,48
20190328,hydro,2.1,48
20190328,imports,8.32,48
20190328,nuclear,16.7,48
20190328,other,0.09,48
20190328,solar,5.53,48
20190328,wind,12.86,48
20190329,biomass,7.41,48
20190329,coal,1.73,48
20190329,gas,42.43,48
20190329,hydro,1.96,48
20190329,imports,9.03,48
20190329,nuclear,17.34,48
20190329,other,0.11,48
20190329,solar,6.4,48
20190329,wind,13.6,48
20190330,biomass,9.25,48
20190330,coal,0.75,48
20190330,gas,44.21,48
20190330,hydro,2.18,48
20190330,imports,9.23,48
20190330,nuclear,18.57,48
20190330,other,0.07,48
20190330,solar,6.2,48
20190330,wind,9.53,48
20190331,biomass,8.73,46
20190331,coal,0.37,46
20190331,gas,38.14,46
20190331,hydro,1.72,46
20190331,imports,9.19,46
20190331,nuclear,21.19,46
20190331,other,0.14,46
20190331,solar,4.84,46
20190331,wind,15.68,46
20190401,biomass,6.94,48
20190401,coal,1.67,48
20190401,gas,40.75,48
20190401,hydro,1.64,48
20190401,imports,6.51,48
20190401,nuclear,19.39,48
20190401,other,0.23,48
20190401,solar,5.96,48
20190401,wind,16.92,48
20190402,biomass,6.1,48
20190402,coal,1.84,48
20190402,gas,50.69,48
20190402,hydro,1.53,48
20190402,imports,6.87,48
20190402,nuclear,18.76,48
20190402,other,0.22,48
20190402,solar,4.08,48
20190402,wind,9.9,48
20190403,biomass,6.72,48
20190403,coal,1.65,48
20190403,gas,46.1,48
20190403,hydro,1.94,48
20190403,imports,5.81,48
20190403,nuclear,18.61,48
20190403,other,0.22,48
20190403,solar,3.52,48
20190403,wind,15.43,48
20190404,biomass,6.8,48
20190404,coal,1.52,48
20190404,gas,40.96,48
20190404,hydro,1.36,48
20190404,imports,5.69,48
20190404,nuclear,18.77,48
20190404,other,0.23,48
20190404,solar,2.82,48
20190404,wind,21.86,48
20190405,biomass,6.77,48
20190405,coal,1.66,48
20190405,gas,35.9,48
20190405,hydro,1.88,48
20190405,imports,5.13,48
20190405,nuclear,19.76,48
20190405,other,0.22,48
20190405,solar,3.64,48
20190405,wind,25.03,48
20190406,biomass,4.67,48
20190406,coal,0.27,48
20190406,gas,48.08,48
20190406,hydro,1.96,48
20190406,imports,7.09,48
20190406,nuclear,21.34,48
20190406,other,0.24,48
20190406,solar,4.24,48
20190406,wind,12.12,48
20190407,biomass,4.59,48
20190407,coal,0.35,48
20190407,gas,44.74,48
20190407,hydro,1.81,48
20190407,imports,6.85,48
20190407,nuclear,21.87,48
20190407,other,0.24,48
20190407,solar,3.32,48
20190407,wind,16.22,48
20190408,biomass,7.27,48
20190408,coal,1.77,48
20190408,gas,45.72,48
20190408,hydro,1.32,48
20190408,imports,6.1,48
20190408,nuclear,19.54,48
20190408,other,0.21,48
20190408,solar,3.71,48
20190408,wind,14.37,48
20190409,biomass,7.39,48
20190409,coal,1.64,48
20190409,gas,43.09,48
20190409,hydro,1.3,48
20190409,imports,5.44,48
20190409,nuclear,19.1,48
20190409,other,0.14,48
20190409,solar,3.06,48
20190409,wind,18.85,48
20190410,biomass,4.67,48
20190410,coal,1.58,48
20190410,gas,48.66,48
20190410,hydro,1.79,48
20190410,imports,5.93,48
20190410,nuclear,18.8,48
20190410,other,0.23,48
20190410,solar,6.34,48
20190410,wind,12.0,48
20190411,biomass,6.06,48
20190411,coal,2.0,48
20190411,gas,52.92,48
20190411,hydro,1.28,48
20190411,imports,5.83,48
20190411,nuclear,18.05,48
20190411,other,0.21,48
20190411,solar,6.71,48
20190411,wind,6.94,48
20190412,biomass,3.49,48
20190412,coal,1.63,48
20190412,gas,50.87,48
20190412,hydro,1.11,48
20190412,imports,6.21,48
20190412,nuclear,18.93,48
20190412,other,0.24,48
20190412,solar,4.52,48
20190412,wind,13.0,48
20190413,biomass,1.64,48
20190413,coal,0.13,48
20190413,gas,37.04,48
20190413,hydro,1.05,48
20190413,imports,7.5,48
20190413,nuclear,21.08,48
20190413,other,0.26,48
20190413,solar,6.71,48
20190413,wind,24.59,48
20190414,biomass,3.07,48
20190414,coal,0.38,48
20190414,gas,32.4,48
20190414,hydro,0.97,48
20190414,imports,7.52,48
20190414,nuclear,21.59,48
20190414,other,0.15,48
20190414,solar,4.85,48
20190414,wind,29.08,48
20190415,biomass,6.6,48
20190415,coal,2.65,48
20190415,gas,26.91,48
20190415,hydro,0.84,48
20190415,imports,6.58,48
20190415,nuclear,20.23,48
20190415,other,0.24,48
20190415,solar,6.5,48
20190415,wind,29.45,48
20190416,biomass,7.83,48
20190416,coal,1.45,48
20190416,gas,42.36,48
20190416,hydro,1.55,48
20190416,imports,5.65,48
20190416,nuclear,19.99,48
20190416,other,0.22,48
20190416,solar,3.25,48
20190416,wind,17.7,48
20190417,biomass,6.48,48
20190417,coal,2.39,48
20190417,gas,44.13,48
20190417,hydro,1.27,48
20190417,imports,6.54,48
20190417,nuclear,20.19,48
20190417,other,0.24,48
20190417,solar,6.01,48
20190417,wind,12.75,48
20190418,biomass,7.73,48
20190418,coal,1.79,48
20190418,gas,38.59,48
20190418,hydro,1.28,48
20190418,imports,5.85,48
20190418,nuclear,20.68,48
20190418,other,0.25,48
20190418,solar,6.7,48
20190418,wind,17.13,48
20190419,biomass,4.56,48
20190419,coal,0.36,48
20190419,gas,43.04,48
20190419,hydro,0.92,48
20190419,imports,5.34,48
20190419,nuclear,22.09,48
20190419,other,0.18,48
20190419,solar,9.2,48
20190419,wind,14.31,48
20190420,biomass,9.21,48
20190420,coal,0.99,48
20190420,gas,40.45,48
20190420,hydro,1.48,48
20190420,imports,6.48,48
20190420,nuclear,23.35,48
20190420,other,0.0,48
20190420,solar,9.62,48
20190420,wind,8.42,48
20190421,biomass,7.21,48
20190421,coal,0.38,48
20190421,gas,39.97,48
20190421,hydro,1.16,48
20190421,imports,6.35,48
20190421,nuclear,24.56,48
20190421,other,0.06,48
20190421,solar,8.83,48
20190421,wind,11.48,48
20190422,biomass,4.4,48
20190422,coal,0.12,48
20190422,gas,34.14,48
20190422,hydro,1.4,48
20190422,imports,5.49,48
20190422,nuclear,24.48,48
20190422,other,0.19,48
20190422,solar,8.69,48
20190422,wind,21.08,48
20190423,biomass,6.44,48
20190423,coal,2.67,48
20190423,gas,35.49,48
20190423,hydro,0.96,48
20190423,imports,4.95,48
20190423,nuclear,22.37,48
20190423,other,0.21,48
20190423,solar,5.29,48
20190423,wind,21.61,48
20190424,biomass,4.24,48
20190424,coal,1.65,48
20190424,gas,40.4,48
20190424,hydro,1.37,48
20190424,imports,5.6,48
20190424,nuclear,21.43,48
20190424,other,0.26,48
20190424,solar,3.77,48
20190424,wind,21.28,48
20190425,biomass,3.29,48
20190425,coal,0.78,48
20190425,gas,42.71,48
20190425,hydro,0.98,48
20190425,imports,5.83,48
20190425,nuclear,21.2,48
20190425,other,0.22,48
20190425,solar,5.16,48
20190425,wind,19.84,48
20190426,biomass,4.1,48
20190426,coal,0.33,48
20190426,gas,33.11,48
20190426,hydro,0.73,48
20190426,imports,7.31,48
20190426,nuclear,22.42,48
20190426,other,0.24,48
20190426,solar,4.78,48
20190426,wind,26.99,48
20190427,biomass,3.64,48
20190427,coal,0.26,48
20190427,gas,26.32,48
20190427,hydro,1.26,48
20190427,imports,7.58,48
20190427,nuclear,25.08,48
20190427,other,0.27,48
20190427,solar,5.21,48
20190427,wind,30.36,48
20190428,biomass,4.48,48
20190428,coal,0.17,48
20190428,gas,42.49,48
20190428,hydro,1.63,48
20190428,imports,6.29,48
20190428,nuclear,24.39,48
20190428,other,0.35,48
20190428,solar,5.1,48
20190428,wind,15.1,48
20190429,biomass,5.87,48
20190429,coal,0.6,48
20190429,gas,52.83,48
20190429,hydro,0.79,48
20190429,imports,8.88,48
20190429,nuclear,20.84,48
20190429,other,0.31,48
20190429,solar,4.6,48
20190429,wind,5.3,48
20190430,biomass,7.34,48
20190430,coal,0.0,48
20190430,gas,50.83,48
20190430,hydro,1.21,48
20190430,imports,8.44,48
20190430,nuclear,20.63,48
20190430,other,0.23,48
20190430,solar,6.01,48
20190430,wind,5.31,48
20190501,biomass,7.23,48
20190501,coal,0.11,48
20190501,gas,56.01,48
20190501,hydro,1.01,48
20190501,imports,7.88,48
20190501,nuclear,20.54,48
20190501,other,0.16,48
20190501,solar,4.08,48
20190501,wind,2.98,48
20190502,biomass,7.29,48
20190502,coal,0.0,48
20190502,gas,48.57,48
20190502,hydro,0.98,48
20190502,imports,7.58,48
20190502,nuclear,20.66,48
20190502,other,0.2,48
20190502,solar,4.71,48
20190502,wind,10.01,48
20190503,biomass,7.3,48
20190503,coal,0.0,48
20190503,gas,46.29,48
20190503,hydro,1.05,48
20190503,imports,8.38,48
20190503,nuclear,20.96,48
20190503,other,0.23,48
20190503,solar,3.33,48
20190503,wind,12.47,48
20190504,biomass,6.22,48
20190504,coal,0.0,48
20190504,gas,25.16,48
20190504,hydro,0.9,48
20190504,imports,6.9,48
20190504,nuclear,24.35,48
20190504,other,0.29,48
20190504,solar,8.72,48
20190504,wind,27.46,48
20190505,biomass,5.91,48
20190505,coal,0.0,48
20190505,gas,37.67,48
20190505,hydro,0.96,48
20190505,imports,8.33,48
20190505,nuclear,24.08,48
20190505,other,0.22,48
20190505,solar,6.04,48
20190505,wind,16.79,48
20190506,biomass,5.25,48
20190506,coal,0.0,48
20190506,gas,50.61,48
20190506,hydro,1.1,48
20190506,imports,7.3,48
20190506,nuclear,22.61,48
20190506,other,0.18,48
20190506,solar,5.27,48
20190506,wind,7.69,48
20190507,biomass,4.22,48
20190507,coal,0.0,48
20190507,gas,57.58,48
20190507,hydro,1.15,48
20190507,imports,6.48,48
20190507,nuclear,20.55,48
20190507,other,0.15,48
20190507,solar,5.18,48
20190507,wind,4.69,48
20190508,biomass,4.06,48
20190508,coal,0.0,48
20190508,gas,41.18,48
20190508,hydro,0.87,48
20190508,imports,7.18,48
20190508,nuclear,21.37,48
20190508,other,0.16,48
20190508,solar,2.98,48
20190508,wind,22.2,48
20190509,biomass,4.57,48
20190509,coal,0.26,48
20190509,gas,51.17,48
20190509,hydro,1.34,48
20190509,imports,5.96,48
20190509,nuclear,20.4,48
20190509,other,0.17,48
20190509,solar,3.24,48
20190509,wind,12.9,48
20190510,biomass,5.79,48
20190510,coal,0.0,48
20190510,gas,56.12,48
20190510,hydro,1.06,48
20190510,imports,7.78,48
20190510,nuclear,20.08,48
20190510,other,0.14,48
20190510,solar,5.72,48
20190510,wind,3.3,48
20190511,biomass,7.81,48
20190511,coal,0.0,48
20190511,gas,45.35,48
20190511,hydro,0.92,48
20190511,imports,8.47,48
20190511,nuclear,22.49,48
20190511,other,0.17,48
20190511,solar,7.49,48
20190511,wind,7.3,48
20190512,biomass,8.2,48
20190512,coal,0.0,48
20190512,gas,44.35,48
20190512,hydro,0.79,48
20190512,imports,8.74,48
20190512,nuclear,23.6,48
20190512,other,0.19,48
20190512,solar,9.73,48
20190512,wind,4.39,48
20190513,biomass,7.54,48
20190513,coal,0.0,48
20190513,gas,47.27,48
20190513,hydro,0.93,48
20190513,imports,6.56,48
20190513,nuclear,21.51,48
20190513,other,0.15,48
20190513,solar,9.07,48
20190513,wind,6.98,48
20190514,biomass,7.41,48
20190514,coal,0.0,48
20190514,gas,49.35,48
20190514,hydro,0.77,48
20190514,imports,4.59,48
20190514,nuclear,21.19,48
20190514,other,0.15,48
20190514,solar,9.19,48
20190514,wind,7.35,48
20190515,biomass,7.64,48
20190515,coal,0.54,48
20190515,gas,45.49,48
20190515,hydro,0.63,48
20190515,imports,8.45,48
20190515,nuclear,20.74,48
20190515,other,0.11,48
20190515,solar,8.64,48
20190515,wind,7.77,48
20190516,biomass,7.79,48
20190516,coal,1.02,48
20190516,gas,35.28,48
20190516,hydro,0.56,48
20190516,imports,8.8,48
20190516,nuclear,21.22,48
20190516,other,0.01,48
20190516,solar,8.09,48
20190516,wind,17.21,48
20190517,biomass,8.09,48
20190517,coal,0.76,48
20190517,gas,42.09,48
20190517,hydro,1.03,48
20190517,imports,9.29,48
20190517,nuclear,20.45,48
20190517,other,0.01,48
20190517,solar,3.17,48
20190517,wind,15.12,48
20190518,biomass,8.57,48
20190518,coal,0.0,48
20190518,gas,46.83,48
20190518,hydro,1.16,48
20190518,imports,11.81,48
20190518,nuclear,21.44,48
20190518,other,0.0,48
20190518,solar,4.36,48
20190518,wind,5.82,48
20190519,biomass,8.64,48
20190519,coal,0.0,48
20190519,gas,47.15,48
20190519,hydro,0.83,48
20190519,imports,11.57,48
20190519,nuclear,21.99,48
20190519,other,0.01,48
20190519,solar,5.85,48
20190519,wind,3.97,48
20190520,biomass,7.67,48
20190520,coal,0.0,48
20190520,gas,51.69,48
20190520,hydro,0.77,48
20190520,imports,8.7,48
20190520,nuclear,19.35,48
20190520,other,0.01,48
20190520,solar,6.37,48
20190520,wind,5.44,48
20190521,biomass,7.61,48
20190521,coal,0.0,48
20190521,gas,49.65,48
20190521,hydro,0.67,48
20190521,imports,7.93,48
20190521,nuclear,18.59,48
20190521,other,0.01,48
20190521,solar,8.14,48
20190521,wind,7.41,48
20190522,biomass,6.88,48
20190522,coal,0.0,48
20190522,gas,46.31,48
20190522,hydro,0.57,48
20190522,imports,9.35,48
20190522,nuclear,18.16,48
20190522,other,0.0,48
20190522,solar,7.95,48
20190522,wind,10.78,48
20190523,biomass,8.12,48
20190523,coal,0.0,48
20190523,gas,38.51,48
20190523,hydro,0.5,48
20190523,imports,8.82,48
20190523,nuclear,20.12,48
20190523,other,0.0,48
20190523,solar,8.28,48
20190523,wind,15.65,48
20190524,biomass,8.3,48
20190524,coal,0.0,48
20190524,gas,39.4,48
20190524,hydro,0.74,48
20190524,imports,8.65,48
20190524,nuclear,21.21,48
20190524,other,0.0,48
20190524,solar,6.95,48
20190524,wind,14.75,48
20190525,biomass,9.33,48
20190525,coal,0.0,48
20190525,gas,38.81,48
20190525,hydro,0.9,48
20190525,imports,10.29,48
20190525,nuclear,24.22,48
20190525,other,0.0,48
20190525,solar,7.75,48
20190525,wind,8.71,48
20190526,biomass,8.81,48
20190526,coal,0.0,48
20190526,gas,17.4,48
20190526,hydro,0.65,48
20190526,imports,9.49,48
20190526,nuclear,27.18,48
20190526,other,0.01,48
20190526,solar,5.9,48
20190526,wind,30.57,48
20190527,biomass,8.52,48
20190527,coal,0.0,48
20190527,gas,31.03,48
20190527,hydro,1.76,48
20190527,imports,8.14,48
20190527,nuclear,25.73,48
20190527,other,0.01,48
20190527,solar,6.97,48
20190527,wind,17.84,48
20190528,biomass,8.24,48
20190528,coal,0.0,48
20190528,gas,45.5,48
20190528,hydro,0.84,48
20190528,imports,8.79,48
20190528,nuclear,22.2,48
20190528,other,0.0,48
20190528,solar,6.03,48
20190528,wind,8.39,48
20190529,biomass,7.93,48
20190529,coal,0.0,48
20190529,gas,43.54,48
20190529,hydro,1.1,48
20190529,imports,10.22,48
20190529,nuclear,20.88,48
20190529,other,0.0,48
20190529,solar,3.62,48
20190529,wind,12.71,48
20190530,biomass,7.79,48
20190530,coal,0.0,48
20190530,gas,27.77,48
20190530,hydro,1.33,48
20190530,imports,9.93,48
20190530,nuclear,21.54,48
20190530,other,0.01,48
20190530,solar,6.14,48
20190530,wind,25.49,48
20190531,biomass,8.73,48
20190531,coal,0.0,48
20190531,gas,31.8,48
20190531,hydro,1.64,48
20190531,imports,9.59,48
20190531,nuclear,20.2,48
20190531,other,0.01,48
20190531,solar,5.35,48
20190531,wind,22.68,48
20190601,biomass,9.34,48
20190601,coal,0.0,48
20190601,gas,36.59,48
20190601,hydro,2.5,48
20190601,imports,8.47,48
20190601,nuclear,20.12,48
20190601,other,0.01,48
20190601,solar,8.31,48
20190601,wind,14.67,48
20190602,biomass,9.72,48
20190602,coal,0.0,48
20190602,gas,21.85,48
20190602,hydro,1.51,48
20190602,imports,8.03,48
20190602,nuclear,21.49,48
20190602,other,0.01,48
20190602,solar,6.39,48
20190602,wind,31.0,48
20190603,biomass,8.64,48
20190603,coal,0.0,48
20190603,gas,34.94,48
20190603,hydro,1.9,48
20190603,imports,4.53,48
20190603,nuclear,16.86,48
20190603,other,0.0,48
20190603,solar,7.69,48
20190603,wind,25.45,48
20190604,biomass,8.14,48
20190604,coal,0.05,48
20190604,gas,53.85,48
20190604,hydro,1.94,48
20190604,imports,7.54,48
20190604,nuclear,15.45,48
20190604,other,0.02,48
20190604,solar,3.3,48
20190604,wind,9.71,48
20190605,biomass,7.86,48
20190605,coal,0.3,48
20190605,gas,48.61,48
20190605,hydro,1.81,48
20190605,imports,6.99,48
20190605,nuclear,16.0,48
20190605,other,0.0,48
20190605,solar,5.46,48
20190605,wind,12.98,48
20190606,biomass,8.32,48
20190606,coal,0.23,48
20190606,gas,47.05,48
20190606,hydro,2.0,48
20190606,imports,8.11,48
20190606,nuclear,16.77,48
20190606,other,0.0,48
20190606,solar,7.98,48
20190606,wind,9.54,48
20190607,biomass,7.92,48
20190607,coal,0.53,48
20190607,gas,44.16,48
20190607,hydro,2.62,48
20190607,imports,8.11,48
20190607,nuclear,17.13,48
20190607,other,0.06,48
20190607,solar,3.31,48
20190607,wind,16.14,48
20190608,biomass,5.16,48
20190608,coal,0.77,48
20190608,gas,34.06,48
20190608,hydro,2.23,48
20190608,imports,7.11,48
20190608,nuclear,18.82,48
20190608,other,0.12,48
20190608,solar,6.15,48
20190608,wind,25.57,48
20190609,biomass,6.04,48
20190609,coal,0.75,48
20190609,gas,45.59,48
20190609,hydro,1.69,48
20190609,imports,8.46,48
20190609,nuclear,19.2,48
20190609,other,0.13,48
20190609,solar,8.32,48
20190609,wind,9.81,48
20190610,biomass,7.35,48
20190610,coal,0.0,48
20190610,gas,53.81,48
20190610,hydro,1.19,48
20190610,imports,8.37,48
20190610,nuclear,16.04,48
20190610,other,0.1,48
20190610,solar,3.84,48
20190610,wind,9.3,48
20190611,biomass,8.39,48
20190611,coal,0.18,48
20190611,gas,40.84,48
20190611,hydro,1.73,48
20190611,imports,7.07,48
20190611,nuclear,16.24,48
20190611,other,0.11,48
20190611,solar,2.48,48
20190611,wind,22.97,48
20190612,biomass,8.09,48
20190612,coal,0.51,48
20190612,gas,42.42,48
20190612,hydro,1.16,48
20190612,imports,8.11,48
20190612,nuclear,14.9,48
20190612,other,0.13,48
20190612,solar,2.41,48
20190612,wind,22.27,48
20190613,biomass,8.04,48
20190613,coal,0.47,48
20190613,gas,44.74,48
20190613,hydro,1.13,48
20190613,imports,7.8,48
20190613,nuclear,12.95,48
20190613,other,0.36,48
20190613,solar,3.08,48
20190613,wind,21.44,48
20190614,biomass,7.98,48
20190614,coal,0.2,48
20190614,gas,47.94,48
20190614,hydro,0.94,48
20190614,imports,8.42,48
20190614,nuclear,13.32,48
20190614,other,0.35,48
20190614,solar,5.54,48
20190614,wind,15.32,48
20190615,biomass,9.05,48
20190615,coal,0.49,48
20190615,gas,41.35,48
20190615,hydro,0.93,48
20190615,imports,10.22,48
20190615,nuclear,15.39,48
20190615,other,0.44,48
20190615,solar,6.19,48
20190615,wind,15.95,48
20190616,biomass,7.08,48
20190616,coal,0.19,48
20190616,gas,37.37,48
20190616,hydro,0.81,48
20190616,imports,9.54,48
20190616,nuclear,18.04,48
20190616,other,0.44,48
20190616,solar,6.93,48
20190616,wind,19.61,48
20190617,biomass,6.01,48
20190617,coal,0.35,48
20190617,gas,37.92,48
20190617,hydro,0.81,48
20190617,imports,6.56,48
20190617,nuclear,18.03,48
20190617,other,0.39,48
20190617,solar,6.29,48
20190617,wind,23.65,48
20190618,biomass,5.88,48
20190618,coal,0.0,48
20190618,gas,52.25,48
20190618,hydro,1.09,48
20190618,imports,5.69,48
20190618,nuclear,16.97,48
20190618,other,0.37,48
20190618,solar,4.61,48
20190618,wind,13.14,48
20190619,biomass,5.67,48
20190619,coal,0.18,48
20190619,gas,60.32,48
20190619,hydro,1.43,48
20190619,imports,6.1,48
20190619,nuclear,15.01,48
20190619,other,0.38,48
20190619,solar,4.55,48
20190619,wind,6.38,48
20190620,biomass,5.97,48
20190620,coal,0.26,48
20190620,gas,49.38,48
20190620,hydro,1.5,48
20190620,imports,7.15,48
20190620,nuclear,14.77,48
20190620,other,0.38,48
20190620,solar,6.91,48
20190620,wind,13.69,48
20190621,biomass,6.16,48
20190621,coal,0.52,48
20190621,gas,52.8,48
20190621,hydro,1.06,48
20190621,imports,6.29,48
20190621,nuclear,14.54,48
20190621,other,0.38,48
20190621,solar,7.93,48
20190621,wind,10.31,48
20190622,biomass,6.99,48
20190622,coal,0.91,48
20190622,gas,48.08,48
20190622,hydro,1.25,48
20190622,imports,8.95,48
20190622,nuclear,16.46,48
20190622,other,0.42,48
20190622,solar,9.97,48
20190622,wind,6.97,48
20190623,biomass,7.26,48
20190623,coal,0.62,48
20190623,gas,41.54,48
20190623,hydro,1.28,48
20190623,imports,8.7,48
20190623,nuclear,17.7,48
20190623,other,0.45,48
20190623,solar,5.68,48
20190623,wind,16.77,48
20190624,biomass,6.02,48
20190624,coal,1.03,48
20190624,gas,53.29,48
20190624,hydro,2.34,48
20190624,imports,5.41,48
20190624,nuclear,14.81,48
20190624,other,0.36,48
20190624,solar,3.96,48
20190624,wind,12.79,48
20190625,biomass,5.92,48
20190625,coal,0.6,48
20190625,gas,55.86,48
20190625,hydro,1.75,48
20190625,imports,5.12,48
20190625,nuclear,14.25,48
20190625,other,0.27,48
20190625,solar,2.95,48
20190625,wind,13.28,48
20190626,biomass,5.82,48
20190626,coal,0.0,48
20190626,gas,53.32,48
20190626,hydro,1.27,48
20190626,imports,5.68,48
20190626,nuclear,14.97,48
20190626,other,0.29,48
20190626,solar,4.69,48
20190626,wind,13.96,48
20190627,biomass,6.03,48
20190627,coal,0.0,48
20190627,gas,45.91,48
20190627,hydro,0.9,48
20190627,imports,8.21,48
20190627,nuclear,15.28,48
20190627,other,0.29,48
20190627,solar,9.41,48
20190627,wind,13.96,48
20190628,biomass,6.82,48
20190628,coal,0.0,48
20190628,gas,42.29,48
20190628,hydro,0.97,48
20190628,imports,6.64,48
20190628,nuclear,16.42,48
20190628,other,0.3,48
20190628,solar,9.38,48
20190628,wind,17.18,48
20190629,biomass,8.49,48
20190629,coal,0.0,48
20190629,gas,40.17,48
20190629,hydro,1.81,48
20190629,imports,8.92,48
20190629,nuclear,18.26,48
20190629,other,0.34,48
20190629,solar,8.94,48
20190629,wind,13.07,48
20190630,biomass,8.49,48
20190630,coal,0.0,48
20190630,gas,19.14,48
20190630,hydro,1.24,48
20190630,imports,7.8,48
20190630,nuclear,19.64,48
20190630,other,0.34,48
20190630,solar,8.64,48
20190630,wind,34.7,48
20190701,biomass,6.84,48
20190701,coal,0.0,48
20190701,gas,29.11,48
20190701,hydro,1.31,48
20190701,imports,7.39,48
20190701,nuclear,17.55,48
20190701,other,0.31,48
20190701,solar,6.73,48
20190701,wind,30.75,48
20190702,biomass,7.1,48
20190702,coal,0.0,48
20190702,gas,45.05,48
20190702,hydro,0.98,48
20190702,imports,9.85,48
20190702,nuclear,16.33,48
20190702,other,0.29,48
20190702,solar,6.76,48
20190702,wind,13.63,48
20190703,biomass,6.95,48
20190703,coal,0.0,48
20190703,gas,50.16,48
20190703,hydro,1.08,48
20190703,imports,8.75,48
20190703,nuclear,15.59,48
20190703,other,0.29,48
20190703,solar,7.79,48
20190703,wind,9.39,48
20190704,biomass,4.77,48
20190704,coal,0.0,48
20190704,gas,44.01,48
20190704,hydro,1.06,48
20190704,imports,9.5,48
20190704,nuclear,16.19,48
20190704,other,0.3,48
20190704,solar,8.34,48
20190704,wind,15.83,48
20190705,biomass,5.59,48
20190705,coal,0.0,48
20190705,gas,45.53,48
20190705,hydro,0.99,48
20190705,imports,9.74,48
20190705,nuclear,16.37,48
20190705,other,0.3,48
20190705,solar,7.49,48
20190705,wind,13.99,48
20190706,biomass,5.89,48
20190706,coal,0.0,48
20190706,gas,45.29,48
20190706,hydro,1.28,48
20190706,imports,9.51,48
20190706,nuclear,18.38,48
20190706,other,0.33,48
20190706,solar,5.84,48
20190706,wind,13.49,48
20190707,biomass,6.17,48
20190707,coal,0.0,48
20190707,gas,47.57,48
20190707,hydro,1.12,48
20190707,imports,10.62,48
20190707,nuclear,18.79,48
20190707,other,0.33,48
20190707,solar,7.51,48
20190707,wind,7.9,48
20190708,biomass,6.06,48
20190708,coal,0.0,48
20190708,gas,55.11,48
20190708,hydro,1.06,48
20190708,imports,9.55,48
20190708,nuclear,16.56,48
20190708,other,0.29,48
20190708,solar,6.43,48
20190708,wind,4.94,48
20190709,biomass,6.95,48
20190709,coal,0.0,48
20190709,gas,56.03,48
20190709,hydro,1.08,48
20190709,imports,9.45,48
20190709,nuclear,16.81,48
20190709,other,0.29,48
20190709,solar,4.08,48
20190709,wind,5.31,48
20190710,biomass,5.12,48
20190710,coal,0.0,48
20190710,gas,54.81,48
20190710,hydro,1.42,48
20190710,imports,9.48,48
20190710,nuclear,16.7,48
20190710,other,0.29,48
20190710,solar,5.81,48
20190710,wind,6.37,48
20190711,biomass,5.29,48
20190711,coal,0.45,48
20190711,gas,56.48,48
20190711,hydro,1.5,48
20190711,imports,7.1,48
20190711,nuclear,16.72,48
20190711,other,0.28,48
20190711,solar,5.71,48
20190711,wind,6.47,48
20190712,biomass,6.48,48
20190712,coal,0.99,48
20190712,gas,44.16,48
20190712,hydro,1.46,48
20190712,imports,10.34,48
20190712,nuclear,17.89,48
20190712,other,0.31,48
20190712,solar,7.0,48
20190712,wind,11.36,48
20190713,biomass,6.61,48
20190713,coal,0.29,48
20190713,gas,43.49,48
20190713,hydro,1.26,48
20190713,imports,10.38,48
20190713,nuclear,20.19,48
20190713,other,0.43,48
20190713,solar,5.7,48
20190713,wind,11.64,48
20190714,biomass,6.71,48
20190714,coal,0.38,48
20190714,gas,44.53,48
20190714,hydro,1.26,48
20190714,imports,10.61,48
20190714,nuclear,20.66,48
20190714,other,0.42,48
20190714,solar,6.49,48
20190714,wind,8.94,48
20190715,biomass,5.83,48
20190715,coal,0.05,48
20190715,gas,53.04,48
20190715,hydro,1.2,48
20190715,imports,9.72,48
20190715,nuclear,18.72,48
20190715,other,0.37,48
20190715,solar,6.65,48
20190715,wind,4.42,48
20190716,biomass,6.47,48
20190716,coal,0.16,48
20190716,gas,52.42,48
20190716,hydro,1.41,48
20190716,imports,9.71,48
20190716,nuclear,18.97,48
20190716,other,0.37,48
20190716,solar,7.08,48
20190716,wind,3.41,48
20190717,biomass,7.05,48
20190717,coal,0.0,48
20190717,gas,47.17,48
20190717,hydro,0.89,48
20190717,imports,6.47,48
20190717,nuclear,19.6,48
20190717,other,0.36,48
20190717,solar,5.83,48
20190717,wind,12.63,48
20190718,biomass,6.99,48
20190718,coal,0.0,48
20190718,gas,45.89,48
20190718,hydro,0.96,48
20190718,imports,6.35,48
20190718,nuclear,19.91,48
20190718,other,0.36,48
20190718,solar,5.76,48
20190718,wind,13.78,48
20190719,biomass,7.65,48
20190719,coal,0.06,48
20190719,gas,48.26,48
20190719,hydro,1.3,48
20190719,imports,5.38,48
20190719,nuclear,20.4,48
20190719,other,0.39,48
20190719,solar,2.54,48
20190719,wind,14.03,48
20190720,biomass,7.57,48
20190720,coal,0.54,48
20190720,gas,27.13,48
20190720,hydro,1.24,48
20190720,imports,9.1,48
20190720,nuclear,23.37,48
20190720,other,0.45,48
20190720,solar,7.27,48
20190720,wind,23.34,48
20190721,biomass,8.17,48
20190721,coal,0.67,48
20190721,gas,27.19,48
20190721,hydro,1.4,48
20190721,imports,9.77,48
20190721,nuclear,24.03,48
20190721,other,0.45,48
20190721,solar,7.06,48
20190721,wind,21.25,48
20190722,biomass,5.84,48
20190722,coal,0.35,48
20190722,gas,30.32,48
20190722,hydro,1.49,48
20190722,imports,4.7,48
20190722,nuclear,20.55,48
20190722,other,0.38,48
20190722,solar,6.47,48
20190722,wind,29.9,48
20190723,biomass,5.55,48
20190723,coal,0.0,48
20190723,gas,45.49,48
20190723,hydro,1.68,48
20190723,imports,4.11,48
20190723,nuclear,19.23,48
20190723,other,0.36,48
20190723,solar,7.82,48
20190723,wind,15.76,48
20190724,biomass,5.1,48
20190724,coal,0.24,48
20190724,gas,49.62,48
20190724,hydro,2.25,48
20190724,imports,2.58,48
20190724,nuclear,17.79,48
20190724,other,0.33,48
20190724,solar,6.72,48
20190724,wind,15.37,48
20190725,biomass,5.94,48
20190725,coal,0.0,48
20190725,gas,50.17,48
20190725,hydro,2.07,48
20190725,imports,2.3,48
20190725,nuclear,16.6,48
20190725,other,0.34,48
20190725,solar,6.63,48
20190725,wind,15.95,48
20190726,biomass,6.91,48
20190726,coal,0.0,48
20190726,gas,52.51,48
20190726,hydro,2.16,48
20190726,imports,3.88,48
20190726,nuclear,16.74,48
20190726,other,0.34,48
20190726,solar,4.32,48
20190726,wind,13.14,48
20190727,biomass,8.06,48
20190727,coal,0.0,48
20190727,gas,46.06,48
20190727,hydro,1.7,48
20190727,imports,9.78,48
20190727,nuclear,18.36,48
20190727,other,0.38,48
20190727,solar,3.37,48
20190727,wind,12.28,48
20190728,biomass,7.14,48
20190728,coal,0.0,48
20190728,gas,38.44,48
20190728,hydro,1.77,48
20190728,imports,8.52,48
20190728,nuclear,20.59,48
20190728,other,0.38,48
20190728,solar,4.81,48
20190728,wind,18.36,48
20190729,biomass,8.2,48
20190729,coal,0.0,48
20190729,gas,49.59,48
20190729,hydro,1.33,48
20190729,imports,5.99,48
20190729,nuclear,18.87,48
20190729,other,0.29,48
20190729,solar,7.03,48
20190729,wind,8.7,48
20190730,biomass,8.38,48
20190730,coal,0.0,48
20190730,gas,43.54,48
20190730,hydro,1.22,48
20190730,imports,6.78,48
20190730,nuclear,19.81,48
20190730,other,0.3,48
20190730,solar,4.18,48
20190730,wind,15.8,48
20190731,biomass,8.6,48
20190731,coal,0.0,48
20190731,gas,37.68,48
20190731,hydro,1.36,48
20190731,imports,5.45,48
20190731,nuclear,20.94,48
20190731,other,0.31,48
20190731,solar,5.06,48
20190731,wind,20.6,48
20190801,biomass,8.15,48
20190801,coal,0.0,48
20190801,gas,48.55,48
20190801,hydro,1.77,48
20190801,imports,6.78,48
20190801,nuclear,19.83,48
20190801,other,0.44,48
20190801,solar,5.4,48
20190801,wind,9.08,48
20190802,biomass,8.09,48
20190802,coal,0.0,48
20190802,gas,52.07,48
20190802,hydro,2.01,48
20190802,imports,6.29,48
20190802,nuclear,19.61,48
20190802,other,0.41,48
20190802,solar,6.11,48
20190802,wind,5.41,48
20190803,biomass,6.45,48
20190803,coal,0.0,48
20190803,gas,49.22,48
20190803,hydro,1.74,48
20190803,imports,10.11,48
20190803,nuclear,21.33,48
20190803,other,0.32,48
20190803,solar,6.49,48
20190803,wind,4.34,48
20190804,biomass,5.8,48
20190804,coal,0.13,48
20190804,gas,43.34,48
20190804,hydro,1.87,48
20190804,imports,10.2,48
20190804,nuclear,22.09,48
20190804,other,0.34,48
20190804,solar,5.7,48
20190804,wind,10.53,48
20190805,biomass,7.28,48
20190805,coal,0.67,48
20190805,gas,35.13,48
20190805,hydro,1.26,48
20190805,imports,9.17,48
20190805,nuclear,21.19,48
20190805,other,0.35,48
20190805,solar,6.63,48
20190805,wind,18.32,48
20190806,biomass,8.65,48
20190806,coal,2.05,48
20190806,gas,31.6,48
20190806,hydro,1.18,48
20190806,imports,7.94,48
20190806,nuclear,23.31,48
20190806,other,0.4,48
20190806,solar,5.9,48
20190806,wind,18.98,48
20190807,biomass,8.45,48
20190807,coal,1.73,48
20190807,gas,28.85,48
20190807,hydro,2.01,48
20190807,imports,7.55,48
20190807,nuclear,23.01,48
20190807,other,0.39,48
20190807,solar,6.14,48
20190807,wind,21.88,48
20190808,biomass,7.78,48
20190808,coal,0.89,48
20190808,gas,41.8,48
20190808,hydro,2.72,48
20190808,imports,7.08,48
20190808,nuclear,21.52,48
20190808,other,0.46,48
20190808,solar,6.11,48
20190808,wind,11.64,48
20190809,biomass,5.68,48
20190809,coal,0.98,48
20190809,gas,23.29,48
20190809,hydro,1.93,48
20190809,imports,5.33,48
20190809,nuclear,22.95,48
20190809,other,0.43,48
20190809,solar,5.09,48
20190809,wind,34.31,48
20190810,biomass,6.64,48
20190810,coal,0.0,48
20190810,gas,16.92,48
20190810,hydro,3.0,48
20190810,imports,7.08,48
20190810,nuclear,26.48,48
20190810,other,0.44,48
20190810,solar,5.45,48
20190810,wind,34.0,48
20190811,biomass,5.51,48
20190811,coal,0.0,48
20190811,gas,21.83,48
20190811,hydro,2.61,48
20190811,imports,5.95,48
20190811,nuclear,25.81,48
20190811,other,0.42,48
20190811,solar,6.24,48
20190811,wind,31.64,48
20190812,biomass,5.83,48
20190812,coal,1.51,48
20190812,gas,44.27,48
20190812,hydro,1.94,48
20190812,imports,7.9,48
20190812,nuclear,20.55,48
20190812,other,0.43,48
20190812,solar,5.51,48
20190812,wind,12.06,48
20190813,biomass,8.15,48
20190813,coal,1.32,48
20190813,gas,44.12,48
20190813,hydro,1.79,48
20190813,imports,9.58,48
20190813,nuclear,18.31,48
20190813,other,0.39,48
20190813,solar,6.94,48
20190813,wind,9.4,48
20190814,biomass,8.06,48
20190814,coal,1.53,48
20190814,gas,44.88,48
20190814,hydro,1.71,48
20190814,imports,9.06,48
20190814,nuclear,18.4,48
20190814,other,0.37,48
20190814,solar,1.74,48
20190814,wind,14.25,48
20190815,biomass,7.69,48
20190815,coal,2.07,48
20190815,gas,24.92,48
20190815,hydro,2.34,48
20190815,imports,8.68,48
20190815,nuclear,19.73,48
20190815,other,0.4,48
20190815,solar,6.61,48
20190815,wind,27.55,48
20190816,biomass,8.07,48
20190816,coal,0.14,48
20190816,gas,30.03,48
20190816,hydro,1.13,48
20190816,imports,6.74,48
20190816,nuclear,19.34,48
20190816,other,0.1,48
20190816,solar,1.45,48
20190816,wind,33.0,48
20190817,biomass,6.03,48
20190817,coal,0.44,48
20190817,gas,21.32,48
20190817,hydro,1.03,48
20190817,imports,4.66,48
20190817,nuclear,19.31,48
20190817,other,0.0,48
20190817,solar,6.76,48
20190817,wind,40.45,48
20190818,biomass,5.37,48
20190818,coal,0.28,48
20190818,gas,20.49,48
20190818,hydro,0.78,48
20190818,imports,4.87,48
20190818,nuclear,21.39,48
20190818,other,0.0,48
20190818,solar,7.6,48
20190818,wind,39.23,48
20190819,biomass,5.56,48
20190819,coal,1.35,48
20190819,gas,26.44,48
20190819,hydro,1.73,48
20190819,imports,6.54,48
20190819,nuclear,20.98,48
20190819,other,0.23,48
20190819,solar,6.48,48
20190819,wind,30.7,48
20190820,biomass,5.96,48
20190820,coal,1.91,48
20190820,gas,40.24,48
20190820,hydro,2.71,48
20190820,imports,7.44,48
20190820,nuclear,21.05,48
20190820,other,0.4,48
20190820,solar,6.45,48
20190820,wind,13.84,48
20190821,biomass,5.82,48
20190821,coal,1.36,48
20190821,gas,32.85,48
20190821,hydro,2.19,48
20190821,imports,9.4,48
20190821,nuclear,21.37,48
20190821,other,0.43,48
20190821,solar,6.24,48
20190821,wind,20.35,48
20190822,biomass,4.46,48
20190822,coal,0.84,48
20190822,gas,25.5,48
20190822,hydro,2.15,48
20190822,imports,8.58,48
20190822,nuclear,20.98,48
20190822,other,0.37,48
20190822,solar,5.79,48
20190822,wind,31.32,48
20190823,biomass,7.63,48
20190823,coal,1.57,48
20190823,gas,29.98,48
20190823,hydro,2.51,48
20190823,imports,8.62,48
20190823,nuclear,20.6,48
20190823,other,0.43,48
20190823,solar,7.54,48
20190823,wind,21.13,48
20190824,biomass,7.01,48
20190824,coal,0.0,48
20190824,gas,38.52,48
20190824,hydro,2.28,48
20190824,imports,8.8,48
20190824,nuclear,21.58,48
20190824,other,0.41,48
20190824,solar,8.56,48
20190824,wind,12.83,48
20190825,biomass,4.64,48
20190825,coal,0.0,48
20190825,gas,43.87,48
20190825,hydro,2.17,48
20190825,imports,10.28,48
20190825,nuclear,22.81,48
20190825,other,0.4,48
20190825,solar,8.49,48
20190825,wind,7.34,48
20190826,biomass,6.75,48
20190826,coal,0.0,48
20190826,gas,47.95,48
20190826,hydro,1.97,48
20190826,imports,5.21,48
20190826,nuclear,22.0,48
20190826,other,0.38,48
20190826,solar,7.4,48
20190826,wind,8.34,48
20190827,biomass,7.43,48
20190827,coal,1.39,48
20190827,gas,51.83,48
20190827,hydro,2.06,48
20190827,imports,5.05,48
20190827,nuclear,20.33,48
20190827,other,0.4,48
20190827,solar,5.22,48
20190827,wind,6.3,48
20190828,biomass,7.58,48
20190828,coal,1.44,48
20190828,gas,47.09,48
20190828,hydro,1.5,48
20190828,imports,3.45,48
20190828,nuclear,20.22,48
20190828,other,0.34,48
20190828,solar,3.67,48
20190828,wind,14.71,48
20190829,biomass,8.09,48
20190829,coal,1.88,48
20190829,gas,32.53,48
20190829,hydro,1.14,48
20190829,imports,2.83,48
20190829,nuclear,21.84,48
20190829,other,0.39,48
20190829,solar,6.15,48
20190829,wind,25.15,48
20190830,biomass,7.73,48
20190830,coal,1.69,48
20190830,gas,23.68,48
20190830,hydro,1.6,48
20190830,imports,3.69,48
20190830,nuclear,23.28,48
20190830,other,0.41,48
20190830,solar,5.73,48
20190830,wind,32.19,48
20190831,biomass,8.74,48
20190831,coal,0.0,48
20190831,gas,22.42,48
20190831,hydro,2.67,48
20190831,imports,4.94,48
20190831,nuclear,26.06,48
20190831,other,0.45,48
20190831,solar,6.28,48
20190831,wind,28.43,48
20190901,biomass,7.35,48
20190901,coal,0.0,48
20190901,gas,27.0,48
20190901,hydro,3.55,48
20190901,imports,4.82,48
20190901,nuclear,26.33,48
20190901,other,0.48,48
20190901,solar,7.9,48
20190901,wind,22.57,48
20190902,biomass,8.09,48
20190902,coal,1.76,48
20190902,gas,29.12,48
20190902,hydro,2.35,48
20190902,imports,6.99,48
20190902,nuclear,23.38,48
20190902,other,0.39,48
20190902,solar,5.11,48
20190902,wind,22.82,48
20190903,biomass,8.41,48
20190903,coal,0.93,48
20190903,gas,31.66,48
20190903,hydro,3.12,48
20190903,imports,5.16,48
20190903,nuclear,22.8,48
20190903,other,0.4,48
20190903,solar,4.34,48
20190903,wind,23.17,48
20190904,biomass,8.32,48
20190904,coal,1.57,48
20190904,gas,20.96,48
20190904,hydro,2.63,48
20190904,imports,5.07,48
20190904,nuclear,23.1,48
20190904,other,0.4,48
20190904,solar,5.95,48
20190904,wind,31.99,48
20190905,biomass,6.8,48
20190905,coal,1.26,48
20190905,gas,23.75,48
20190905,hydro,2.85,48
20190905,imports,5.17,48
20190905,nuclear,22.53,48
20190905,other,0.43,48
20190905,solar,6.18,48
20190905,wind,31.02,48
20190906,biomass,7.09,48
20190906,coal,1.02,48
20190906,gas,24.11,48
20190906,hydro,2.3,48
20190906,imports,5.28,48
20190906,nuclear,22.89,48
20190906,other,0.43,48
20190906,solar,3.49,48
20190906,wind,33.39,48
20190907,biomass,7.57,48
20190907,coal,0.0,48
20190907,gas,33.71,48
20190907,hydro,2.91,48
20190907,imports,6.27,48
20190907,nuclear,24.54,48
20190907,other,0.44,48
20190907,solar,5.05,48
20190907,wind,19.52,48
20190908,biomass,9.11,48
20190908,coal,0.0,48
20190908,gas,37.88,48
20190908,hydro,2.76,48
20190908,imports,8.13,48
20190908,nuclear,24.56,48
20190908,other,0.42,48
20190908,solar,7.1,48
20190908,wind,10.05,48
20190909,biomass,7.85,48
20190909,coal,1.44,48
20190909,gas,49.49,48
20190909,hydro,1.98,48
20190909,imports,6.59,48
20190909,nuclear,21.72,48
20190909,other,0.38,48
20190909,solar,1.59,48
20190909,wind,8.96,48
20190910,biomass,7.52,48
20190910,coal,1.32,48
20190910,gas,42.2,48
20190910,hydro,1.95,48
20190910,imports,8.64,48
20190910,nuclear,22.38,48
20190910,other,0.36,48
20190910,solar,4.29,48
20190910,wind,11.34,48
20190911,biomass,6.95,48
20190911,coal,0.75,48
20190911,gas,23.46,48
20190911,hydro,1.98,48
20190911,imports,6.82,48
20190911,nuclear,23.35,48
20190911,other,0.38,48
20190911,solar,3.48,48
20190911,wind,32.85,48
20190912,biomass,6.03,48
20190912,coal,0.96,48
20190912,gas,28.85,48
20190912,hydro,2.51,48
20190912,imports,8.67,48
20190912,nuclear,23.49,48
20190912,other,0.38,48
20190912,solar,4.07,48
20190912,wind,25.04,48
20190913,biomass,6.03,48
20190913,coal,1.38,48
20190913,gas,36.91,48
20190913,hydro,2.73,48
20190913,imports,6.62,48
20190913,nuclear,22.6,48
20190913,other,0.4,48
20190913,solar,6.74,48
20190913,wind,16.6,48
20190914,biomass,5.36,48
20190914,coal,0.55,48
20190914,gas,26.26,48
20190914,hydro,1.96,48
20190914,imports,8.17,48
20190914,nuclear,25.66,48
20190914,other,0.42,48
20190914,solar,7.74,48
20190914,wind,23.88,48
20190915,biomass,4.58,48
20190915,coal,0.58,48
20190915,gas,34.04,48
20190915,hydro,2.69,48
20190915,imports,6.25,48
20190915,nuclear,24.87,48
20190915,other,0.4,48
20190915,solar,5.28,48
20190915,wind,21.32,48
20190916,biomass,6.12,48
20190916,coal,1.75,48
20190916,gas,46.58,48
20190916,hydro,2.38,48
20190916,imports,5.88,48
20190916,nuclear,21.88,48
20190916,other,0.41,48
20190916,solar,2.89,48
20190916,wind,12.11,48
20190917,biomass,5.9,48
20190917,coal,1.45,48
20190917,gas,42.16,48
20190917,hydro,1.99,48
20190917,imports,4.32,48
20190917,nuclear,21.91,48
20190917,other,0.28,48
20190917,solar,6.23,48
20190917,wind,15.76,48
20190918,biomass,5.47,48
20190918,coal,0.96,48
20190918,gas,50.9,48
20190918,hydro,2.18,48
20190918,imports,6.54,48
20190918,nuclear,22.26,48
20190918,other,0.33,48
20190918,solar,5.64,48
20190918,wind,5.72,48
20190919,biomass,4.03,48
20190919,coal,0.8,48
20190919,gas,52.89,48
20190919,hydro,2.38,48
20190919,imports,6.74,48
20190919,nuclear,22.29,48
20190919,other,0.34,48
20190919,solar,6.18,48
20190919,wind,4.36,48
20190920,biomass,6.09,48
20190920,coal,0.94,48
20190920,gas,41.48,48
20190920,hydro,1.84,48
20190920,imports,5.18,48
20190920,nuclear,23.67,48
20190920,other,0.37,48
20190920,solar,6.66,48
20190920,wind,13.76,48
20190921,biomass,5.18,48
20190921,coal,0.0,48
20190921,gas,19.24,48
20190921,hydro,2.12,48
20190921,imports,4.99,48
20190921,nuclear,26.52,48
20190921,other,0.43,48
20190921,solar,7.44,48
20190921,wind,34.08,48
20190922,biomass,4.49,48
20190922,coal,0.0,48
20190922,gas,35.94,48
20190922,hydro,2.01,48
20190922,imports,7.17,48
20190922,nuclear,25.84,48
20190922,other,0.42,48
20190922,solar,2.57,48
20190922,wind,21.55,48
20190923,biomass,5.88,48
20190923,coal,0.4,48
20190923,gas,42.73,48
20190923,hydro,1.6,48
20190923,imports,2.66,48
20190923,nuclear,22.44,48
20190923,other,0.38,48
20190923,solar,3.21,48
20190923,wind,20.72,48
20190924,biomass,5.5,48
20190924,coal,0.0,48
20190924,gas,44.26,48
20190924,hydro,1.89,48
20190924,imports,3.42,48
20190924,nuclear,21.71,48
20190924,other,0.28,48
20190924,solar,2.4,48
20190924,wind,20.54,48
20190925,biomass,5.85,48
20190925,coal,0.49,48
20190925,gas,46.66,48
20190925,hydro,1.8,48
20190925,imports,6.74,48
20190925,nuclear,21.74,48
20190925,other,0.26,48
20190925,solar,2.47,48
20190925,wind,13.99,48
20190926,biomass,5.81,48
20190926,coal,0.0,48
20190926,gas,30.58,48
20190926,hydro,1.74,48
20190926,imports,6.04,48
20190926,nuclear,22.23,48
20190926,other,0.37,48
20190926,solar,3.8,48
20190926,wind,29.43,48
20190927,biomass,5.65,48
20190927,coal,0.0,48
20190927,gas,30.91,48
20190927,hydro,2.38,48
20190927,imports,7.21,48
20190927,nuclear,24.14,48
20190927,other,0.42,48
20190927,solar,3.04,48
20190927,wind,26.25,48
20190928,biomass,5.81,48
20190928,coal,0.0,48
20190928,gas,26.78,48
20190928,hydro,2.48,48
20190928,imports,8.03,48
20190928,nuclear,25.32,48
20190928,other,0.47,48
20190928,solar,3.96,48
20190928,wind,27.14,48
20190929,biomass,4.34,48
20190929,coal,0.09,48
20190929,gas,28.2,48
20190929,hydro,2.48,48
20190929,imports,8.24,48
20190929,nuclear,25.36,48
20190929,other,0.44,48
20190929,solar,2.39,48
20190929,wind,28.46,48
20190930,biomass,5.63,48
20190930,coal,1.73,48
20190930,gas,45.38,48
20190930,hydro,2.1,48
20190930,imports,5.16,48
20190930,nuclear,21.56,48
20190930,other,0.39,48
20190930,solar,2.33,48
20190930,wind,15.71,48
20191001,biomass,5.36,48
20191001,coal,1.92,48
20191001,gas,37.77,48
20191001,hydro,2.03,48
20191001,imports,2.99,48
20191001,nuclear,22.19,48
20191001,other,0.38,48
20191001,solar,2.37,48
20191001,wind,24.99,48
20191002,biomass,5.03,48
20191002,coal,1.73,48
20191002,gas,40.51,48
20191002,hydro,1.59,48
20191002,imports,3.68,48
20191002,nuclear,21.79,48
20191002,other,0.38,48
20191002,solar,5.0,48
20191002,wind,20.3,48
20191003,biomass,5.22,48
20191003,coal,1.38,48
20191003,gas,44.58,48
20191003,hydro,1.88,48
20191003,imports,5.52,48
20191003,nuclear,21.54,48
20191003,other,0.36,48
20191003,solar,1.88,48
20191003,wind,17.63,48
20191004,biomass,5.21,48
20191004,coal,1.64,48
20191004,gas,36.17,48
20191004,hydro,2.63,48
20191004,imports,6.19,48
20191004,nuclear,22.55,48
20191004,other,0.39,48
20191004,solar,1.88,48
20191004,wind,23.35,48
20191005,biomass,5.72,48
20191005,coal,0.97,48
20191005,gas,35.16,48
20191005,hydro,2.19,48
20191005,imports,9.14,48
20191005,nuclear,24.76,48
20191005,other,0.43,48
20191005,solar,2.46,48
20191005,wind,19.17,48
20191006,biomass,4.46,48
20191006,coal,0.1,48
20191006,gas,24.64,48
20191006,hydro,2.31,48
20191006,imports,6.53,48
20191006,nuclear,25.42,48
20191006,other,0.44,48
20191006,solar,3.64,48
20191006,wind,32.47,48
20191007,biomass,5.69,48
20191007,coal,1.49,48
20191007,gas,35.6,48
20191007,hydro,2.43,48
20191007,imports,3.22,48
20191007,nuclear,22.31,48
20191007,other,0.3,48
20191007,solar,1.05,48
20191007,wind,27.92,48
20191008,biomass,5.25,48
20191008,coal,1.22,48
20191008,gas,26.66,48
20191008,hydro,2.34,48
20191008,imports,3.15,48
20191008,nuclear,23.31,48
20191008,other,0.27,48
20191008,solar,3.18,48
20191008,wind,34.61,48
20191009,biomass,5.54,48
20191009,coal,1.25,48
20191009,gas,25.48,48
20191009,hydro,2.93,48
20191009,imports,4.47,48
20191009,nuclear,22.21,48
20191009,other,0.31,48
20191009,solar,3.19,48
20191009,wind,34.63,48
20191010,biomass,5.22,48
20191010,coal,1.81,48
20191010,gas,24.04,48
20191010,hydro,3.36,48
20191010,imports,5.43,48
20191010,nuclear,21.59,48
20191010,other,0.35,48
20191010,solar,2.61,48
20191010,wind,35.6,48
20191011,biomass,5.49,48
20191011,coal,2.26,48
20191011,gas,24.61,48
20191011,hydro,2.98,48
20191011,imports,6.1,48
20191011,nuclear,21.66,48
20191011,other,0.36,48
20191011,solar,1.33,48
20191011,wind,35.22,48
20191012,biomass,5.43,48
20191012,coal,0.0,48
20191012,gas,39.2,48
20191012,hydro,3.83,48
20191012,imports,9.39,48
20191012,nuclear,22.8,48
20191012,other,0.38,48
20191012,solar,1.9,48
20191012,wind,17.08,48
20191013,biomass,4.41,48
20191013,coal,0.0,48
20191013,gas,45.91,48
20191013,hydro,3.2,48
20191013,imports,9.23,48
20191013,nuclear,22.86,48
20191013,other,0.35,48
20191013,solar,1.38,48
20191013,wind,12.67,48
20191014,biomass,4.34,48
20191014,coal,1.65,48
20191014,gas,51.02,48
20191014,hydro,3.05,48
20191014,imports,7.56,48
20191014,nuclear,20.6,48
20191014,other,0.31,48
20191014,solar,0.9,48
20191014,wind,10.56,48
20191015,biomass,4.71,48
20191015,coal,2.62,48
20191015,gas,49.31,48
20191015,hydro,3.0,48
20191015,imports,6.52,48
20191015,nuclear,19.9,48
20191015,other,0.28,48
20191015,solar,1.99,48
20191015,wind,11.67,48
20191016,biomass,4.04,48
20191016,coal,2.62,48
20191016,gas,40.23,48
20191016,hydro,2.6,48
20191016,imports,7.63,48
20191016,nuclear,20.63,48
20191016,other,0.31,48
20191016,solar,2.61,48
20191016,wind,19.32,48
20191017,biomass,3.56,48
20191017,coal,2.54,48
20191017,gas,48.51,48
20191017,hydro,2.27,48
20191017,imports,4.58,48
20191017,nuclear,20.39,48
20191017,other,0.32,48
20191017,solar,2.59,48
20191017,wind,15.25,48
20191018,biomass,3.55,48
20191018,coal,2.47,48
20191018,gas,43.43,48
20191018,hydro,2.31,48
20191018,imports,5.34,48
20191018,nuclear,20.23,48
20191018,other,0.37,48
20191018,solar,2.41,48
20191018,wind,19.9,48
20191019,biomass,4.3,48
20191019,coal,0.0,48
20191019,gas,32.97,48
20191019,hydro,2.49,48
20191019,imports,8.48,48
20191019,nuclear,22.82,48
20191019,other,0.45,48
20191019,solar,3.17,48
20191019,wind,25.33,48
20191020,biomass,4.41,48
20191020,coal,0.0,48
20191020,gas,33.01,48
20191020,hydro,2.47,48
20191020,imports,8.91,48
20191020,nuclear,24.5,48
20191020,other,0.48,48
20191020,solar,2.47,48
20191020,wind,23.75,48
20191021,biomass,6.19,48
20191021,coal,1.14,48
20191021,gas,47.9,48
20191021,hydro,1.91,48
20191021,imports,2.14,48
20191021,nuclear,21.15,48
20191021,other,0.37,48
20191021,solar,1.36,48
20191021,wind,17.84,48
20191022,biomass,6.35,48
20191022,coal,0.67,48
20191022,gas,48.46,48
20191022,hydro,1.7,48
20191022,imports,1.58,48
20191022,nuclear,20.5,48
20191022,other,0.37,48
20191022,solar,2.78,48
20191022,wind,17.6,48
20191023,biomass,6.38,48
20191023,coal,0.95,48
20191023,gas,46.49,48
20191023,hydro,1.39,48
20191023,imports,4.47,48
20191023,nuclear,20.95,48
20191023,other,0.36,48
20191023,solar,2.14,48
20191023,wind,16.86,48
20191024,biomass,6.4,48
20191024,coal,1.04,48
20191024,gas,43.88,48
20191024,hydro,2.0,48
20191024,imports,6.71,48
20191024,nuclear,21.31,48
20191024,other,0.4,48
20191024,solar,1.2,48
20191024,wind,17.06,48
20191025,biomass,5.35,48
20191025,coal,1.02,48
20191025,gas,38.8,48
20191025,hydro,1.52,48
20191025,imports,7.76,48
20191025,nuclear,21.43,48
20191025,other,0.4,48
20191025,solar,0.6,48
20191025,wind,23.12,48
20191026,biomass,3.84,48
20191026,coal,1.17,48
20191026,gas,33.46,48
20191026,hydro,1.79,48
20191026,imports,7.76,48
20191026,nuclear,23.71,48
20191026,other,0.43,48
20191026,solar,0.66,48
20191026,wind,27.18,48
20191027,biomass,5.79,50
20191027,coal,1.26,50
20191027,gas,29.55,50
20191027,hydro,2.03,50
20191027,imports,6.17,50
20191027,nuclear,24.97,50
20191027,other,0.44,50
20191027,solar,4.18,50
20191027,wind,25.6,50
20191028,biomass,4.51,48
20191028,coal,1.57,48
20191028,gas,53.44,48
20191028,hydro,2.28,48
20191028,imports,6.04,48
20191028,nuclear,20.12,48
20191028,other,0.34,48
20191028,solar,2.4,48
20191028,wind,9.31,48
20191029,biomass,5.89,48
20191029,coal,1.31,48
20191029,gas,50.64,48
20191029,hydro,1.85,48
20191029,imports,5.14,48
20191029,nuclear,20.09,48
20191029,other,0.34,48
20191029,solar,1.91,48
20191029,wind,12.83,48
20191030,biomass,6.74,48
20191030,coal,0.88,48
20191030,gas,50.48,48
20191030,hydro,1.63,48
20191030,imports,2.22,48
20191030,nuclear,19.71,48
20191030,other,0.34,48
20191030,solar,2.03,48
20191030,wind,15.96,48
20191031,biomass,6.91,48
20191031,coal,0.5,48
20191031,gas,48.87,48
20191031,hydro,1.81,48
20191031,imports,3.06,48
20191031,nuclear,19.72,48
20191031,other,0.34,48
20191031,solar,1.55,48
20191031,wind,17.24,48
20191101,biomass,7.17,48
20191101,coal,1.82,48
20191101,gas,39.02,48
20191101,hydro,1.8,48
20191101,imports,8.45,48
20191101,nuclear,21.09,48
20191101,other,0.36,48
20191101,solar,0.55,48
20191101,wind,19.74,48
20191102,biomass,7.17,48
20191102,coal,1.37,48
20191102,gas,28.1,48
20191102,hydro,2.2,48
20191102,imports,8.82,48
20191102,nuclear,23.32,48
20191102,other,0.4,48
20191102,solar,0.98,48
20191102,wind,27.64,48
20191103,biomass,7.3,48
20191103,coal,2.44,48
20191103,gas,36.79,48
20191103,hydro,2.07,48
20191103,imports,8.44,48
20191103,nuclear,23.22,48
20191103,other,0.38,48
20191103,solar,1.85,48
20191103,wind,17.52,48
20191104,biomass,7.36,48
20191104,coal,4.33,48
20191104,gas,40.71,48
20191104,hydro,1.5,48
20191104,imports,8.78,48
20191104,nuclear,20.49,48
20191104,other,0.34,48
20191104,solar,1.46,48
20191104,wind,15.02,48
20191105,biomass,7.4,48
20191105,coal,3.73,48
20191105,gas,43.47,48
20191105,hydro,1.43,48
20191105,imports,5.96,48
20191105,nuclear,20.31,48
20191105,other,0.35,48
20191105,solar,1.06,48
20191105,wind,16.3,48
20191106,biomass,6.97,48
20191106,coal,4.07,48
20191106,gas,52.82,48
20191106,hydro,2.04,48
20191106,imports,7.31,48
20191106,nuclear,19.42,48
20191106,other,0.37,48
20191106,solar,1.16,48
20191106,wind,5.85,48
20191107,biomass,7.25,48
20191107,coal,3.81,48
20191107,gas,36.01,48
20191107,hydro,1.26,48
20191107,imports,7.23,48
20191107,nuclear,20.1,48
20191107,other,0.35,48
20191107,solar,1.53,48
20191107,wind,22.47,48
20191108,biomass,7.33,48
20191108,coal,3.45,48
20191108,gas,44.86,48
20191108,hydro,1.66,48
20191108,imports,6.28,48
20191108,nuclear,19.73,48
20191108,other,0.35,48
20191108,solar,1.64,48
20191108,wind,14.71,48
20191109,biomass,6.72,48
20191109,coal,2.37,48
20191109,gas,41.71,48
20191109,hydro,1.5,48
20191109,imports,9.89,48
20191109,nuclear,21.09,48
20191109,other,0.36,48
20191109,solar,1.17,48
20191109,wind,15.19,48
20191110,biomass,7.89,48
20191110,coal,1.94,48
20191110,gas,41.75,48
20191110,hydro,1.52,48
20191110,imports,9.41,48
20191110,nuclear,21.3,48
20191110,other,0.36,48
20191110,solar,2.53,48
20191110,wind,13.3,48
20191111,biomass,7.93,48
20191111,coal,3.52,48
20191111,gas,29.53,48
20191111,hydro,1.51,48
20191111,imports,6.48,48
20191111,nuclear,19.06,48
20191111,other,0.36,48
20191111,solar,1.76,48
20191111,wind,29.85,48
20191112,biomass,6.97,48
20191112,coal,3.29,48
20191112,gas,33.26,48
20191112,hydro,1.62,48
20191112,imports,5.82,48
20191112,nuclear,18.39,48
20191112,other,0.36,48
20191112,solar,1.33,48
20191112,wind,28.96,48
20191113,biomass,6.82,48
20191113,coal,6.69,48
20191113,gas,48.23,48
20191113,hydro,1.69,48
20191113,imports,6.87,48
20191113,nuclear,17.05,48
20191113,other,0.43,48
20191113,solar,1.6,48
20191113,wind,10.63,48
20191114,biomass,7.93,48
20191114,coal,5.25,48
20191114,gas,40.88,48
20191114,hydro,1.38,48
20191114,imports,5.64,48
20191114,nuclear,15.98,48
20191114,other,0.42,48
20191114,solar,0.66,48
20191114,wind,21.86,48
20191115,biomass,8.18,48
20191115,coal,5.73,48
20191115,gas,41.99,48
20191115,hydro,1.1,48
20191115,imports,4.74,48
20191115,nuclear,16.1,48
20191115,other,0.44,48
20191115,solar,0.63,48
20191115,wind,21.09,48
20191116,biomass,6.73,48
20191116,coal,3.85,48
20191116,gas,53.56,48
20191116,hydro,1.46,48
20191116,imports,8.63,48
20191116,nuclear,17.74,48
20191116,other,0.47,48
20191116,solar,1.09,48
20191116,wind,6.47,48
20191117,biomass,6.6,48
20191117,coal,3.32,48
20191117,gas,52.6,48
20191117,hydro,1.02,48
20191117,imports,9.3,48
20191117,nuclear,17.75,48
20191117,other,0.45,48
20191117,solar,0.93,48
20191117,wind,8.03,48
20191118,biomass,7.0,48
20191118,coal,5.1,48
20191118,gas,49.97,48
20191118,hydro,1.11,48
20191118,imports,4.37,48
20191118,nuclear,16.71,48
20191118,other,0.44,48
20191118,solar,2.24,48
20191118,wind,13.06,48
20191119,biomass,6.34,48
20191119,coal,5.89,48
20191119,gas,53.11,48
20191119,hydro,1.31,48
20191119,imports,3.56,48
20191119,nuclear,17.6,48
20191119,other,0.39,48
20191119,solar,0.99,48
20191119,wind,10.81,48
20191120,biomass,5.57,48
20191120,coal,4.22,48
20191120,gas,42.37,48
20191120,hydro,0.56,48
20191120,imports,3.31,48
20191120,nuclear,18.61,48
20191120,other,0.32,48
20191120,solar,1.03,48
20191120,wind,24.01,48
20191121,biomass,6.13,48
20191121,coal,3.7,48
20191121,gas,38.51,48
20191121,hydro,0.78,48
20191121,imports,4.38,48
20191121,nuclear,19.39,48
20191121,other,0.43,48
20191121,solar,0.34,48
20191121,wind,26.34,48
20191122,biomass,8.39,48
20191122,coal,3.62,48
20191122,gas,36.71,48
20191122,hydro,0.79,48
20191122,imports,7.69,48
20191122,nuclear,20.02,48
20191122,other,0.47,48
20191122,solar,0.45,48
20191122,wind,21.85,48
20191123,biomass,9.44,48
20191123,coal,2.09,48
20191123,gas,32.9,48
20191123,hydro,0.77,48
20191123,imports,7.82,48
20191123,nuclear,21.69,48
20191123,other,0.51,48
20191123,solar,0.25,48
20191123,wind,24.54,48
20191124,biomass,9.73,48
20191124,coal,3.24,48
20191124,gas,42.85,48
20191124,hydro,0.77,48
20191124,imports,9.56,48
20191124,nuclear,22.18,48
20191124,other,0.36,48
20191124,solar,0.36,48
20191124,wind,10.94,48
20191125,biomass,8.88,48
20191125,coal,4.95,48
20191125,gas,41.6,48
20191125,hydro,0.98,48
20191125,imports,7.16,48
20191125,nuclear,21.09,48
20191125,other,0.36,48
20191125,solar,0.32,48
20191125,wind,14.67,48
20191126,biomass,8.9,48
20191126,coal,4.56,48
20191126,gas,34.55,48
20191126,hydro,0.91,48
20191126,imports,7.9,48
20191126,nuclear,21.61,48
20191126,other,0.36,48
20191126,solar,0.46,48
20191126,wind,20.75,48
20191127,biomass,8.32,48
20191127,coal,4.6,48
20191127,gas,39.2,48
20191127,hydro,1.11,48
20191127,imports,7.94,48
20191127,nuclear,21.3,48
20191127,other,0.46,48
20191127,solar,0.52,48
20191127,wind,16.56,48
20191128,biomass,7.56,48
20191128,coal,4.12,48
20191128,gas,34.25,48
20191128,hydro,1.45,48
20191128,imports,7.19,48
20191128,nuclear,21.3,48
20191128,other,0.41,48
20191128,solar,0.66,48
20191128,wind,23.07,48
20191129,biomass,8.45,48
20191129,coal,4.33,48
20191129,gas,45.72,48
20191129,hydro,1.4,48
20191129,imports,8.06,48
20191129,nuclear,20.44,48
20191129,other,0.42,48
20191129,solar,1.9,48
20191129,wind,9.28,48
20191130,biomass,8.65,48
20191130,coal,2.9,48
20191130,gas,45.56,48
20191130,hydro,1.51,48
20191130,imports,10.53,48
20191130,nuclear,22.04,48
20191130,other,0.45,48
20191130,solar,1.35,48
20191130,wind,7.02,48
20191201,biomass,8.05,48
20191201,coal,2.7,48
20191201,gas,41.24,48
20191201,hydro,1.43,48
20191201,imports,8.45,48
20191201,nuclear,22.08,48
20191201,other,0.44,48
20191201,solar,1.59,48
20191201,wind,14.02,48
20191202,biomass,8.16,48
20191202,coal,4.09,48
20191202,gas,45.7,48
20191202,hydro,1.62,48
20191202,imports,5.19,48
20191202,nuclear,19.44,48
20191202,other,0.43,48
20191202,solar,1.5,48
20191202,wind,13.86,48
20191203,biomass,8.29,48
20191203,coal,4.01,48
20191203,gas,45.06,48
20191203,hydro,1.67,48
20191203,imports,3.9,48
20191203,nuclear,19.89,48
20191203,other,0.43,48
20191203,solar,1.54,48
20191203,wind,15.22,48
20191204,biomass,8.25,48
20191204,coal,4.58,48
20191204,gas,42.25,48
20191204,hydro,1.59,48
20191204,imports,2.48,48
20191204,nuclear,19.63,48
20191204,other,0.41,48
20191204,solar,1.65,48
20191204,wind,19.16,48
20191205,biomass,8.07,48
20191205,coal,5.37,48
20191205,gas,33.92,48
20191205,hydro,1.39,48
20191205,imports,3.19,48
20191205,nuclear,20.23,48
20191205,other,0.39,48
20191205,solar,0.59,48
20191205,wind,26.86,48
20191206,biomass,8.84,48
20191206,coal,4.39,48
20191206,gas,26.95,48
20191206,hydro,2.06,48
20191206,imports,3.44,48
20191206,nuclear,22.14,48
20191206,other,0.45,48
20191206,solar,0.43,48
20191206,wind,31.31,48
20191207,biomass,9.62,48
20191207,coal,2.85,48
20191207,gas,22.52,48
20191207,hydro,2.27,48
20191207,imports,5.5,48
20191207,nuclear,23.6,48
20191207,other,0.51,48
20191207,solar,0.86,48
20191207,wind,32.26,48
20191208,biomass,8.76,48
20191208,coal,3.32,48
20191208,gas,13.95,48
20191208,hydro,3.01,48
20191208,imports,5.62,48
20191208,nuclear,23.32,48
20191208,other,0.52,48
20191208,solar,1.5,48
20191208,wind,40.0,48
20191209,biomass,8.88,48
20191209,coal,4.5,48
20191209,gas,29.67,48
20191209,hydro,2.95,48
20191209,imports,5.49,48
20191209,nuclear,19.62,48
20191209,other,0.45,48
20191209,solar,1.76,48
20191209,wind,26.69,48
20191210,biomass,8.2,48
20191210,coal,4.35,48
20191210,gas,26.95,48
20191210,hydro,2.05,48
20191210,imports,5.11,48
20191210,nuclear,18.63,48
20191210,other,0.45,48
20191210,solar,0.13,48
20191210,wind,34.12,48
20191211,biomass,8.19,48
20191211,coal,5.92,48
20191211,gas,33.18,48
20191211,hydro,2.48,48
20191211,imports,3.19,48
20191211,nuclear,17.32,48
20191211,other,0.48,48
20191211,solar,0.94,48
20191211,wind,28.28,48
20191212,biomass,8.11,48
20191212,coal,6.36,48
20191212,gas,39.72,48
20191212,hydro,2.49,48
20191212,imports,6.23,48
20191212,nuclear,16.7,48
20191212,other,0.47,48
20191212,solar,0.19,48
20191212,wind,19.74,48
20191213,biomass,7.0,48
20191213,coal,4.47,48
20191213,gas,35.59,48
20191213,hydro,2.44,48
20191213,imports,8.57,48
20191213,nuclear,17.33,48
20191213,other,0.46,48
20191213,solar,0.91,48
20191213,wind,23.23,48
20191214,biomass,7.14,48
20191214,coal,3.03,48
20191214,gas,22.19,48
20191214,hydro,2.6,48
20191214,imports,8.99,48
20191214,nuclear,19.04,48
20191214,other,0.49,48
20191214,solar,1.45,48
20191214,wind,35.07,48
20191215,biomass,7.08,48
20191215,coal,4.3,48
20191215,gas,27.27,48
20191215,hydro,2.32,48
20191215,imports,8.3,48
20191215,nuclear,18.98,48
20191215,other,0.51,48
20191215,solar,1.41,48
20191215,wind,29.83,48
20191216,biomass,7.95,48
20191216,coal,5.04,48
20191216,gas,42.09,48
20191216,hydro,2.33,48
20191216,imports,7.0,48
20191216,nuclear,16.13,48
20191216,other,0.46,48
20191216,solar,0.69,48
20191216,wind,18.31,48
20191217,biomass,8.38,48
20191217,coal,7.58,48
20191217,gas,49.72,48
20191217,hydro,2.32,48
20191217,imports,7.41,48
20191217,nuclear,15.04,48
20191217,other,0.37,48
20191217,solar,0.39,48
20191217,wind,8.78,48
20191218,biomass,8.65,48
20191218,coal,4.01,48
20191218,gas,37.17,48
20191218,hydro,2.36,48
20191218,imports,8.08,48
20191218,nuclear,16.63,48
20191218,other,0.36,48
20191218,solar,0.61,48
20191218,wind,22.13,48
20191219,biomass,8.6,48
20191219,coal,4.18,48
20191219,gas,28.11,48
20191219,hydro,2.41,48
20191219,imports,7.29,48
20191219,nuclear,17.13,48
20191219,other,0.37,48
20191219,solar,0.34,48
20191219,wind,31.57,48
20191220,biomass,8.49,48
20191220,coal,4.49,48
20191220,gas,35.54,48
20191220,hydro,2.39,48
20191220,imports,7.85,48
20191220,nuclear,17.41,48
20191220,other,0.38,48
20191220,solar,0.21,48
20191220,wind,23.25,48
20191221,biomass,7.43,48
20191221,coal,3.24,48
20191221,gas,36.56,48
20191221,hydro,2.77,48
20191221,imports,8.22,48
20191221,nuclear,19.98,48
20191221,other,0.39,48
20191221,solar,0.81,48
20191221,wind,20.6,48
20191222,biomass,8.59,48
20191222,coal,2.52,48
20191222,gas,40.75,48
20191222,hydro,2.09,48
20191222,imports,10.34,48
20191222,nuclear,21.98,48
20191222,other,0.28,48
20191222,solar,1.03,48
20191222,wind,12.43,48
20191223,biomass,7.15,48
20191223,coal,1.69,48
20191223,gas,27.41,48
20191223,hydro,2.35,48
20191223,imports,9.18,48
20191223,nuclear,21.58,48
20191223,other,0.51,48
20191223,solar,1.29,48
20191223,wind,28.85,48
20191224,biomass,8.47,48
20191224,coal,2.41,48
20191224,gas,35.13,48
20191224,hydro,2.54,48
20191224,imports,9.97,48
20191224,nuclear,22.38,48
20191224,other,0.44,48
20191224,solar,0.86,48
20191224,wind,17.8,48
20191225,biomass,8.76,48
20191225,coal,1.9,48
20191225,gas,37.02,48
20191225,hydro,2.59,48
20191225,imports,10.38,48
20191225,nuclear,23.88,48
20191225,other,0.48,48
20191225,solar,1.83,48
20191225,wind,13.16,48
20191226,biomass,6.15,48
20191226,coal,1.6,48
20191226,gas,25.4,48
20191226,hydro,2.53,48
20191226,imports,8.84,48
20191226,nuclear,24.12,48
20191226,other,0.56,48
20191226,solar,0.24,48
20191226,wind,30.56,48
20191227,biomass,7.15,48
20191227,coal,1.95,48
20191227,gas,31.78,48
20191227,hydro,2.9,48
20191227,imports,9.79,48
20191227,nuclear,22.32,48
20191227,other,0.52,48
20191227,solar,0.24,48
20191227,wind,23.36,48
20191228,biomass,7.9,48
20191228,coal,2.02,48
20191228,gas,23.36,48
20191228,hydro,2.47,48
20191228,imports,9.68,48
20191228,nuclear,22.69,48
20191228,other,0.35,48
20191228,solar,0.47,48
20191228,wind,31.06,48
20191229,biomass,8.56,48
20191229,coal,1.72,48
20191229,gas,20.8,48
20191229,hydro,2.92,48
20191229,imports,8.17,48
20191229,nuclear,23.54,48
20191229,other,0.34,48
20191229,solar,1.02,48
20191229,wind,32.93,48
20191230,biomass,9.19,48
20191230,coal,2.57,48
20191230,gas,29.52,48
20191230,hydro,2.8,48
20191230,imports,7.01,48
20191230,nuclear,22.01,48
20191230,other,0.43,48
20191230,solar,1.74,48
20191230,wind,24.72,48
20191231,biomass,9.39,48
20191231,coal,3.72,48
20191231,gas,39.94,48
20191231,hydro,2.59,48
20191231,imports,9.33,48
20191231,nuclear,22.2,48
20191231,other,0.43,48
20191231,solar,0.76,48
20191231,wind,11.65,48
20200101,biomass,7.83,48
20200101,coal,3.66,48
20200101,gas,29.81,48
20200101,hydro,2.61,48
20200101,imports,9.36,48
20200101,nuclear,23.81,48
20200101,other,0.46,48
20200101,solar,0.57,48
20200101,wind,21.9,48
20200102,biomass,6.6,48
20200102,coal,6.05,48
20200102,gas,23.05,48
20200102,hydro,2.02,48
20200102,imports,3.74,48
20200102,nuclear,22.24,48
20200102,other,0.42,48
20200102,solar,0.34,48
20200102,wind,35.55,48
20200103,biomass,6.34,48
20200103,coal,6.15,48
20200103,gas,21.43,48
20200103,hydro,2.23,48
20200103,imports,5.76,48
20200103,nuclear,21.96,48
20200103,other,0.4,48
20200103,solar,1.4,48
20200103,wind,34.33,48
20200104,biomass,6.74,48
20200104,coal,5.85,48
20200104,gas,24.31,48
20200104,hydro,2.73,48
20200104,imports,6.31,48
20200104,nuclear,22.7,48
20200104,other,0.44,48
20200104,solar,1.13,48
20200104,wind,29.81,48
20200105,biomass,7.14,48
20200105,coal,6.13,48
20200105,gas,21.4,48
20200105,hydro,2.49,48
20200105,imports,6.89,48
20200105,nuclear,23.2,48
20200105,other,0.45,48
20200105,solar,0.54,48
20200105,wind,31.77,48
20200106,biomass,6.58,48
20200106,coal,7.01,48
20200106,gas,23.95,48
20200106,hydro,2.56,48
20200106,imports,4.29,48
20200106,nuclear,20.73,48
20200106,other,0.39,48
20200106,solar,0.43,48
20200106,wind,34.06,48
20200107,biomass,6.99,48
20200107,coal,5.12,48
20200107,gas,24.76,48
20200107,hydro,2.34,48
20200107,imports,3.87,48
20200107,nuclear,20.44,48
20200107,other,0.41,48
20200107,solar,0.39,48
20200107,wind,35.69,48
20200108,biomass,6.46,48
20200108,coal,6.03,48
20200108,gas,37.8,48
20200108,hydro,2.51,48
20200108,imports,2.67,48
20200108,nuclear,19.53,48
20200108,other,0.38,48
20200108,solar,0.52,48
20200108,wind,24.11,48
20200109,biomass,6.89,48
20200109,coal,7.4,48
20200109,gas,38.94,48
20200109,hydro,2.94,48
20200109,imports,4.19,48
20200109,nuclear,19.87,48
20200109,other,0.54,48
20200109,solar,0.82,48
20200109,wind,18.41,48
20200110,biomass,7.23,48
20200110,coal,6.7,48
20200110,gas,34.69,48
20200110,hydro,2.49,48
20200110,imports,5.97,48
20200110,nuclear,19.95,48
20200110,other,0.56,48
20200110,solar,1.56,48
20200110,wind,20.85,48
20200111,biomass,6.22,48
20200111,coal,5.3,48
20200111,gas,16.42,48
20200111,hydro,2.77,48
20200111,imports,6.54,48
20200111,nuclear,22.86,48
20200111,other,0.52,48
20200111,solar,0.47,48
20200111,wind,38.9,48
20200112,biomass,7.34,48
20200112,coal,4.58,48
20200112,gas,22.92,48
20200112,hydro,3.42,48
20200112,imports,7.89,48
20200112,nuclear,22.77,48
20200112,other,0.38,48
20200112,solar,1.34,48
20200112,wind,29.37,48
20200113,biomass,6.36,48
20200113,coal,6.86,48
20200113,gas,24.59,48
20200113,hydro,2.51,48
20200113,imports,4.17,48
20200113,nuclear,20.87,48
20200113,other,0.35,48
20200113,solar,0.57,48
20200113,wind,33.72,48
20200114,biomass,6.28,48
20200114,coal,6.54,48
20200114,gas,24.09,48
20200114,hydro,2.98,48
20200114,imports,5.5,48
20200114,nuclear,20.68,48
20200114,other,0.39,48
20200114,solar,0.22,48
20200114,wind,33.33,48
20200115,biomass,8.14,48
20200115,coal,5.32,48
20200115,gas,21.87,48
20200115,hydro,2.28,48
20200115,imports,6.74,48
20200115,nuclear,19.85,48
20200115,other,0.43,48
20200115,solar,1.52,48
20200115,wind,33.84,48
20200116,biomass,8.72,48
20200116,coal,5.08,48
20200116,gas,22.81,48
20200116,hydro,2.42,48
20200116,imports,5.88,48
20200116,nuclear,19.12,48
20200116,other,0.44,48
20200116,solar,0.54,48
20200116,wind,34.98,48
20200117,biomass,8.42,48
20200117,coal,4.89,48
20200117,gas,28.55,48
20200117,hydro,2.59,48
20200117,imports,6.94,48
20200117,nuclear,17.83,48
20200117,other,0.44,48
20200117,solar,0.91,48
20200117,wind,29.43,48
20200118,biomass,8.81,48
20200118,coal,6.42,48
20200118,gas,28.19,48
20200118,hydro,2.86,48
20200118,imports,6.16,48
20200118,nuclear,18.62,48
20200118,other,0.4,48
20200118,solar,2.46,48
20200118,wind,26.06,48
20200119,biomass,7.66,48
20200119,coal,6.99,48
20200119,gas,34.73,48
20200119,hydro,2.54,48
20200119,imports,8.62,48
20200119,nuclear,18.91,48
20200119,other,0.4,48
20200119,solar,2.5,48
20200119,wind,17.66,48
20200120,biomass,6.25,48
20200120,coal,7.45,48
20200120,gas,44.94,48
20200120,hydro,1.8,48
20200120,imports,3.37,48
20200120,nuclear,17.24,48
20200120,other,0.38,48
20200120,solar,1.87,48
20200120,wind,16.7,48
20200121,biomass,5.78,48
20200121,coal,7.0,48
20200121,gas,53.02,48
20200121,hydro,2.54,48
20200121,imports,4.22,48
20200121,nuclear,17.04,48
20200121,other,0.38,48
20200121,solar,1.8,48
20200121,wind,8.22,48
20200122,biomass,7.19,48
20200122,coal,5.71,48
20200122,gas,54.81,48
20200122,hydro,2.65,48
20200122,imports,4.17,48
20200122,nuclear,17.85,48
20200122,other,0.45,48
20200122,solar,0.52,48
20200122,wind,6.66,48
20200123,biomass,7.36,48
20200123,coal,7.51,48
20200123,gas,51.48,48
20200123,hydro,2.36,48
20200123,imports,1.59,48
20200123,nuclear,17.86,48
20200123,other,0.37,48
20200123,solar,0.38,48
20200123,wind,11.09,48
20200124,biomass,7.57,48
20200124,coal,8.71,48
20200124,gas,50.53,48
20200124,hydro,2.53,48
20200124,imports,3.11,48
20200124,nuclear,18.52,48
20200124,other,0.4,48
20200124,solar,0.34,48
20200124,wind,8.28,48
20200125,biomass,7.08,48
20200125,coal,5.74,48
20200125,gas,33.83,48
20200125,hydro,2.38,48
20200125,imports,6.81,48
20200125,nuclear,21.78,48
20200125,other,0.45,48
20200125,solar,0.3,48
20200125,wind,21.62,48
20200126,biomass,7.3,48
20200126,coal,3.56,48
20200126,gas,27.84,48
20200126,hydro,2.8,48
20200126,imports,6.36,48
20200126,nuclear,22.92,48
20200126,other,0.46,48
20200126,solar,0.65,48
20200126,wind,28.1,48
20200127,biomass,6.34,48
20200127,coal,4.0,48
20200127,gas,34.89,48
20200127,hydro,2.61,48
20200127,imports,5.58,48
20200127,nuclear,19.11,48
20200127,other,0.43,48
20200127,solar,1.02,48
20200127,wind,26.03,48
20200128,biomass,6.33,48
20200128,coal,3.3,48
20200128,gas,29.42,48
20200128,hydro,1.87,48
20200128,imports,8.31,48
20200128,nuclear,19.82,48
20200128,other,0.41,48
20200128,solar,1.8,48
20200128,wind,28.73,48
20200129,biomass,6.75,48
20200129,coal,3.07,48
20200129,gas,25.32,48
20200129,hydro,2.13,48
20200129,imports,5.21,48
20200129,nuclear,20.14,48
20200129,other,0.45,48
20200129,solar,2.0,48
20200129,wind,34.92,48
20200130,biomass,7.1,48
20200130,coal,3.91,48
20200130,gas,23.39,48
20200130,hydro,2.39,48
20200130,imports,6.78,48
20200130,nuclear,21.52,48
20200130,other,0.51,48
20200130,solar,0.48,48
20200130,wind,33.92,48
20200131,biomass,6.41,48
20200131,coal,3.38,48
20200131,gas,21.06,48
20200131,hydro,3.06,48
20200131,imports,7.73,48
20200131,nuclear,21.12,48
20200131,other,0.49,48
20200131,solar,0.57,48
20200131,wind,36.18,48
20200201,biomass,6.46,48
20200201,coal,3.08,48
20200201,gas,19.71,48
20200201,hydro,3.14,48
20200201,imports,6.17,48
20200201,nuclear,23.17,48
20200201,other,0.28,48
20200201,solar,3.15,48
20200201,wind,34.84,48
20200202,biomass,8.79,48
20200202,coal,2.81,48
20200202,gas,26.27,48
20200202,hydro,2.9,48
20200202,imports,9.72,48
20200202,nuclear,22.76,48
20200202,other,0.29,48
20200202,solar,1.23,48
20200202,wind,25.24,48
20200203,biomass,8.19,48
20200203,coal,3.9,48
20200203,gas,21.62,48
20200203,hydro,2.92,48
20200203,imports,6.43,48
20200203,nuclear,19.65,48
20200203,other,0.48,48
20200203,solar,1.43,48
20200203,wind,35.38,48
20200204,biomass,7.03,48
20200204,coal,3.96,48
20200204,gas,28.94,48
20200204,hydro,2.92,48
20200204,imports,6.94,48
20200204,nuclear,18.76,48
20200204,other,0.46,48
20200204,solar,1.43,48
20200204,wind,29.56,48
20200205,biomass,7.45,48
20200205,coal,5.06,48
20200205,gas,46.76,48
20200205,hydro,2.47,48
20200205,imports,7.15,48
20200205,nuclear,17.19,48
20200205,other,0.36,48
20200205,solar,1.99,48
20200205,wind,11.56,48
20200206,biomass,6.46,48
20200206,coal,6.63,48
20200206,gas,48.69,48
20200206,hydro,2.73,48
20200206,imports,7.92,48
20200206,nuclear,16.05,48
20200206,other,0.36,48
20200206,solar,2.86,48
20200206,wind,8.29,48
20200207,biomass,6.26,48
20200207,coal,7.84,48
20200207,gas,28.53,48
20200207,hydro,2.25,48
20200207,imports,8.31,48
20200207,nuclear,17.49,48
20200207,other,0.43,48
20200207,solar,2.36,48
20200207,wind,26.53,48
20200208,biomass,1.96,48
20200208,coal,3.76,48
20200208,gas,19.64,48
20200208,hydro,2.69,48
20200208,imports,8.21,48
20200208,nuclear,20.55,48
20200208,other,0.46,48
20200208,solar,2.9,48
20200208,wind,39.84,48
20200209,biomass,2.96,48
20200209,coal,4.89,48
20200209,gas,19.89,48
20200209,hydro,3.37,48
20200209,imports,8.84,48
20200209,nuclear,20.17,48
20200209,other,0.52,48
20200209,solar,0.58,48
20200209,wind,38.77,48
20200210,biomass,5.38,48
20200210,coal,4.52,48
20200210,gas,21.43,48
20200210,hydro,2.6,48
20200210,imports,6.78,48
20200210,nuclear,17.77,48
20200210,other,0.44,48
20200210,solar,1.53,48
20200210,wind,39.54,48
20200211,biomass,5.09,48
20200211,coal,4.45,48
20200211,gas,20.09,48
20200211,hydro,2.51,48
20200211,imports,9.04,48
20200211,nuclear,17.21,48
20200211,other,0.42,48
20200211,solar,2.78,48
20200211,wind,38.41,48
20200212,biomass,6.24,48
20200212,coal,4.94,48
20200212,gas,27.36,48
20200212,hydro,2.46,48
20200212,imports,7.28,48
20200212,nuclear,16.82,48
20200212,other,0.43,48
20200212,solar,3.07,48
20200212,wind,31.4,48
20200213,biomass,6.2,48
20200213,coal,4.5,48
20200213,gas,38.86,48
20200213,hydro,2.61,48
20200213,imports,7.88,48
20200213,nuclear,16.51,48
20200213,other,0.46,48
20200213,solar,1.59,48
20200213,wind,21.4,48
20200214,biomass,6.38,48
20200214,coal,6.54,48
20200214,gas,32.43,48
20200214,hydro,2.16,48
20200214,imports,7.65,48
20200214,nuclear,16.36,48
20200214,other,0.34,48
20200214,solar,1.44,48
20200214,wind,26.69,48
20200215,biomass,6.7,48
20200215,coal,5.94,48
20200215,gas,17.21,48
20200215,hydro,2.7,48
20200215,imports,8.61,48
20200215,nuclear,19.16,48
20200215,other,0.34,48
20200215,solar,0.38,48
20200215,wind,38.96,48
20200216,biomass,6.22,48
20200216,coal,4.29,48
20200216,gas,15.97,48
20200216,hydro,2.95,48
20200216,imports,7.36,48
20200216,nuclear,19.72,48
20200216,other,0.42,48
20200216,solar,1.01,48
20200216,wind,42.06,48
20200217,biomass,5.38,48
20200217,coal,4.95,48
20200217,gas,19.37,48
20200217,hydro,2.93,48
20200217,imports,7.49,48
20200217,nuclear,17.55,48
20200217,other,0.4,48
20200217,solar,2.49,48
20200217,wind,39.44,48
20200218,biomass,6.36,48
20200218,coal,2.84,48
20200218,gas,22.73,48
20200218,hydro,2.91,48
20200218,imports,7.47,48
20200218,nuclear,17.68,48
20200218,other,0.41,48
20200218,solar,1.83,48
20200218,wind,37.78,48
20200219,biomass,6.2,48
20200219,coal,5.26,48
20200219,gas,26.18,48
20200219,hydro,2.63,48
20200219,imports,7.44,48
20200219,nuclear,17.5,48
20200219,other,0.38,48
20200219,solar,0.92,48
20200219,wind,33.5,48
20200220,biomass,7.16,48
20200220,coal,4.72,48
20200220,gas,21.64,48
20200220,hydro,3.09,48
20200220,imports,7.12,48
20200220,nuclear,18.11,48
20200220,other,0.31,48
20200220,solar,1.23,48
20200220,wind,36.62,48
20200221,biomass,7.46,48
20200221,coal,4.37,48
20200221,gas,19.75,48
20200221,hydro,2.76,48
20200221,imports,7.16,48
20200221,nuclear,17.47,48
20200221,other,0.42,48
20200221,solar,1.04,48
20200221,wind,39.58,48
20200222,biomass,3.4,48
20200222,coal,1.99,48
20200222,gas,19.02,48
20200222,hydro,3.18,48
20200222,imports,7.45,48
20200222,nuclear,18.25,48
20200222,other,0.47,48
20200222,solar,2.16,48
20200222,wind,44.08,48
20200223,biomass,4.45,48
20200223,coal,3.01,48
20200223,gas,27.72,48
20200223,hydro,3.51,48
20200223,imports,8.51,48
20200223,nuclear,18.1,48
20200223,other,0.45,48
20200223,solar,2.68,48
20200223,wind,31.58,48
20200224,biomass,7.27,48
20200224,coal,3.45,48
20200224,gas,32.67,48
20200224,hydro,3.05,48
20200224,imports,9.64,48
20200224,nuclear,16.43,48
20200224,other,0.39,48
20200224,solar,0.73,48
20200224,wind,26.37,48
20200225,biomass,8.37,48
20200225,coal,3.2,48
20200225,gas,34.29,48
20200225,hydro,3.19,48
20200225,imports,9.39,48
20200225,nuclear,15.96,48
20200225,other,0.47,48
20200225,solar,2.43,48
20200225,wind,22.7,48
20200226,biomass,8.7,48
20200226,coal,2.82,48
20200226,gas,32.8,48
20200226,hydro,2.57,48
20200226,imports,8.44,48
20200226,nuclear,15.43,48
20200226,other,0.38,48
20200226,solar,3.16,48
20200226,wind,25.7,48
20200227,biomass,6.25,48
20200227,coal,1.82,48
20200227,gas,42.57,48
20200227,hydro,2.26,48
20200227,imports,6.76,48
20200227,nuclear,13.89,48
20200227,other,0.39,48
20200227,solar,3.34,48
20200227,wind,22.72,48
20200228,biomass,4.68,48
20200228,coal,2.36,48
20200228,gas,38.73,48
20200228,hydro,2.19,48
20200228,imports,9.57,48
20200228,nuclear,14.06,48
20200228,other,0.48,48
20200228,solar,0.41,48
20200228,wind,27.52,48
20200229,biomass,4.76,48
20200229,coal,2.04,48
20200229,gas,19.91,48
20200229,hydro,2.87,48
20200229,imports,8.57,48
20200229,nuclear,16.15,48
20200229,other,0.53,48
20200229,solar,3.81,48
20200229,wind,41.36,48
20200301,biomass,5.18,48
20200301,coal,2.15,48
20200301,gas,19.56,48
20200301,hydro,2.54,48
20200301,imports,7.85,48
20200301,nuclear,16.32,48
20200301,other,0.54,48
20200301,solar,4.94,48
20200301,wind,40.92,48
20200302,biomass,7.41,48
20200302,coal,3.99,48
20200302,gas,38.21,48
20200302,hydro,2.68,48
20200302,imports,8.12,48
20200302,nuclear,14.29,48
20200302,other,0.45,48
20200302,solar,3.72,48
20200302,wind,21.13,48
20200303,biomass,7.55,48
20200303,coal,4.54,48
20200303,gas,43.1,48
20200303,hydro,2.7,48
20200303,imports,6.48,48
20200303,nuclear,13.72,48
20200303,other,0.47,48
20200303,solar,2.79,48
20200303,wind,18.66,48
20200304,biomass,5.7,48
20200304,coal,6.12,48
20200304,gas,56.48,48
20200304,hydro,2.64,48
20200304,imports,7.77,48
20200304,nuclear,12.97,48
20200304,other,0.49,48
20200304,solar,1.74,48
20200304,wind,6.1,48
20200305,biomass,4.51,48
20200305,coal,6.72,48
20200305,gas,53.82,48
20200305,hydro,2.08,48
20200305,imports,7.56,48
20200305,nuclear,12.9,48
20200305,other,0.44,48
20200305,solar,1.37,48
20200305,wind,10.6,48
20200306,biomass,5.51,48
20200306,coal,7.38,48
20200306,gas,48.86,48
20200306,hydro,2.24,48
20200306,imports,8.85,48
20200306,nuclear,13.54,48
20200306,other,0.44,48
20200306,solar,4.01,48
20200306,wind,9.17,48
20200307,biomass,3.59,48
20200307,coal,3.58,48
20200307,gas,28.64,48
20200307,hydro,2.37,48
20200307,imports,9.88,48
20200307,nuclear,16.19,48
20200307,other,0.54,48
20200307,solar,2.22,48
20200307,wind,32.99,48
20200308,biomass,3.42,48
20200308,coal,0.0,48
20200308,gas,23.27,48
20200308,hydro,3.21,48
20200308,imports,8.44,48
20200308,nuclear,17.18,48
20200308,other,0.59,48
20200308,solar,4.5,48
20200308,wind,39.39,48
20200309,biomass,5.77,48
20200309,coal,0.13,48
20200309,gas,33.89,48
20200309,hydro,2.65,48
20200309,imports,7.83,48
20200309,nuclear,15.29,48
20200309,other,0.53,48
20200309,solar,2.17,48
20200309,wind,31.74,48
20200310,biomass,5.9,48
20200310,coal,0.88,48
20200310,gas,27.1,48
20200310,hydro,2.69,48
20200310,imports,7.96,48
20200310,nuclear,15.37,48
20200310,other,0.54,48
20200310,solar,1.83,48
20200310,wind,37.72,48
20200311,biomass,4.63,48
20200311,coal,0.0,48
20200311,gas,29.0,48
20200311,hydro,3.0,48
20200311,imports,9.23,48
20200311,nuclear,15.48,48
20200311,other,0.56,48
20200311,solar,3.55,48
20200311,wind,34.55,48
20200312,biomass,4.04,48
20200312,coal,0.0,48
20200312,gas,24.8,48
20200312,hydro,2.93,48
20200312,imports,8.8,48
20200312,nuclear,15.47,48
20200312,other,0.53,48
20200312,solar,4.91,48
20200312,wind,38.51,48
20200313,biomass,6.11,48
20200313,coal,1.05,48
20200313,gas,41.73,48
20200313,hydro,3.11,48
20200313,imports,8.37,48
20200313,nuclear,14.84,48
20200313,other,0.5,48
20200313,solar,3.08,48
20200313,wind,21.2,48
20200314,biomass,7.59,48
20200314,coal,0.0,48
20200314,gas,26.24,48
20200314,hydro,3.4,48
20200314,imports,8.87,48
20200314,nuclear,15.56,48
20200314,other,0.57,48
20200314,solar,2.52,48
20200314,wind,35.25,48
20200315,biomass,7.03,48
20200315,coal,0.0,48
20200315,gas,28.74,48
20200315,hydro,2.91,48
20200315,imports,6.97,48
20200315,nuclear,15.43,48
20200315,other,0.62,48
20200315,solar,2.18,48
20200315,wind,36.11,48
20200316,biomass,8.48,48
20200316,coal,0.93,48
20200316,gas,40.96,48
20200316,hydro,2.2,48
20200316,imports,8.32,48
20200316,nuclear,13.82,48
20200316,other,0.49,48
20200316,solar,5.15,48
20200316,wind,19.66,48
20200317,biomass,8.04,48
20200317,coal,0.76,48
20200317,gas,30.18,48
20200317,hydro,2.64,48
20200317,imports,8.26,48
20200317,nuclear,14.49,48
20200317,other,0.53,48
20200317,solar,2.72,48
20200317,wind,32.39,48
20200318,biomass,8.13,48
20200318,coal,1.75,48
20200318,gas,39.76,48
20200318,hydro,2.89,48
20200318,imports,8.32,48
20200318,nuclear,13.74,48
20200318,other,0.54,48
20200318,solar,1.58,48
20200318,wind,23.29,48
20200319,biomass,8.26,48
20200319,coal,1.46,48
20200319,gas,53.1,48
20200319,hydro,3.01,48
20200319,imports,8.9,48
20200319,nuclear,13.29,48
20200319,other,0.53,48
20200319,solar,1.83,48
20200319,wind,9.62,48
20200320,biomass,9.16,48
20200320,coal,0.76,48
20200320,gas,40.07,48
20200320,hydro,2.3,48
20200320,imports,9.18,48
20200320,nuclear,14.23,48
20200320,other,0.5,48
20200320,solar,3.93,48
20200320,wind,19.87,48
20200321,biomass,5.0,48
20200321,coal,0.0,48
20200321,gas,23.87,48
20200321,hydro,2.7,48
20200321,imports,7.68,48
20200321,nuclear,16.14,48
20200321,other,0.63,48
20200321,solar,6.52,48
20200321,wind,37.46,48
20200322,biomass,5.9,48
20200322,coal,0.0,48
20200322,gas,30.26,48
20200322,hydro,2.49,48
20200322,imports,8.42,48
20200322,nuclear,15.43,48
20200322,other,0.59,48
20200322,solar,7.77,48
20200322,wind,29.12,48
20200323,biomass,8.29,48
20200323,coal,0.73,48
20200323,gas,25.77,48
20200323,hydro,2.1,48
20200323,imports,9.49,48
20200323,nuclear,14.22,48
20200323,other,0.5,48
20200323,solar,6.71,48
20200323,wind,32.18,48
20200324,biomass,9.06,48
20200324,coal,0.73,48
20200324,gas,22.6,48
20200324,hydro,2.24,48
20200324,imports,9.49,48
20200324,nuclear,14.66,48
20200324,other,0.47,48
20200324,solar,6.9,48
20200324,wind,33.84,48
20200325,biomass,10.32,48
20200325,coal,2.48,48
20200325,gas,38.77,48
20200325,hydro,2.54,48
20200325,imports,7.98,48
20200325,nuclear,14.77,48
20200325,other,0.5,48
20200325,solar,7.41,48
20200325,wind,15.23,48
20200326,biomass,10.11,48
20200326,coal,3.67,48
20200326,gas,44.57,48
20200326,hydro,2.75,48
20200326,imports,8.33,48
20200326,nuclear,14.95,48
20200326,other,0.53,48
20200326,solar,7.43,48
20200326,wind,7.66,48
20200327,biomass,10.31,48
20200327,coal,3.48,48
20200327,gas,32.98,48
20200327,hydro,2.67,48
20200327,imports,9.54,48
20200327,nuclear,15.73,48
20200327,other,0.6,48
20200327,solar,7.49,48
20200327,wind,17.19,48
20200328,biomass,5.06,48
20200328,coal,0.0,48
20200328,gas,23.49,48
20200328,hydro,2.9,48
20200328,imports,5.82,48
20200328,nuclear,17.06,48
20200328,other,0.63,48
20200328,solar,5.08,48
20200328,wind,39.95,48
20200329,biomass,4.22,46
20200329,coal,1.38,46
20200329,gas,24.03,46
20200329,hydro,2.63,46
20200329,imports,7.16,46
20200329,nuclear,16.82,46
20200329,other,0.65,46
20200329,solar,6.91,46
20200329,wind,36.21,46
20200330,biomass,6.96,48
20200330,coal,1.96,48
20200330,gas,35.55,48
20200330,hydro,2.49,48
20200330,imports,11.09,48
20200330,nuclear,15.07,48
20200330,other,0.6,48
20200330,solar,4.02,48
20200330,wind,22.27,48
20200331,biomass,8.84,48
20200331,coal,1.41,48
20200331,gas,44.0,48
20200331,hydro,2.12,48
20200331,imports,9.36,48
20200331,nuclear,14.35,48
20200331,other,0.62,48
20200331,solar,4.98,48
20200331,wind,14.33,48
20200401,biomass,3.95,48
20200401,coal,1.4,48
20200401,gas,46.12,48
20200401,hydro,1.89,48
20200401,imports,9.86,48
20200401,nuclear,14.81,48
20200401,other,0.54,48
20200401,solar,3.09,48
20200401,wind,18.34,48
20200402,biomass,3.82,48
20200402,coal,3.31,48
20200402,gas,27.21,48
20200402,hydro,2.58,48
20200402,imports,9.79,48
20200402,nuclear,16.44,48
20200402,other,0.67,48
20200402,solar,4.65,48
20200402,wind,31.54,48
20200403,biomass,3.87,48
20200403,coal,3.35,48
20200403,gas,44.78,48
20200403,hydro,2.61,48
20200403,imports,9.88,48
20200403,nuclear,16.38,48
20200403,other,0.62,48
20200403,solar,4.88,48
20200403,wind,13.64,48
20200404,biomass,4.46,48
20200404,coal,2.12,48
20200404,gas,30.92,48
20200404,hydro,2.39,48
20200404,imports,11.15,48
20200404,nuclear,18.01,48
20200404,other,0.65,48
20200404,solar,7.3,48
20200404,wind,23.0,48
20200405,biomass,3.83,48
20200405,coal,0.74,48
20200405,gas,18.33,48
20200405,hydro,1.72,48
20200405,imports,3.55,48
20200405,nuclear,18.63,48
20200405,other,0.65,48
20200405,solar,8.61,48
20200405,wind,43.93,48
20200406,biomass,6.94,48
20200406,coal,0.32,48
20200406,gas,26.66,48
20200406,hydro,2.48,48
20200406,imports,5.64,48
20200406,nuclear,18.04,48
20200406,other,0.74,48
20200406,solar,7.67,48
20200406,wind,31.52,48
20200407,biomass,8.73,48
20200407,coal,1.18,48
20200407,gas,37.54,48
20200407,hydro,2.49,48
20200407,imports,6.2,48
20200407,nuclear,16.69,48
20200407,other,0.64,48
20200407,solar,8.25,48
20200407,wind,18.28,48
20200408,biomass,8.95,48
20200408,coal,1.26,48
20200408,gas,45.16,48
20200408,hydro,2.27,48
20200408,imports,6.84,48
20200408,nuclear,16.88,48
20200408,other,0.62,48
20200408,solar,7.31,48
20200408,wind,10.7,48
20200409,biomass,9.18,48
20200409,coal,1.36,48
20200409,gas,41.9,48
20200409,hydro,2.16,48
20200409,imports,8.4,48
20200409,nuclear,17.56,48
20200409,other,0.65,48
20200409,solar,7.81,48
20200409,wind,10.96,48
20200410,biomass,7.31,48
20200410,coal,0.0,48
20200410,gas,38.91,48
20200410,hydro,2.43,48
20200410,imports,9.58,48
20200410,nuclear,19.38,48
20200410,other,0.68,48
20200410,solar,8.79,48
20200410,wind,12.92,48
20200411,biomass,5.22,48
20200411,coal,0.0,48
20200411,gas,31.26,48
20200411,hydro,1.97,48
20200411,imports,9.23,48
20200411,nuclear,21.67,48
20200411,other,0.72,48
20200411,solar,9.14,48
20200411,wind,20.8,48
20200412,biomass,5.53,48
20200412,coal,0.0,48
20200412,gas,32.89,48
20200412,hydro,2.28,48
20200412,imports,10.24,48
20200412,nuclear,24.19,48
20200412,other,0.88,48
20200412,solar,7.64,48
20200412,wind,16.35,48
20200413,biomass,4.81,48
20200413,coal,0.0,48
20200413,gas,27.3,48
20200413,hydro,2.25,48
20200413,imports,7.65,48
20200413,nuclear,25.51,48
20200413,other,0.81,48
20200413,solar,8.39,48
20200413,wind,23.28,48
20200414,biomass,9.1,48
20200414,coal,0.0,48
20200414,gas,36.94,48
20200414,hydro,1.95,48
20200414,imports,10.31,48
20200414,nuclear,20.54,48
20200414,other,0.59,48
20200414,solar,8.98,48
20200414,wind,11.59,48
20200415,biomass,11.56,48
20200415,coal,0.0,48
20200415,gas,32.71,48
20200415,hydro,1.83,48
20200415,imports,9.85,48
20200415,nuclear,20.6,48
20200415,other,0.5,48
20200415,solar,9.47,48
20200415,wind,13.49,48
20200416,biomass,11.5,48
20200416,coal,0.0,48
20200416,gas,33.04,48
20200416,hydro,1.76,48
20200416,imports,10.23,48
20200416,nuclear,22.22,48
20200416,other,0.56,48
20200416,solar,8.24,48
20200416,wind,12.45,48
20200417,biomass,11.22,48
20200417,coal,0.0,48
20200417,gas,22.45,48
20200417,hydro,1.99,48
20200417,imports,8.11,48
20200417,nuclear,23.06,48
20200417,other,0.63,48
20200417,solar,5.67,48
20200417,wind,26.88,48
20200418,biomass,6.86,48
20200418,coal,0.0,48
20200418,gas,34.96,48
20200418,hydro,2.49,48
20200418,imports,9.57,48
20200418,nuclear,22.98,48
20200418,other,0.68,48
20200418,solar,4.23,48
20200418,wind,18.24,48
20200419,biomass,6.75,48
20200419,coal,0.0,48
20200419,gas,23.29,48
20200419,hydro,2.38,48
20200419,imports,8.21,48
20200419,nuclear,23.68,48
20200419,other,0.65,48
20200419,solar,10.15,48
20200419,wind,24.89,48
20200420,biomass,4.69,48
20200420,coal,0.0,48
20200420,gas,19.57,48
20200420,hydro,2.16,48
20200420,imports,2.95,48
20200420,nuclear,22.82,48
20200420,other,0.6,48
20200420,solar,10.08,48
20200420,wind,37.14,48
20200421,biomass,4.0,48
20200421,coal,0.0,48
20200421,gas,19.76,48
20200421,hydro,2.08,48
20200421,imports,3.69,48
20200421,nuclear,22.79,48
20200421,other,0.5,48
20200421,solar,9.87,48
20200421,wind,37.32,48
20200422,biomass,4.75,48
20200422,coal,0.0,48
20200422,gas,24.23,48
20200422,hydro,1.1,48
20200422,imports,7.77,48
20200422,nuclear,23.72,48
20200422,other,0.0,48
20200422,solar,9.69,48
20200422,wind,28.77,48
20200423,biomass,9.2,48
20200423,coal,0.0,48
20200423,gas,34.26,48
20200423,hydro,0.99,48
20200423,imports,13.01,48
20200423,nuclear,23.93,48
20200423,other,0.0,48
20200423,solar,8.78,48
20200423,wind,9.84,48
20200424,biomass,11.42,48
20200424,coal,0.0,48
20200424,gas,36.19,48
20200424,hydro,1.01,48
20200424,imports,15.78,48
20200424,nuclear,22.21,48
20200424,other,0.0,48
20200424,solar,8.3,48
20200424,wind,5.09,48
20200425,biomass,12.42,48
20200425,coal,0.0,48
20200425,gas,33.49,48
20200425,hydro,1.17,48
20200425,imports,15.65,48
20200425,nuclear,23.18,48
20200425,other,0.0,48
20200425,solar,8.86,48
20200425,wind,5.24,48
20200426,biomass,12.43,48
20200426,coal,0.0,48
20200426,gas,30.74,48
20200426,hydro,0.98,48
20200426,imports,14.36,48
20200426,nuclear,23.49,48
20200426,other,0.0,48
20200426,solar,8.58,48
20200426,wind,9.44,48
20200427,biomass,11.83,48
20200427,coal,0.0,48
20200427,gas,38.5,48
20200427,hydro,1.03,48
20200427,imports,13.87,48
20200427,nuclear,21.75,48
20200427,other,0.0,48
20200427,solar,5.69,48
20200427,wind,7.32,48
20200428,biomass,11.45,48
20200428,coal,0.0,48
20200428,gas,41.33,48
20200428,hydro,1.43,48
20200428,imports,12.81,48
20200428,nuclear,21.1,48
20200428,other,0.0,48
20200428,solar,1.82,48
20200428,wind,10.07,48
20200429,biomass,11.27,48
20200429,coal,0.0,48
20200429,gas,32.29,48
20200429,hydro,1.27,48
20200429,imports,12.51,48
20200429,nuclear,21.93,48
20200429,other,0.0,48
20200429,solar,4.2,48
20200429,wind,16.51,48
20200430,biomass,8.91,48
20200430,coal,0.0,48
20200430,gas,25.51,48
20200430,hydro,1.3,48
20200430,imports,11.94,48
20200430,nuclear,22.42,48
20200430,other,0.0,48
20200430,solar,4.79,48
20200430,wind,25.14,48
20200501,biomass,7.97,48
20200501,coal,0.0,48
20200501,gas,28.73,48
20200501,hydro,1.88,48
20200501,imports,12.18,48
20200501,nuclear,22.71,48
20200501,other,0.0,48
20200501,solar,6.98,48
20200501,wind,19.56,48
20200502,biomass,8.76,48
20200502,coal,0.0,48
20200502,gas,31.03,48
20200502,hydro,1.61,48
20200502,imports,11.18,48
20200502,nuclear,23.33,48
20200502,other,0.0,48
20200502,solar,8.79,48
20200502,wind,15.31,48
20200503,biomass,12.25,48
20200503,coal,0.0,48
20200503,gas,41.59,48
20200503,hydro,1.71,48
20200503,imports,13.32,48
20200503,nuclear,23.18,48
20200503,other,0.0,48
20200503,solar,4.23,48
20200503,wind,3.7,48
20200504,biomass,11.77,48
20200504,coal,0.0,48
20200504,gas,30.83,48
20200504,hydro,1.09,48
20200504,imports,13.4,48
20200504,nuclear,23.9,48
20200504,other,0.0,48
20200504,solar,7.07,48
20200504,wind,11.93,48
20200505,biomass,9.69,48
20200505,coal,0.0,48
20200505,gas,21.86,48
20200505,hydro,1.19,48
20200505,imports,14.1,48
20200505,nuclear,24.48,48
20200505,other,0.0,48
20200505,solar,8.89,48
20200505,wind,19.79,48
20200506,biomass,11.85,48
20200506,coal,0.0,48
20200506,gas,31.04,48
20200506,hydro,1.1,48
20200506,imports,15.45,48
20200506,nuclear,23.6,48
20200506,other,0.0,48
20200506,solar,10.74,48
20200506,wind,6.2,48
20200507,biomass,11.61,48
20200507,coal,0.0,48
20200507,gas,36.62,48
20200507,hydro,1.34,48
20200507,imports,12.91,48
20200507,nuclear,22.28,48
20200507,other,0.0,48
20200507,solar,8.95,48
20200507,wind,6.29,48
20200508,biomass,7.53,48
20200508,coal,0.0,48
20200508,gas,41.29,48
20200508,hydro,1.34,48
20200508,imports,13.88,48
20200508,nuclear,22.99,48
20200508,other,0.0,48
20200508,solar,8.66,48
20200508,wind,4.31,48
20200509,biomass,6.99,48
20200509,coal,0.0,48
20200509,gas,36.06,48
20200509,hydro,1.63,48
20200509,imports,13.37,48
20200509,nuclear,23.13,48
20200509,other,0.0,48
20200509,solar,10.09,48
20200509,wind,8.71,48
20200510,biomass,6.65,48
20200510,coal,0.0,48
20200510,gas,18.95,48
20200510,hydro,0.98,48
20200510,imports,5.53,48
20200510,nuclear,22.82,48
20200510,other,0.0,48
20200510,solar,4.99,48
20200510,wind,40.09,48
20200511,biomass,4.54,48
20200511,coal,0.0,48
20200511,gas,23.8,48
20200511,hydro,1.09,48
20200511,imports,5.61,48
20200511,nuclear,21.42,48
20200511,other,0.0,48
20200511,solar,8.32,48
20200511,wind,35.23,48
20200512,biomass,8.93,48
20200512,coal,0.0,48
20200512,gas,30.65,48
20200512,hydro,0.94,48
20200512,imports,12.04,48
20200512,nuclear,20.7,48
20200512,other,0.0,48
20200512,solar,7.96,48
20200512,wind,18.8,48
20200513,biomass,8.34,48
20200513,coal,0.0,48
20200513,gas,31.63,48
20200513,hydro,1.04,48
20200513,imports,11.24,48
20200513,nuclear,21.52,48
20200513,other,0.0,48
20200513,solar,7.4,48
20200513,wind,18.83,48
20200514,biomass,8.75,48
20200514,coal,0.0,48
20200514,gas,31.38,48
20200514,hydro,1.03,48
20200514,imports,11.56,48
20200514,nuclear,21.53,48
20200514,other,0.0,48
20200514,solar,9.47,48
20200514,wind,16.27,48
20200515,biomass,10.39,48
20200515,coal,0.0,48
20200515,gas,29.1,48
20200515,hydro,1.11,48
20200515,imports,12.4,48
20200515,nuclear,22.4,48
20200515,other,0.0,48
20200515,solar,9.0,48
20200515,wind,15.62,48
20200516,biomass,9.85,48
20200516,coal,0.0,48
20200516,gas,25.31,48
20200516,hydro,1.41,48
20200516,imports,11.93,48
20200516,nuclear,24.88,48
20200516,other,0.0,48
20200516,solar,8.44,48
20200516,wind,18.18,48
20200517,biomass,5.98,48
20200517,coal,0.0,48
20200517,gas,25.03,48
20200517,hydro,1.38,48
20200517,imports,12.45,48
20200517,nuclear,25.65,48
20200517,other,0.0,48
20200517,solar,9.11,48
20200517,wind,20.38,48
20200518,biomass,8.25,48
20200518,coal,0.0,48
20200518,gas,24.56,48
20200518,hydro,1.65,48
20200518,imports,8.31,48
20200518,nuclear,23.45,48
20200518,other,0.0,48
20200518,solar,8.63,48
20200518,wind,25.16,48
20200519,biomass,11.14,48
20200519,coal,0.0,48
20200519,gas,29.6,48
20200519,hydro,1.71,48
20200519,imports,13.48,48
20200519,nuclear,22.96,48
20200519,other,0.0,48
20200519,solar,8.19,48
20200519,wind,12.9,48
20200520,biomass,11.01,48
20200520,coal,0.0,48
20200520,gas,32.23,48
20200520,hydro,1.44,48
20200520,imports,12.5,48
20200520,nuclear,22.75,48
20200520,other,0.0,48
20200520,solar,10.64,48
20200520,wind,9.43,48
20200521,biomass,9.23,48
20200521,coal,0.0,48
20200521,gas,31.88,48
20200521,hydro,1.89,48
20200521,imports,11.35,48
20200521,nuclear,22.65,48
20200521,other,0.0,48
20200521,solar,9.63,48
20200521,wind,13.36,48
20200522,biomass,3.58,48
20200522,coal,0.0,48
20200522,gas,22.12,48
20200522,hydro,1.56,48
20200522,imports,2.74,48
20200522,nuclear,23.77,48
20200522,other,0.0,48
20200522,solar,9.38,48
20200522,wind,36.85,48
20200523,biomass,2.95,48
20200523,coal,0.0,48
20200523,gas,19.26,48
20200523,hydro,2.01,48
20200523,imports,1.46,48
20200523,nuclear,24.9,48
20200523,other,0.0,48
20200523,solar,9.49,48
20200523,wind,39.94,48
20200524,biomass,4.17,48
20200524,coal,0.0,48
20200524,gas,18.62,48
20200524,hydro,2.7,48
20200524,imports,5.18,48
20200524,nuclear,25.38,48
20200524,other,0.0,48
20200524,solar,9.45,48
20200524,wind,34.5,48
20200525,biomass,8.61,48
20200525,coal,0.0,48
20200525,gas,30.11,48
20200525,hydro,3.1,48
20200525,imports,7.54,48
20200525,nuclear,23.43,48
20200525,other,0.0,48
20200525,solar,12.04,48
20200525,wind,15.17,48
20200526,biomass,9.87,48
20200526,coal,0.0,48
20200526,gas,35.02,48
20200526,hydro,2.48,48
20200526,imports,13.23,48
20200526,nuclear,21.09,48
20200526,other,0.0,48
20200526,solar,9.38,48
20200526,wind,8.95,48
20200527,biomass,9.84,48
20200527,coal,0.0,48
20200527,gas,41.99,48
20200527,hydro,1.81,48
20200527,imports,13.4,48
20200527,nuclear,20.16,48
20200527,other,0.0,48
20200527,solar,9.07,48
20200527,wind,3.72,48
20200528,biomass,12.48,48
20200528,coal,0.0,48
20200528,gas,31.11,48
20200528,hydro,1.57,48
20200528,imports,13.6,48
20200528,nuclear,20.31,48
20200528,other,0.0,48
20200528,solar,11.07,48
20200528,wind,9.85,48
20200529,biomass,12.46,48
20200529,coal,0.0,48
20200529,gas,27.26,48
20200529,hydro,1.2,48
20200529,imports,15.1,48
20200529,nuclear,20.58,48
20200529,other,0.0,48
20200529,solar,11.6,48
20200529,wind,11.81,48
20200530,biomass,10.05,48
20200530,coal,0.0,48
20200530,gas,22.24,48
20200530,hydro,1.25,48
20200530,imports,10.7,48
20200530,nuclear,20.78,48
20200530,other,0.0,48
20200530,solar,12.79,48
20200530,wind,22.21,48
20200531,biomass,7.84,48
20200531,coal,0.0,48
20200531,gas,23.99,48
20200531,hydro,1.38,48
20200531,imports,10.52,48
20200531,nuclear,20.54,48
20200531,other,0.0,48
20200531,solar,12.72,48
20200531,wind,23.01,48
20200601,biomass,10.92,48
20200601,coal,0.0,48
20200601,gas,33.1,48
20200601,hydro,1.59,48
20200601,imports,12.81,48
20200601,nuclear,18.92,48
20200601,other,0.0,48
20200601,solar,10.48,48
20200601,wind,12.19,48
20200602,biomass,10.71,48
20200602,coal,0.0,48
20200602,gas,42.78,48
20200602,hydro,1.54,48
20200602,imports,11.89,48
20200602,nuclear,18.6,48
20200602,other,0.0,48
20200602,solar,9.75,48
20200602,wind,4.73,48
20200603,biomass,12.23,48
20200603,coal,0.0,48
20200603,gas,32.15,48
20200603,hydro,1.11,48
20200603,imports,9.89,48
20200603,nuclear,19.0,48
20200603,other,0.0,48
20200603,solar,3.62,48
20200603,wind,22.0,48
20200604,biomass,12.05,48
20200604,coal,0.0,48
20200604,gas,33.54,48
20200604,hydro,1.66,48
20200604,imports,10.42,48
20200604,nuclear,18.76,48
20200604,other,0.0,48
20200604,solar,4.87,48
20200604,wind,18.68,48
20200605,biomass,11.25,48
20200605,coal,0.0,48
20200605,gas,20.32,48
20200605,hydro,0.85,48
20200605,imports,7.46,48
20200605,nuclear,19.6,48
20200605,other,0.0,48
20200605,solar,8.04,48
20200605,wind,32.49,48
20200606,biomass,4.51,48
20200606,coal,0.0,48
20200606,gas,20.96,48
20200606,hydro,1.57,48
20200606,imports,6.66,48
20200606,nuclear,20.22,48
20200606,other,0.0,48
20200606,solar,6.58,48
20200606,wind,39.49,48
20200607,biomass,9.66,48
20200607,coal,0.0,48
20200607,gas,25.27,48
20200607,hydro,1.7,48
20200607,imports,9.51,48
20200607,nuclear,20.36,48
20200607,other,0.0,48
20200607,solar,6.39,48
20200607,wind,27.13,48
20200608,biomass,11.21,48
20200608,coal,0.0,48
20200608,gas,42.94,48
20200608,hydro,1.42,48
20200608,imports,8.56,48
20200608,nuclear,16.77,48
20200608,other,0.0,48
20200608,solar,6.16,48
20200608,wind,12.94,48
20200609,biomass,11.04,48
20200609,coal,0.0,48
20200609,gas,55.94,48
20200609,hydro,1.26,48
20200609,imports,7.54,48
20200609,nuclear,15.59,48
20200609,other,0.0,48
20200609,solar,6.26,48
20200609,wind,2.38,48
20200610,biomass,11.43,48
20200610,coal,0.0,48
20200610,gas,51.09,48
20200610,hydro,1.06,48
20200610,imports,8.51,48
20200610,nuclear,15.64,48
20200610,other,0.0,48
20200610,solar,3.16,48
20200610,wind,9.1,48
20200611,biomass,11.06,48
20200611,coal,0.0,48
20200611,gas,20.99,48
20200611,hydro,1.26,48
20200611,imports,9.71,48
20200611,nuclear,16.88,48
20200611,other,0.0,48
20200611,solar,4.57,48
20200611,wind,35.53,48
20200612,biomass,4.56,48
20200612,coal,0.0,48
20200612,gas,30.29,48
20200612,hydro,1.16,48
20200612,imports,10.26,48
20200612,nuclear,17.46,48
20200612,other,0.0,48
20200612,solar,4.38,48
20200612,wind,31.89,48
20200613,biomass,8.46,48
20200613,coal,0.0,48
20200613,gas,37.57,48
20200613,hydro,1.31,48
20200613,imports,12.58,48
20200613,nuclear,19.44,48
20200613,other,0.0,48
20200613,solar,8.47,48
20200613,wind,12.19,48
20200614,biomass,9.91,48
20200614,coal,0.0,48
20200614,gas,42.15,48
20200614,hydro,1.41,48
20200614,imports,13.9,48
20200614,nuclear,20.47,48
20200614,other,0.0,48
20200614,solar,8.23,48
20200614,wind,3.95,48
20200615,biomass,8.81,48
20200615,coal,0.0,48
20200615,gas,52.67,48
20200615,hydro,1.3,48
20200615,imports,11.12,48
20200615,nuclear,16.88,48
20200615,other,0.0,48
20200615,solar,7.6,48
20200615,wind,1.61,48
20200616,biomass,8.6,48
20200616,coal,0.0,48
20200616,gas,61.77,48
20200616,hydro,0.99,48
20200616,imports,3.71,48
20200616,nuclear,17.29,48
20200616,other,0.0,48
20200616,solar,6.25,48
20200616,wind,1.39,48
20200617,biomass,8.87,48
20200617,coal,0.0,48
20200617,gas,61.82,48
20200617,hydro,1.06,48
20200617,imports,2.67,48
20200617,nuclear,17.95,48
20200617,other,0.0,48
20200617,solar,5.71,48
20200617,wind,1.92,48
20200618,biomass,8.89,48
20200618,coal,0.31,48
20200618,gas,55.24,48
20200618,hydro,1.13,48
20200618,imports,5.01,48
20200618,nuclear,18.85,48
20200618,other,0.0,48
20200618,solar,3.19,48
20200618,wind,7.38,48
20200619,biomass,9.18,48
20200619,coal,0.0,48
20200619,gas,39.43,48
20200619,hydro,1.23,48
20200619,imports,9.28,48
20200619,nuclear,19.76,48
20200619,other,0.0,48
20200619,solar,5.54,48
20200619,wind,15.58,48
20200620,biomass,5.66,48
20200620,coal,0.0,48
20200620,gas,31.82,48
20200620,hydro,1.39,48
20200620,imports,13.84,48
20200620,nuclear,21.73,48
20200620,other,0.0,48
20200620,solar,8.92,48
20200620,wind,16.65,48
20200621,biomass,5.26,48
20200621,coal,0.0,48
20200621,gas,20.55,48
20200621,hydro,1.5,48
20200621,imports,7.02,48
20200621,nuclear,21.59,48
20200621,other,0.0,48
20200621,solar,9.01,48
20200621,wind,35.07,48
20200622,biomass,5.22,48
20200622,coal,0.0,48
20200622,gas,27.98,48
20200622,hydro,0.72,48
20200622,imports,11.06,48
20200622,nuclear,21.24,48
20200622,other,0.0,48
20200622,solar,9.82,48
20200622,wind,23.94,48
20200623,biomass,6.88,48
20200623,coal,0.0,48
20200623,gas,44.05,48
20200623,hydro,1.53,48
20200623,imports,2.85,48
20200623,nuclear,19.34,48
20200623,other,0.0,48
20200623,solar,9.12,48
20200623,wind,16.22,48
20200624,biomass,8.63,48
20200624,coal,0.0,48
20200624,gas,48.57,48
20200624,hydro,1.44,48
20200624,imports,0.92,48
20200624,nuclear,16.3,48
20200624,other,0.0,48
20200624,solar,9.15,48
20200624,wind,14.99,48
20200625,biomass,10.03,48
20200625,coal,0.0,48
20200625,gas,44.4,48
20200625,hydro,1.53,48
20200625,imports,0.84,48
20200625,nuclear,16.36,48
20200625,other,0.0,48
20200625,solar,8.98,48
20200625,wind,17.84,48
20200626,biomass,10.95,48
20200626,coal,0.0,48
20200626,gas,46.53,48
20200626,hydro,1.85,48
20200626,imports,1.83,48
20200626,nuclear,16.69,48
20200626,other,0.0,48
20200626,solar,7.31,48
20200626,wind,14.82,48
20200627,biomass,5.62,48
20200627,coal,0.0,48
20200627,gas,24.65,48
20200627,hydro,1.93,48
20200627,imports,6.56,48
20200627,nuclear,20.97,48
20200627,other,0.0,48
20200627,solar,6.56,48
20200627,wind,33.69,48
20200628,biomass,4.09,48
20200628,coal,0.0,48
20200628,gas,22.78,48
20200628,hydro,1.84,48
20200628,imports,1.93,48
20200628,nuclear,20.54,48
20200628,other,0.0,48
20200628,solar,8.71,48
20200628,wind,40.11,48
20200629,biomass,4.43,48
20200629,coal,0.0,48
20200629,gas,24.18,48
20200629,hydro,1.62,48
20200629,imports,3.61,48
20200629,nuclear,19.2,48
20200629,other,0.0,48
20200629,solar,5.05,48
20200629,wind,41.92,48
20200630,biomass,8.66,48
20200630,coal,0.0,48
20200630,gas,42.4,48
20200630,hydro,2.61,48
20200630,imports,3.97,48
20200630,nuclear,17.48,48
20200630,other,0.0,48
20200630,solar,4.08,48
20200630,wind,20.83,48
20200701,biomass,11.14,48
20200701,coal,0.0,48
20200701,gas,49.49,48
20200701,hydro,2.5,48
20200701,imports,3.16,48
20200701,nuclear,18.28,48
20200701,other,0.0,48
20200701,solar,5.33,48
20200701,wind,10.1,48
20200702,biomass,10.32,48
20200702,coal,0.0,48
20200702,gas,54.57,48
20200702,hydro,2.42,48
20200702,imports,1.26,48
20200702,nuclear,18.64,48
20200702,other,0.0,48
20200702,solar,5.16,48
20200702,wind,7.64,48
20200703,biomass,7.05,48
20200703,coal,0.0,48
20200703,gas,31.69,48
20200703,hydro,2.45,48
20200703,imports,3.97,48
20200703,nuclear,21.65,48
20200703,other,0.0,48
20200703,solar,5.0,48
20200703,wind,28.21,48
20200704,biomass,5.33,48
20200704,coal,0.0,48
20200704,gas,24.38,48
20200704,hydro,3.7,48
20200704,imports,3.19,48
20200704,nuclear,23.88,48
20200704,other,0.0,48
20200704,solar,3.7,48
20200704,wind,35.82,48
20200705,biomass,4.06,48
20200705,coal,0.0,48
20200705,gas,17.85,48
20200705,hydro,1.9,48
20200705,imports,2.39,48
20200705,nuclear,22.74,48
20200705,other,0.0,48
20200705,solar,9.4,48
20200705,wind,41.67,48
20200706,biomass,5.85,48
20200706,coal,0.0,48
20200706,gas,27.48,48
20200706,hydro,2.14,48
20200706,imports,3.78,48
20200706,nuclear,21.19,48
20200706,other,0.0,48
20200706,solar,7.45,48
20200706,wind,32.09,48
20200707,biomass,9.57,48
20200707,coal,0.0,48
20200707,gas,48.88,48
20200707,hydro,1.58,48
20200707,imports,3.29,48
20200707,nuclear,19.98,48
20200707,other,0.0,48
20200707,solar,4.81,48
20200707,wind,11.89,48
20200708,biomass,10.05,48
20200708,coal,0.0,48
20200708,gas,56.67,48
20200708,hydro,1.82,48
20200708,imports,2.59,48
20200708,nuclear,18.58,48
20200708,other,0.0,48
20200708,solar,2.5,48
20200708,wind,7.8,48
20200709,biomass,10.12,48
20200709,coal,0.0,48
20200709,gas,50.01,48
20200709,hydro,1.45,48
20200709,imports,0.42,48
20200709,nuclear,18.56,48
20200709,other,0.0,48
20200709,solar,3.01,48
20200709,wind,16.42,48
20200710,biomass,10.79,48
20200710,coal,0.0,48
20200710,gas,40.94,48
20200710,hydro,1.64,48
20200710,imports,1.53,48
20200710,nuclear,19.32,48
20200710,other,0.0,48
20200710,solar,7.11,48
20200710,wind,18.67,48
20200711,biomass,9.52,48
20200711,coal,0.0,48
20200711,gas,37.88,48
20200711,hydro,1.76,48
20200711,imports,2.63,48
20200711,nuclear,20.4,48
20200711,other,0.0,48
20200711,solar,10.19,48
20200711,wind,17.63,48
20200712,biomass,8.63,48
20200712,coal,0.0,48
20200712,gas,36.96,48
20200712,hydro,1.78,48
20200712,imports,7.59,48
20200712,nuclear,22.08,48
20200712,other,0.0,48
20200712,solar,11.18,48
20200712,wind,11.78,48
20200713,biomass,8.05,48
20200713,coal,0.0,48
20200713,gas,42.07,48
20200713,hydro,1.51,48
20200713,imports,2.98,48
20200713,nuclear,20.65,48
20200713,other,0.0,48
20200713,solar,5.49,48
20200713,wind,19.27,48
20200714,biomass,10.29,48
20200714,coal,0.0,48
20200714,gas,50.56,48
20200714,hydro,1.58,48
20200714,imports,1.89,48
20200714,nuclear,19.3,48
20200714,other,0.0,48
20200714,solar,5.23,48
20200714,wind,11.15,48
20200715,biomass,10.08,48
20200715,coal,0.0,48
20200715,gas,55.32,48
20200715,hydro,1.37,48
20200715,imports,2.63,48
20200715,nuclear,17.93,48
20200715,other,0.0,48
20200715,solar,3.32,48
20200715,wind,9.34,48
20200716,biomass,10.09,48
20200716,coal,0.0,48
20200716,gas,48.3,48
20200716,hydro,1.73,48
20200716,imports,2.35,48
20200716,nuclear,18.05,48
20200716,other,0.0,48
20200716,solar,5.26,48
20200716,wind,14.23,48
20200717,biomass,10.16,48
20200717,coal,0.0,48
20200717,gas,45.5,48
20200717,hydro,1.41,48
20200717,imports,2.42,48
20200717,nuclear,18.3,48
20200717,other,0.0,48
20200717,solar,7.18,48
20200717,wind,15.04,48
20200718,biomass,10.71,48
20200718,coal,0.0,48
20200718,gas,31.11,48
20200718,hydro,1.32,48
20200718,imports,10.82,48
20200718,nuclear,21.59,48
20200718,other,0.0,48
20200718,solar,6.25,48
20200718,wind,18.21,48
20200719,biomass,11.75,48
20200719,coal,0.0,48
20200719,gas,28.77,48
20200719,hydro,1.49,48
20200719,imports,11.89,48
20200719,nuclear,22.05,48
20200719,other,0.0,48
20200719,solar,8.36,48
20200719,wind,15.69,48
20200720,biomass,11.7,48
20200720,coal,0.0,48
20200720,gas,46.28,48
20200720,hydro,1.47,48
20200720,imports,4.19,48
20200720,nuclear,20.07,48
20200720,other,0.0,48
20200720,solar,8.08,48
20200720,wind,8.22,48
20200721,biomass,11.04,48
20200721,coal,0.0,48
20200721,gas,54.35,48
20200721,hydro,1.37,48
20200721,imports,2.84,48
20200721,nuclear,19.42,48
20200721,other,0.0,48
20200721,solar,7.06,48
20200721,wind,3.9,48
20200722,biomass,11.3,48
20200722,coal,0.0,48
20200722,gas,47.55,48
20200722,hydro,1.22,48
20200722,imports,3.58,48
20200722,nuclear,19.7,48
20200722,other,0.0,48
20200722,solar,7.08,48
20200722,wind,9.55,48
20200723,biomass,10.21,48
20200723,coal,0.0,48
20200723,gas,47.83,48
20200723,hydro,1.49,48
20200723,imports,3.8,48
20200723,nuclear,19.19,48
20200723,other,0.0,48
20200723,solar,5.34,48
20200723,wind,12.13,48
20200724,biomass,8.04,48
20200724,coal,0.0,48
20200724,gas,49.79,48
20200724,hydro,1.93,48
20200724,imports,5.24,48
20200724,nuclear,19.89,48
20200724,other,0.0,48
20200724,solar,5.82,48
20200724,wind,9.29,48
20200725,biomass,4.85,48
20200725,coal,0.0,48
20200725,gas,30.25,48
20200725,hydro,2.37,48
20200725,imports,9.96,48
20200725,nuclear,22.34,48
20200725,other,0.0,48
20200725,solar,4.44,48
20200725,wind,25.78,48
20200726,biomass,5.14,48
20200726,coal,0.0,48
20200726,gas,26.26,48
20200726,hydro,1.38,48
20200726,imports,9.29,48
20200726,nuclear,22.46,48
20200726,other,0.0,48
20200726,solar,7.79,48
20200726,wind,27.69,48
20200727,biomass,6.76,48
20200727,coal,0.0,48
20200727,gas,32.16,48
20200727,hydro,1.21,48
20200727,imports,5.62,48
20200727,nuclear,20.43,48
20200727,other,0.0,48
20200727,solar,3.48,48
20200727,wind,30.35,48
20200728,biomass,5.1,48
20200728,coal,0.0,48
20200728,gas,29.08,48
20200728,hydro,1.61,48
20200728,imports,5.48,48
20200728,nuclear,19.91,48
20200728,other,0.0,48
20200728,solar,7.46,48
20200728,wind,31.34,48
20200729,biomass,6.04,48
20200729,coal,0.0,48
20200729,gas,40.89,48
20200729,hydro,2.13,48
20200729,imports,5.94,48
20200729,nuclear,19.49,48
20200729,other,0.0,48
20200729,solar,7.5,48
20200729,wind,18.01,48
20200730,biomass,7.65,48
20200730,coal,0.0,48
20200730,gas,46.83,48
20200730,hydro,2.24,48
20200730,imports,5.78,48
20200730,nuclear,19.28,48
20200730,other,0.0,48
20200730,solar,7.85,48
20200730,wind,10.35,48
20200731,biomass,8.23,48
20200731,coal,0.0,48
20200731,gas,32.42,48
20200731,hydro,1.62,48
20200731,imports,4.46,48
20200731,nuclear,19.28,48
20200731,other,0.0,48
20200731,solar,7.68,48
20200731,wind,26.33,48
20200801,biomass,6.94,48
20200801,coal,0.0,48
20200801,gas,35.97,48
20200801,hydro,1.52,48
20200801,imports,11.18,48
20200801,nuclear,21.67,48
20200801,other,0.0,48
20200801,solar,7.11,48
20200801,wind,15.62,48
20200802,biomass,7.26,48
20200802,coal,0.0,48
20200802,gas,37.3,48
20200802,hydro,1.6,48
20200802,imports,10.45,48
20200802,nuclear,22.75,48
20200802,other,0.0,48
20200802,solar,8.76,48
20200802,wind,11.88,48
20200803,biomass,6.71,48
20200803,coal,0.0,48
20200803,gas,50.73,48
20200803,hydro,2.19,48
20200803,imports,5.26,48
20200803,nuclear,20.59,48
20200803,other,0.0,48
20200803,solar,7.3,48
20200803,wind,7.22,48
20200804,biomass,6.61,48
20200804,coal,0.0,48
20200804,gas,36.61,48
20200804,hydro,1.39,48
20200804,imports,5.18,48
20200804,nuclear,19.81,48
20200804,other,0.0,48
20200804,solar,4.86,48
20200804,wind,25.54,48
20200805,biomass,7.63,48
20200805,coal,0.0,48
20200805,gas,30.53,48
20200805,hydro,2.14,48
20200805,imports,2.19,48
20200805,nuclear,19.82,48
20200805,other,0.0,48
20200805,solar,5.48,48
20200805,wind,32.23,48
20200806,biomass,9.07,48
20200806,coal,0.0,48
20200806,gas,50.01,48
20200806,hydro,2.62,48
20200806,imports,4.03,48
20200806,nuclear,18.97,48
20200806,other,0.0,48
20200806,solar,4.95,48
20200806,wind,10.36,48
20200807,biomass,8.24,48
20200807,coal,0.0,48
20200807,gas,49.83,48
20200807,hydro,1.51,48
20200807,imports,5.33,48
20200807,nuclear,18.1,48
20200807,other,0.0,48
20200807,solar,6.5,48
20200807,wind,10.49,48
20200808,biomass,7.01,48
20200808,coal,0.0,48
20200808,gas,38.49,48
20200808,hydro,1.47,48
20200808,imports,13.38,48
20200808,nuclear,19.58,48
20200808,other,0.0,48
20200808,solar,8.23,48
20200808,wind,11.84,48
20200809,biomass,7.19,48
20200809,coal,0.0,48
20200809,gas,31.12,48
20200809,hydro,1.57,48
20200809,imports,11.08,48
20200809,nuclear,21.24,48
20200809,other,0.0,48
20200809,solar,8.01,48
20200809,wind,19.8,48
20200810,biomass,7.61,48
20200810,coal,0.0,48
20200810,gas,47.64,48
20200810,hydro,1.54,48
20200810,imports,7.18,48
20200810,nuclear,18.39,48
20200810,other,0.0,48
20200810,solar,6.05,48
20200810,wind,11.61,48
20200811,biomass,5.76,48
20200811,coal,0.0,48
20200811,gas,56.26,48
20200811,hydro,1.56,48
20200811,imports,6.38,48
20200811,nuclear,17.37,48
20200811,other,0.0,48
20200811,solar,6.58,48
20200811,wind,6.09,48
20200812,biomass,5.33,48
20200812,coal,0.0,48
20200812,gas,57.57,48
20200812,hydro,1.03,48
20200812,imports,8.6,48
20200812,nuclear,17.3,48
20200812,other,0.0,48
20200812,solar,6.76,48
20200812,wind,3.4,48
20200813,biomass,5.76,48
20200813,coal,0.0,48
20200813,gas,56.33,48
20200813,hydro,1.14,48
20200813,imports,6.02,48
20200813,nuclear,17.7,48
20200813,other,0.0,48
20200813,solar,3.98,48
20200813,wind,9.08,48
20200814,biomass,6.01,48
20200814,coal,0.0,48
20200814,gas,57.14,48
20200814,hydro,0.96,48
20200814,imports,7.65,48
20200814,nuclear,17.88,48
20200814,other,0.0,48
20200814,solar,2.86,48
20200814,wind,7.49,48
20200815,biomass,6.98,48
20200815,coal,0.0,48
20200815,gas,50.31,48
20200815,hydro,1.1,48
20200815,imports,13.43,48
20200815,nuclear,18.12,48
20200815,other,0.0,48
20200815,solar,2.59,48
20200815,wind,7.47,48
20200816,biomass,7.36,48
20200816,coal,0.0,48
20200816,gas,47.62,48
20200816,hydro,0.83,48
20200816,imports,14.13,48
20200816,nuclear,17.48,48
20200816,other,0.0,48
20200816,solar,3.14,48
20200816,wind,9.44,48
20200817,biomass,8.03,48
20200817,coal,0.63,48
20200817,gas,54.98,48
20200817,hydro,1.33,48
20200817,imports,10.74,48
20200817,nuclear,13.79,48
20200817,other,0.0,48
20200817,solar,4.58,48
20200817,wind,5.94,48
20200818,biomass,8.66,48
20200818,coal,0.0,48
20200818,gas,56.95,48
20200818,hydro,0.77,48
20200818,imports,6.04,48
20200818,nuclear,12.46,48
20200818,other,0.0,48
20200818,solar,5.37,48
20200818,wind,9.75,48
20200819,biomass,8.68,48
20200819,coal,0.0,48
20200819,gas,50.63,48
20200819,hydro,1.02,48
20200819,imports,7.89,48
20200819,nuclear,12.98,48
20200819,other,0.0,48
20200819,solar,2.35,48
20200819,wind,16.46,48
20200820,biomass,7.52,48
20200820,coal,0.0,48
20200820,gas,28.42,48
20200820,hydro,1.15,48
20200820,imports,6.61,48
20200820,nuclear,12.68,48
20200820,other,0.0,48
20200820,solar,7.92,48
20200820,wind,35.7,48
20200821,biomass,5.06,48
20200821,coal,0.0,48
20200821,gas,22.25,48
20200821,hydro,1.32,48
20200821,imports,8.25,48
20200821,nuclear,13.38,48
20200821,other,0.0,48
20200821,solar,5.04,48
20200821,wind,44.7,48
20200822,biomass,5.76,48
20200822,coal,0.0,48
20200822,gas,24.8,48
20200822,hydro,1.54,48
20200822,imports,5.93,48
20200822,nuclear,11.7,48
20200822,other,0.0,48
20200822,solar,7.38,48
20200822,wind,42.88,48
20200823,biomass,6.74,48
20200823,coal,0.0,48
20200823,gas,40.99,48
20200823,hydro,0.9,48
20200823,imports,8.67,48
20200823,nuclear,11.57,48
20200823,other,0.0,48
20200823,solar,4.9,48
20200823,wind,26.25,48
20200824,biomass,7.54,48
20200824,coal,1.0,48
20200824,gas,53.54,48
20200824,hydro,1.55,48
20200824,imports,8.01,48
20200824,nuclear,12.15,48
20200824,other,0.0,48
20200824,solar,5.87,48
20200824,wind,10.34,48
20200825,biomass,4.15,48
20200825,coal,0.0,48
20200825,gas,34.04,48
20200825,hydro,1.06,48
20200825,imports,4.95,48
20200825,nuclear,13.68,48
20200825,other,0.0,48
20200825,solar,3.5,48
20200825,wind,38.64,48
20200826,biomass,3.28,48
20200826,coal,1.1,48
20200826,gas,44.84,48
20200826,hydro,1.43,48
20200826,imports,5.91,48
20200826,nuclear,13.29,48
20200826,other,0.0,48
20200826,solar,4.92,48
20200826,wind,25.23,48
20200827,biomass,3.55,48
20200827,coal,4.91,48
20200827,gas,58.77,48
20200827,hydro,1.27,48
20200827,imports,8.64,48
20200827,nuclear,12.5,48
20200827,other,0.0,48
20200827,solar,2.11,48
20200827,wind,8.24,48
20200828,biomass,3.63,48
20200828,coal,0.25,48
20200828,gas,39.74,48
20200828,hydro,0.93,48
20200828,imports,5.88,48
20200828,nuclear,14.14,48
20200828,other,0.0,48
20200828,solar,3.88,48
20200828,wind,31.55,48
20200829,biomass,3.1,48
20200829,coal,1.65,48
20200829,gas,26.65,48
20200829,hydro,1.33,48
20200829,imports,7.53,48
20200829,nuclear,11.95,48
20200829,other,0.0,48
20200829,solar,4.76,48
20200829,wind,43.03,48
20200830,biomass,2.38,48
20200830,coal,1.13,48
20200830,gas,39.25,48
20200830,hydro,1.4,48
20200830,imports,11.74,48
20200830,nuclear,15.32,48
20200830,other,0.0,48
20200830,solar,6.4,48
20200830,wind,22.38,48
20200831,biomass,2.75,48
20200831,coal,2.3,48
20200831,gas,60.76,48
20200831,hydro,1.67,48
20200831,imports,5.51,48
20200831,nuclear,15.01,48
20200831,other,0.0,48
20200831,solar,6.2,48
20200831,wind,5.84,48
20200901,biomass,3.44,48
20200901,coal,2.82,48
20200901,gas,60.25,48
20200901,hydro,1.52,48
20200901,imports,2.76,48
20200901,nuclear,14.52,48
20200901,other,0.0,48
20200901,solar,6.34,48
20200901,wind,8.36,48
20200902,biomass,3.98,48
20200902,coal,0.43,48
20200902,gas,47.21,48
20200902,hydro,1.2,48
20200902,imports,2.5,48
20200902,nuclear,14.83,48
20200902,other,0.0,48
20200902,solar,3.89,48
20200902,wind,25.95,48
20200903,biomass,1.44,48
20200903,coal,0.0,48
20200903,gas,35.24,48
20200903,hydro,0.94,48
20200903,imports,6.28,48
20200903,nuclear,15.19,48
20200903,other,0.0,48
20200903,solar,3.28,48
20200903,wind,37.64,48
20200904,biomass,3.73,48
20200904,coal,0.0,48
20200904,gas,34.31,48
20200904,hydro,1.01,48
20200904,imports,6.33,48
20200904,nuclear,15.67,48
20200904,other,0.0,48
20200904,solar,4.18,48
20200904,wind,34.78,48
20200905,biomass,4.23,48
20200905,coal,0.0,48
20200905,gas,30.2,48
20200905,hydro,1.23,48
20200905,imports,7.93,48
20200905,nuclear,16.33,48
20200905,other,0.0,48
20200905,solar,6.76,48
20200905,wind,33.33,48
20200906,biomass,4.32,48
20200906,coal,0.35,48
20200906,gas,52.04,48
20200906,hydro,1.94,48
20200906,imports,13.06,48
20200906,nuclear,15.57,48
20200906,other,0.0,48
20200906,solar,5.5,48
20200906,wind,7.22,48
20200907,biomass,3.47,48
20200907,coal,0.0,48
20200907,gas,45.01,48
20200907,hydro,1.54,48
20200907,imports,7.57,48
20200907,nuclear,14.73,48
20200907,other,0.0,48
20200907,solar,3.13,48
20200907,wind,24.56,48
20200908,biomass,3.58,48
20200908,coal,0.0,48
20200908,gas,44.42,48
20200908,hydro,1.64,48
20200908,imports,5.89,48
20200908,nuclear,15.37,48
20200908,other,0.0,48
20200908,solar,4.3,48
20200908,wind,24.82,48
20200909,biomass,4.31,48
20200909,coal,0.0,48
20200909,gas,44.54,48
20200909,hydro,1.5,48
20200909,imports,2.71,48
20200909,nuclear,16.21,48
20200909,other,0.0,48
20200909,solar,4.99,48
20200909,wind,25.74,48
20200910,biomass,5.97,48
20200910,coal,0.2,48
20200910,gas,60.08,48
20200910,hydro,1.86,48
20200910,imports,1.53,48
20200910,nuclear,15.99,48
20200910,other,0.0,48
20200910,solar,4.77,48
20200910,wind,9.57,48
20200911,biomass,6.15,48
20200911,coal,0.0,48
20200911,gas,42.38,48
20200911,hydro,1.54,48
20200911,imports,2.61,48
20200911,nuclear,17.08,48
20200911,other,0.0,48
20200911,solar,3.71,48
20200911,wind,26.54,48
20200912,biomass,6.86,48
20200912,coal,0.0,48
20200912,gas,21.88,48
20200912,hydro,2.38,48
20200912,imports,4.87,48
20200912,nuclear,19.28,48
20200912,other,0.0,48
20200912,solar,7.59,48
20200912,wind,37.17,48
20200913,biomass,5.38,48
20200913,coal,0.0,48
20200913,gas,21.88,48
20200913,hydro,2.46,48
20200913,imports,6.26,48
20200913,nuclear,19.71,48
20200913,other,0.0,48
20200913,solar,8.05,48
20200913,wind,36.24,48
20200914,biomass,6.18,48
20200914,coal,1.74,48
20200914,gas,51.72,48
20200914,hydro,3.46,48
20200914,imports,3.92,48
20200914,nuclear,17.03,48
20200914,other,0.0,48
20200914,solar,6.5,48
20200914,wind,9.44,48
20200915,biomass,5.84,48
20200915,coal,4.98,48
20200915,gas,60.46,48
20200915,hydro,3.2,48
20200915,imports,1.81,48
20200915,nuclear,15.6,48
20200915,other,0.0,48
20200915,solar,4.92,48
20200915,wind,3.18,48
20200916,biomass,5.84,48
20200916,coal,1.21,48
20200916,gas,56.09,48
20200916,hydro,2.2,48
20200916,imports,1.71,48
20200916,nuclear,15.59,48
20200916,other,0.0,48
20200916,solar,4.36,48
20200916,wind,12.98,48
20200917,biomass,6.08,48
20200917,coal,0.17,48
20200917,gas,50.82,48
20200917,hydro,1.97,48
20200917,imports,2.5,48
20200917,nuclear,16.2,48
20200917,other,0.0,48
20200917,solar,6.47,48
20200917,wind,15.8,48
20200918,biomass,6.81,48
20200918,coal,0.0,48
20200918,gas,42.4,48
20200918,hydro,1.45,48
20200918,imports,3.04,48
20200918,nuclear,18.03,48
20200918,other,0.0,48
20200918,solar,6.61,48
20200918,wind,21.66,48
20200919,biomass,7.18,48
20200919,coal,0.0,48
20200919,gas,25.73,48
20200919,hydro,1.44,48
20200919,imports,8.7,48
20200919,nuclear,20.6,48
20200919,other,0.0,48
20200919,solar,6.96,48
20200919,wind,29.39,48
20200920,biomass,7.09,48
20200920,coal,0.0,48
20200920,gas,37.32,48
20200920,hydro,1.65,48
20200920,imports,9.79,48
20200920,nuclear,21.38,48
20200920,other,0.0,48
20200920,solar,6.32,48
20200920,wind,16.44,48
20200921,biomass,6.1,48
20200921,coal,2.75,48
20200921,gas,56.73,48
20200921,hydro,1.42,48
20200921,imports,1.15,48
20200921,nuclear,18.51,48
20200921,other,0.0,48
20200921,solar,5.58,48
20200921,wind,7.78,48
20200922,biomass,6.04,48
20200922,coal,0.02,48
20200922,gas,48.91,48
20200922,hydro,1.3,48
20200922,imports,1.25,48
20200922,nuclear,17.58,48
20200922,other,0.0,48
20200922,solar,4.14,48
20200922,wind,20.74,48
20200923,biomass,5.81,48
20200923,coal,0.94,48
20200923,gas,54.66,48
20200923,hydro,1.51,48
20200923,imports,1.09,48
20200923,nuclear,17.48,48
20200923,other,0.0,48
20200923,solar,2.05,48
20200923,wind,16.46,48
20200924,biomass,5.74,48
20200924,coal,0.58,48
20200924,gas,43.71,48
20200924,hydro,1.75,48
20200924,imports,8.97,48
20200924,nuclear,17.44,48
20200924,other,0.0,48
20200924,solar,3.83,48
20200924,wind,18.0,48
20200925,biomass,6.19,48
20200925,coal,0.0,48
20200925,gas,26.1,48
20200925,hydro,1.5,48
20200925,imports,6.82,48
20200925,nuclear,19.15,48
20200925,other,0.0,48
20200925,solar,5.02,48
20200925,wind,35.22,48
20200926,biomass,3.89,48
20200926,coal,0.0,48
20200926,gas,22.29,48
20200926,hydro,1.22,48
20200926,imports,6.18,48
20200926,nuclear,19.53,48
20200926,other,0.0,48
20200926,solar,4.59,48
20200926,wind,42.29,48
20200927,biomass,6.26,48
20200927,coal,0.0,48
20200927,gas,31.49,48
20200927,hydro,1.11,48
20200927,imports,8.53,48
20200927,nuclear,22.14,48
20200927,other,0.0,48
20200927,solar,4.93,48
20200927,wind,25.55,48
20200928,biomass,5.66,48
20200928,coal,0.86,48
20200928,gas,51.64,48
20200928,hydro,1.38,48
20200928,imports,4.54,48
20200928,nuclear,18.4,48
20200928,other,0.0,48
20200928,solar,3.1,48
20200928,wind,14.42,48
20200929,biomass,4.41,48
20200929,coal,3.83,48
20200929,gas,58.23,48
20200929,hydro,1.8,48
20200929,imports,5.3,48
20200929,nuclear,16.08,48
20200929,other,0.0,48
20200929,solar,3.59,48
20200929,wind,6.75,48
20200930,biomass,4.34,48
20200930,coal,0.21,48
20200930,gas,43.21,48
20200930,hydro,0.94,48
20200930,imports,4.03,48
20200930,nuclear,19.89,48
20200930,other,0.0,48
20200930,solar,1.29,48
20200930,wind,26.07,48
20201001,biomass,5.87,48
20201001,coal,3.5,48
20201001,gas,50.01,48
20201001,hydro,1.42,48
20201001,imports,6.16,48
20201001,nuclear,19.26,48
20201001,other,0.0,48
20201001,solar,3.65,48
20201001,wind,10.12,48
20201002,biomass,6.72,48
20201002,coal,0.0,48
20201002,gas,38.59,48
20201002,hydro,1.38,48
20201002,imports,6.76,48
20201002,nuclear,20.7,48
20201002,other,0.0,48
20201002,solar,1.25,48
20201002,wind,24.59,48
20201003,biomass,6.51,48
20201003,coal,0.0,48
20201003,gas,33.69,48
20201003,hydro,2.65,48
20201003,imports,8.75,48
20201003,nuclear,23.02,48
20201003,other,0.0,48
20201003,solar,0.56,48
20201003,wind,24.82,48
20201004,biomass,5.6,48
20201004,coal,0.0,48
20201004,gas,31.44,48
20201004,hydro,2.57,48
20201004,imports,9.83,48
20201004,nuclear,23.37,48
20201004,other,0.0,48
20201004,solar,1.56,48
20201004,wind,25.62,48
20201005,biomass,7.05,48
20201005,coal,0.0,48
20201005,gas,42.09,48
20201005,hydro,2.36,48
20201005,imports,7.67,48
20201005,nuclear,21.01,48
20201005,other,0.0,48
20201005,solar,2.24,48
20201005,wind,17.56,48
20201006,biomass,7.95,48
20201006,coal,0.14,48
20201006,gas,35.23,48
20201006,hydro,2.09,48
20201006,imports,6.96,48
20201006,nuclear,20.82,48
20201006,other,0.0,48
20201006,solar,3.29,48
20201006,wind,23.55,48
20201007,biomass,5.4,48
20201007,coal,0.0,48
20201007,gas,33.13,48
20201007,hydro,1.79,48
20201007,imports,4.6,48
20201007,nuclear,19.84,48
20201007,other,0.0,48
20201007,solar,3.91,48
20201007,wind,31.33,48
20201008,biomass,6.24,48
20201008,coal,0.0,48
20201008,gas,41.68,48
20201008,hydro,2.12,48
20201008,imports,5.49,48
20201008,nuclear,20.49,48
20201008,other,0.0,48
20201008,solar,2.36,48
20201008,wind,21.59,48
20201009,biomass,6.3,48
20201009,coal,0.0,48
20201009,gas,35.51,48
20201009,hydro,1.65,48
20201009,imports,5.71,48
20201009,nuclear,20.95,48
20201009,other,0.0,48
20201009,solar,3.26,48
20201009,wind,26.61,48
20201010,biomass,4.43,48
20201010,coal,0.0,48
20201010,gas,26.24,48
20201010,hydro,2.09,48
20201010,imports,5.79,48
20201010,nuclear,22.43,48
20201010,other,0.0,48
20201010,solar,3.27,48
20201010,wind,35.76,48
20201011,biomass,7.46,48
20201011,coal,0.0,48
20201011,gas,34.64,48
20201011,hydro,1.96,48
20201011,imports,5.73,48
20201011,nuclear,22.69,48
20201011,other,0.0,48
20201011,solar,4.21,48
20201011,wind,23.32,48
20201012,biomass,7.84,48
20201012,coal,0.71,48
20201012,gas,46.63,48
20201012,hydro,1.89,48
20201012,imports,4.55,48
20201012,nuclear,20.87,48
20201012,other,0.0,48
20201012,solar,1.15,48
20201012,wind,16.35,48
20201013,biomass,7.46,48
20201013,coal,0.58,48
20201013,gas,38.58,48
20201013,hydro,1.59,48
20201013,imports,5.59,48
20201013,nuclear,20.97,48
20201013,other,0.0,48
20201013,solar,2.4,48
20201013,wind,22.83,48
20201014,biomass,7.14,48
20201014,coal,0.16,48
20201014,gas,41.05,48
20201014,hydro,1.63,48
20201014,imports,4.2,48
20201014,nuclear,19.5,48
20201014,other,0.0,48
20201014,solar,2.91,48
20201014,wind,23.4,48
20201015,biomass,6.13,48
20201015,coal,1.36,48
20201015,gas,50.04,48
20201015,hydro,1.4,48
20201015,imports,3.92,48
20201015,nuclear,18.64,48
20201015,other,0.0,48
20201015,solar,3.09,48
20201015,wind,15.43,48
20201016,biomass,6.26,48
20201016,coal,2.57,48
20201016,gas,56.24,48
20201016,hydro,1.71,48
20201016,imports,5.25,48
20201016,nuclear,19.41,48
20201016,other,0.0,48
20201016,solar,1.97,48
20201016,wind,6.59,48
20201017,biomass,6.81,48
20201017,coal,0.0,48
20201017,gas,52.5,48
20201017,hydro,1.47,48
20201017,imports,10.0,48
20201017,nuclear,22.11,48
20201017,other,0.0,48
20201017,solar,1.85,48
20201017,wind,5.26,48
20201018,biomass,6.53,48
20201018,coal,0.0,48
20201018,gas,53.67,48
20201018,hydro,1.68,48
20201018,imports,9.77,48
20201018,nuclear,22.32,48
20201018,other,0.0,48
20201018,solar,1.33,48
20201018,wind,4.69,48
20201019,biomass,5.84,48
20201019,coal,0.0,48
20201019,gas,34.92,48
20201019,hydro,1.54,48
20201019,imports,8.85,48
20201019,nuclear,21.75,48
20201019,other,0.0,48
20201019,solar,2.26,48
20201019,wind,24.84,48
20201020,biomass,5.73,48
20201020,coal,0.0,48
20201020,gas,26.73,48
20201020,hydro,2.17,48
20201020,imports,7.39,48
20201020,nuclear,21.97,48
20201020,other,0.0,48
20201020,solar,2.28,48
20201020,wind,33.74,48
20201021,biomass,5.57,48
20201021,coal,0.89,48
20201021,gas,34.92,48
20201021,hydro,2.85,48
20201021,imports,8.96,48
20201021,nuclear,21.12,48
20201021,other,0.0,48
20201021,solar,0.72,48
20201021,wind,24.98,48
20201022,biomass,5.89,48
20201022,coal,0.97,48
20201022,gas,33.92,48
20201022,hydro,3.06,48
20201022,imports,5.63,48
20201022,nuclear,21.11,48
20201022,other,0.0,48
20201022,solar,2.78,48
20201022,wind,26.64,48
20201023,biomass,6.76,48
20201023,coal,0.0,48
20201023,gas,36.78,48
20201023,hydro,3.28,48
20201023,imports,8.23,48
20201023,nuclear,21.76,48
20201023,other,0.0,48
20201023,solar,1.83,48
20201023,wind,21.35,48
20201024,biomass,4.14,48
20201024,coal,0.0,48
20201024,gas,24.37,48
20201024,hydro,3.34,48
20201024,imports,6.88,48
20201024,nuclear,23.77,48
20201024,other,0.0,48
20201024,solar,0.69,48
20201024,wind,36.82,48
20201025,biomass,4.25,50
20201025,coal,0.0,50
20201025,gas,23.36,50
20201025,hydro,2.49,50
20201025,imports,6.6,50
20201025,nuclear,23.89,50
20201025,other,0.0,50
20201025,solar,2.88,50
20201025,wind,36.51,50
20201026,biomass,5.2,48
20201026,coal,0.91,48
20201026,gas,27.15,48
20201026,hydro,2.65,48
20201026,imports,7.74,48
20201026,nuclear,21.59,48
20201026,other,0.0,48
20201026,solar,2.48,48
20201026,wind,32.28,48
20201027,biomass,5.97,48
20201027,coal,0.84,48
20201027,gas,29.43,48
20201027,hydro,2.84,48
20201027,imports,10.55,48
20201027,nuclear,21.24,48
20201027,other,0.0,48
20201027,solar,0.86,48
20201027,wind,28.26,48
20201028,biomass,4.99,48
20201028,coal,0.0,48
20201028,gas,25.88,48
20201028,hydro,2.86,48
20201028,imports,7.99,48
20201028,nuclear,21.2,48
20201028,other,0.0,48
20201028,solar,1.74,48
20201028,wind,35.34,48
20201029,biomass,6.2,48
20201029,coal,0.0,48
20201029,gas,25.46,48
20201029,hydro,3.08,48
20201029,imports,9.4,48
20201029,nuclear,21.2,48
20201029,other,0.0,48
20201029,solar,0.47,48
20201029,wind,34.2,48
20201030,biomass,5.85,48
20201030,coal,0.34,48
20201030,gas,34.85,48
20201030,hydro,3.77,48
20201030,imports,7.07,48
20201030,nuclear,21.29,48
20201030,other,0.0,48
20201030,solar,0.81,48
20201030,wind,26.04,48
20201031,biomass,5.79,48
20201031,coal,0.0,48
20201031,gas,22.37,48
20201031,hydro,3.1,48
20201031,imports,7.16,48
20201031,nuclear,23.35,48
20201031,other,0.0,48
20201031,solar,1.43,48
20201031,wind,36.81,48
20201101,biomass,5.35,48
20201101,coal,0.0,48
20201101,gas,20.71,48
20201101,hydro,3.45,48
20201101,imports,7.03,48
20201101,nuclear,22.51,48
20201101,other,0.0,48
20201101,solar,1.18,48
20201101,wind,39.76,48
20201102,biomass,4.43,48
20201102,coal,0.0,48
20201102,gas,25.38,48
20201102,hydro,3.78,48
20201102,imports,7.63,48
20201102,nuclear,20.79,48
20201102,other,0.0,48
20201102,solar,2.66,48
20201102,wind,35.33,48
20201103,biomass,4.53,48
20201103,coal,0.12,48
20201103,gas,37.25,48
20201103,hydro,3.34,48
20201103,imports,7.28,48
20201103,nuclear,19.74,48
20201103,other,0.0,48
20201103,solar,2.12,48
20201103,wind,25.6,48
20201104,biomass,5.39,48
20201104,coal,2.39,48
20201104,gas,45.48,48
20201104,hydro,2.77,48
20201104,imports,8.08,48
20201104,nuclear,19.12,48
20201104,other,0.0,48
20201104,solar,3.07,48
20201104,wind,13.68,48
20201105,biomass,6.23,48
20201105,coal,3.59,48
20201105,gas,48.02,48
20201105,hydro,2.72,48
20201105,imports,8.67,48
20201105,nuclear,19.26,48
20201105,other,0.0,48
20201105,solar,2.14,48
20201105,wind,9.36,48
20201106,biomass,7.13,48
20201106,coal,2.47,48
20201106,gas,46.18,48
20201106,hydro,2.74,48
20201106,imports,9.39,48
20201106,nuclear,20.0,48
20201106,other,0.0,48
20201106,solar,2.69,48
20201106,wind,9.41,48
20201107,biomass,6.35,48
20201107,coal,2.0,48
20201107,gas,46.06,48
20201107,hydro,3.12,48
20201107,imports,10.2,48
20201107,nuclear,22.06,48
20201107,other,0.0,48
20201107,solar,2.29,48
20201107,wind,7.93,48
20201108,biomass,7.31,48
20201108,coal,2.28,48
20201108,gas,39.4,48
20201108,hydro,2.87,48
20201108,imports,11.75,48
20201108,nuclear,22.67,48
20201108,other,0.0,48
20201108,solar,0.85,48
20201108,wind,12.9,48
20201109,biomass,6.55,48
20201109,coal,2.67,48
20201109,gas,49.19,48
20201109,hydro,2.5,48
20201109,imports,10.39,48
20201109,nuclear,20.61,48
20201109,other,0.0,48
20201109,solar,0.9,48
20201109,wind,7.2,48
20201110,biomass,6.3,48
20201110,coal,2.26,48
20201110,gas,48.33,48
20201110,hydro,2.12,48
20201110,imports,8.71,48
20201110,nuclear,19.35,48
20201110,other,0.0,48
20201110,solar,1.42,48
20201110,wind,11.51,48
20201111,biomass,6.34,48
20201111,coal,0.0,48
20201111,gas,31.6,48
20201111,hydro,2.21,48
20201111,imports,9.5,48
20201111,nuclear,19.47,48
20201111,other,0.0,48
20201111,solar,0.64,48
20201111,wind,30.25,48
20201112,biomass,6.51,48
20201112,coal,0.0,48
20201112,gas,26.13,48
20201112,hydro,2.72,48
20201112,imports,7.71,48
20201112,nuclear,19.39,48
20201112,other,0.0,48
20201112,solar,2.51,48
20201112,wind,35.03,48
20201113,biomass,6.6,48
20201113,coal,0.0,48
20201113,gas,29.25,48
20201113,hydro,2.19,48
20201113,imports,7.92,48
20201113,nuclear,19.18,48
20201113,other,0.0,48
20201113,solar,2.19,48
20201113,wind,32.69,48
20201114,biomass,4.75,48
20201114,coal,0.0,48
20201114,gas,23.31,48
20201114,hydro,3.03,48
20201114,imports,10.05,48
20201114,nuclear,21.12,48
20201114,other,0.0,48
20201114,solar,0.33,48
20201114,wind,37.4,48
20201115,biomass,4.92,48
20201115,coal,0.0,48
20201115,gas,20.95,48
20201115,hydro,3.71,48
20201115,imports,7.63,48
20201115,nuclear,21.09,48
20201115,other,0.0,48
20201115,solar,1.86,48
20201115,wind,39.83,48
20201116,biomass,5.69,48
20201116,coal,1.03,48
20201116,gas,24.58,48
20201116,hydro,3.02,48
20201116,imports,7.69,48
20201116,nuclear,19.46,48
20201116,other,0.0,48
20201116,solar,0.87,48
20201116,wind,37.64,48
20201117,biomass,7.55,48
20201117,coal,1.03,48
20201117,gas,23.06,48
20201117,hydro,2.58,48
20201117,imports,7.15,48
20201117,nuclear,20.31,48
20201117,other,0.0,48
20201117,solar,0.73,48
20201117,wind,37.59,48
20201118,biomass,8.55,48
20201118,coal,0.47,48
20201118,gas,21.66,48
20201118,hydro,2.65,48
20201118,imports,7.55,48
20201118,nuclear,20.69,48
20201118,other,0.0,48
20201118,solar,0.8,48
20201118,wind,37.63,48
20201119,biomass,7.24,48
20201119,coal,0.33,48
20201119,gas,34.01,48
20201119,hydro,3.35,48
20201119,imports,8.07,48
20201119,nuclear,18.64,48
20201119,other,0.0,48
20201119,solar,1.91,48
20201119,wind,26.44,48
20201120,biomass,8.83,48
20201120,coal,0.94,48
20201120,gas,35.29,48
20201120,hydro,2.99,48
20201120,imports,8.18,48
20201120,nuclear,18.9,48
20201120,other,0.0,48
20201120,solar,0.45,48
20201120,wind,24.41,48
20201121,biomass,6.62,48
20201121,coal,0.0,48
20201121,gas,24.15,48
20201121,hydro,2.79,48
20201121,imports,6.09,48
20201121,nuclear,21.49,48
20201121,other,0.0,48
20201121,solar,0.9,48
20201121,wind,37.96,48
20201122,biomass,7.26,48
20201122,coal,0.9,48
20201122,gas,30.57,48
20201122,hydro,3.32,48
20201122,imports,6.81,48
20201122,nuclear,20.88,48
20201122,other,0.0,48
20201122,solar,1.96,48
20201122,wind,28.3,48
20201123,biomass,9.44,48
20201123,coal,1.64,48
20201123,gas,36.27,48
20201123,hydro,2.68,48
20201123,imports,5.63,48
20201123,nuclear,18.85,48
20201123,other,0.0,48
20201123,solar,1.35,48
20201123,wind,24.16,48
20201124,biomass,7.62,48
20201124,coal,1.68,48
20201124,gas,32.41,48
20201124,hydro,2.98,48
20201124,imports,5.4,48
20201124,nuclear,18.75,48
20201124,other,0.0,48
20201124,solar,0.98,48
20201124,wind,30.16,48
20201125,biomass,9.27,48
20201125,coal,2.89,48
20201125,gas,45.43,48
20201125,hydro,3.3,48
20201125,imports,6.47,48
20201125,nuclear,18.03,48
20201125,other,0.0,48
20201125,solar,0.69,48
20201125,wind,13.9,48
20201126,biomass,8.88,48
20201126,coal,3.87,48
20201126,gas,56.56,48
20201126,hydro,3.67,48
20201126,imports,5.88,48
20201126,nuclear,17.43,48
20201126,other,0.0,48
20201126,solar,1.37,48
20201126,wind,2.34,48
20201127,biomass,8.69,48
20201127,coal,4.28,48
20201127,gas,56.37,48
20201127,hydro,3.14,48
20201127,imports,6.14,48
20201127,nuclear,17.09,48
20201127,other,0.0,48
20201127,solar,1.05,48
20201127,wind,3.23,48
20201128,biomass,8.45,48
20201128,coal,0.62,48
20201128,gas,51.68,48
20201128,hydro,2.59,48
20201128,imports,9.14,48
20201128,nuclear,19.32,48
20201128,other,0.0,48
20201128,solar,0.49,48
20201128,wind,7.72,48
20201129,biomass,9.18,48
20201129,coal,2.04,48
20201129,gas,50.96,48
20201129,hydro,2.66,48
20201129,imports,9.69,48
20201129,nuclear,19.97,48
20201129,other,0.0,48
20201129,solar,0.52,48
20201129,wind,4.97,48
20201130,biomass,9.26,48
20201130,coal,1.34,48
20201130,gas,40.08,48
20201130,hydro,2.11,48
20201130,imports,3.76,48
20201130,nuclear,19.22,48
20201130,other,0.0,48
20201130,solar,0.31,48
20201130,wind,23.91,48
20201201,biomass,8.82,48
20201201,coal,1.6,48
20201201,gas,44.21,48
20201201,hydro,2.55,48
20201201,imports,5.04,48
20201201,nuclear,18.71,48
20201201,other,0.0,48
20201201,solar,1.55,48
20201201,wind,17.53,48
20201202,biomass,8.62,48
20201202,coal,3.74,48
20201202,gas,47.66,48
20201202,hydro,2.53,48
20201202,imports,2.84,48
20201202,nuclear,18.35,48
20201202,other,0.0,48
20201202,solar,0.51,48
20201202,wind,15.77,48
20201203,biomass,8.49,48
20201203,coal,2.4,48
20201203,gas,45.2,48
20201203,hydro,2.34,48
20201203,imports,6.66,48
20201203,nuclear,18.32,48
20201203,other,0.0,48
20201203,solar,0.19,48
20201203,wind,16.41,48
20201204,biomass,8.35,48
20201204,coal,1.1,48
20201204,gas,33.78,48
20201204,hydro,1.69,48
20201204,imports,5.92,48
20201204,nuclear,19.21,48
20201204,other,0.0,48
20201204,solar,0.47,48
20201204,wind,29.48,48
20201205,biomass,8.19,48
20201205,coal,1.14,48
20201205,gas,42.91,48
20201205,hydro,2.46,48
20201205,imports,7.64,48
20201205,nuclear,20.64,48
20201205,other,0.0,48
20201205,solar,1.19,48
20201205,wind,15.84,48
20201206,biomass,8.32,48
20201206,coal,2.67,48
20201206,gas,55.12,48
20201206,hydro,2.48,48
20201206,imports,7.3,48
20201206,nuclear,19.85,48
20201206,other,0.0,48
20201206,solar,1.01,48
20201206,wind,3.25,48
20201207,biomass,7.97,48
20201207,coal,4.72,48
20201207,gas,52.34,48
20201207,hydro,2.87,48
20201207,imports,5.3,48
20201207,nuclear,17.85,48
20201207,other,0.0,48
20201207,solar,0.6,48
20201207,wind,8.34,48
20201208,biomass,6.84,48
20201208,coal,4.77,48
20201208,gas,48.53,48
20201208,hydro,1.92,48
20201208,imports,4.23,48
20201208,nuclear,17.75,48
20201208,other,0.0,48
20201208,solar,0.81,48
20201208,wind,15.14,48
20201209,biomass,8.43,48
20201209,coal,4.78,48
20201209,gas,47.46,48
20201209,hydro,2.6,48
20201209,imports,3.79,48
20201209,nuclear,17.97,48
20201209,other,0.0,48
20201209,solar,0.42,48
20201209,wind,14.56,48
20201210,biomass,8.28,48
20201210,coal,4.53,48
20201210,gas,39.29,48
20201210,hydro,1.67,48
20201210,imports,2.33,48
20201210,nuclear,18.22,48
20201210,other,0.0,48
20201210,solar,0.26,48
20201210,wind,25.45,48
20201211,biomass,8.36,48
20201211,coal,4.94,48
20201211,gas,42.64,48
20201211,hydro,2.4,48
20201211,imports,4.1,48
20201211,nuclear,18.93,48
20201211,other,0.0,48
20201211,solar,0.51,48
20201211,wind,18.11,48
20201212,biomass,8.54,48
20201212,coal,1.57,48
20201212,gas,47.21,48
20201212,hydro,2.12,48
20201212,imports,8.45,48
20201212,nuclear,20.67,48
20201212,other,0.0,48
20201212,solar,0.91,48
20201212,wind,10.55,48
20201213,biomass,8.19,48
20201213,coal,1.04,48
20201213,gas,28.07,48
20201213,hydro,1.98,48
20201213,imports,10.16,48
20201213,nuclear,21.68,48
20201213,other,0.0,48
20201213,solar,0.19,48
20201213,wind,28.69,48
20201214,biomass,6.96,48
20201214,coal,1.08,48
20201214,gas,29.97,48
20201214,hydro,2.59,48
20201214,imports,5.54,48
20201214,nuclear,20.34,48
20201214,other,0.0,48
20201214,solar,0.84,48
20201214,wind,32.7,48
20201215,biomass,7.2,48
20201215,coal,2.05,48
20201215,gas,36.8,48
20201215,hydro,2.98,48
20201215,imports,5.78,48
20201215,nuclear,19.36,48
20201215,other,0.0,48
20201215,solar,1.57,48
20201215,wind,24.26,48
20201216,biomass,7.06,48
20201216,coal,1.68,48
20201216,gas,29.58,48
20201216,hydro,2.22,48
20201216,imports,6.68,48
20201216,nuclear,19.53,48
20201216,other,0.0,48
20201216,solar,0.4,48
20201216,wind,32.85,48
20201217,biomass,6.86,48
20201217,coal,1.92,48
20201217,gas,32.69,48
20201217,hydro,2.97,48
20201217,imports,4.17,48
20201217,nuclear,18.78,48
20201217,other,0.0,48
20201217,solar,1.4,48
20201217,wind,31.2,48
20201218,biomass,5.13,48
20201218,coal,1.65,48
20201218,gas,22.74,48
20201218,hydro,3.66,48
20201218,imports,7.35,48
20201218,nuclear,19.66,48
20201218,other,0.0,48
20201218,solar,0.15,48
20201218,wind,39.64,48
20201219,biomass,4.4,48
20201219,coal,0.74,48
20201219,gas,18.31,48
20201219,hydro,3.31,48
20201219,imports,7.43,48
20201219,nuclear,21.44,48
20201219,other,0.0,48
20201219,solar,1.42,48
20201219,wind,42.94,48
20201220,biomass,6.02,48
20201220,coal,1.3,48
20201220,gas,21.2,48
20201220,hydro,3.36,48
20201220,imports,7.04,48
20201220,nuclear,21.45,48
20201220,other,0.0,48
20201220,solar,1.49,48
20201220,wind,38.13,48
20201221,biomass,7.4,48
20201221,coal,1.82,48
20201221,gas,33.4,48
20201221,hydro,3.08,48
20201221,imports,9.44,48
20201221,nuclear,18.91,48
20201221,other,0.0,48
20201221,solar,0.17,48
20201221,wind,25.78,48
20201222,biomass,7.18,48
20201222,coal,3.92,48
20201222,gas,44.42,48
20201222,hydro,3.19,48
20201222,imports,8.29,48
20201222,nuclear,18.88,48
20201222,other,0.0,48
20201222,solar,0.45,48
20201222,wind,13.68,48
20201223,biomass,7.58,48
20201223,coal,2.25,48
20201223,gas,33.36,48
20201223,hydro,3.4,48
20201223,imports,10.5,48
20201223,nuclear,20.45,48
20201223,other,0.0,48
20201223,solar,0.29,48
20201223,wind,22.18,48
20201224,biomass,5.77,48
20201224,coal,0.44,48
20201224,gas,26.12,48
20201224,hydro,2.24,48
20201224,imports,7.66,48
20201224,nuclear,20.71,48
20201224,other,0.0,48
20201224,solar,1.6,48
20201224,wind,35.45,48
20201225,biomass,7.02,48
20201225,coal,0.0,48
20201225,gas,30.88,48
20201225,hydro,2.9,48
20201225,imports,9.14,48
20201225,nuclear,21.37,48
20201225,other,0.0,48
20201225,solar,1.54,48
20201225,wind,27.14,48
20201226,biomass,4.07,48
20201226,coal,0.7,48
20201226,gas,16.47,48
20201226,hydro,2.65,48
20201226,imports,6.34,48
20201226,nuclear,23.88,48
20201226,other,0.0,48
20201226,solar,0.46,48
20201226,wind,45.45,48
20201227,biomass,7.3,48
20201227,coal,0.39,48
20201227,gas,26.97,48
20201227,hydro,3.05,48
20201227,imports,7.84,48
20201227,nuclear,22.33,48
20201227,other,0.0,48
20201227,solar,1.95,48
20201227,wind,30.16,48
20201228,biomass,7.2,48
20201228,coal,0.97,48
20201228,gas,49.32,48
20201228,hydro,3.08,48
20201228,imports,11.35,48
20201228,nuclear,19.85,48
20201228,other,0.0,48
20201228,solar,0.56,48
20201228,wind,7.66,48
20201229,biomass,7.28,48
20201229,coal,0.58,48
20201229,gas,46.34,48
20201229,hydro,2.51,48
20201229,imports,11.17,48
20201229,nuclear,18.83,48
20201229,other,0.0,48
20201229,solar,0.65,48
20201229,wind,12.64,48
20201230,biomass,9.09,48
20201230,coal,2.12,48
20201230,gas,48.23,48
20201230,hydro,2.28,48
20201230,imports,8.56,48
20201230,nuclear,17.98,48
20201230,other,0.0,48
20201230,solar,0.86,48
20201230,wind,10.88,48
20201231,biomass,9.38,48
20201231,coal,2.05,48
20201231,gas,45.8,48
20201231,hydro,1.72,48
20201231,imports,10.51,48
20201231,nuclear,17.97,48
20201231,other,0.0,48
20201231,solar,1.21,48
20201231,wind,11.36,48
20210101,biomass,10.04,48
20210101,coal,1.44,48
20210101,gas,42.4,48
20210101,hydro,1.68,48
20210101,imports,10.62,48
20210101,nuclear,19.47,48
20210101,other,0.0,48
20210101,solar,0.56,48
20210101,wind,13.79,48
20210102,biomass,7.85,48
20210102,coal,2.3,48
20210102,gas,46.72,48
20210102,hydro,1.67,48
20210102,imports,9.47,48
20210102,nuclear,18.98,48
20210102,other,0.0,48
20210102,solar,1.07,48
20210102,wind,11.94,48
20210103,biomass,8.83,48
20210103,coal,1.59,48
20210103,gas,39.44,48
20210103,hydro,1.55,48
20210103,imports,9.12,48
20210103,nuclear,18.96,48
20210103,other,0.0,48
20210103,solar,0.91,48
20210103,wind,19.62,48
20210104,biomass,7.94,48
20210104,coal,2.31,48
20210104,gas,40.16,48
20210104,hydro,1.33,48
20210104,imports,6.31,48
20210104,nuclear,17.09,48
20210104,other,0.0,48
20210104,solar,0.46,48
20210104,wind,24.38,48
20210105,biomass,5.26,48
20210105,coal,4.35,48
20210105,gas,44.09,48
20210105,hydro,1.65,48
20210105,imports,6.04,48
20210105,nuclear,16.4,48
20210105,other,0.0,48
20210105,solar,0.97,48
20210105,wind,21.24,48
20210106,biomass,6.06,48
20210106,coal,5.89,48
20210106,gas,49.5,48
20210106,hydro,2.58,48
20210106,imports,6.72,48
20210106,nuclear,16.06,48
20210106,other,0.0,48
20210106,solar,0.84,48
20210106,wind,12.36,48
20210107,biomass,6.81,48
20210107,coal,6.96,48
20210107,gas,52.53,48
20210107,hydro,2.53,48
20210107,imports,5.41,48
20210107,nuclear,15.67,48
20210107,other,0.0,48
20210107,solar,0.93,48
20210107,wind,9.17,48
20210108,biomass,7.01,48
20210108,coal,6.7,48
20210108,gas,53.09,48
20210108,hydro,2.26,48
20210108,imports,5.99,48
20210108,nuclear,15.68,48
20210108,other,0.0,48
20210108,solar,0.43,48
20210108,wind,8.82,48
20210109,biomass,4.6,48
20210109,coal,5.41,48
20210109,gas,49.24,48
20210109,hydro,1.27,48
20210109,imports,8.41,48
20210109,nuclear,16.85,48
20210109,other,0.0,48
20210109,solar,1.15,48
20210109,wind,13.06,48
20210110,biomass,4.06,48
20210110,coal,4.65,48
20210110,gas,43.6,48
20210110,hydro,1.51,48
20210110,imports,8.73,48
20210110,nuclear,17.95,48
20210110,other,0.0,48
20210110,solar,0.55,48
20210110,wind,18.94,48
20210111,biomass,4.68,48
20210111,coal,2.83,48
20210111,gas,34.83,48
20210111,hydro,2.08,48
20210111,imports,4.1,48
20210111,nuclear,17.44,48
20210111,other,0.0,48
20210111,solar,0.48,48
20210111,wind,33.55,48
20210112,biomass,4.68,48
20210112,coal,6.72,48
20210112,gas,43.69,48
20210112,hydro,2.6,48
20210112,imports,7.54,48
20210112,nuclear,17.07,48
20210112,other,0.0,48
20210112,solar,1.01,48
20210112,wind,16.68,48
20210113,biomass,4.89,48
20210113,coal,8.25,48
20210113,gas,49.1,48
20210113,hydro,3.25,48
20210113,imports,9.34,48
20210113,nuclear,15.98,48
20210113,other,0.0,48
20210113,solar,0.3,48
20210113,wind,8.9,48
20210114,biomass,4.48,48
20210114,coal,7.78,48
20210114,gas,45.69,48
20210114,hydro,2.06,48
20210114,imports,7.32,48
20210114,nuclear,16.35,48
20210114,other,0.0,48
20210114,solar,0.27,48
20210114,wind,16.04,48
20210115,biomass,5.89,48
20210115,coal,7.33,48
20210115,gas,48.1,48
20210115,hydro,2.67,48
20210115,imports,8.19,48
20210115,nuclear,16.62,48
20210115,other,0.0,48
20210115,solar,0.76,48
20210115,wind,10.45,48
20210116,biomass,3.5,48
20210116,coal,2.57,48
20210116,gas,27.3,48
20210116,hydro,2.26,48
20210116,imports,7.13,48
20210116,nuclear,19.73,48
20210116,other,0.0,48
20210116,solar,0.89,48
20210116,wind,36.61,48
20210117,biomass,3.6,48
20210117,coal,2.62,48
20210117,gas,29.73,48
20210117,hydro,2.67,48
20210117,imports,6.85,48
20210117,nuclear,20.36,48
20210117,other,0.0,48
20210117,solar,1.51,48
20210117,wind,32.64,48
20210118,biomass,3.39,48
20210118,coal,2.64,48
20210118,gas,37.6,48
20210118,hydro,2.41,48
20210118,imports,5.14,48
20210118,nuclear,18.4,48
20210118,other,0.0,48
20210118,solar,0.62,48
20210118,wind,29.8,48
20210119,biomass,7.14,48
20210119,coal,2.82,48
20210119,gas,36.98,48
20210119,hydro,2.23,48
20210119,imports,6.99,48
20210119,nuclear,18.09,48
20210119,other,0.0,48
20210119,solar,0.38,48
20210119,wind,25.39,48
20210120,biomass,7.99,48
20210120,coal,2.41,48
20210120,gas,38.62,48
20210120,hydro,2.46,48
20210120,imports,8.3,48
20210120,nuclear,16.29,48
20210120,other,0.0,48
20210120,solar,0.12,48
20210120,wind,23.79,48
20210121,biomass,7.23,48
20210121,coal,1.51,48
20210121,gas,28.73,48
20210121,hydro,1.63,48
20210121,imports,7.9,48
20210121,nuclear,15.99,48
20210121,other,0.0,48
20210121,solar,1.36,48
20210121,wind,35.68,48
20210122,biomass,7.01,48
20210122,coal,3.71,48
20210122,gas,37.76,48
20210122,hydro,1.92,48
20210122,imports,8.17,48
20210122,nuclear,15.13,48
20210122,other,0.0,48
20210122,solar,2.3,48
20210122,wind,24.01,48
20210123,biomass,8.04,48
20210123,coal,5.5,48
20210123,gas,48.91,48
20210123,hydro,1.6,48
20210123,imports,9.34,48
20210123,nuclear,15.57,48
20210123,other,0.0,48
20210123,solar,1.69,48
20210123,wind,9.36,48
20210124,biomass,7.71,48
20210124,coal,5.88,48
20210124,gas,48.87,48
20210124,hydro,1.52,48
20210124,imports,8.08,48
20210124,nuclear,16.37,48
20210124,other,0.0,48
20210124,solar,0.8,48
20210124,wind,10.77,48
20210125,biomass,8.53,48
20210125,coal,5.6,48
20210125,gas,39.2,48
20210125,hydro,1.27,48
20210125,imports,5.66,48
20210125,nuclear,15.68,48
20210125,other,0.0,48
20210125,solar,2.09,48
20210125,wind,21.97,48
20210126,biomass,8.64,48
20210126,coal,4.16,48
20210126,gas,46.78,48
20210126,hydro,1.27,48
20210126,imports,8.12,48
20210126,nuclear,15.74,48
20210126,other,0.0,48
20210126,solar,0.38,48
20210126,wind,14.91,48
20210127,biomass,8.75,48
20210127,coal,5.51,48
20210127,gas,47.91,48
20210127,hydro,1.54,48
20210127,imports,7.97,48
20210127,nuclear,16.28,48
20210127,other,0.0,48
20210127,solar,0.63,48
20210127,wind,11.4,48
20210128,biomass,8.24,48
20210128,coal,4.93,48
20210128,gas,36.99,48
20210128,hydro,1.55,48
20210128,imports,8.95,48
20210128,nuclear,17.72,48
20210128,other,0.0,48
20210128,solar,0.88,48
20210128,wind,20.76,48
20210129,biomass,7.38,48
20210129,coal,4.32,48
20210129,gas,33.76,48
20210129,hydro,1.46,48
20210129,imports,8.98,48
20210129,nuclear,17.68,48
20210129,other,0.0,48
20210129,solar,1.31,48
20210129,wind,25.12,48
20210130,biomass,3.8,48
20210130,coal,0.34,48
20210130,gas,31.46,48
20210130,hydro,1.18,48
20210130,imports,10.78,48
20210130,nuclear,18.49,48
20210130,other,0.0,48
20210130,solar,0.59,48
20210130,wind,33.35,48
20210131,biomass,5.07,48
20210131,coal,0.92,48
20210131,gas,41.24,48
20210131,hydro,0.92,48
20210131,imports,10.35,48
20210131,nuclear,17.66,48
20210131,other,0.0,48
20210131,solar,0.98,48
20210131,wind,22.88,48
20210201,biomass,6.1,48
20210201,coal,4.57,48
20210201,gas,50.18,48
20210201,hydro,2.12,48
20210201,imports,9.29,48
20210201,nuclear,15.56,48
20210201,other,0.0,48
20210201,solar,0.94,48
20210201,wind,11.26,48
20210202,biomass,4.2,48
20210202,coal,2.06,48
20210202,gas,33.74,48
20210202,hydro,0.86,48
20210202,imports,9.47,48
20210202,nuclear,15.64,48
20210202,other,0.0,48
20210202,solar,1.09,48
20210202,wind,32.95,48
20210203,biomass,7.13,48
20210203,coal,4.34,48
20210203,gas,34.15,48
20210203,hydro,0.98,48
20210203,imports,9.23,48
20210203,nuclear,15.73,48
20210203,other,0.0,48
20210203,solar,1.14,48
20210203,wind,27.28,48
20210204,biomass,7.66,48
20210204,coal,1.51,48
20210204,gas,39.31,48
20210204,hydro,0.97,48
20210204,imports,9.05,48
20210204,nuclear,15.6,48
20210204,other,0.0,48
20210204,solar,0.79,48
20210204,wind,25.11,48
20210205,biomass,7.87,48
20210205,coal,3.19,48
20210205,gas,39.92,48
20210205,hydro,1.05,48
20210205,imports,8.62,48
20210205,nuclear,15.93,48
20210205,other,0.0,48
20210205,solar,1.76,48
20210205,wind,21.67,48
20210206,biomass,3.63,48
20210206,coal,1.99,48
20210206,gas,32.61,48
20210206,hydro,1.08,48
20210206,imports,8.55,48
20210206,nuclear,17.47,48
20210206,other,0.0,48
20210206,solar,1.55,48
20210206,wind,33.12,48
20210207,biomass,4.9,48
20210207,coal,1.61,48
20210207,gas,24.31,48
20210207,hydro,1.05,48
20210207,imports,7.9,48
20210207,nuclear,17.24,48
20210207,other,0.0,48
20210207,solar,0.94,48
20210207,wind,42.04,48
20210208,biomass,6.48,48
20210208,coal,1.62,48
20210208,gas,34.59,48
20210208,hydro,0.89,48
20210208,imports,7.84,48
20210208,nuclear,15.06,48
20210208,other,0.0,48
20210208,solar,1.14,48
20210208,wind,32.4,48
20210209,biomass,6.54,48
20210209,coal,3.96,48
20210209,gas,42.09,48
20210209,hydro,0.96,48
20210209,imports,8.16,48
20210209,nuclear,14.27,48
20210209,other,0.0,48
20210209,solar,1.36,48
20210209,wind,22.68,48
20210210,biomass,7.25,48
20210210,coal,6.47,48
20210210,gas,45.74,48
20210210,hydro,1.68,48
20210210,imports,6.69,48
20210210,nuclear,14.02,48
20210210,other,0.0,48
20210210,solar,2.23,48
20210210,wind,15.92,48
20210211,biomass,7.43,48
20210211,coal,5.05,48
20210211,gas,46.81,48
20210211,hydro,0.9,48
20210211,imports,7.1,48
20210211,nuclear,14.03,48
20210211,other,0.0,48
20210211,solar,2.17,48
20210211,wind,16.5,48
20210212,biomass,7.62,48
20210212,coal,3.14,48
20210212,gas,31.51,48
20210212,hydro,0.66,48
20210212,imports,5.28,48
20210212,nuclear,14.5,48
20210212,other,0.0,48
20210212,solar,2.39,48
20210212,wind,34.89,48
20210213,biomass,6.93,48
20210213,coal,2.39,48
20210213,gas,23.04,48
20210213,hydro,1.0,48
20210213,imports,6.44,48
20210213,nuclear,15.87,48
20210213,other,0.0,48
20210213,solar,2.07,48
20210213,wind,42.26,48
20210214,biomass,7.35,48
20210214,coal,2.86,48
20210214,gas,21.87,48
20210214,hydro,0.77,48
20210214,imports,7.6,48
20210214,nuclear,16.59,48
20210214,other,0.0,48
20210214,solar,0.64,48
20210214,wind,42.31,48
20210215,biomass,8.96,48
20210215,coal,3.06,48
20210215,gas,32.46,48
20210215,hydro,1.45,48
20210215,imports,7.99,48
20210215,nuclear,16.17,48
20210215,other,0.0,48
20210215,solar,1.79,48
20210215,wind,28.1,48
20210216,biomass,8.83,48
20210216,coal,3.59,48
20210216,gas,29.38,48
20210216,hydro,1.88,48
20210216,imports,5.84,48
20210216,nuclear,15.64,48
20210216,other,0.0,48
20210216,solar,1.25,48
20210216,wind,33.6,48
20210217,biomass,8.09,48
20210217,coal,4.35,48
20210217,gas,24.92,48
20210217,hydro,2.34,48
20210217,imports,6.16,48
20210217,nuclear,16.07,48
20210217,other,0.0,48
20210217,solar,1.63,48
20210217,wind,36.46,48
20210218,biomass,8.11,48
20210218,coal,4.18,48
20210218,gas,25.33,48
20210218,hydro,2.5,48
20210218,imports,4.69,48
20210218,nuclear,16.11,48
20210218,other,0.0,48
20210218,solar,2.42,48
20210218,wind,36.65,48
20210219,biomass,6.63,48
20210219,coal,2.4,48
20210219,gas,24.99,48
20210219,hydro,3.11,48
20210219,imports,8.7,48
20210219,nuclear,16.62,48
20210219,other,0.0,48
20210219,solar,0.8,48
20210219,wind,36.77,48
20210220,biomass,4.21,48
20210220,coal,0.97,48
20210220,gas,22.13,48
20210220,hydro,3.51,48
20210220,imports,8.09,48
20210220,nuclear,17.47,48
20210220,other,0.0,48
20210220,solar,1.84,48
20210220,wind,41.79,48
20210221,biomass,7.2,48
20210221,coal,0.44,48
20210221,gas,36.45,48
20210221,hydro,3.86,48
20210221,imports,8.25,48
20210221,nuclear,15.91,48
20210221,other,0.0,48
20210221,solar,1.89,48
20210221,wind,26.01,48
20210222,biomass,8.91,48
20210222,coal,2.82,48
20210222,gas,43.48,48
20210222,hydro,3.52,48
20210222,imports,9.82,48
20210222,nuclear,14.3,48
20210222,other,0.0,48
20210222,solar,2.02,48
20210222,wind,15.13,48
20210223,biomass,10.09,48
20210223,coal,0.63,48
20210223,gas,26.19,48
20210223,hydro,2.97,48
20210223,imports,8.55,48
20210223,nuclear,15.25,48
20210223,other,0.0,48
20210223,solar,2.78,48
20210223,wind,33.54,48
20210224,biomass,10.05,48
20210224,coal,0.0,48
20210224,gas,26.66,48
20210224,hydro,2.96,48
20210224,imports,7.14,48
20210224,nuclear,15.11,48
20210224,other,0.0,48
20210224,solar,2.02,48
20210224,wind,36.06,48
20210225,biomass,9.23,48
20210225,coal,1.93,48
20210225,gas,34.83,48
20210225,hydro,2.65,48
20210225,imports,8.5,48
20210225,nuclear,14.62,48
20210225,other,0.0,48
20210225,solar,3.18,48
20210225,wind,25.06,48
20210226,biomass,8.08,48
20210226,coal,0.0,48
20210226,gas,47.24,48
20210226,hydro,2.62,48
20210226,imports,9.64,48
20210226,nuclear,14.4,48
20210226,other,0.0,48
20210226,solar,5.08,48
20210226,wind,12.95,48
20210227,biomass,8.1,48
20210227,coal,0.64,48
20210227,gas,51.64,48
20210227,hydro,2.52,48
20210227,imports,10.22,48
20210227,nuclear,15.26,48
20210227,other,0.0,48
20210227,solar,5.37,48
20210227,wind,6.26,48
20210228,biomass,4.8,48
20210228,coal,0.63,48
20210228,gas,57.57,48
20210228,hydro,2.39,48
20210228,imports,10.4,48
20210228,nuclear,14.63,48
20210228,other,0.0,48
20210228,solar,5.41,48
20210228,wind,4.18,48
20210301,biomass,8.05,48
20210301,coal,3.22,48
20210301,gas,57.83,48
20210301,hydro,2.24,48
20210301,imports,8.64,48
20210301,nuclear,11.95,48
20210301,other,0.0,48
20210301,solar,2.78,48
20210301,wind,5.28,48
20210302,biomass,8.86,48
20210302,coal,4.39,48
20210302,gas,58.1,48
20210302,hydro,2.39,48
20210302,imports,8.71,48
20210302,nuclear,11.59,48
20210302,other,0.0,48
20210302,solar,2.46,48
20210302,wind,3.53,48
20210303,biomass,8.08,48
20210303,coal,5.11,48
20210303,gas,61.75,48
20210303,hydro,2.71,48
20210303,imports,8.12,48
20210303,nuclear,11.47,48
20210303,other,0.0,48
20210303,solar,0.96,48
20210303,wind,1.78,48
20210304,biomass,8.21,48
20210304,coal,1.58,48
20210304,gas,57.11,48
20210304,hydro,1.4,48
20210304,imports,7.56,48
20210304,nuclear,12.27,48
20210304,other,0.0,48
20210304,solar,1.0,48
20210304,wind,10.86,48
20210305,biomass,8.06,48
20210305,coal,4.38,48
20210305,gas,55.46,48
20210305,hydro,1.74,48
20210305,imports,7.35,48
20210305,nuclear,12.06,48
20210305,other,0.0,48
20210305,solar,2.11,48
20210305,wind,8.83,48
20210306,biomass,7.38,48
20210306,coal,2.47,48
20210306,gas,60.4,48
20210306,hydro,2.04,48
20210306,imports,8.25,48
20210306,nuclear,11.96,48
20210306,other,0.0,48
20210306,solar,3.21,48
20210306,wind,4.27,48
20210307,biomass,8.3,48
20210307,coal,2.09,48
20210307,gas,57.38,48
20210307,hydro,1.82,48
20210307,imports,8.29,48
20210307,nuclear,12.75,48
20210307,other,0.0,48
20210307,solar,3.98,48
20210307,wind,5.38,48
20210308,biomass,9.04,48
20210308,coal,2.14,48
20210308,gas,53.35,48
20210308,hydro,1.72,48
20210308,imports,7.63,48
20210308,nuclear,11.95,48
20210308,other,0.0,48
20210308,solar,2.85,48
20210308,wind,11.3,48
20210309,biomass,9.32,48
20210309,coal,0.41,48
20210309,gas,48.03,48
20210309,hydro,1.58,48
20210309,imports,5.61,48
20210309,nuclear,12.29,48
20210309,other,0.0,48
20210309,solar,4.33,48
20210309,wind,18.4,48
20210310,biomass,9.39,48
20210310,coal,0.0,48
20210310,gas,29.79,48
20210310,hydro,1.83,48
20210310,imports,5.95,48
20210310,nuclear,13.38,48
20210310,other,0.0,48
20210310,solar,0.65,48
20210310,wind,39.01,48
20210311,biomass,9.65,48
20210311,coal,0.0,48
20210311,gas,23.18,48
20210311,hydro,2.04,48
20210311,imports,7.61,48
20210311,nuclear,14.21,48
20210311,other,0.0,48
20210311,solar,4.05,48
20210311,wind,39.24,48
20210312,biomass,9.18,48
20210312,coal,0.0,48
20210312,gas,22.16,48
20210312,hydro,2.48,48
20210312,imports,7.93,48
20210312,nuclear,14.82,48
20210312,other,0.0,48
20210312,solar,4.03,48
20210312,wind,39.39,48
20210313,biomass,6.75,48
20210313,coal,0.0,48
20210313,gas,20.72,48
20210313,hydro,2.86,48
20210313,imports,8.57,48
20210313,nuclear,16.07,48
20210313,other,0.0,48
20210313,solar,4.7,48
20210313,wind,40.34,48
20210314,biomass,8.47,48
20210314,coal,0.0,48
20210314,gas,21.04,48
20210314,hydro,1.99,48
20210314,imports,6.55,48
20210314,nuclear,16.04,48
20210314,other,0.0,48
20210314,solar,3.3,48
20210314,wind,42.6,48
20210315,biomass,9.04,48
20210315,coal,1.04,48
20210315,gas,40.6,48
20210315,hydro,2.48,48
20210315,imports,6.92,48
20210315,nuclear,14.16,48
20210315,other,0.0,48
20210315,solar,3.63,48
20210315,wind,22.13,48
20210316,biomass,8.89,48
20210316,coal,0.74,48
20210316,gas,38.59,48
20210316,hydro,1.64,48
20210316,imports,6.31,48
20210316,nuclear,15.3,48
20210316,other,0.0,48
20210316,solar,3.25,48
20210316,wind,25.27,48
20210317,biomass,7.62,48
20210317,coal,0.99,48
20210317,gas,41.61,48
20210317,hydro,2.16,48
20210317,imports,6.9,48
20210317,nuclear,15.46,48
20210317,other,0.0,48
20210317,solar,3.15,48
20210317,wind,22.1,48
20210318,biomass,8.37,48
20210318,coal,0.93,48
20210318,gas,47.57,48
20210318,hydro,1.82,48
20210318,imports,5.0,48
20210318,nuclear,15.68,48
20210318,other,0.0,48
20210318,solar,2.28,48
20210318,wind,18.35,48
20210319,biomass,8.63,48
20210319,coal,1.75,48
20210319,gas,51.33,48
20210319,hydro,2.28,48
20210319,imports,7.43,48
20210319,nuclear,16.24,48
20210319,other,0.0,48
20210319,solar,3.06,48
20210319,wind,9.29,48
20210320,biomass,6.71,48
20210320,coal,0.0,48
20210320,gas,48.88,48
20210320,hydro,1.91,48
20210320,imports,9.73,48
20210320,nuclear,17.27,48
20210320,other,0.0,48
20210320,solar,2.39,48
20210320,wind,13.11,48
20210321,biomass,7.44,48
20210321,coal,0.28,48
20210321,gas,45.04,48
20210321,hydro,1.98,48
20210321,imports,9.83,48
20210321,nuclear,17.17,48
20210321,other,0.0,48
20210321,solar,3.6,48
20210321,wind,14.67,48
20210322,biomass,9.97,48
20210322,coal,0.83,48
20210322,gas,50.61,48
20210322,hydro,1.66,48
20210322,imports,8.11,48
20210322,nuclear,15.74,48
20210322,other,0.0,48
20210322,solar,4.24,48
20210322,wind,8.83,48
20210323,biomass,10.13,48
20210323,coal,0.39,48
20210323,gas,35.79,48
20210323,hydro,1.39,48
20210323,imports,6.92,48
20210323,nuclear,17.02,48
20210323,other,0.0,48
20210323,solar,3.66,48
20210323,wind,24.7,48
20210324,biomass,10.11,48
20210324,coal,0.0,48
20210324,gas,33.3,48
20210324,hydro,1.45,48
20210324,imports,6.34,48
20210324,nuclear,17.39,48
20210324,other,0.0,48
20210324,solar,4.41,48
20210324,wind,27.0,48
20210325,biomass,10.12,48
20210325,coal,0.0,48
20210325,gas,25.14,48
20210325,hydro,1.76,48
20210325,imports,9.77,48
20210325,nuclear,18.28,48
20210325,other,0.0,48
20210325,solar,4.52,48
20210325,wind,30.42,48
20210326,biomass,8.17,48
20210326,coal,0.0,48
20210326,gas,20.9,48
20210326,hydro,2.47,48
20210326,imports,7.95,48
20210326,nuclear,16.4,48
20210326,other,0.0,48
20210326,solar,3.66,48
20210326,wind,40.47,48
20210327,biomass,10.08,48
20210327,coal,0.0,48
20210327,gas,16.78,48
20210327,hydro,2.74,48
20210327,imports,6.56,48
20210327,nuclear,17.34,48
20210327,other,0.0,48
20210327,solar,5.55,48
20210327,wind,40.95,48
20210328,biomass,9.52,46
20210328,coal,0.0,46
20210328,gas,14.31,46
20210328,hydro,2.43,46
20210328,imports,5.05,46
20210328,nuclear,18.53,46
20210328,other,0.0,46
20210328,solar,2.67,46
20210328,wind,47.5,46
20210329,biomass,9.48,48
20210329,coal,0.0,48
20210329,gas,17.72,48
20210329,hydro,2.93,48
20210329,imports,6.01,48
20210329,nuclear,17.35,48
20210329,other,0.0,48
20210329,solar,6.14,48
20210329,wind,40.39,48
20210330,biomass,10.73,48
20210330,coal,0.0,48
20210330,gas,34.6,48
20210330,hydro,3.14,48
20210330,imports,8.06,48
20210330,nuclear,17.06,48
20210330,other,0.0,48
20210330,solar,7.0,48
20210330,wind,19.4,48
20210331,biomass,8.5,48
20210331,coal,0.0,48
20210331,gas,45.81,48
20210331,hydro,3.06,48
20210331,imports,9.59,48
20210331,nuclear,17.45,48
20210331,other,0.0,48
20210331,solar,4.97,48
20210331,wind,10.6,48
20210401,biomass,4.89,48
20210401,coal,0.0,48
20210401,gas,36.85,48
20210401,hydro,3.5,48
20210401,imports,9.15,48
20210401,nuclear,18.1,48
20210401,other,0.0,48
20210401,solar,4.3,48
20210401,wind,23.22,48
20210402,biomass,5.15,48
20210402,coal,0.0,48
20210402,gas,38.4,48
20210402,hydro,3.37,48
20210402,imports,10.26,48
20210402,nuclear,18.41,48
20210402,other,0.0,48
20210402,solar,6.31,48
20210402,wind,18.09,48
20210403,biomass,6.08,48
20210403,coal,0.0,48
20210403,gas,38.92,48
20210403,hydro,3.47,48
20210403,imports,10.27,48
20210403,nuclear,18.36,48
20210403,other,0.0,48
20210403,solar,5.28,48
20210403,wind,17.64,48
20210404,biomass,5.79,48
20210404,coal,0.0,48
20210404,gas,27.4,48
20210404,hydro,3.09,48
20210404,imports,7.83,48
20210404,nuclear,19.75,48
20210404,other,0.0,48
20210404,solar,9.13,48
20210404,wind,27.02,48
20210405,biomass,4.95,48
20210405,coal,0.0,48
20210405,gas,16.81,48
20210405,hydro,2.43,48
20210405,imports,5.69,48
20210405,nuclear,18.78,48
20210405,other,0.0,48
20210405,solar,7.64,48
20210405,wind,43.69,48
20210406,biomass,5.46,48
20210406,coal,0.0,48
20210406,gas,25.19,48
20210406,hydro,2.61,48
20210406,imports,6.2,48
20210406,nuclear,16.53,48
20210406,other,0.0,48
20210406,solar,5.97,48
20210406,wind,38.05,48
20210407,biomass,7.88,48
20210407,coal,0.16,48
20210407,gas,43.09,48
20210407,hydro,2.59,48
20210407,imports,6.41,48
20210407,nuclear,14.99,48
20210407,other,0.0,48
20210407,solar,3.88,48
20210407,wind,21.01,48
20210408,biomass,8.37,48
20210408,coal,0.0,48
20210408,gas,38.04,48
20210408,hydro,1.68,48
20210408,imports,2.34,48
20210408,nuclear,15.45,48
20210408,other,0.0,48
20210408,solar,4.18,48
20210408,wind,29.96,48
20210409,biomass,6.68,48
20210409,coal,0.0,48
20210409,gas,44.81,48
20210409,hydro,2.71,48
20210409,imports,7.19,48
20210409,nuclear,16.2,48
20210409,other,0.0,48
20210409,solar,4.46,48
20210409,wind,17.95,48
20210410,biomass,6.22,48
20210410,coal,0.0,48
20210410,gas,50.71,48
20210410,hydro,2.15,48
20210410,imports,9.78,48
20210410,nuclear,17.19,48
20210410,other,0.0,48
20210410,solar,4.19,48
20210410,wind,9.75,48
20210411,biomass,7.38,48
20210411,coal,0.0,48
20210411,gas,45.84,48
20210411,hydro,2.24,48
20210411,imports,10.08,48
20210411,nuclear,17.76,48
20210411,other,0.0,48
20210411,solar,6.41,48
20210411,wind,10.3,48
20210412,biomass,7.05,48
20210412,coal,2.67,48
20210412,gas,52.66,48
20210412,hydro,2.89,48
20210412,imports,7.02,48
20210412,nuclear,17.07,48
20210412,other,0.0,48
20210412,solar,5.29,48
20210412,wind,5.35,48
20210413,biomass,6.86,48
20210413,coal,3.59,48
20210413,gas,55.89,48
20210413,hydro,2.46,48
20210413,imports,6.76,48
20210413,nuclear,17.33,48
20210413,other,0.0,48
20210413,solar,5.61,48
20210413,wind,1.49,48
20210414,biomass,6.85,48
20210414,coal,3.07,48
20210414,gas,57.02,48
20210414,hydro,2.11,48
20210414,imports,6.28,48
20210414,nuclear,16.74,48
20210414,other,0.0,48
20210414,solar,5.41,48
20210414,wind,2.51,48
20210415,biomass,6.65,48
20210415,coal,1.07,48
20210415,gas,56.18,48
20210415,hydro,1.99,48
20210415,imports,5.7,48
20210415,nuclear,16.27,48
20210415,other,0.0,48
20210415,solar,6.18,48
20210415,wind,5.97,48
20210416,biomass,7.96,48
20210416,coal,2.33,48
20210416,gas,52.22,48
20210416,hydro,2.46,48
20210416,imports,7.6,48
20210416,nuclear,15.91,48
20210416,other,0.0,48
20210416,solar,6.14,48
20210416,wind,5.39,48
20210417,biomass,4.06,48
20210417,coal,0.29,48
20210417,gas,51.53,48
20210417,hydro,1.97,48
20210417,imports,10.08,48
20210417,nuclear,16.58,48
20210417,other,0.0,48
20210417,solar,9.2,48
20210417,wind,6.3,48
20210418,biomass,4.23,48
20210418,coal,0.98,48
20210418,gas,51.54,48
20210418,hydro,1.91,48
20210418,imports,9.98,48
20210418,nuclear,16.55,48
20210418,other,0.0,48
20210418,solar,8.17,48
20210418,wind,6.65,48
20210419,biomass,6.2,48
20210419,coal,2.35,48
20210419,gas,58.16,48
20210419,hydro,1.66,48
20210419,imports,3.47,48
20210419,nuclear,14.94,48
20210419,other,0.0,48
20210419,solar,7.57,48
20210419,wind,5.64,48
20210420,biomass,6.95,48
20210420,coal,1.38,48
20210420,gas,60.15,48
20210420,hydro,1.87,48
20210420,imports,4.14,48
20210420,nuclear,14.56,48
20210420,other,0.0,48
20210420,solar,6.23,48
20210420,wind,4.75,48
20210421,biomass,7.56,48
20210421,coal,0.26,48
20210421,gas,50.28,48
20210421,hydro,1.54,48
20210421,imports,4.31,48
20210421,nuclear,14.77,48
20210421,other,0.0,48
20210421,solar,5.54,48
20210421,wind,15.74,48
20210422,biomass,7.15,48
20210422,coal,0.44,48
20210422,gas,52.77,48
20210422,hydro,1.57,48
20210422,imports,6.73,48
20210422,nuclear,14.76,48
20210422,other,0.0,48
20210422,solar,8.33,48
20210422,wind,8.26,48
20210423,biomass,4.77,48
20210423,coal,0.39,48
20210423,gas,52.1,48
20210423,hydro,1.59,48
20210423,imports,9.48,48
20210423,nuclear,15.87,48
20210423,other,0.0,48
20210423,solar,8.52,48
20210423,wind,7.29,48
20210424,biomass,4.13,48
20210424,coal,0.0,48
20210424,gas,41.79,48
20210424,hydro,1.29,48
20210424,imports,10.56,48
20210424,nuclear,18.72,48
20210424,other,0.0,48
20210424,solar,9.21,48
20210424,wind,14.29,48
20210425,biomass,4.07,48
20210425,coal,0.0,48
20210425,gas,38.9,48
20210425,hydro,1.37,48
20210425,imports,9.94,48
20210425,nuclear,19.3,48
20210425,other,0.0,48
20210425,solar,8.88,48
20210425,wind,17.55,48
20210426,biomass,3.56,48
20210426,coal,0.58,48
20210426,gas,47.12,48
20210426,hydro,1.73,48
20210426,imports,8.63,48
20210426,nuclear,17.0,48
20210426,other,0.0,48
20210426,solar,6.99,48
20210426,wind,14.38,48
20210427,biomass,7.33,48
20210427,coal,0.29,48
20210427,gas,49.12,48
20210427,hydro,1.37,48
20210427,imports,7.0,48
20210427,nuclear,15.41,48
20210427,other,0.0,48
20210427,solar,4.22,48
20210427,wind,15.29,48
20210428,biomass,5.08,48
20210428,coal,0.0,48
20210428,gas,43.13,48
20210428,hydro,1.28,48
20210428,imports,7.33,48
20210428,nuclear,14.79,48
20210428,other,0.0,48
20210428,solar,2.9,48
20210428,wind,25.5,48
20210429,biomass,6.98,48
20210429,coal,0.16,48
20210429,gas,48.34,48
20210429,hydro,1.56,48
20210429,imports,8.06,48
20210429,nuclear,14.27,48
20210429,other,0.0,48
20210429,solar,4.76,48
20210429,wind,15.87,48
20210430,biomass,8.99,48
20210430,coal,0.96,48
20210430,gas,55.26,48
20210430,hydro,1.84,48
20210430,imports,8.39,48
20210430,nuclear,14.5,48
20210430,other,0.0,48
20210430,solar,5.24,48
20210430,wind,4.82,48
20210501,biomass,7.67,48
20210501,coal,0.42,48
20210501,gas,56.03,48
20210501,hydro,1.27,48
20210501,imports,10.15,48
20210501,nuclear,14.75,48
20210501,other,0.0,48
20210501,solar,5.97,48
20210501,wind,3.73,48
20210502,biomass,7.75,48
20210502,coal,0.42,48
20210502,gas,53.76,48
20210502,hydro,1.43,48
20210502,imports,10.2,48
20210502,nuclear,15.4,48
20210502,other,0.0,48
20210502,solar,6.55,48
20210502,wind,4.5,48
20210503,biomass,7.18,48
20210503,coal,0.18,48
20210503,gas,31.91,48
20210503,hydro,1.21,48
20210503,imports,8.65,48
20210503,nuclear,15.04,48
20210503,other,0.0,48
20210503,solar,2.76,48
20210503,wind,33.09,48
20210504,biomass,5.9,48
20210504,coal,0.0,48
20210504,gas,21.81,48
20210504,hydro,1.14,48
20210504,imports,6.12,48
20210504,nuclear,12.8,48
20210504,other,0.0,48
20210504,solar,4.98,48
20210504,wind,47.24,48
20210505,biomass,7.74,48
20210505,coal,0.44,48
20210505,gas,38.54,48
20210505,hydro,1.27,48
20210505,imports,8.06,48
20210505,nuclear,13.33,48
20210505,other,0.0,48
20210505,solar,5.83,48
20210505,wind,24.79,48
20210506,biomass,7.88,48
20210506,coal,0.67,48
20210506,gas,48.75,48
20210506,hydro,1.19,48
20210506,imports,7.99,48
20210506,nuclear,13.06,48
20210506,other,0.0,48
20210506,solar,5.67,48
20210506,wind,14.78,48
20210507,biomass,8.46,48
20210507,coal,2.3,48
20210507,gas,47.28,48
20210507,hydro,1.19,48
20210507,imports,10.72,48
20210507,nuclear,13.33,48
20210507,other,0.0,48
20210507,solar,6.47,48
20210507,wind,10.26,48
20210508,biomass,5.38,48
20210508,coal,0.44,48
20210508,gas,26.46,48
20210508,hydro,1.39,48
20210508,imports,12.96,48
20210508,nuclear,15.15,48
20210508,other,0.0,48
20210508,solar,1.61,48
20210508,wind,36.61,48
20210509,biomass,4.54,48
20210509,coal,0.91,48
20210509,gas,22.28,48
20210509,hydro,1.02,48
20210509,imports,11.01,48
20210509,nuclear,15.84,48
20210509,other,0.0,48
20210509,solar,5.54,48
20210509,wind,38.89,48
20210510,biomass,6.49,48
20210510,coal,0.33,48
20210510,gas,25.34,48
20210510,hydro,1.11,48
20210510,imports,10.33,48
20210510,nuclear,14.44,48
20210510,other,0.0,48
20210510,solar,5.85,48
20210510,wind,36.09,48
20210511,biomass,8.37,48
20210511,coal,0.37,48
20210511,gas,38.61,48
20210511,hydro,1.47,48
20210511,imports,11.69,48
20210511,nuclear,13.96,48
20210511,other,0.0,48
20210511,solar,5.95,48
20210511,wind,19.58,48
20210512,biomass,7.23,48
20210512,coal,1.79,48
20210512,gas,46.19,48
20210512,hydro,1.73,48
20210512,imports,11.89,48
20210512,nuclear,13.69,48
20210512,other,0.0,48
20210512,solar,5.56,48
20210512,wind,11.95,48
20210513,biomass,7.67,48
20210513,coal,1.71,48
20210513,gas,50.69,48
20210513,hydro,1.79,48
20210513,imports,12.74,48
20210513,nuclear,14.13,48
20210513,other,0.0,48
20210513,solar,3.31,48
20210513,wind,7.96,48
20210514,biomass,7.94,48
20210514,coal,2.27,48
20210514,gas,52.33,48
20210514,hydro,2.29,48
20210514,imports,12.84,48
20210514,nuclear,12.69,48
20210514,other,0.0,48
20210514,solar,3.62,48
20210514,wind,6.02,48
20210515,biomass,5.64,48
20210515,coal,1.77,48
20210515,gas,51.17,48
20210515,hydro,1.5,48
20210515,imports,13.15,48
20210515,nuclear,13.14,48
20210515,other,0.0,48
20210515,solar,4.25,48
20210515,wind,9.36,48
20210516,biomass,7.26,48
20210516,coal,0.83,48
20210516,gas,48.6,48
20210516,hydro,1.32,48
20210516,imports,13.65,48
20210516,nuclear,14.45,48
20210516,other,0.0,48
20210516,solar,5.55,48
20210516,wind,8.33,48
20210517,biomass,7.1,48
20210517,coal,1.92,48
20210517,gas,50.65,48
20210517,hydro,1.51,48
20210517,imports,11.58,48
20210517,nuclear,13.93,48
20210517,other,0.0,48
20210517,solar,5.12,48
20210517,wind,8.16,48
20210518,biomass,8.76,48
20210518,coal,1.58,48
20210518,gas,50.42,48
20210518,hydro,1.45,48
20210518,imports,10.83,48
20210518,nuclear,13.86,48
20210518,other,0.0,48
20210518,solar,5.9,48
20210518,wind,7.19,48
20210519,biomass,9.07,48
20210519,coal,0.27,48
20210519,gas,51.76,48
20210519,hydro,1.36,48
20210519,imports,10.84,48
20210519,nuclear,13.77,48
20210519,other,0.0,48
20210519,solar,6.73,48
20210519,wind,6.18,48
20210520,biomass,7.68,48
20210520,coal,0.0,48
20210520,gas,32.79,48
20210520,hydro,1.27,48
20210520,imports,9.97,48
20210520,nuclear,13.9,48
20210520,other,0.0,48
20210520,solar,2.37,48
20210520,wind,32.01,48
20210521,biomass,3.87,48
20210521,coal,0.0,48
20210521,gas,21.01,48
20210521,hydro,1.12,48
20210521,imports,6.36,48
20210521,nuclear,13.71,48
20210521,other,0.0,48
20210521,solar,2.51,48
20210521,wind,51.4,48
20210522,biomass,7.59,48
20210522,coal,0.0,48
20210522,gas,32.98,48
20210522,hydro,1.37,48
20210522,imports,10.09,48
20210522,nuclear,15.45,48
20210522,other,0.0,48
20210522,solar,5.22,48
20210522,wind,27.3,48
20210523,biomass,8.95,48
20210523,coal,0.0,48
20210523,gas,25.0,48
20210523,hydro,1.28,48
20210523,imports,11.9,48
20210523,nuclear,17.08,48
20210523,other,0.0,48
20210523,solar,4.26,48
20210523,wind,31.55,48
20210524,biomass,7.91,48
20210524,coal,0.0,48
20210524,gas,33.11,48
20210524,hydro,1.03,48
20210524,imports,11.38,48
20210524,nuclear,16.61,48
20210524,other,0.0,48
20210524,solar,5.35,48
20210524,wind,24.62,48
20210525,biomass,7.85,48
20210525,coal,0.0,48
20210525,gas,33.75,48
20210525,hydro,1.75,48
20210525,imports,11.24,48
20210525,nuclear,16.71,48
20210525,other,0.0,48
20210525,solar,4.1,48
20210525,wind,24.58,48
20210526,biomass,7.36,48
20210526,coal,0.13,48
20210526,gas,42.53,48
20210526,hydro,1.27,48
20210526,imports,11.72,48
20210526,nuclear,16.74,48
20210526,other,0.0,48
20210526,solar,5.1,48
20210526,wind,15.15,48
20210527,biomass,7.6,48
20210527,coal,0.0,48
20210527,gas,46.39,48
20210527,hydro,1.46,48
20210527,imports,12.51,48
20210527,nuclear,17.83,48
20210527,other,0.0,48
20210527,solar,7.62,48
20210527,wind,6.58,48
20210528,biomass,8.14,48
20210528,coal,0.71,48
20210528,gas,50.69,48
20210528,hydro,1.67,48
20210528,imports,11.65,48
20210528,nuclear,18.4,48
20210528,other,0.0,48
20210528,solar,5.02,48
20210528,wind,3.71,48
20210529,biomass,7.52,48
20210529,coal,0.0,48
20210529,gas,46.22,48
20210529,hydro,1.24,48
20210529,imports,12.7,48
20210529,nuclear,20.06,48
20210529,other,0.0,48
20210529,solar,7.6,48
20210529,wind,4.67,48
20210530,biomass,8.19,48
20210530,coal,0.0,48
20210530,gas,37.33,48
20210530,hydro,1.56,48
20210530,imports,12.35,48
20210530,nuclear,21.48,48
20210530,other,0.0,48
20210530,solar,10.34,48
20210530,wind,8.74,48
20210531,biomass,6.54,48
20210531,coal,0.0,48
20210531,gas,32.55,48
20210531,hydro,1.29,48
20210531,imports,11.28,48
20210531,nuclear,20.89,48
20210531,other,0.0,48
20210531,solar,10.05,48
20210531,wind,17.43,48
20210601,biomass,7.26,48
20210601,coal,0.0,48
20210601,gas,31.53,48
20210601,hydro,1.39,48
20210601,imports,10.58,48
20210601,nuclear,18.67,48
20210601,other,0.0,48
20210601,solar,9.74,48
20210601,wind,20.83,48
20210602,biomass,6.34,48
20210602,coal,0.0,48
20210602,gas,27.79,48
20210602,hydro,1.53,48
20210602,imports,9.29,48
20210602,nuclear,18.12,48
20210602,other,0.0,48
20210602,solar,7.59,48
20210602,wind,29.36,48
20210603,biomass,7.05,48
20210603,coal,0.0,48
20210603,gas,36.85,48
20210603,hydro,0.81,48
20210603,imports,11.35,48
20210603,nuclear,19.11,48
20210603,other,0.0,48
20210603,solar,5.93,48
20210603,wind,18.9,48
20210604,biomass,8.32,48
20210604,coal,0.0,48
20210604,gas,39.84,48
20210604,hydro,1.15,48
20210604,imports,12.31,48
20210604,nuclear,19.55,48
20210604,other,0.0,48
20210604,solar,6.42,48
20210604,wind,12.4,48
20210605,biomass,10.48,48
20210605,coal,0.0,48
20210605,gas,37.55,48
20210605,hydro,1.31,48
20210605,imports,12.36,48
20210605,nuclear,21.07,48
20210605,other,0.0,48
20210605,solar,8.88,48
20210605,wind,8.34,48
20210606,biomass,9.38,48
20210606,coal,0.0,48
20210606,gas,42.3,48
20210606,hydro,1.08,48
20210606,imports,13.7,48
20210606,nuclear,22.23,48
20210606,other,0.0,48
20210606,solar,6.9,48
20210606,wind,4.4,48
20210607,biomass,7.89,48
20210607,coal,0.0,48
20210607,gas,43.25,48
20210607,hydro,0.91,48
20210607,imports,11.54,48
20210607,nuclear,20.92,48
20210607,other,0.0,48
20210607,solar,6.95,48
20210607,wind,8.53,48
20210608,biomass,8.1,48
20210608,coal,0.0,48
20210608,gas,35.22,48
20210608,hydro,1.28,48
20210608,imports,11.24,48
20210608,nuclear,20.92,48
20210608,other,0.0,48
20210608,solar,9.01,48
20210608,wind,14.24,48
20210609,biomass,8.61,48
20210609,coal,0.0,48
20210609,gas,29.86,48
20210609,hydro,1.28,48
20210609,imports,11.16,48
20210609,nuclear,20.46,48
20210609,other,0.0,48
20210609,solar,7.12,48
20210609,wind,21.52,48
20210610,biomass,8.83,48
20210610,coal,0.0,48
20210610,gas,27.59,48
20210610,hydro,0.84,48
20210610,imports,11.57,48
20210610,nuclear,19.91,48
20210610,other,0.0,48
20210610,solar,4.63,48
20210610,wind,26.63,48
20210611,biomass,7.82,48
20210611,coal,0.0,48
20210611,gas,23.64,48
20210611,hydro,1.14,48
20210611,imports,9.99,48
20210611,nuclear,19.78,48
20210611,other,0.0,48
20210611,solar,5.15,48
20210611,wind,32.48,48
20210612,biomass,8.65,48
20210612,coal,0.0,48
20210612,gas,26.37,48
20210612,hydro,1.28,48
20210612,imports,11.02,48
20210612,nuclear,21.92,48
20210612,other,0.0,48
20210612,solar,9.66,48
20210612,wind,21.09,48
20210613,biomass,8.9,48
20210613,coal,0.0,48
20210613,gas,25.7,48
20210613,hydro,1.2,48
20210613,imports,12.48,48
20210613,nuclear,22.59,48
20210613,other,0.0,48
20210613,solar,9.41,48
20210613,wind,19.74,48
20210614,biomass,7.84,48
20210614,coal,0.0,48
20210614,gas,26.16,48
20210614,hydro,1.47,48
20210614,imports,11.32,48
20210614,nuclear,20.24,48
20210614,other,0.0,48
20210614,solar,6.91,48
20210614,wind,26.07,48
20210615,biomass,8.55,48
20210615,coal,0.01,48
20210615,gas,35.25,48
20210615,hydro,0.84,48
20210615,imports,10.86,48
20210615,nuclear,20.25,48
20210615,other,0.0,48
20210615,solar,9.0,48
20210615,wind,15.23,48
20210616,biomass,7.6,48
20210616,coal,0.0,48
20210616,gas,34.07,48
20210616,hydro,1.38,48
20210616,imports,11.67,48
20210616,nuclear,18.98,48
20210616,other,0.0,48
20210616,solar,7.38,48
20210616,wind,18.93,48
20210617,biomass,7.93,48
20210617,coal,0.24,48
20210617,gas,44.68,48
20210617,hydro,1.39,48
20210617,imports,12.73,48
20210617,nuclear,19.57,48
20210617,other,0.0,48
20210617,solar,4.71,48
20210617,wind,8.76,48
20210618,biomass,8.08,48
20210618,coal,0.5,48
20210618,gas,36.65,48
20210618,hydro,0.85,48
20210618,imports,12.13,48
20210618,nuclear,19.73,48
20210618,other,0.0,48
20210618,solar,3.05,48
20210618,wind,19.01,48
20210619,biomass,6.7,48
20210619,coal,0.11,48
20210619,gas,37.53,48
20210619,hydro,1.0,48
20210619,imports,13.41,48
20210619,nuclear,22.59,48
20210619,other,0.0,48
20210619,solar,4.28,48
20210619,wind,14.39,48
20210620,biomass,6.36,48
20210620,coal,0.34,48
20210620,gas,37.73,48
20210620,hydro,0.79,48
20210620,imports,14.98,48
20210620,nuclear,22.34,48
20210620,other,0.0,48
20210620,solar,3.99,48
20210620,wind,13.47,48
20210621,biomass,6.91,48
20210621,coal,1.03,48
20210621,gas,33.35,48
20210621,hydro,0.63,48
20210621,imports,16.13,48
20210621,nuclear,16.58,48
20210621,other,0.0,48
20210621,solar,3.22,48
20210621,wind,22.17,48
20210622,biomass,8.29,48
20210622,coal,1.7,48
20210622,gas,35.99,48
20210622,hydro,0.66,48
20210622,imports,13.71,48
20210622,nuclear,15.08,48
20210622,other,0.0,48
20210622,solar,6.46,48
20210622,wind,18.09,48
20210623,biomass,8.77,48
20210623,coal,0.63,48
20210623,gas,44.88,48
20210623,hydro,1.41,48
20210623,imports,14.82,48
20210623,nuclear,15.39,48
20210623,other,0.0,48
20210623,solar,7.71,48
20210623,wind,6.4,48
20210624,biomass,8.39,48
20210624,coal,0.0,48
20210624,gas,43.46,48
20210624,hydro,1.09,48
20210624,imports,14.08,48
20210624,nuclear,16.07,48
20210624,other,0.0,48
20210624,solar,4.94,48
20210624,wind,11.96,48
20210625,biomass,8.24,48
20210625,coal,0.45,48
20210625,gas,32.04,48
20210625,hydro,0.79,48
20210625,imports,14.69,48
20210625,nuclear,16.21,48
20210625,other,0.0,48
20210625,solar,4.51,48
20210625,wind,23.06,48
20210626,biomass,6.3,48
20210626,coal,1.8,48
20210626,gas,39.57,48
20210626,hydro,1.35,48
20210626,imports,15.86,48
20210626,nuclear,17.66,48
20210626,other,0.0,48
20210626,solar,7.14,48
20210626,wind,10.33,48
20210627,biomass,6.27,48
20210627,coal,1.62,48
20210627,gas,37.72,48
20210627,hydro,1.14,48
20210627,imports,15.82,48
20210627,nuclear,17.14,48
20210627,other,0.0,48
20210627,solar,3.71,48
20210627,wind,16.58,48
20210628,biomass,7.06,48
20210628,coal,2.03,48
20210628,gas,45.76,48
20210628,hydro,1.37,48
20210628,imports,14.89,48
20210628,nuclear,15.81,48
20210628,other,0.0,48
20210628,solar,3.59,48
20210628,wind,9.48,48
20210629,biomass,7.06,48
20210629,coal,1.82,48
20210629,gas,45.89,48
20210629,hydro,1.21,48
20210629,imports,13.33,48
20210629,nuclear,15.5,48
20210629,other,0.0,48
20210629,solar,4.43,48
20210629,wind,10.76,48
20210630,biomass,6.86,48
20210630,coal,1.7,48
20210630,gas,41.91,48
20210630,hydro,0.95,48
20210630,imports,13.94,48
20210630,nuclear,16.06,48
20210630,other,0.0,48
20210630,solar,5.06,48
20210630,wind,13.5,48
20210701,biomass,7.41,48
20210701,coal,1.5,48
20210701,gas,43.25,48
20210701,hydro,0.73,48
20210701,imports,15.05,48
20210701,nuclear,16.26,48
20210701,other,0.0,48
20210701,solar,7.05,48
20210701,wind,8.78,48
20210702,biomass,7.58,48
20210702,coal,2.53,48
20210702,gas,45.89,48
20210702,hydro,1.19,48
20210702,imports,16.37,48
20210702,nuclear,16.63,48
20210702,other,0.0,48
20210702,solar,6.34,48
20210702,wind,3.45,48
20210703,biomass,7.66,48
20210703,coal,1.38,48
20210703,gas,38.01,48
20210703,hydro,0.73,48
20210703,imports,15.67,48
20210703,nuclear,17.79,48
20210703,other,0.0,48
20210703,solar,4.23,48
20210703,wind,14.53,48
20210704,biomass,7.46,48
20210704,coal,1.64,48
20210704,gas,35.34,48
20210704,hydro,0.78,48
20210704,imports,16.25,48
20210704,nuclear,18.18,48
20210704,other,0.0,48
20210704,solar,5.38,48
20210704,wind,14.98,48
20210705,biomass,7.95,48
20210705,coal,1.63,48
20210705,gas,34.88,48
20210705,hydro,1.1,48
20210705,imports,13.88,48
20210705,nuclear,16.4,48
20210705,other,0.0,48
20210705,solar,5.24,48
20210705,wind,18.93,48
20210706,biomass,6.84,48
20210706,coal,2.15,48
20210706,gas,28.09,48
20210706,hydro,0.89,48
20210706,imports,14.03,48
20210706,nuclear,16.23,48
20210706,other,0.0,48
20210706,solar,5.04,48
20210706,wind,26.73,48
20210707,biomass,6.76,48
20210707,coal,1.62,48
20210707,gas,34.13,48
20210707,hydro,0.84,48
20210707,imports,13.18,48
20210707,nuclear,16.05,48
20210707,other,0.0,48
20210707,solar,5.16,48
20210707,wind,22.27,48
20210708,biomass,6.9,48
20210708,coal,1.12,48
20210708,gas,45.63,48
20210708,hydro,1.59,48
20210708,imports,15.91,48
20210708,nuclear,16.0,48
20210708,other,0.0,48
20210708,solar,5.83,48
20210708,wind,7.02,48
20210709,biomass,8.0,48
20210709,coal,2.28,48
20210709,gas,48.07,48
20210709,hydro,1.15,48
20210709,imports,16.49,48
20210709,nuclear,16.1,48
20210709,other,0.0,48
20210709,solar,5.29,48
20210709,wind,2.6,48
20210710,biomass,6.56,48
20210710,coal,3.09,48
20210710,gas,47.83,48
20210710,hydro,1.17,48
20210710,imports,16.66,48
20210710,nuclear,17.63,48
20210710,other,0.0,48
20210710,solar,4.55,48
20210710,wind,2.5,48
20210711,biomass,7.65,48
20210711,coal,3.16,48
20210711,gas,43.93,48
20210711,hydro,1.0,48
20210711,imports,16.29,48
20210711,nuclear,18.35,48
20210711,other,0.0,48
20210711,solar,4.7,48
20210711,wind,4.93,48
20210712,biomass,8.17,48
20210712,coal,2.91,48
20210712,gas,48.05,48
20210712,hydro,1.17,48
20210712,imports,15.4,48
20210712,nuclear,16.83,48
20210712,other,0.0,48
20210712,solar,3.96,48
20210712,wind,3.51,48
20210713,biomass,7.98,48
20210713,coal,1.9,48
20210713,gas,42.63,48
20210713,hydro,0.82,48
20210713,imports,14.46,48
20210713,nuclear,16.95,48
20210713,other,0.0,48
20210713,solar,5.63,48
20210713,wind,9.65,48
20210714,biomass,6.65,48
20210714,coal,1.18,48
20210714,gas,31.92,48
20210714,hydro,0.62,48
20210714,imports,14.09,48
20210714,nuclear,17.2,48
20210714,other,0.0,48
20210714,solar,7.04,48
20210714,wind,21.3,48
20210715,biomass,6.55,48
20210715,coal,0.77,48
20210715,gas,33.06,48
20210715,hydro,0.85,48
20210715,imports,13.32,48
20210715,nuclear,17.0,48
20210715,other,0.0,48
20210715,solar,6.34,48
20210715,wind,22.13,48
20210716,biomass,7.63,48
20210716,coal,1.59,48
20210716,gas,35.06,48
20210716,hydro,0.69,48
20210716,imports,14.5,48
20210716,nuclear,17.08,48
20210716,other,0.0,48
20210716,solar,8.52,48
20210716,wind,14.94,48
20210717,biomass,7.38,48
20210717,coal,1.64,48
20210717,gas,32.51,48
20210717,hydro,0.44,48
20210717,imports,14.44,48
20210717,nuclear,18.32,48
20210717,other,0.0,48
20210717,solar,9.61,48
20210717,wind,15.65,48
20210718,biomass,6.56,48
20210718,coal,2.05,48
20210718,gas,39.26,48
20210718,hydro,1.18,48
20210718,imports,15.96,48
20210718,nuclear,18.87,48
20210718,other,0.0,48
20210718,solar,9.38,48
20210718,wind,6.75,48
20210719,biomass,8.1,48
20210719,coal,2.47,48
20210719,gas,45.26,48
20210719,hydro,1.14,48
20210719,imports,15.07,48
20210719,nuclear,16.44,48
20210719,other,0.0,48
20210719,solar,7.69,48
20210719,wind,3.83,48
20210720,biomass,7.79,48
20210720,coal,2.61,48
20210720,gas,45.83,48
20210720,hydro,1.28,48
20210720,imports,14.62,48
20210720,nuclear,16.52,48
20210720,other,0.0,48
20210720,solar,7.55,48
20210720,wind,3.81,48
20210721,biomass,7.94,48
20210721,coal,2.01,48
20210721,gas,48.91,48
20210721,hydro,1.12,48
20210721,imports,15.04,48
20210721,nuclear,15.22,48
20210721,other,0.0,48
20210721,solar,7.42,48
20210721,wind,2.33,48
20210722,biomass,7.52,48
20210722,coal,2.74,48
20210722,gas,49.63,48
20210722,hydro,1.47,48
20210722,imports,15.12,48
20210722,nuclear,14.05,48
20210722,other,0.0,48
20210722,solar,7.21,48
20210722,wind,2.27,48
20210723,biomass,7.76,48
20210723,coal,2.39,48
20210723,gas,45.29,48
20210723,hydro,1.0,48
20210723,imports,15.43,48
20210723,nuclear,12.66,48
20210723,other,0.0,48
20210723,solar,6.66,48
20210723,wind,8.81,48
20210724,biomass,6.3,48
20210724,coal,1.84,48
20210724,gas,42.99,48
20210724,hydro,0.7,48
20210724,imports,14.46,48
20210724,nuclear,13.84,48
20210724,other,0.0,48
20210724,solar,4.31,48
20210724,wind,15.57,48
20210725,biomass,6.76,48
20210725,coal,2.54,48
20210725,gas,47.75,48
20210725,hydro,1.04,48
20210725,imports,16.08,48
20210725,nuclear,14.26,48
20210725,other,0.0,48
20210725,solar,5.03,48
20210725,wind,6.54,48
20210726,biomass,9.39,48
20210726,coal,2.28,48
20210726,gas,47.63,48
20210726,hydro,1.08,48
20210726,imports,15.61,48
20210726,nuclear,13.14,48
20210726,other,0.0,48
20210726,solar,6.43,48
20210726,wind,4.45,48
20210727,biomass,10.31,48
20210727,coal,2.63,48
20210727,gas,46.51,48
20210727,hydro,1.2,48
20210727,imports,15.48,48
20210727,nuclear,12.07,48
20210727,other,0.0,48
20210727,solar,4.4,48
20210727,wind,7.4,48
20210728,biomass,10.26,48
20210728,coal,1.91,48
20210728,gas,31.57,48
20210728,hydro,0.73,48
20210728,imports,13.76,48
20210728,nuclear,12.74,48
20210728,other,0.0,48
20210728,solar,5.27,48
20210728,wind,23.75,48
20210729,biomass,6.78,48
20210729,coal,1.07,48
20210729,gas,24.01,48
20210729,hydro,0.99,48
20210729,imports,12.28,48
20210729,nuclear,12.35,48
20210729,other,0.0,48
20210729,solar,6.06,48
20210729,wind,36.46,48
20210730,biomass,7.62,48
20210730,coal,1.92,48
20210730,gas,42.61,48
20210730,hydro,0.56,48
20210730,imports,13.3,48
20210730,nuclear,12.54,48
20210730,other,0.0,48
20210730,solar,3.38,48
20210730,wind,18.06,48
20210731,biomass,6.33,48
20210731,coal,2.45,48
20210731,gas,35.76,48
20210731,hydro,0.72,48
20210731,imports,15.67,48
20210731,nuclear,13.76,48
20210731,other,0.0,48
20210731,solar,4.74,48
20210731,wind,20.57,48
20210801,biomass,7.84,48
20210801,coal,2.45,48
20210801,gas,42.66,48
20210801,hydro,0.64,48
20210801,imports,16.38,48
20210801,nuclear,14.99,48
20210801,other,0.0,48
20210801,solar,5.1,48
20210801,wind,9.94,48
20210802,biomass,8.66,48
20210802,coal,2.07,48
20210802,gas,47.54,48
20210802,hydro,0.96,48
20210802,imports,16.6,48
20210802,nuclear,15.46,48
20210802,other,0.0,48
20210802,solar,4.78,48
20210802,wind,3.92,48
20210803,biomass,10.13,48
20210803,coal,2.59,48
20210803,gas,45.77,48
20210803,hydro,0.95,48
20210803,imports,15.61,48
20210803,nuclear,15.19,48
20210803,other,0.0,48
20210803,solar,6.44,48
20210803,wind,3.3,48
20210804,biomass,9.84,48
20210804,coal,3.25,48
20210804,gas,40.88,48
20210804,hydro,1.35,48
20210804,imports,15.81,48
20210804,nuclear,14.77,48
20210804,other,0.0,48
20210804,solar,6.91,48
20210804,wind,7.2,48
20210805,biomass,7.77,48
20210805,coal,1.4,48
20210805,gas,26.99,48
20210805,hydro,0.6,48
20210805,imports,16.19,48
20210805,nuclear,14.23,48
20210805,other,0.0,48
20210805,solar,4.01,48
20210805,wind,28.81,48
20210806,biomass,3.07,48
20210806,coal,1.83,48
20210806,gas,23.54,48
20210806,hydro,1.05,48
20210806,imports,14.06,48
20210806,nuclear,13.8,48
20210806,other,0.0,48
20210806,solar,5.64,48
20210806,wind,37.0,48
20210807,biomass,3.88,48
20210807,coal,1.73,48
20210807,gas,24.54,48
20210807,hydro,1.19,48
20210807,imports,10.66,48
20210807,nuclear,16.18,48
20210807,other,0.0,48
20210807,solar,4.99,48
20210807,wind,36.82,48
20210808,biomass,3.39,48
20210808,coal,1.39,48
20210808,gas,21.18,48
20210808,hydro,0.9,48
20210808,imports,10.48,48
20210808,nuclear,16.39,48
20210808,other,0.0,48
20210808,solar,4.72,48
20210808,wind,41.55,48
20210809,biomass,6.64,48
20210809,coal,2.41,48
20210809,gas,34.35,48
20210809,hydro,0.91,48
20210809,imports,15.02,48
20210809,nuclear,15.03,48
20210809,other,0.0,48
20210809,solar,5.29,48
20210809,wind,20.36,48
20210810,biomass,7.51,48
20210810,coal,2.0,48
20210810,gas,43.49,48
20210810,hydro,1.1,48
20210810,imports,15.82,48
20210810,nuclear,14.5,48
20210810,other,0.0,48
20210810,solar,6.61,48
20210810,wind,8.97,48
20210811,biomass,7.25,48
20210811,coal,3.06,48
20210811,gas,35.81,48
20210811,hydro,1.01,48
20210811,imports,16.28,48
20210811,nuclear,14.71,48
20210811,other,0.0,48
20210811,solar,4.86,48
20210811,wind,17.03,48
20210812,biomass,6.59,48
20210812,coal,1.94,48
20210812,gas,29.37,48
20210812,hydro,0.7,48
20210812,imports,14.95,48
20210812,nuclear,14.83,48
20210812,other,0.0,48
20210812,solar,5.1,48
20210812,wind,26.52,48
20210813,biomass,4.29,48
20210813,coal,2.18,48
20210813,gas,16.83,48
20210813,hydro,0.83,48
20210813,imports,11.66,48
20210813,nuclear,14.91,48
20210813,other,0.0,48
20210813,solar,5.09,48
20210813,wind,44.21,48
20210814,biomass,5.52,48
20210814,coal,2.61,48
20210814,gas,30.5,48
20210814,hydro,1.3,48
20210814,imports,11.48,48
20210814,nuclear,15.87,48
20210814,other,0.0,48
20210814,solar,5.7,48
20210814,wind,27.02,48
20210815,biomass,6.62,48
20210815,coal,2.08,48
20210815,gas,33.84,48
20210815,hydro,0.98,48
20210815,imports,15.83,48
20210815,nuclear,16.49,48
20210815,other,0.0,48
20210815,solar,4.95,48
20210815,wind,19.21,48
20210816,biomass,5.16,48
20210816,coal,0.38,48
20210816,gas,28.25,48
20210816,hydro,1.0,48
20210816,imports,11.91,48
20210816,nuclear,14.56,48
20210816,other,0.0,48
20210816,solar,4.16,48
20210816,wind,34.58,48
20210817,biomass,6.02,48
20210817,coal,0.76,48
20210817,gas,28.34,48
20210817,hydro,1.06,48
20210817,imports,13.49,48
20210817,nuclear,14.59,48
20210817,other,0.0,48
20210817,solar,2.88,48
20210817,wind,32.88,48
20210818,biomass,5.84,48
20210818,coal,0.38,48
20210818,gas,35.04,48
20210818,hydro,0.98,48
20210818,imports,13.79,48
20210818,nuclear,14.78,48
20210818,other,0.0,48
20210818,solar,3.75,48
20210818,wind,25.44,48
20210819,biomass,7.07,48
20210819,coal,1.78,48
20210819,gas,48.4,48
20210819,hydro,1.8,48
20210819,imports,16.31,48
20210819,nuclear,14.44,48
20210819,other,0.0,48
20210819,solar,3.97,48
20210819,wind,6.2,48
20210820,biomass,8.18,48
20210820,coal,0.0,48
20210820,gas,48.03,48
20210820,hydro,1.26,48
20210820,imports,17.06,48
20210820,nuclear,14.72,48
20210820,other,0.0,48
20210820,solar,3.31,48
20210820,wind,7.45,48
20210821,biomass,7.22,48
20210821,coal,0.0,48
20210821,gas,45.07,48
20210821,hydro,1.29,48
20210821,imports,17.19,48
20210821,nuclear,16.13,48
20210821,other,0.0,48
20210821,solar,2.58,48
20210821,wind,10.5,48
20210822,biomass,7.07,48
20210822,coal,0.0,48
20210822,gas,44.85,48
20210822,hydro,0.99,48
20210822,imports,17.17,48
20210822,nuclear,17.1,48
20210822,other,0.0,48
20210822,solar,5.22,48
20210822,wind,7.59,48
20210823,biomass,5.22,48
20210823,coal,0.91,48
20210823,gas,44.96,48
20210823,hydro,1.09,48
20210823,imports,16.1,48
20210823,nuclear,16.66,48
20210823,other,0.0,48
20210823,solar,4.67,48
20210823,wind,10.38,48
20210824,biomass,5.29,48
20210824,coal,1.6,48
20210824,gas,43.51,48
20210824,hydro,1.15,48
20210824,imports,16.12,48
20210824,nuclear,16.43,48
20210824,other,0.0,48
20210824,solar,5.67,48
20210824,wind,10.23,48
20210825,biomass,6.55,48
20210825,coal,0.6,48
20210825,gas,42.22,48
20210825,hydro,0.88,48
20210825,imports,15.89,48
20210825,nuclear,17.76,48
20210825,other,0.0,48
20210825,solar,5.09,48
20210825,wind,11.02,48
20210826,biomass,5.79,48
20210826,coal,0.4,48
20210826,gas,31.66,48
20210826,hydro,0.91,48
20210826,imports,14.78,48
20210826,nuclear,18.09,48
20210826,other,0.0,48
20210826,solar,5.1,48
20210826,wind,23.27,48
20210827,biomass,5.71,48
20210827,coal,0.85,48
20210827,gas,41.94,48
20210827,hydro,0.89,48
20210827,imports,16.14,48
20210827,nuclear,18.55,48
20210827,other,0.0,48
20210827,solar,4.11,48
20210827,wind,11.83,48
20210828,biomass,7.22,48
20210828,coal,0.26,48
20210828,gas,32.49,48
20210828,hydro,0.9,48
20210828,imports,16.17,48
20210828,nuclear,20.33,48
20210828,other,0.0,48
20210828,solar,6.28,48
20210828,wind,16.36,48
20210829,biomass,6.43,48
20210829,coal,1.04,48
20210829,gas,31.23,48
20210829,hydro,0.97,48
20210829,imports,15.32,48
20210829,nuclear,21.16,48
20210829,other,0.0,48
20210829,solar,5.2,48
20210829,wind,18.66,48
20210830,biomass,4.24,48
20210830,coal,0.88,48
20210830,gas,32.65,48
20210830,hydro,1.22,48
20210830,imports,15.69,48
20210830,nuclear,19.98,48
20210830,other,0.0,48
20210830,solar,2.36,48
20210830,wind,22.97,48
20210831,biomass,3.95,48
20210831,coal,0.88,48
20210831,gas,37.99,48
20210831,hydro,1.16,48
20210831,imports,15.3,48
20210831,nuclear,17.69,48
20210831,other,0.0,48
20210831,solar,2.41,48
20210831,wind,20.64,48
20210901,biomass,4.49,48
20210901,coal,1.09,48
20210901,gas,43.09,48
20210901,hydro,1.1,48
20210901,imports,14.78,48
20210901,nuclear,16.62,48
20210901,other,0.0,48
20210901,solar,2.63,48
20210901,wind,16.18,48
20210902,biomass,3.94,48
20210902,coal,2.4,48
20210902,gas,46.92,48
20210902,hydro,1.29,48
20210902,imports,15.16,48
20210902,nuclear,14.7,48
20210902,other,0.0,48
20210902,solar,3.14,48
20210902,wind,12.45,48
20210903,biomass,4.97,48
20210903,coal,2.46,48
20210903,gas,47.02,48
20210903,hydro,1.28,48
20210903,imports,16.06,48
20210903,nuclear,15.0,48
20210903,other,0.0,48
20210903,solar,3.73,48
20210903,wind,9.46,48
20210904,biomass,5.34,48
20210904,coal,1.73,48
20210904,gas,42.6,48
20210904,hydro,0.68,48
20210904,imports,16.95,48
20210904,nuclear,16.53,48
20210904,other,0.0,48
20210904,solar,4.36,48
20210904,wind,11.82,48
20210905,biomass,4.94,48
20210905,coal,1.05,48
20210905,gas,41.4,48
20210905,hydro,0.88,48
20210905,imports,16.99,48
20210905,nuclear,17.31,48
20210905,other,0.0,48
20210905,solar,6.19,48
20210905,wind,11.25,48
20210906,biomass,5.65,48
20210906,coal,1.09,48
20210906,gas,48.02,48
20210906,hydro,2.1,48
20210906,imports,15.58,48
20210906,nuclear,16.16,48
20210906,other,0.0,48
20210906,solar,5.54,48
20210906,wind,5.87,48
20210907,biomass,5.09,48
20210907,coal,1.74,48
20210907,gas,46.94,48
20210907,hydro,2.05,48
20210907,imports,13.73,48
20210907,nuclear,16.46,48
20210907,other,0.0,48
20210907,solar,6.16,48
20210907,wind,7.83,48
20210908,biomass,3.65,48
20210908,coal,1.95,48
20210908,gas,44.14,48
20210908,hydro,1.38,48
20210908,imports,13.74,48
20210908,nuclear,17.37,48
20210908,other,0.0,48
20210908,solar,5.33,48
20210908,wind,12.43,48
20210909,biomass,3.58,48
20210909,coal,2.94,48
20210909,gas,48.56,48
20210909,hydro,1.84,48
20210909,imports,14.26,48
20210909,nuclear,17.47,48
20210909,other,0.0,48
20210909,solar,2.96,48
20210909,wind,8.37,48
20210910,biomass,3.8,48
20210910,coal,2.62,48
20210910,gas,47.62,48
20210910,hydro,1.26,48
20210910,imports,14.26,48
20210910,nuclear,17.95,48
20210910,other,0.0,48
20210910,solar,2.7,48
20210910,wind,9.8,48
20210911,biomass,3.96,48
20210911,coal,1.69,48
20210911,gas,38.98,48
20210911,hydro,0.51,48
20210911,imports,11.43,48
20210911,nuclear,18.93,48
20210911,other,0.0,48
20210911,solar,3.86,48
20210911,wind,20.63,48
20210912,biomass,4.14,48
20210912,coal,2.68,48
20210912,gas,48.22,48
20210912,hydro,1.03,48
20210912,imports,13.96,48
20210912,nuclear,18.77,48
20210912,other,0.0,48
20210912,solar,3.73,48
20210912,wind,7.49,48
20210913,biomass,3.72,48
20210913,coal,2.72,48
20210913,gas,49.46,48
20210913,hydro,1.01,48
20210913,imports,11.55,48
20210913,nuclear,16.97,48
20210913,other,0.0,48
20210913,solar,2.68,48
20210913,wind,11.9,48
20210914,biomass,3.42,48
20210914,coal,3.36,48
20210914,gas,50.7,48
20210914,hydro,1.6,48
20210914,imports,11.13,48
20210914,nuclear,16.81,48
20210914,other,0.0,48
20210914,solar,1.84,48
20210914,wind,11.16,48
20210915,biomass,5.09,48
20210915,coal,3.52,48
20210915,gas,53.04,48
20210915,hydro,1.36,48
20210915,imports,8.34,48
20210915,nuclear,16.67,48
20210915,other,0.0,48
20210915,solar,4.78,48
20210915,wind,7.18,48
20210916,biomass,5.85,48
20210916,coal,3.34,48
20210916,gas,50.74,48
20210916,hydro,1.19,48
20210916,imports,8.98,48
20210916,nuclear,16.64,48
20210916,other,0.0,48
20210916,solar,5.08,48
20210916,wind,8.18,48
20210917,biomass,5.93,48
20210917,coal,1.43,48
20210917,gas,44.4,48
20210917,hydro,0.89,48
20210917,imports,7.54,48
20210917,nuclear,16.92,48
20210917,other,0.0,48
20210917,solar,4.14,48
20210917,wind,18.75,48
20210918,biomass,6.05,48
20210918,coal,1.89,48
20210918,gas,49.4,48
20210918,hydro,0.89,48
20210918,imports,11.04,48
20210918,nuclear,18.46,48
20210918,other,0.0,48
20210918,solar,4.68,48
20210918,wind,7.57,48
20210919,biomass,5.97,48
20210919,coal,1.61,48
20210919,gas,45.96,48
20210919,hydro,0.9,48
20210919,imports,10.43,48
20210919,nuclear,18.54,48
20210919,other,0.0,48
20210919,solar,3.79,48
20210919,wind,12.79,48
20210920,biomass,5.82,48
20210920,coal,2.79,48
20210920,gas,48.27,48
20210920,hydro,1.1,48
20210920,imports,8.43,48
20210920,nuclear,16.96,48
20210920,other,0.0,48
20210920,solar,5.13,48
20210920,wind,11.49,48
20210921,biomass,5.68,48
20210921,coal,2.64,48
20210921,gas,45.62,48
20210921,hydro,0.89,48
20210921,imports,7.24,48
20210921,nuclear,17.08,48
20210921,other,0.0,48
20210921,solar,5.01,48
20210921,wind,15.84,48
20210922,biomass,5.58,48
20210922,coal,0.0,48
20210922,gas,34.44,48
20210922,hydro,0.65,48
20210922,imports,6.6,48
20210922,nuclear,17.31,48
20210922,other,0.0,48
20210922,solar,4.54,48
20210922,wind,30.89,48
20210923,biomass,6.51,48
20210923,coal,0.3,48
20210923,gas,29.56,48
20210923,hydro,0.87,48
20210923,imports,3.48,48
20210923,nuclear,16.71,48
20210923,other,0.0,48
20210923,solar,3.52,48
20210923,wind,39.04,48
20210924,biomass,7.38,48
20210924,coal,0.0,48
20210924,gas,28.08,48
20210924,hydro,0.61,48
20210924,imports,6.17,48
20210924,nuclear,17.37,48
20210924,other,0.0,48
20210924,solar,4.13,48
20210924,wind,36.26,48
20210925,biomass,8.41,48
20210925,coal,0.0,48
20210925,gas,45.11,48
20210925,hydro,1.25,48
20210925,imports,10.39,48
20210925,nuclear,19.1,48
20210925,other,0.0,48
20210925,solar,2.19,48
20210925,wind,13.54,48
20210926,biomass,8.43,48
20210926,coal,0.0,48
20210926,gas,24.43,48
20210926,hydro,0.79,48
20210926,imports,8.37,48
20210926,nuclear,19.23,48
20210926,other,0.0,48
20210926,solar,3.95,48
20210926,wind,34.8,48
20210927,biomass,7.21,48
20210927,coal,0.2,48
20210927,gas,22.97,48
20210927,hydro,1.17,48
20210927,imports,3.15,48
20210927,nuclear,17.74,48
20210927,other,0.0,48
20210927,solar,4.33,48
20210927,wind,43.24,48
20210928,biomass,7.12,48
20210928,coal,0.0,48
20210928,gas,32.27,48
20210928,hydro,1.57,48
20210928,imports,3.65,48
20210928,nuclear,17.25,48
20210928,other,0.0,48
20210928,solar,2.07,48
20210928,wind,36.06,48
20210929,biomass,5.19,48
20210929,coal,0.0,48
20210929,gas,29.77,48
20210929,hydro,1.41,48
20210929,imports,5.22,48
20210929,nuclear,16.86,48
20210929,other,0.0,48
20210929,solar,4.94,48
20210929,wind,36.63,48
20210930,biomass,5.57,48
20210930,coal,0.0,48
20210930,gas,26.52,48
20210930,hydro,1.52,48
20210930,imports,5.15,48
20210930,nuclear,16.29,48
20210930,other,0.0,48
20210930,solar,1.16,48
20210930,wind,43.79,48
20211001,biomass,7.15,48
20211001,coal,0.0,48
20211001,gas,19.07,48
20211001,hydro,1.83,48
20211001,imports,5.58,48
20211001,nuclear,16.78,48
20211001,other,0.0,48
20211001,solar,3.99,48
20211001,wind,45.6,48
20211002,biomass,5.4,48
20211002,coal,0.0,48
20211002,gas,27.14,48
20211002,hydro,1.84,48
20211002,imports,5.94,48
20211002,nuclear,17.67,48
20211002,other,0.0,48
20211002,solar,0.96,48
20211002,wind,41.06,48
20211003,biomass,6.3,48
20211003,coal,0.0,48
20211003,gas,17.16,48
20211003,hydro,1.95,48
20211003,imports,4.88,48
20211003,nuclear,17.22,48
20211003,other,0.0,48
20211003,solar,4.1,48
20211003,wind,48.39,48
20211004,biomass,7.67,48
20211004,coal,0.45,48
20211004,gas,32.57,48
20211004,hydro,2.3,48
20211004,imports,5.37,48
20211004,nuclear,14.82,48
20211004,other,0.0,48
20211004,solar,3.26,48
20211004,wind,33.57,48
20211005,biomass,7.22,48
20211005,coal,0.32,48
20211005,gas,25.15,48
20211005,hydro,1.86,48
20211005,imports,7.04,48
20211005,nuclear,12.85,48
20211005,other,0.0,48
20211005,solar,2.69,48
20211005,wind,42.88,48
20211006,biomass,7.35,48
20211006,coal,1.14,48
20211006,gas,34.88,48
20211006,hydro,2.64,48
20211006,imports,5.99,48
20211006,nuclear,12.71,48
20211006,other,0.0,48
20211006,solar,4.07,48
20211006,wind,31.2,48
20211007,biomass,7.37,48
20211007,coal,0.86,48
20211007,gas,38.58,48
20211007,hydro,1.9,48
20211007,imports,7.29,48
20211007,nuclear,13.4,48
20211007,other,0.0,48
20211007,solar,1.78,48
20211007,wind,28.84,48
20211008,biomass,7.6,48
20211008,coal,1.18,48
20211008,gas,46.69,48
20211008,hydro,1.87,48
20211008,imports,9.64,48
20211008,nuclear,13.46,48
20211008,other,0.0,48
20211008,solar,1.73,48
20211008,wind,17.83,48
20211009,biomass,7.09,48
20211009,coal,0.33,48
20211009,gas,45.52,48
20211009,hydro,1.89,48
20211009,imports,13.2,48
20211009,nuclear,14.36,48
20211009,other,0.0,48
20211009,solar,3.25,48
20211009,wind,14.35,48
20211010,biomass,8.16,48
20211010,coal,0.0,48
20211010,gas,36.81,48
20211010,hydro,1.73,48
20211010,imports,12.74,48
20211010,nuclear,14.55,48
20211010,other,0.0,48
20211010,solar,3.92,48
20211010,wind,22.1,48
20211011,biomass,7.39,48
20211011,coal,0.94,48
20211011,gas,40.79,48
20211011,hydro,2.02,48
20211011,imports,10.44,48
20211011,nuclear,13.21,48
20211011,other,0.0,48
20211011,solar,3.45,48
20211011,wind,21.77,48
20211012,biomass,7.32,48
20211012,coal,1.73,48
20211012,gas,43.12,48
20211012,hydro,2.38,48
20211012,imports,10.72,48
20211012,nuclear,12.75,48
20211012,other,0.0,48
20211012,solar,2.19,48
20211012,wind,19.77,48
20211013,biomass,7.66,48
20211013,coal,0.67,48
20211013,gas,45.54,48
20211013,hydro,2.15,48
20211013,imports,10.61,48
20211013,nuclear,12.63,48
20211013,other,0.0,48
20211013,solar,2.17,48
20211013,wind,18.55,48
20211014,biomass,7.56,48
20211014,coal,0.0,48
20211014,gas,30.04,48
20211014,hydro,1.65,48
20211014,imports,10.45,48
20211014,nuclear,12.66,48
20211014,other,0.0,48
20211014,solar,2.21,48
20211014,wind,35.42,48
20211015,biomass,7.73,48
20211015,coal,2.24,48
20211015,gas,43.87,48
20211015,hydro,2.24,48
20211015,imports,9.79,48
20211015,nuclear,12.97,48
20211015,other,0.0,48
20211015,solar,2.69,48
20211015,wind,18.46,48
20211016,biomass,7.03,48
20211016,coal,1.01,48
20211016,gas,50.31,48
20211016,hydro,2.07,48
20211016,imports,12.33,48
20211016,nuclear,14.62,48
20211016,other,0.0,48
20211016,solar,2.31,48
20211016,wind,10.31,48
20211017,biomass,8.16,48
20211017,coal,0.57,48
20211017,gas,33.02,48
20211017,hydro,2.03,48
20211017,imports,12.59,48
20211017,nuclear,15.6,48
20211017,other,0.0,48
20211017,solar,2.02,48
20211017,wind,26.01,48
20211018,biomass,7.26,48
20211018,coal,0.0,48
20211018,gas,33.28,48
20211018,hydro,2.09,48
20211018,imports,10.88,48
20211018,nuclear,14.77,48
20211018,other,0.0,48
20211018,solar,0.62,48
20211018,wind,31.09,48
20211019,biomass,7.16,48
20211019,coal,0.0,48
20211019,gas,23.66,48
20211019,hydro,2.38,48
20211019,imports,11.35,48
20211019,nuclear,14.84,48
20211019,other,0.0,48
20211019,solar,0.88,48
20211019,wind,39.7,48
20211020,biomass,7.1,48
20211020,coal,0.0,48
20211020,gas,26.13,48
20211020,hydro,2.63,48
20211020,imports,8.28,48
20211020,nuclear,14.61,48
20211020,other,0.0,48
20211020,solar,2.37,48
20211020,wind,38.86,48
20211021,biomass,6.76,48
20211021,coal,0.0,48
20211021,gas,19.43,48
20211021,hydro,2.25,48
20211021,imports,7.6,48
20211021,nuclear,13.95,48
20211021,other,0.0,48
20211021,solar,1.84,48
20211021,wind,48.16,48
20211022,biomass,6.64,48
20211022,coal,0.54,48
20211022,gas,34.87,48
20211022,hydro,2.71,48
20211022,imports,7.01,48
20211022,nuclear,13.35,48
20211022,other,0.0,48
20211022,solar,2.17,48
20211022,wind,32.7,48
20211023,biomass,6.83,48
20211023,coal,0.0,48
20211023,gas,32.88,48
20211023,hydro,2.39,48
20211023,imports,9.9,48
20211023,nuclear,15.94,48
20211023,other,0.0,48
20211023,solar,1.19,48
20211023,wind,30.87,48
20211024,biomass,7.39,48
20211024,coal,0.0,48
20211024,gas,15.58,48
20211024,hydro,2.26,48
20211024,imports,8.33,48
20211024,nuclear,16.04,48
20211024,other,0.0,48
20211024,solar,2.0,48
20211024,wind,48.42,48
20211025,biomass,7.35,48
20211025,coal,0.45,48
20211025,gas,30.96,48
20211025,hydro,2.7,48
20211025,imports,6.97,48
20211025,nuclear,14.99,48
20211025,other,0.0,48
20211025,solar,2.78,48
20211025,wind,33.82,48
20211026,biomass,7.26,48
20211026,coal,0.0,48
20211026,gas,25.97,48
20211026,hydro,2.34,48
20211026,imports,8.77,48
20211026,nuclear,15.48,48
20211026,other,0.0,48
20211026,solar,1.06,48
20211026,wind,39.1,48
20211027,biomass,6.45,48
20211027,coal,0.0,48
20211027,gas,22.4,48
20211027,hydro,2.74,48
20211027,imports,4.66,48
20211027,nuclear,15.66,48
20211027,other,0.0,48
20211027,solar,0.98,48
20211027,wind,47.11,48
20211028,biomass,7.05,48
20211028,coal,0.25,48
20211028,gas,24.94,48
20211028,hydro,2.8,48
20211028,imports,9.2,48
20211028,nuclear,16.92,48
20211028,other,0.0,48
20211028,solar,1.04,48
20211028,wind,37.81,48
20211029,biomass,5.25,48
20211029,coal,0.03,48
20211029,gas,25.93,48
20211029,hydro,2.1,48
20211029,imports,10.77,48
20211029,nuclear,17.95,48
20211029,other,0.0,48
20211029,solar,1.65,48
20211029,wind,36.32,48
20211030,biomass,5.56,48
20211030,coal,0.0,48
20211030,gas,21.32,48
20211030,hydro,2.95,48
20211030,imports,10.33,48
20211030,nuclear,19.83,48
20211030,other,0.0,48
20211030,solar,2.54,48
20211030,wind,37.47,48
20211031,biomass,6.7,50
20211031,coal,0.0,50
20211031,gas,14.56,50
20211031,hydro,2.67,50
20211031,imports,7.39,50
20211031,nuclear,20.65,50
20211031,other,0.0,50
20211031,solar,1.79,50
20211031,wind,46.24,50
20211101,biomass,5.22,48
20211101,coal,0.0,48
20211101,gas,22.29,48
20211101,hydro,2.75,48
20211101,imports,8.74,48
20211101,nuclear,17.14,48
20211101,other,0.0,48
20211101,solar,2.14,48
20211101,wind,41.73,48
20211102,biomass,6.46,48
20211102,coal,2.35,48
20211102,gas,48.99,48
20211102,hydro,3.74,48
20211102,imports,9.74,48
20211102,nuclear,16.95,48
20211102,other,0.0,48
20211102,solar,2.64,48
20211102,wind,9.11,48
20211103,biomass,5.93,48
20211103,coal,1.05,48
20211103,gas,47.83,48
20211103,hydro,2.64,48
20211103,imports,4.29,48
20211103,nuclear,16.26,48
20211103,other,0.0,48
20211103,solar,1.72,48
20211103,wind,20.28,48
20211104,biomass,5.46,48
20211104,coal,0.26,48
20211104,gas,32.08,48
20211104,hydro,2.3,48
20211104,imports,8.77,48
20211104,nuclear,15.55,48
20211104,other,0.0,48
20211104,solar,2.01,48
20211104,wind,33.57,48
20211105,biomass,6.71,48
20211105,coal,1.61,48
20211105,gas,37.67,48
20211105,hydro,2.56,48
20211105,imports,10.17,48
20211105,nuclear,15.48,48
20211105,other,0.0,48
20211105,solar,1.78,48
20211105,wind,24.01,48
20211106,biomass,5.12,48
20211106,coal,0.0,48
20211106,gas,15.81,48
20211106,hydro,2.04,48
20211106,imports,10.36,48
20211106,nuclear,18.12,48
20211106,other,0.0,48
20211106,solar,1.0,48
20211106,wind,47.53,48
20211107,biomass,4.65,48
20211107,coal,0.0,48
20211107,gas,17.6,48
20211107,hydro,2.5,48
20211107,imports,7.53,48
20211107,nuclear,18.83,48
20211107,other,0.0,48
20211107,solar,2.42,48
20211107,wind,46.46,48
20211108,biomass,6.54,48
20211108,coal,2.16,48
20211108,gas,43.29,48
20211108,hydro,2.33,48
20211108,imports,7.49,48
20211108,nuclear,17.9,48
20211108,other,0.0,48
20211108,solar,1.12,48
20211108,wind,19.19,48
20211109,biomass,6.55,48
20211109,coal,0.75,48
20211109,gas,36.91,48
20211109,hydro,2.21,48
20211109,imports,4.92,48
20211109,nuclear,18.34,48
20211109,other,0.0,48
20211109,solar,1.28,48
20211109,wind,29.03,48
20211110,biomass,6.9,48
20211110,coal,2.28,48
20211110,gas,50.95,48
20211110,hydro,2.91,48
20211110,imports,4.8,48
20211110,nuclear,17.97,48
20211110,other,0.0,48
20211110,solar,0.69,48
20211110,wind,13.48,48
20211111,biomass,6.85,48
20211111,coal,1.22,48
20211111,gas,47.44,48
20211111,hydro,2.21,48
20211111,imports,6.61,48
20211111,nuclear,17.77,48
20211111,other,0.0,48
20211111,solar,0.99,48
20211111,wind,16.91,48
20211112,biomass,7.46,48
20211112,coal,0.08,48
20211112,gas,21.67,48
20211112,hydro,2.28,48
20211112,imports,6.86,48
20211112,nuclear,17.07,48
20211112,other,0.0,48
20211112,solar,0.81,48
20211112,wind,43.78,48
20211113,biomass,7.17,48
20211113,coal,2.56,48
20211113,gas,33.12,48
20211113,hydro,2.99,48
20211113,imports,9.74,48
20211113,nuclear,18.72,48
20211113,other,0.0,48
20211113,solar,1.12,48
20211113,wind,24.58,48
20211114,biomass,8.58,48
20211114,coal,2.31,48
20211114,gas,36.41,48
20211114,hydro,2.3,48
20211114,imports,11.47,48
20211114,nuclear,18.8,48
20211114,other,0.0,48
20211114,solar,1.16,48
20211114,wind,18.97,48
20211115,biomass,9.43,48
20211115,coal,2.38,48
20211115,gas,50.95,48
20211115,hydro,3.0,48
20211115,imports,8.06,48
20211115,nuclear,17.35,48
20211115,other,0.0,48
20211115,solar,0.66,48
20211115,wind,8.18,48
20211116,biomass,8.4,48
20211116,coal,2.11,48
20211116,gas,42.68,48
20211116,hydro,1.9,48
20211116,imports,4.64,48
20211116,nuclear,16.26,48
20211116,other,0.0,48
20211116,solar,0.69,48
20211116,wind,23.3,48
20211117,biomass,8.44,48
20211117,coal,1.02,48
20211117,gas,27.39,48
20211117,hydro,2.27,48
20211117,imports,6.14,48
20211117,nuclear,16.94,48
20211117,other,0.0,48
20211117,solar,1.76,48
20211117,wind,36.06,48
20211118,biomass,6.34,48
20211118,coal,1.21,48
20211118,gas,27.54,48
20211118,hydro,2.06,48
20211118,imports,6.57,48
20211118,nuclear,16.78,48
20211118,other,0.0,48
20211118,solar,1.0,48
20211118,wind,38.49,48
20211119,biomass,6.64,48
20211119,coal,2.25,48
20211119,gas,33.66,48
20211119,hydro,2.32,48
20211119,imports,6.45,48
20211119,nuclear,16.71,48
20211119,other,0.0,48
20211119,solar,0.84,48
20211119,wind,31.12,48
20211120,biomass,7.18,48
20211120,coal,2.48,48
20211120,gas,29.3,48
20211120,hydro,2.38,48
20211120,imports,7.74,48
20211120,nuclear,17.99,48
20211120,other,0.0,48
20211120,solar,0.46,48
20211120,wind,32.45,48
20211121,biomass,7.58,48
20211121,coal,0.29,48
20211121,gas,22.61,48
20211121,hydro,2.35,48
20211121,imports,8.48,48
20211121,nuclear,17.72,48
20211121,other,0.0,48
20211121,solar,2.03,48
20211121,wind,38.94,48
20211122,biomass,8.42,48
20211122,coal,4.05,48
20211122,gas,38.46,48
20211122,hydro,2.39,48
20211122,imports,5.64,48
20211122,nuclear,15.84,48
20211122,other,0.0,48
20211122,solar,2.05,48
20211122,wind,23.15,48
20211123,biomass,8.16,48
20211123,coal,3.95,48
20211123,gas,48.75,48
20211123,hydro,2.99,48
20211123,imports,6.07,48
20211123,nuclear,15.28,48
20211123,other,0.0,48
20211123,solar,1.26,48
20211123,wind,13.53,48
20211124,biomass,7.7,48
20211124,coal,3.85,48
20211124,gas,47.9,48
20211124,hydro,2.75,48
20211124,imports,4.15,48
20211124,nuclear,15.35,48
20211124,other,0.0,48
20211124,solar,0.46,48
20211124,wind,17.84,48
20211125,biomass,7.36,48
20211125,coal,1.75,48
20211125,gas,36.43,48
20211125,hydro,2.29,48
20211125,imports,5.85,48
20211125,nuclear,14.95,48
20211125,other,0.0,48
20211125,solar,1.86,48
20211125,wind,29.51,48
20211126,biomass,6.92,48
20211126,coal,1.43,48
20211126,gas,26.99,48
20211126,hydro,1.88,48
20211126,imports,7.55,48
20211126,nuclear,13.98,48
20211126,other,0.0,48
20211126,solar,0.95,48
20211126,wind,40.29,48
20211127,biomass,4.55,48
20211127,coal,0.96,48
20211127,gas,28.85,48
20211127,hydro,1.97,48
20211127,imports,8.26,48
20211127,nuclear,14.45,48
20211127,other,0.0,48
20211127,solar,0.81,48
20211127,wind,40.16,48
20211128,biomass,5.82,48
20211128,coal,0.83,48
20211128,gas,35.58,48
20211128,hydro,2.37,48
20211128,imports,10.44,48
20211128,nuclear,15.43,48
20211128,other,0.0,48
20211128,solar,1.41,48
20211128,wind,28.11,48
20211129,biomass,6.65,48
20211129,coal,2.81,48
20211129,gas,43.79,48
20211129,hydro,2.48,48
20211129,imports,5.88,48
20211129,nuclear,13.81,48
20211129,other,0.0,48
20211129,solar,0.73,48
20211129,wind,23.84,48
20211130,biomass,7.19,48
20211130,coal,1.63,48
20211130,gas,30.5,48
20211130,hydro,2.22,48
20211130,imports,7.81,48
20211130,nuclear,14.08,48
20211130,other,0.0,48
20211130,solar,0.39,48
20211130,wind,36.19,48
20211201,biomass,7.24,48
20211201,coal,1.11,48
20211201,gas,26.47,48
20211201,hydro,2.1,48
20211201,imports,6.26,48
20211201,nuclear,13.47,48
20211201,other,0.0,48
20211201,solar,0.83,48
20211201,wind,42.5,48
20211202,biomass,7.65,48
20211202,coal,2.21,48
20211202,gas,36.14,48
20211202,hydro,2.64,48
20211202,imports,7.44,48
20211202,nuclear,13.17,48
20211202,other,0.0,48
20211202,solar,1.62,48
20211202,wind,29.14,48
20211203,biomass,7.23,48
20211203,coal,2.69,48
20211203,gas,41.52,48
20211203,hydro,2.55,48
20211203,imports,7.01,48
20211203,nuclear,13.38,48
20211203,other,0.0,48
20211203,solar,0.39,48
20211203,wind,25.22,48
20211204,biomass,5.95,48
20211204,coal,0.27,48
20211204,gas,29.23,48
20211204,hydro,1.61,48
20211204,imports,8.24,48
20211204,nuclear,15.47,48
20211204,other,0.0,48
20211204,solar,1.37,48
20211204,wind,37.84,48
20211205,biomass,6.75,48
20211205,coal,1.68,48
20211205,gas,33.05,48
20211205,hydro,2.15,48
20211205,imports,8.19,48
20211205,nuclear,14.91,48
20211205,other,0.0,48
20211205,solar,0.74,48
20211205,wind,32.54,48
20211206,biomass,6.14,48
20211206,coal,2.48,48
20211206,gas,41.38,48
20211206,hydro,2.27,48
20211206,imports,4.48,48
20211206,nuclear,13.22,48
20211206,other,0.0,48
20211206,solar,0.42,48
20211206,wind,29.61,48
20211207,biomass,7.0,48
20211207,coal,2.21,48
20211207,gas,36.5,48
20211207,hydro,1.54,48
20211207,imports,6.34,48
20211207,nuclear,12.89,48
20211207,other,0.0,48
20211207,solar,0.2,48
20211207,wind,33.32,48
20211208,biomass,7.78,48
20211208,coal,2.79,48
20211208,gas,31.95,48
20211208,hydro,1.91,48
20211208,imports,5.85,48
20211208,nuclear,12.94,48
20211208,other,0.0,48
20211208,solar,0.7,48
20211208,wind,36.07,48
20211209,biomass,7.91,48
20211209,coal,3.29,48
20211209,gas,40.01,48
20211209,hydro,2.37,48
20211209,imports,5.95,48
20211209,nuclear,13.27,48
20211209,other,0.0,48
20211209,solar,0.85,48
20211209,wind,26.33,48
20211210,biomass,7.05,48
20211210,coal,3.11,48
20211210,gas,33.84,48
20211210,hydro,2.06,48
20211210,imports,5.7,48
20211210,nuclear,13.76,48
20211210,other,0.0,48
20211210,solar,1.26,48
20211210,wind,33.18,48
20211211,biomass,7.16,48
20211211,coal,4.23,48
20211211,gas,32.91,48
20211211,hydro,1.87,48
20211211,imports,11.54,48
20211211,nuclear,15.13,48
20211211,other,0.0,48
20211211,solar,0.34,48
20211211,wind,26.81,48
20211212,biomass,8.07,48
20211212,coal,2.18,48
20211212,gas,23.76,48
20211212,hydro,2.07,48
20211212,imports,11.9,48
20211212,nuclear,16.23,48
20211212,other,0.0,48
20211212,solar,0.58,48
20211212,wind,35.21,48
20211213,biomass,8.34,48
20211213,coal,3.54,48
20211213,gas,37.73,48
20211213,hydro,2.95,48
20211213,imports,5.46,48
20211213,nuclear,14.43,48
20211213,other,0.0,48
20211213,solar,0.33,48
20211213,wind,27.24,48
20211214,biomass,7.97,48
20211214,coal,3.31,48
20211214,gas,37.71,48
20211214,hydro,1.83,48
20211214,imports,7.11,48
20211214,nuclear,14.16,48
20211214,other,0.0,48
20211214,solar,0.4,48
20211214,wind,27.5,48
20211215,biomass,8.12,48
20211215,coal,2.44,48
20211215,gas,36.59,48
20211215,hydro,2.17,48
20211215,imports,7.53,48
20211215,nuclear,14.29,48
20211215,other,0.0,48
20211215,solar,0.48,48
20211215,wind,28.38,48
20211216,biomass,7.22,48
20211216,coal,3.55,48
20211216,gas,53.46,48
20211216,hydro,2.52,48
20211216,imports,8.77,48
20211216,nuclear,14.91,48
20211216,other,0.0,48
20211216,solar,0.4,48
20211216,wind,9.17,48
20211217,biomass,6.54,48
20211217,coal,3.27,48
20211217,gas,55.72,48
20211217,hydro,2.78,48
20211217,imports,10.41,48
20211217,nuclear,15.4,48
20211217,other,0.0,48
20211217,solar,0.55,48
20211217,wind,5.32,48
20211218,biomass,5.34,48
20211218,coal,1.59,48
20211218,gas,53.11,48
20211218,hydro,2.33,48
20211218,imports,13.88,48
20211218,nuclear,16.62,48
20211218,other,0.0,48
20211218,solar,0.48,48
20211218,wind,6.66,48
20211219,biomass,8.02,48
20211219,coal,1.13,48
20211219,gas,53.88,48
20211219,hydro,1.97,48
20211219,imports,10.9,48
20211219,nuclear,17.41,48
20211219,other,0.0,48
20211219,solar,0.25,48
20211219,wind,6.42,48
20211220,biomass,7.44,48
20211220,coal,3.19,48
20211220,gas,55.82,48
20211220,hydro,2.66,48
20211220,imports,8.1,48
20211220,nuclear,16.47,48
20211220,other,0.0,48
20211220,solar,0.17,48
20211220,wind,6.14,48
20211221,biomass,8.01,48
20211221,coal,4.27,48
20211221,gas,56.15,48
20211221,hydro,2.12,48
20211221,imports,7.56,48
20211221,nuclear,17.05,48
20211221,other,0.0,48
20211221,solar,0.31,48
20211221,wind,4.51,48
20211222,biomass,8.08,48
20211222,coal,3.6,48
20211222,gas,46.93,48
20211222,hydro,1.97,48
20211222,imports,6.77,48
20211222,nuclear,17.33,48
20211222,other,0.0,48
20211222,solar,0.36,48
20211222,wind,14.96,48
20211223,biomass,8.57,48
20211223,coal,0.3,48
20211223,gas,41.64,48
20211223,hydro,1.21,48
20211223,imports,7.83,48
20211223,nuclear,18.8,48
20211223,other,0.0,48
20211223,solar,0.16,48
20211223,wind,21.49,48
20211224,biomass,8.29,48
20211224,coal,0.0,48
20211224,gas,33.62,48
20211224,hydro,1.06,48
20211224,imports,11.23,48
20211224,nuclear,19.01,48
20211224,other,0.0,48
20211224,solar,0.35,48
20211224,wind,26.44,48
20211225,biomass,5.38,48
20211225,coal,0.0,48
20211225,gas,22.66,48
20211225,hydro,1.09,48
20211225,imports,10.41,48
20211225,nuclear,15.74,48
20211225,other,0.0,48
20211225,solar,0.31,48
20211225,wind,44.42,48
20211226,biomass,6.4,30
20211226,coal,0.0,30
20211226,gas,23.62,30
20211226,hydro,1.0,30
20211226,imports,10.6,30
20211226,nuclear,16.0,30
20211226,other,0.0,30
20211226,solar,0.8,30
20211226,wind,41.59,30
20211227,biomass,8.21,21
20211227,coal,0.0,21
20211227,gas,36.5,21
20211227,hydro,2.25,21
20211227,imports,9.64,21
20211227,nuclear,20.53,21
20211227,other,0.0,21
20211227,solar,0.18,21
20211227,wind,22.71,21
20211228,biomass,9.24,48
20211228,coal,0.0,48
20211228,gas,31.24,48
20211228,hydro,1.7,48
20211228,imports,10.14,48
20211228,nuclear,23.64,48
20211228,other,0.0,48
20211228,solar,0.58,48
20211228,wind,23.46,48
20211229,biomass,8.05,48
20211229,coal,0.17,48
20211229,gas,18.28,48
20211229,hydro,1.99,48
20211229,imports,11.03,48
20211229,nuclear,21.98,48
20211229,other,0.0,48
20211229,solar,0.41,48
20211229,wind,38.09,48
20211230,biomass,7.8,48
20211230,coal,0.0,48
20211230,gas,12.8,48
20211230,hydro,2.66,48
20211230,imports,7.33,48
20211230,nuclear,21.65,48
20211230,other,0.0,48
20211230,solar,0.31,48
20211230,wind,47.46,48
20211231,biomass,6.35,48
20211231,coal,0.0,48
20211231,gas,14.14,48
20211231,hydro,2.98,48
20211231,imports,9.18,48
20211231,nuclear,23.05,48
20211231,other,0.0,48
20211231,solar,0.68,48
20211231,wind,43.63,48
20220101,biomass,5.32,48
20220101,coal,0.0,48
20220101,gas,11.8,48
20220101,hydro,2.33,48
20220101,imports,3.28,48
20220101,nuclear,23.53,48
20220101,other,0.0,48
20220101,solar,0.78,48
20220101,wind,52.96,48
20220102,biomass,5.59,48
20220102,coal,0.0,48
20220102,gas,12.26,48
20220102,hydro,2.34,48
20220102,imports,3.95,48
20220102,nuclear,22.61,48
20220102,other,0.0,48
20220102,solar,0.73,48
20220102,wind,52.52,48
20220103,biomass,5.24,48
20220103,coal,0.0,48
20220103,gas,18.48,48
20220103,hydro,2.95,48
20220103,imports,5.43,48
20220103,nuclear,21.42,48
20220103,other,0.0,48
20220103,solar,0.7,48
20220103,wind,45.78,48
20220104,biomass,6.15,48
20220104,coal,0.0,48
20220104,gas,23.95,48
20220104,hydro,2.96,48
20220104,imports,7.84,48
20220104,nuclear,19.4,48
20220104,other,0.0,48
20220104,solar,0.97,48
20220104,wind,38.74,48
20220105,biomass,6.02,48
20220105,coal,0.0,48
20220105,gas,30.46,48
20220105,hydro,2.64,48
20220105,imports,8.04,48
20220105,nuclear,17.86,48
20220105,other,0.0,48
20220105,solar,1.53,48
20220105,wind,33.45,48
20220106,biomass,6.43,48
20220106,coal,0.0,48
20220106,gas,34.29,48
20220106,hydro,1.88,48
20220106,imports,9.5,48
20220106,nuclear,15.83,48
20220106,other,0.0,48
20220106,solar,0.37,48
20220106,wind,31.71,48
20220107,biomass,7.25,48
20220107,coal,0.0,48
20220107,gas,27.11,48
20220107,hydro,2.38,48
20220107,imports,10.7,48
20220107,nuclear,14.97,48
20220107,other,0.0,48
20220107,solar,0.72,48
20220107,wind,36.86,48
20220108,biomass,8.23,48
20220108,coal,0.0,48
20220108,gas,21.33,48
20220108,hydro,1.82,48
20220108,imports,12.36,48
20220108,nuclear,15.76,48
20220108,other,0.0,48
20220108,solar,0.22,48
20220108,wind,40.28,48
20220109,biomass,7.47,48
20220109,coal,0.37,48
20220109,gas,30.03,48
20220109,hydro,2.25,48
20220109,imports,13.51,48
20220109,nuclear,16.49,48
20220109,other,0.0,48
20220109,solar,1.38,48
20220109,wind,28.48,48
20220110,biomass,8.17,48
20220110,coal,1.42,48
20220110,gas,46.79,48
20220110,hydro,1.78,48
20220110,imports,4.02,48
20220110,nuclear,14.88,48
20220110,other,0.0,48
20220110,solar,0.24,48
20220110,wind,22.71,48
20220111,biomass,6.96,48
20220111,coal,1.14,48
20220111,gas,48.88,48
20220111,hydro,2.18,48
20220111,imports,4.32,48
20220111,nuclear,15.26,48
20220111,other,0.0,48
20220111,solar,0.5,48
20220111,wind,20.75,48
20220112,biomass,5.04,48
20220112,coal,2.06,48
20220112,gas,51.54,48
20220112,hydro,2.11,48
20220112,imports,3.07,48
20220112,nuclear,14.15,48
20220112,other,0.0,48
20220112,solar,1.67,48
20220112,wind,20.37,48
20220113,biomass,5.8,48
20220113,coal,3.04,48
20220113,gas,47.83,48
20220113,hydro,2.0,48
20220113,imports,5.6,48
20220113,nuclear,13.88,48
20220113,other,0.0,48
20220113,solar,1.78,48
20220113,wind,20.07,48
20220114,biomass,6.88,48
20220114,coal,3.93,48
20220114,gas,53.74,48
20220114,hydro,2.98,48
20220114,imports,9.24,48
20220114,nuclear,14.68,48
20220114,other,0.0,48
20220114,solar,1.69,48
20220114,wind,6.87,48
20220115,biomass,6.08,48
20220115,coal,3.32,48
20220115,gas,50.97,48
20220115,hydro,2.78,48
20220115,imports,9.49,48
20220115,nuclear,15.86,48
20220115,other,0.0,48
20220115,solar,0.64,48
20220115,wind,10.85,48
20220116,biomass,7.77,48
20220116,coal,1.43,48
20220116,gas,33.52,48
20220116,hydro,1.71,48
20220116,imports,9.86,48
20220116,nuclear,15.95,48
20220116,other,0.0,48
20220116,solar,1.09,48
20220116,wind,28.66,48
20220117,biomass,7.14,48
20220117,coal,3.45,48
20220117,gas,45.6,48
20220117,hydro,2.2,48
20220117,imports,9.02,48
20220117,nuclear,13.61,48
20220117,other,0.0,48
20220117,solar,1.89,48
20220117,wind,17.07,48
20220118,biomass,6.42,48
20220118,coal,2.28,48
20220118,gas,49.07,48
20220118,hydro,1.69,48
20220118,imports,6.23,48
20220118,nuclear,13.27,48
20220118,other,0.0,48
20220118,solar,1.04,48
20220118,wind,20.0,48
20220119,biomass,4.34,48
20220119,coal,0.25,48
20220119,gas,36.9,48
20220119,hydro,1.33,48
20220119,imports,5.65,48
20220119,nuclear,13.34,48
20220119,other,0.0,48
20220119,solar,1.24,48
20220119,wind,36.93,48
20220120,biomass,4.44,48
20220120,coal,1.51,48
20220120,gas,45.31,48
20220120,hydro,1.59,48
20220120,imports,6.91,48
20220120,nuclear,13.34,48
20220120,other,0.0,48
20220120,solar,1.68,48
20220120,wind,25.24,48
20220121,biomass,6.48,48
20220121,coal,1.66,48
20220121,gas,47.82,48
20220121,hydro,1.17,48
20220121,imports,6.88,48
20220121,nuclear,13.3,48
20220121,other,0.0,48
20220121,solar,0.92,48
20220121,wind,21.76,48
20220122,biomass,8.12,48
20220122,coal,0.53,48
20220122,gas,43.61,48
20220122,hydro,1.19,48
20220122,imports,10.71,48
20220122,nuclear,15.07,48
20220122,other,0.0,48
20220122,solar,0.88,48
20220122,wind,19.9,48
20220123,biomass,8.39,48
20220123,coal,2.01,48
20220123,gas,43.33,48
20220123,hydro,1.27,48
20220123,imports,10.53,48
20220123,nuclear,15.5,48
20220123,other,0.0,48
20220123,solar,0.28,48
20220123,wind,18.67,48
20220124,biomass,8.04,48
20220124,coal,4.35,48
20220124,gas,51.72,48
20220124,hydro,2.66,48
20220124,imports,7.94,48
20220124,nuclear,13.85,48
20220124,other,0.0,48
20220124,solar,0.33,48
20220124,wind,11.12,48
20220125,biomass,7.79,48
20220125,coal,4.42,48
20220125,gas,54.12,48
20220125,hydro,2.04,48
20220125,imports,6.52,48
20220125,nuclear,13.52,48
20220125,other,0.0,48
20220125,solar,0.2,48
20220125,wind,11.38,48
20220126,biomass,7.55,48
20220126,coal,3.36,48
20220126,gas,36.95,48
20220126,hydro,1.23,48
20220126,imports,5.13,48
20220126,nuclear,13.19,48
20220126,other,0.0,48
20220126,solar,1.09,48
20220126,wind,31.51,48
20220127,biomass,4.54,48
20220127,coal,1.94,48
20220127,gas,32.41,48
20220127,hydro,1.84,48
20220127,imports,6.86,48
20220127,nuclear,13.83,48
20220127,other,0.0,48
20220127,solar,1.18,48
20220127,wind,37.41,48
20220128,biomass,6.38,48
20220128,coal,2.82,48
20220128,gas,37.63,48
20220128,hydro,1.8,48
20220128,imports,7.14,48
20220128,nuclear,13.77,48
20220128,other,0.0,48
20220128,solar,1.0,48
20220128,wind,29.46,48
20220129,biomass,4.65,48
20220129,coal,1.18,48
20220129,gas,14.99,48
20220129,hydro,1.57,48
20220129,imports,9.33,48
20220129,nuclear,15.11,48
20220129,other,0.0,48
20220129,solar,1.4,48
20220129,wind,51.76,48
20220130,biomass,5.21,48
20220130,coal,3.29,48
20220130,gas,28.68,48
20220130,hydro,2.16,48
20220130,imports,12.51,48
20220130,nuclear,16.21,48
20220130,other,0.0,48
20220130,solar,2.48,48
20220130,wind,29.44,48
20220131,biomass,4.59,48
20220131,coal,2.0,48
20220131,gas,24.25,48
20220131,hydro,1.71,48
20220131,imports,7.23,48
20220131,nuclear,13.62,48
20220131,other,0.0,48
20220131,solar,1.78,48
20220131,wind,44.83,48
20220201,biomass,4.03,48
20220201,coal,1.86,48
20220201,gas,20.13,48
20220201,hydro,1.37,48
20220201,imports,7.24,48
20220201,nuclear,14.26,48
20220201,other,0.0,48
20220201,solar,1.77,48
20220201,wind,49.36,48
20220202,biomass,6.69,48
20220202,coal,1.74,48
20220202,gas,32.42,48
20220202,hydro,1.75,48
20220202,imports,8.34,48
20220202,nuclear,14.26,48
20220202,other,0.0,48
20220202,solar,1.28,48
20220202,wind,33.5,48
20220203,biomass,7.27,48
20220203,coal,2.04,48
20220203,gas,28.22,48
20220203,hydro,1.78,48
20220203,imports,5.75,48
20220203,nuclear,14.24,48
20220203,other,0.0,48
20220203,solar,0.91,48
20220203,wind,39.79,48
20220204,biomass,6.38,48
20220204,coal,2.07,48
20220204,gas,19.04,48
20220204,hydro,2.13,48
20220204,imports,8.18,48
20220204,nuclear,14.86,48
20220204,other,0.0,48
20220204,solar,2.0,48
20220204,wind,45.34,48
20220205,biomass,4.36,48
20220205,coal,1.59,48
20220205,gas,12.35,48
20220205,hydro,1.82,48
20220205,imports,10.92,48
20220205,nuclear,16.52,48
20220205,other,0.0,48
20220205,solar,1.47,48
20220205,wind,50.96,48
20220206,biomass,4.07,48
20220206,coal,1.88,48
20220206,gas,10.51,48
20220206,hydro,1.94,48
20220206,imports,11.1,48
20220206,nuclear,16.82,48
20220206,other,0.0,48
20220206,solar,1.43,48
20220206,wind,52.25,48
20220207,biomass,5.75,48
20220207,coal,3.35,48
20220207,gas,26.06,48
20220207,hydro,2.38,48
20220207,imports,7.65,48
20220207,nuclear,15.9,48
20220207,other,0.0,48
20220207,solar,1.48,48
20220207,wind,37.44,48
20220208,biomass,5.51,48
20220208,coal,2.48,48
20220208,gas,21.04,48
20220208,hydro,2.09,48
20220208,imports,7.99,48
20220208,nuclear,15.88,48
20220208,other,0.0,48
20220208,solar,1.04,48
20220208,wind,43.96,48
20220209,biomass,7.29,48
20220209,coal,2.17,48
20220209,gas,25.63,48
20220209,hydro,2.64,48
20220209,imports,7.43,48
20220209,nuclear,16.23,48
20220209,other,0.0,48
20220209,solar,1.56,48
20220209,wind,37.06,48
20220210,biomass,7.89,48
20220210,coal,3.97,48
20220210,gas,26.12,48
20220210,hydro,2.51,48
20220210,imports,6.96,48
20220210,nuclear,14.0,48
20220210,other,0.0,48
20220210,solar,1.89,48
20220210,wind,36.67,48
20220211,biomass,7.66,48
20220211,coal,4.59,48
20220211,gas,37.16,48
20220211,hydro,2.21,48
20220211,imports,8.1,48
20220211,nuclear,13.66,48
20220211,other,0.0,48
20220211,solar,2.43,48
20220211,wind,24.19,48
20220212,biomass,3.93,48
20220212,coal,1.35,48
20220212,gas,15.53,48
20220212,hydro,1.9,48
20220212,imports,9.5,48
20220212,nuclear,13.5,48
20220212,other,0.0,48
20220212,solar,1.59,48
20220212,wind,52.69,48
20220213,biomass,6.36,48
20220213,coal,2.19,48
20220213,gas,21.0,48
20220213,hydro,2.76,48
20220213,imports,11.91,48
20220213,nuclear,14.1,48
20220213,other,0.0,48
20220213,solar,0.36,48
20220213,wind,41.31,48
20220214,biomass,6.63,48
20220214,coal,4.25,48
20220214,gas,22.24,48
20220214,hydro,2.73,48
20220214,imports,12.89,48
20220214,nuclear,13.09,48
20220214,other,0.0,48
20220214,solar,1.51,48
20220214,wind,36.66,48
20220215,biomass,6.96,48
20220215,coal,3.97,48
20220215,gas,24.14,48
20220215,hydro,2.35,48
20220215,imports,9.83,48
20220215,nuclear,12.87,48
20220215,other,0.0,48
20220215,solar,0.7,48
20220215,wind,39.19,48
20220216,biomass,5.71,48
20220216,coal,1.13,48
20220216,gas,15.45,48
20220216,hydro,2.7,48
20220216,imports,12.28,48
20220216,nuclear,14.01,48
20220216,other,0.0,48
20220216,solar,1.08,48
20220216,wind,47.64,48
20220217,biomass,5.25,48
20220217,coal,0.94,48
20220217,gas,16.7,48
20220217,hydro,2.77,48
20220217,imports,10.15,48
20220217,nuclear,15.39,48
20220217,other,0.0,48
20220217,solar,2.54,48
20220217,wind,46.23,48
20220218,biomass,5.76,48
20220218,coal,1.34,48
20220218,gas,20.14,48
20220218,hydro,2.86,48
20220218,imports,11.75,48
20220218,nuclear,16.08,48
20220218,other,0.0,48
20220218,solar,1.56,48
20220218,wind,40.5,48
20220219,biomass,4.15,48
20220219,coal,2.29,48
20220219,gas,23.05,48
20220219,hydro,3.41,48
20220219,imports,12.53,48
20220219,nuclear,15.6,48
20220219,other,0.0,48
20220219,solar,1.28,48
20220219,wind,37.69,48
20220220,biomass,4.32,48
20220220,coal,1.65,48
20220220,gas,12.32,48
20220220,hydro,2.87,48
20220220,imports,10.99,48
20220220,nuclear,14.84,48
20220220,other,0.0,48
20220220,solar,0.5,48
20220220,wind,52.5,48
20220221,biomass,5.33,48
20220221,coal,3.56,48
20220221,gas,21.46,48
20220221,hydro,3.21,48
20220221,imports,9.95,48
20220221,nuclear,13.42,48
20220221,other,0.0,48
20220221,solar,2.13,48
20220221,wind,40.94,48
20220222,biomass,7.55,48
20220222,coal,3.18,48
20220222,gas,19.01,48
20220222,hydro,2.63,48
20220222,imports,9.7,48
20220222,nuclear,13.38,48
20220222,other,0.0,48
20220222,solar,2.2,48
20220222,wind,42.35,48
20220223,biomass,7.66,48
20220223,coal,4.35,48
20220223,gas,17.01,48
20220223,hydro,2.81,48
20220223,imports,8.2,48
20220223,nuclear,13.47,48
20220223,other,0.0,48
20220223,solar,1.91,48
20220223,wind,44.59,48
20220224,biomass,7.06,48
20220224,coal,4.34,48
20220224,gas,13.0,48
20220224,hydro,2.96,48
20220224,imports,11.29,48
20220224,nuclear,13.39,48
20220224,other,0.0,48
20220224,solar,2.72,48
20220224,wind,45.23,48
20220225,biomass,7.03,48
20220225,coal,3.94,48
20220225,gas,26.28,48
20220225,hydro,3.24,48
20220225,imports,9.79,48
20220225,nuclear,13.76,48
20220225,other,0.0,48
20220225,solar,3.81,48
20220225,wind,32.15,48
20220226,biomass,5.02,48
20220226,coal,1.95,48
20220226,gas,18.77,48
20220226,hydro,2.52,48
20220226,imports,10.21,48
20220226,nuclear,16.46,48
20220226,other,0.0,48
20220226,solar,4.41,48
20220226,wind,40.63,48
20220227,biomass,4.43,48
20220227,coal,1.25,48
20220227,gas,10.97,48
20220227,hydro,2.47,48
20220227,imports,10.54,48
20220227,nuclear,17.28,48
20220227,other,0.0,48
20220227,solar,5.19,48
20220227,wind,47.88,48
20220228,biomass,7.03,48
20220228,coal,2.91,48
20220228,gas,27.19,48
20220228,hydro,2.53,48
20220228,imports,7.45,48
20220228,nuclear,16.54,48
20220228,other,0.0,48
20220228,solar,1.12,48
20220228,wind,35.25,48
20220301,biomass,8.03,48
20220301,coal,2.65,48
20220301,gas,41.92,48
20220301,hydro,3.31,48
20220301,imports,9.34,48
20220301,nuclear,16.91,48
20220301,other,0.0,48
20220301,solar,1.7,48
20220301,wind,16.12,48
20220302,biomass,7.51,48
20220302,coal,2.55,48
20220302,gas,31.86,48
20220302,hydro,2.33,48
20220302,imports,6.74,48
20220302,nuclear,16.17,48
20220302,other,0.0,48
20220302,solar,0.64,48
20220302,wind,32.19,48
20220303,biomass,7.99,48
20220303,coal,3.34,48
20220303,gas,35.25,48
20220303,hydro,2.93,48
20220303,imports,9.37,48
20220303,nuclear,17.08,48
20220303,other,0.0,48
20220303,solar,1.18,48
20220303,wind,22.84,48
20220304,biomass,7.94,48
20220304,coal,2.6,48
20220304,gas,42.74,48
20220304,hydro,2.84,48
20220304,imports,10.85,48
20220304,nuclear,18.36,48
20220304,other,0.0,48
20220304,solar,2.11,48
20220304,wind,12.55,48
20220305,biomass,6.87,48
20220305,coal,2.35,48
20220305,gas,31.39,48
20220305,hydro,2.61,48
20220305,imports,13.03,48
20220305,nuclear,19.5,48
20220305,other,0.0,48
20220305,solar,2.74,48
20220305,wind,21.52,48
20220306,biomass,5.98,48
20220306,coal,2.32,48
20220306,gas,32.67,48
20220306,hydro,2.35,48
20220306,imports,13.84,48
20220306,nuclear,18.58,48
20220306,other,0.0,48
20220306,solar,3.16,48
20220306,wind,21.11,48
20220307,biomass,5.61,48
20220307,coal,2.5,48
20220307,gas,35.12,48
20220307,hydro,2.04,48
20220307,imports,10.5,48
20220307,nuclear,16.57,48
20220307,other,0.0,48
20220307,solar,3.29,48
20220307,wind,24.35,48
20220308,biomass,5.49,48
20220308,coal,3.18,48
20220308,gas,18.44,48
20220308,hydro,1.49,48
20220308,imports,7.4,48
20220308,nuclear,16.01,48
20220308,other,0.0,48
20220308,solar,3.66,48
20220308,wind,44.32,48
20220309,biomass,5.55,48
20220309,coal,2.01,48
20220309,gas,23.84,48
20220309,hydro,1.64,48
20220309,imports,7.03,48
20220309,nuclear,17.03,48
20220309,other,0.0,48
20220309,solar,2.6,48
20220309,wind,40.3,48
20220310,biomass,5.28,48
20220310,coal,1.77,48
20220310,gas,23.29,48
20220310,hydro,1.55,48
20220310,imports,8.0,48
20220310,nuclear,19.25,48
20220310,other,0.0,48
20220310,solar,2.8,48
20220310,wind,38.07,48
20220311,biomass,3.71,48
20220311,coal,1.74,48
20220311,gas,17.06,48
20220311,hydro,1.42,48
20220311,imports,8.54,48
20220311,nuclear,18.17,48
20220311,other,0.0,48
20220311,solar,1.48,48
20220311,wind,47.88,48
20220312,biomass,3.77,48
20220312,coal,1.55,48
20220312,gas,14.21,48
20220312,hydro,1.96,48
20220312,imports,10.16,48
20220312,nuclear,17.89,48
20220312,other,0.0,48
20220312,solar,4.12,48
20220312,wind,46.33,48
20220313,biomass,4.79,48
20220313,coal,0.71,48
20220313,gas,17.16,48
20220313,hydro,2.51,48
20220313,imports,8.07,48
20220313,nuclear,17.78,48
20220313,other,0.0,48
20220313,solar,2.93,48
20220313,wind,46.08,48
20220314,biomass,6.12,48
20220314,coal,2.38,48
20220314,gas,36.23,48
20220314,hydro,2.88,48
20220314,imports,7.64,48
20220314,nuclear,16.63,48
20220314,other,0.0,48
20220314,solar,4.44,48
20220314,wind,23.66,48
20220315,biomass,6.21,48
20220315,coal,2.45,48
20220315,gas,41.39,48
20220315,hydro,2.48,48
20220315,imports,5.18,48
20220315,nuclear,16.52,48
20220315,other,0.0,48
20220315,solar,3.48,48
20220315,wind,22.31,48
20220316,biomass,5.96,48
20220316,coal,2.26,48
20220316,gas,47.46,48
20220316,hydro,2.32,48
20220316,imports,7.52,48
20220316,nuclear,15.78,48
20220316,other,0.0,48
20220316,solar,0.79,48
20220316,wind,17.93,48
20220317,biomass,5.6,48
20220317,coal,2.03,48
20220317,gas,29.05,48
20220317,hydro,1.64,48
20220317,imports,8.58,48
20220317,nuclear,16.76,48
20220317,other,0.0,48
20220317,solar,4.79,48
20220317,wind,31.55,48
20220318,biomass,6.02,48
20220318,coal,1.3,48
20220318,gas,35.73,48
20220318,hydro,1.59,48
20220318,imports,9.66,48
20220318,nuclear,17.96,48
20220318,other,0.0,48
20220318,solar,5.79,48
20220318,wind,21.95,48
20220319,biomass,3.41,48
20220319,coal,0.0,48
20220319,gas,11.94,48
20220319,hydro,1.49,48
20220319,imports,10.51,48
20220319,nuclear,19.54,48
20220319,other,0.0,48
20220319,solar,7.1,48
20220319,wind,46.02,48
20220320,biomass,4.97,48
20220320,coal,0.75,48
20220320,gas,25.89,48
20220320,hydro,1.74,48
20220320,imports,8.83,48
20220320,nuclear,19.32,48
20220320,other,0.0,48
20220320,solar,6.18,48
20220320,wind,32.3,48
20220321,biomass,6.27,48
20220321,coal,2.57,48
20220321,gas,47.97,48
20220321,hydro,1.74,48
20220321,imports,9.71,48
20220321,nuclear,17.97,48
20220321,other,0.0,48
20220321,solar,4.35,48
20220321,wind,9.42,48
20220322,biomass,4.44,48
20220322,coal,2.8,48
20220322,gas,45.27,48
20220322,hydro,1.87,48
20220322,imports,7.93,48
20220322,nuclear,18.2,48
20220322,other,0.0,48
20220322,solar,5.61,48
20220322,wind,13.9,48
20220323,biomass,6.25,48
20220323,coal,3.59,48
20220323,gas,50.8,48
20220323,hydro,1.91,48
20220323,imports,7.11,48
20220323,nuclear,18.24,48
20220323,other,0.0,48
20220323,solar,5.79,48
20220323,wind,6.31,48
20220324,biomass,4.8,48
20220324,coal,3.08,48
20220324,gas,54.44,48
20220324,hydro,2.02,48
20220324,imports,8.03,48
20220324,nuclear,18.05,48
20220324,other,0.0,48
20220324,solar,5.82,48
20220324,wind,3.75,48
20220325,biomass,3.17,48
20220325,coal,2.92,48
20220325,gas,54.03,48
20220325,hydro,1.57,48
20220325,imports,10.47,48
20220325,nuclear,16.62,48
20220325,other,0.0,48
20220325,solar,6.3,48
20220325,wind,4.92,48
20220326,biomass,3.47,48
20220326,coal,2.31,48
20220326,gas,44.31,48
20220326,hydro,1.23,48
20220326,imports,15.31,48
20220326,nuclear,18.27,48
20220326,other,0.0,48
20220326,solar,7.62,48
20220326,wind,7.46,48
20220327,biomass,5.18,46
20220327,coal,2.44,46
20220327,gas,46.83,46
20220327,hydro,1.3,46
20220327,imports,12.83,46
20220327,nuclear,19.66,46
20220327,other,0.0,46
20220327,solar,5.7,46
20220327,wind,6.06,46
20220328,biomass,5.85,48
20220328,coal,3.18,48
20220328,gas,58.81,48
20220328,hydro,1.51,48
20220328,imports,7.88,48
20220328,nuclear,16.4,48
20220328,other,0.0,48
20220328,solar,4.23,48
20220328,wind,2.15,48
20220329,biomass,6.11,48
20220329,coal,3.8,48
20220329,gas,56.3,48
20220329,hydro,1.89,48
20220329,imports,7.81,48
20220329,nuclear,16.05,48
20220329,other,0.0,48
20220329,solar,2.05,48
20220329,wind,6.0,48
20220330,biomass,5.72,48
20220330,coal,2.69,48
20220330,gas,44.83,48
20220330,hydro,1.39,48
20220330,imports,7.13,48
20220330,nuclear,15.19,48
20220330,other,0.0,48
20220330,solar,2.26,48
20220330,wind,20.81,48
20220331,biomass,5.49,48
20220331,coal,2.71,48
20220331,gas,28.14,48
20220331,hydro,1.2,48
20220331,imports,7.01,48
20220331,nuclear,14.74,48
20220331,other,0.0,48
20220331,solar,4.39,48
20220331,wind,36.31,48
20220401,biomass,5.6,48
20220401,coal,2.8,48
20220401,gas,40.85,48
20220401,hydro,0.95,48
20220401,imports,6.79,48
20220401,nuclear,14.65,48
20220401,other,0.0,48
20220401,solar,4.84,48
20220401,wind,23.53,48
20220402,biomass,5.17,48
20220402,coal,3.1,48
20220402,gas,53.3,48
20220402,hydro,0.88,48
20220402,imports,7.96,48
20220402,nuclear,16.53,48
20220402,other,0.0,48
20220402,solar,5.15,48
20220402,wind,7.88,48
20220403,biomass,6.46,48
20220403,coal,1.67,48
20220403,gas,43.35,48
20220403,hydro,1.19,48
20220403,imports,5.73,48
20220403,nuclear,16.71,48
20220403,other,0.0,48
20220403,solar,4.94,48
20220403,wind,19.95,48
20220404,biomass,5.58,48
20220404,coal,1.67,48
20220404,gas,24.69,48
20220404,hydro,0.91,48
20220404,imports,5.36,48
20220404,nuclear,15.06,48
20220404,other,0.0,48
20220404,solar,1.72,48
20220404,wind,45.0,48
20220405,biomass,5.55,48
20220405,coal,1.8,48
20220405,gas,25.22,48
20220405,hydro,1.54,48
20220405,imports,6.34,48
20220405,nuclear,15.65,48
20220405,other,0.0,48
20220405,solar,2.84,48
20220405,wind,41.09,48
20220406,biomass,4.35,48
20220406,coal,1.9,48
20220406,gas,19.57,48
20220406,hydro,1.47,48
20220406,imports,7.05,48
20220406,nuclear,15.68,48
20220406,other,0.0,48
20220406,solar,3.3,48
20220406,wind,46.68,48
20220407,biomass,3.16,48
20220407,coal,2.33,48
20220407,gas,19.3,48
20220407,hydro,1.7,48
20220407,imports,6.74,48
20220407,nuclear,15.4,48
20220407,other,0.0,48
20220407,solar,4.53,48
20220407,wind,46.85,48
20220408,biomass,3.5,48
20220408,coal,2.29,48
20220408,gas,39.46,48
20220408,hydro,1.74,48
20220408,imports,5.25,48
20220408,nuclear,16.14,48
20220408,other,0.0,48
20220408,solar,4.94,48
20220408,wind,26.68,48
20220409,biomass,3.81,48
20220409,coal,2.32,48
20220409,gas,33.54,48
20220409,hydro,1.54,48
20220409,imports,9.14,48
20220409,nuclear,17.41,48
20220409,other,0.0,48
20220409,solar,6.83,48
20220409,wind,25.4,48
20220410,biomass,4.5,48
20220410,coal,1.39,48
20220410,gas,45.74,48
20220410,hydro,1.3,48
20220410,imports,11.87,48
20220410,nuclear,18.83,48
20220410,other,0.0,48
20220410,solar,7.04,48
20220410,wind,9.34,48
20220411,biomass,4.21,48
20220411,coal,0.51,48
20220411,gas,24.89,48
20220411,hydro,1.49,48
20220411,imports,8.16,48
20220411,nuclear,17.21,48
20220411,other,0.0,48
20220411,solar,4.8,48
20220411,wind,38.71,48
20220412,biomass,3.38,48
20220412,coal,1.51,48
20220412,gas,39.31,48
20220412,hydro,1.23,48
20220412,imports,5.8,48
20220412,nuclear,17.5,48
20220412,other,0.0,48
20220412,solar,2.51,48
20220412,wind,28.81,48
20220413,biomass,4.54,48
20220413,coal,1.6,48
20220413,gas,49.31,48
20220413,hydro,1.56,48
20220413,imports,3.09,48
20220413,nuclear,18.42,48
20220413,other,0.0,48
20220413,solar,3.53,48
20220413,wind,17.96,48
20220414,biomass,4.71,48
20220414,coal,1.4,48
20220414,gas,58.2,48
20220414,hydro,1.48,48
20220414,imports,4.2,48
20220414,nuclear,19.96,48
20220414,other,0.0,48
20220414,solar,4.39,48
20220414,wind,5.65,48
20220415,biomass,4.91,48
20220415,coal,0.0,48
20220415,gas,48.76,48
20220415,hydro,1.2,48
20220415,imports,1.61,48
20220415,nuclear,21.79,48
20220415,other,0.0,48
20220415,solar,6.4,48
20220415,wind,15.33,48
20220416,biomass,6.03,48
20220416,coal,0.0,48
20220416,gas,26.48,48
20220416,hydro,1.67,48
20220416,imports,6.93,48
20220416,nuclear,24.44,48
20220416,other,0.0,48
20220416,solar,7.92,48
20220416,wind,26.55,48
20220417,biomass,7.41,48
20220417,coal,0.0,48
20220417,gas,18.19,48
20220417,hydro,1.61,48
20220417,imports,7.69,48
20220417,nuclear,25.13,48
20220417,other,0.0,48
20220417,solar,7.61,48
20220417,wind,32.37,48
20220418,biomass,7.61,48
20220418,coal,0.0,48
20220418,gas,34.35,48
20220418,hydro,1.61,48
20220418,imports,4.77,48
20220418,nuclear,23.41,48
20220418,other,0.0,48
20220418,solar,7.04,48
20220418,wind,21.2,48
20220419,biomass,7.91,48
20220419,coal,0.35,48
20220419,gas,57.33,48
20220419,hydro,1.47,48
20220419,imports,2.96,48
20220419,nuclear,15.12,48
20220419,other,0.0,48
20220419,solar,5.1,48
20220419,wind,9.75,48
20220420,biomass,7.63,48
20220420,coal,0.0,48
20220420,gas,51.27,48
20220420,hydro,1.26,48
20220420,imports,1.65,48
20220420,nuclear,14.36,48
20220420,other,0.0,48
20220420,solar,6.97,48
20220420,wind,16.88,48
20220421,biomass,6.8,48
20220421,coal,0.0,48
20220421,gas,42.05,48
20220421,hydro,1.12,48
20220421,imports,2.09,48
20220421,nuclear,14.27,48
20220421,other,0.0,48
20220421,solar,7.35,48
20220421,wind,26.32,48
20220422,biomass,1.74,48
20220422,coal,0.0,48
20220422,gas,33.57,48
20220422,hydro,1.08,48
20220422,imports,2.3,48
20220422,nuclear,15.29,48
20220422,other,0.0,48
20220422,solar,4.62,48
20220422,wind,41.43,48
20220423,biomass,1.86,48
20220423,coal,0.0,48
20220423,gas,14.69,48
20220423,hydro,1.21,48
20220423,imports,6.94,48
20220423,nuclear,18.21,48
20220423,other,0.0,48
20220423,solar,5.77,48
20220423,wind,51.33,48
20220424,biomass,1.9,48
20220424,coal,0.0,48
20220424,gas,21.38,48
20220424,hydro,1.12,48
20220424,imports,6.35,48
20220424,nuclear,20.55,48
20220424,other,0.0,48
20220424,solar,8.05,48
20220424,wind,40.64,48
20220425,biomass,5.92,48
20220425,coal,0.5,48
20220425,gas,50.67,48
20220425,hydro,1.87,48
20220425,imports,2.04,48
20220425,nuclear,18.48,48
20220425,other,0.0,48
20220425,solar,5.12,48
20220425,wind,15.4,48
20220426,biomass,6.74,48
20220426,coal,0.45,48
20220426,gas,57.06,48
20220426,hydro,1.33,48
20220426,imports,0.83,48
20220426,nuclear,17.56,48
20220426,other,0.0,48
20220426,solar,5.77,48
20220426,wind,10.27,48
20220427,biomass,7.48,48
20220427,coal,0.0,48
20220427,gas,57.34,48
20220427,hydro,1.6,48
20220427,imports,2.54,48
20220427,nuclear,17.76,48
20220427,other,0.0,48
20220427,solar,3.97,48
20220427,wind,9.31,48
20220428,biomass,7.44,48
20220428,coal,0.92,48
20220428,gas,58.85,48
20220428,hydro,1.66,48
20220428,imports,3.07,48
20220428,nuclear,17.85,48
20220428,other,0.0,48
20220428,solar,3.98,48
20220428,wind,6.25,48
20220429,biomass,6.07,48
20220429,coal,0.25,48
20220429,gas,61.74,48
20220429,hydro,1.41,48
20220429,imports,1.19,48
20220429,nuclear,17.9,48
20220429,other,0.0,48
20220429,solar,5.6,48
20220429,wind,5.82,48
20220430,biomass,4.43,48
20220430,coal,0.0,48
20220430,gas,58.07,48
20220430,hydro,1.0,48
20220430,imports,0.44,48
20220430,nuclear,18.35,48
20220430,other,0.0,48
20220430,solar,7.03,48
20220430,wind,10.68,48
20220501,biomass,5.68,48
20220501,coal,0.0,48
20220501,gas,59.93,48
20220501,hydro,1.56,48
20220501,imports,0.98,48
20220501,nuclear,20.48,48
20220501,other,0.0,48
20220501,solar,2.91,48
20220501,wind,8.46,48
20220502,biomass,6.02,48
20220502,coal,0.0,48
20220502,gas,62.89,48
20220502,hydro,1.61,48
20220502,imports,0.96,48
20220502,nuclear,20.62,48
20220502,other,0.0,48
20220502,solar,3.0,48
20220502,wind,4.9,48
20220503,biomass,6.02,48
20220503,coal,0.18,48
20220503,gas,59.5,48
20220503,hydro,1.95,48
20220503,imports,3.41,48
20220503,nuclear,20.43,48
20220503,other,0.0,48
20220503,solar,3.3,48
20220503,wind,5.19,48
20220504,biomass,5.67,48
20220504,coal,0.36,48
20220504,gas,54.58,48
20220504,hydro,1.32,48
20220504,imports,0.53,48
20220504,nuclear,18.98,48
20220504,other,0.0,48
20220504,solar,3.89,48
20220504,wind,14.68,48
20220505,biomass,5.56,48
20220505,coal,0.06,48
20220505,gas,55.0,48
20220505,hydro,1.67,48
20220505,imports,0.86,48
20220505,nuclear,19.16,48
20220505,other,0.0,48
20220505,solar,5.96,48
20220505,wind,11.72,48
20220506,biomass,3.94,48
20220506,coal,0.0,48
20220506,gas,51.06,48
20220506,hydro,1.76,48
20220506,imports,0.45,48
20220506,nuclear,18.81,48
20220506,other,0.0,48
20220506,solar,4.73,48
20220506,wind,19.24,48
20220507,biomass,1.6,48
20220507,coal,0.0,48
20220507,gas,63.45,48
20220507,hydro,2.01,48
20220507,imports,0.19,48
20220507,nuclear,18.42,48
20220507,other,0.0,48
20220507,solar,6.67,48
20220507,wind,7.68,48
20220508,biomass,1.1,48
20220508,coal,0.0,48
20220508,gas,49.71,48
20220508,hydro,1.59,48
20220508,imports,2.19,48
20220508,nuclear,18.68,48
20220508,other,0.0,48
20220508,solar,8.19,48
20220508,wind,18.54,48
20220509,biomass,4.42,48
20220509,coal,0.0,48
20220509,gas,39.2,48
20220509,hydro,0.75,48
20220509,imports,0.73,48
20220509,nuclear,15.98,48
20220509,other,0.0,48
20220509,solar,5.09,48
20220509,wind,33.83,48
20220510,biomass,3.04,48
20220510,coal,0.0,48
20220510,gas,28.31,48
20220510,hydro,1.29,48
20220510,imports,0.79,48
20220510,nuclear,16.31,48
20220510,other,0.0,48
20220510,solar,5.4,48
20220510,wind,44.84,48
20220511,biomass,5.03,48
20220511,coal,0.0,48
20220511,gas,33.6,48
20220511,hydro,1.31,48
20220511,imports,1.36,48
20220511,nuclear,16.31,48
20220511,other,0.0,48
20220511,solar,3.88,48
20220511,wind,38.53,48
20220512,biomass,6.32,48
20220512,coal,0.0,48
20220512,gas,37.76,48
20220512,hydro,0.99,48
20220512,imports,0.71,48
20220512,nuclear,16.39,48
20220512,other,0.0,48
20220512,solar,5.35,48
20220512,wind,32.5,48
20220513,biomass,3.2,48
20220513,coal,0.0,48
20220513,gas,25.15,48
20220513,hydro,1.36,48
20220513,imports,1.46,48
20220513,nuclear,16.38,48
20220513,other,0.0,48
20220513,solar,6.33,48
20220513,wind,46.12,48
20220514,biomass,2.21,48
20220514,coal,0.0,48
20220514,gas,53.75,48
20220514,hydro,2.85,48
20220514,imports,1.11,48
20220514,nuclear,18.61,48
20220514,other,0.0,48
20220514,solar,9.12,48
20220514,wind,12.34,48
20220515,biomass,0.94,48
20220515,coal,0.0,48
20220515,gas,43.52,48
20220515,hydro,1.42,48
20220515,imports,1.88,48
20220515,nuclear,19.49,48
20220515,other,0.0,48
20220515,solar,4.22,48
20220515,wind,28.52,48
20220516,biomass,2.02,48
20220516,coal,0.0,48
20220516,gas,40.81,48
20220516,hydro,1.67,48
20220516,imports,0.97,48
20220516,nuclear,17.64,48
20220516,other,0.0,48
20220516,solar,4.18,48
20220516,wind,32.72,48
20220517,biomass,1.83,48
20220517,coal,0.0,48
20220517,gas,43.93,48
20220517,hydro,1.27,48
20220517,imports,1.1,48
20220517,nuclear,17.92,48
20220517,other,0.0,48
20220517,solar,6.0,48
20220517,wind,27.96,48
20220518,biomass,1.69,48
20220518,coal,0.0,48
20220518,gas,36.72,48
20220518,hydro,1.14,48
20220518,imports,0.59,48
20220518,nuclear,17.72,48
20220518,other,0.0,48
20220518,solar,6.46,48
20220518,wind,35.67,48
20220519,biomass,2.15,48
20220519,coal,0.0,48
20220519,gas,48.4,48
20220519,hydro,1.84,48
20220519,imports,0.6,48
20220519,nuclear,17.94,48
20220519,other,0.0,48
20220519,solar,6.84,48
20220519,wind,22.24,48
20220520,biomass,1.71,48
20220520,coal,0.0,48
20220520,gas,48.71,48
20220520,hydro,1.22,48
20220520,imports,0.59,48
20220520,nuclear,17.22,48
20220520,other,0.0,48
20220520,solar,4.17,48
20220520,wind,26.39,48
20220521,biomass,1.11,48
20220521,coal,0.0,48
20220521,gas,39.8,48
20220521,hydro,1.75,48
20220521,imports,1.77,48
20220521,nuclear,17.91,48
20220521,other,0.0,48
20220521,solar,7.43,48
20220521,wind,30.23,48
20220522,biomass,1.05,48
20220522,coal,0.0,48
20220522,gas,42.6,48
20220522,hydro,1.5,48
20220522,imports,1.53,48
20220522,nuclear,17.86,48
20220522,other,0.0,48
20220522,solar,7.75,48
20220522,wind,27.73,48
20220523,biomass,5.44,48
20220523,coal,0.0,48
20220523,gas,56.07,48
20220523,hydro,2.38,48
20220523,imports,1.85,48
20220523,nuclear,17.8,48
20220523,other,0.0,48
20220523,solar,4.39,48
20220523,wind,12.08,48
20220524,biomass,6.27,48
20220524,coal,0.0,48
20220524,gas,45.54,48
20220524,hydro,1.55,48
20220524,imports,1.35,48
20220524,nuclear,17.26,48
20220524,other,0.0,48
20220524,solar,6.91,48
20220524,wind,21.12,48
20220525,biomass,3.54,48
20220525,coal,0.0,48
20220525,gas,28.29,48
20220525,hydro,1.21,48
20220525,imports,2.81,48
20220525,nuclear,16.03,48
20220525,other,0.0,48
20220525,solar,3.88,48
20220525,wind,44.24,48
20220526,biomass,2.07,48
20220526,coal,0.0,48
20220526,gas,23.19,48
20220526,hydro,1.16,48
20220526,imports,4.39,48
20220526,nuclear,16.89,48
20220526,other,0.0,48
20220526,solar,4.21,48
20220526,wind,48.11,48
20220527,biomass,1.67,48
20220527,coal,0.0,48
20220527,gas,21.19,48
20220527,hydro,1.55,48
20220527,imports,5.32,48
20220527,nuclear,16.54,48
20220527,other,0.0,48
20220527,solar,8.18,48
20220527,wind,45.56,48
20220528,biomass,1.34,48
20220528,coal,0.0,48
20220528,gas,34.73,48
20220528,hydro,1.64,48
20220528,imports,6.03,48
20220528,nuclear,19.21,48
20220528,other,0.0,48
20220528,solar,8.39,48
20220528,wind,28.64,48
20220529,biomass,1.96,48
20220529,coal,0.0,48
20220529,gas,33.83,48
20220529,hydro,2.44,48
20220529,imports,5.27,48
20220529,nuclear,22.0,48
20220529,other,0.0,48
20220529,solar,7.12,48
20220529,wind,27.39,48
20220530,biomass,5.0,48
20220530,coal,0.0,48
20220530,gas,59.33,48
20220530,hydro,1.99,48
20220530,imports,2.7,48
20220530,nuclear,17.89,48
20220530,other,0.0,48
20220530,solar,4.74,48
20220530,wind,8.37,48
20220531,biomass,7.31,48
20220531,coal,0.0,48
20220531,gas,57.66,48
20220531,hydro,1.61,48
20220531,imports,2.02,48
20220531,nuclear,17.21,48
20220531,other,0.0,48
20220531,solar,5.75,48
20220531,wind,8.45,48
20220601,biomass,8.08,48
20220601,coal,0.0,48
20220601,gas,60.53,48
20220601,hydro,1.86,48
20220601,imports,2.13,48
20220601,nuclear,16.85,48
20220601,other,0.0,48
20220601,solar,6.37,48
20220601,wind,4.19,48
20220602,biomass,6.9,48
20220602,coal,0.0,48
20220602,gas,59.65,48
20220602,hydro,1.62,48
20220602,imports,0.53,48
20220602,nuclear,18.81,48
20220602,other,0.0,48
20220602,solar,7.98,48
20220602,wind,4.52,48
20220603,biomass,5.68,48
20220603,coal,0.0,48
20220603,gas,47.62,48
20220603,hydro,1.15,48
20220603,imports,0.13,48
20220603,nuclear,19.13,48
20220603,other,0.0,48
20220603,solar,6.69,48
20220603,wind,19.63,48
20220604,biomass,6.02,48
20220604,coal,0.0,48
20220604,gas,32.92,48
20220604,hydro,1.01,48
20220604,imports,2.37,48
20220604,nuclear,20.25,48
20220604,other,0.0,48
20220604,solar,6.84,48
20220604,wind,30.58,48
20220605,biomass,5.56,48
20220605,coal,0.0,48
20220605,gas,38.64,48
20220605,hydro,1.45,48
20220605,imports,1.36,48
20220605,nuclear,22.85,48
20220605,other,0.0,48
20220605,solar,4.75,48
20220605,wind,25.37,48
20220606,biomass,7.86,48
20220606,coal,0.0,48
20220606,gas,46.46,48
20220606,hydro,1.51,48
20220606,imports,4.33,48
20220606,nuclear,21.09,48
20220606,other,0.0,48
20220606,solar,3.79,48
20220606,wind,14.95,48
20220607,biomass,7.64,48
20220607,coal,0.0,48
20220607,gas,53.82,48
20220607,hydro,1.59,48
20220607,imports,1.78,48
20220607,nuclear,20.46,48
20220607,other,0.0,48
20220607,solar,5.89,48
20220607,wind,8.82,48
20220608,biomass,6.46,48
20220608,coal,0.0,48
20220608,gas,45.54,48
20220608,hydro,1.03,48
20220608,imports,1.55,48
20220608,nuclear,19.85,48
20220608,other,0.0,48
20220608,solar,6.18,48
20220608,wind,19.39,48
20220609,biomass,4.83,48
20220609,coal,0.0,48
20220609,gas,42.83,48
20220609,hydro,0.94,48
20220609,imports,1.17,48
20220609,nuclear,19.63,48
20220609,other,0.0,48
20220609,solar,4.5,48
20220609,wind,26.1,48
20220610,biomass,2.76,48
20220610,coal,0.0,48
20220610,gas,27.4,48
20220610,hydro,0.77,48
20220610,imports,1.71,48
20220610,nuclear,19.58,48
20220610,other,0.0,48
20220610,solar,7.51,48
20220610,wind,40.28,48
20220611,biomass,3.64,48
20220611,coal,0.0,48
20220611,gas,18.39,48
20220611,hydro,1.21,48
20220611,imports,2.16,48
20220611,nuclear,21.45,48
20220611,other,0.0,48
20220611,solar,7.77,48
20220611,wind,45.38,48
20220612,biomass,4.85,48
20220612,coal,0.0,48
20220612,gas,20.06,48
20220612,hydro,1.17,48
20220612,imports,4.58,48
20220612,nuclear,22.65,48
20220612,other,0.0,48
20220612,solar,8.31,48
20220612,wind,38.38,48
20220613,biomass,4.44,48
20220613,coal,0.0,48
20220613,gas,39.16,48
20220613,hydro,1.75,48
20220613,imports,3.95,48
20220613,nuclear,21.03,48
20220613,other,0.0,48
20220613,solar,6.54,48
20220613,wind,23.13,48
20220614,biomass,5.56,48
20220614,coal,0.0,48
20220614,gas,51.04,48
20220614,hydro,1.68,48
20220614,imports,3.2,48
20220614,nuclear,20.68,48
20220614,other,0.0,48
20220614,solar,8.24,48
20220614,wind,9.6,48
20220615,biomass,6.32,48
20220615,coal,0.0,48
20220615,gas,52.19,48
20220615,hydro,1.35,48
20220615,imports,2.44,48
20220615,nuclear,20.57,48
20220615,other,0.0,48
20220615,solar,8.7,48
20220615,wind,8.43,48
20220616,biomass,5.37,48
20220616,coal,0.02,48
20220616,gas,51.19,48
20220616,hydro,1.41,48
20220616,imports,5.25,48
20220616,nuclear,20.06,48
20220616,other,0.0,48
20220616,solar,7.64,48
20220616,wind,9.04,48
20220617,biomass,4.2,48
20220617,coal,0.57,48
20220617,gas,30.4,48
20220617,hydro,0.79,48
20220617,imports,2.6,48
20220617,nuclear,19.79,48
20220617,other,0.0,48
20220617,solar,7.54,48
20220617,wind,34.1,48
20220618,biomass,3.18,48
20220618,coal,0.0,48
20220618,gas,38.0,48
20220618,hydro,0.81,48
20220618,imports,3.98,48
20220618,nuclear,20.98,48
20220618,other,0.0,48
20220618,solar,3.74,48
20220618,wind,29.32,48
20220619,biomass,3.28,48
20220619,coal,0.0,48
20220619,gas,29.59,48
20220619,hydro,1.11,48
20220619,imports,5.27,48
20220619,nuclear,22.3,48
20220619,other,0.0,48
20220619,solar,5.78,48
20220619,wind,32.67,48
20220620,biomass,3.86,48
20220620,coal,0.39,48
20220620,gas,46.75,48
20220620,hydro,1.7,48
20220620,imports,3.43,48
20220620,nuclear,18.78,48
20220620,other,0.0,48
20220620,solar,8.66,48
20220620,wind,16.44,48
20220621,biomass,4.17,48
20220621,coal,0.62,48
20220621,gas,56.0,48
20220621,hydro,1.97,48
20220621,imports,4.02,48
20220621,nuclear,18.8,48
20220621,other,0.0,48
20220621,solar,8.18,48
20220621,wind,6.26,48
20220622,biomass,4.82,48
20220622,coal,0.63,48
20220622,gas,54.25,48
20220622,hydro,1.14,48
20220622,imports,2.49,48
20220622,nuclear,18.06,48
20220622,other,0.0,48
20220622,solar,8.23,48
20220622,wind,10.35,48
20220623,biomass,4.59,48
20220623,coal,1.49,48
20220623,gas,54.1,48
20220623,hydro,1.44,48
20220623,imports,4.02,48
20220623,nuclear,18.38,48
20220623,other,0.0,48
20220623,solar,5.53,48
20220623,wind,10.45,48
20220624,biomass,4.68,48
20220624,coal,0.08,48
20220624,gas,51.7,48
20220624,hydro,1.26,48
20220624,imports,2.3,48
20220624,nuclear,18.6,48
20220624,other,0.0,48
20220624,solar,4.16,48
20220624,wind,17.23,48
20220625,biomass,2.49,48
20220625,coal,0.0,48
20220625,gas,22.25,48
20220625,hydro,0.73,48
20220625,imports,1.9,48
20220625,nuclear,19.45,48
20220625,other,0.0,48
20220625,solar,7.56,48
20220625,wind,45.65,48
20220626,biomass,2.74,48
20220626,coal,0.0,48
20220626,gas,21.27,48
20220626,hydro,0.66,48
20220626,imports,1.14,48
20220626,nuclear,17.46,48
20220626,other,0.0,48
20220626,solar,7.74,48
20220626,wind,48.96,48
20220627,biomass,2.83,48
20220627,coal,0.0,48
20220627,gas,46.73,48
20220627,hydro,1.47,48
20220627,imports,1.33,48
20220627,nuclear,16.76,48
20220627,other,0.0,48
20220627,solar,6.29,48
20220627,wind,24.58,48
20220628,biomass,2.5,48
20220628,coal,0.0,48
20220628,gas,39.54,48
20220628,hydro,0.79,48
20220628,imports,1.18,48
20220628,nuclear,15.75,48
20220628,other,0.0,48
20220628,solar,4.76,48
20220628,wind,35.47,48
20220629,biomass,4.28,48
20220629,coal,0.08,48
20220629,gas,47.72,48
20220629,hydro,1.72,48
20220629,imports,2.86,48
20220629,nuclear,16.73,48
20220629,other,0.0,48
20220629,solar,5.05,48
20220629,wind,21.56,48
20220630,biomass,5.2,48
20220630,coal,1.31,48
20220630,gas,56.38,48
20220630,hydro,2.01,48
20220630,imports,5.71,48
20220630,nuclear,17.25,48
20220630,other,0.0,48
20220630,solar,5.47,48
20220630,wind,6.69,48
20220701,biomass,5.58,48
20220701,coal,0.75,48
20220701,gas,52.49,48
20220701,hydro,1.58,48
20220701,imports,2.35,48
20220701,nuclear,16.86,48
20220701,other,0.0,48
20220701,solar,5.65,48
20220701,wind,14.76,48
20220702,biomass,4.36,48
20220702,coal,0.0,48
20220702,gas,40.81,48
20220702,hydro,1.23,48
20220702,imports,2.79,48
20220702,nuclear,17.43,48
20220702,other,0.0,48
20220702,solar,6.02,48
20220702,wind,27.37,48
20220703,biomass,5.06,48
20220703,coal,0.12,48
20220703,gas,43.17,48
20220703,hydro,0.78,48
20220703,imports,4.35,48
20220703,nuclear,18.31,48
20220703,other,0.0,48
20220703,solar,6.77,48
20220703,wind,21.42,48
20220704,biomass,5.32,48
20220704,coal,0.0,48
20220704,gas,35.57,48
20220704,hydro,0.74,48
20220704,imports,2.35,48
20220704,nuclear,15.93,48
20220704,other,0.0,48
20220704,solar,5.97,48
20220704,wind,34.12,48
20220705,biomass,6.88,48
20220705,coal,1.68,48
20220705,gas,45.73,48
20220705,hydro,1.88,48
20220705,imports,4.91,48
20220705,nuclear,16.0,48
20220705,other,0.0,48
20220705,solar,6.06,48
20220705,wind,16.86,48
20220706,biomass,6.16,48
20220706,coal,0.69,48
20220706,gas,31.92,48
20220706,hydro,0.58,48
20220706,imports,4.19,48
20220706,nuclear,14.84,48
20220706,other,0.0,48
20220706,solar,4.71,48
20220706,wind,36.91,48
20220707,biomass,6.15,48
20220707,coal,0.95,48
20220707,gas,40.45,48
20220707,hydro,1.28,48
20220707,imports,3.9,48
20220707,nuclear,14.49,48
20220707,other,0.0,48
20220707,solar,6.06,48
20220707,wind,26.72,48
20220708,biomass,6.11,48
20220708,coal,1.8,48
20220708,gas,46.47,48
20220708,hydro,1.17,48
20220708,imports,4.59,48
20220708,nuclear,14.69,48
20220708,other,0.0,48
20220708,solar,7.56,48
20220708,wind,17.61,48
20220709,biomass,5.3,48
20220709,coal,0.39,48
20220709,gas,40.74,48
20220709,hydro,1.16,48
20220709,imports,7.55,48
20220709,nuclear,15.95,48
20220709,other,0.0,48
20220709,solar,8.84,48
20220709,wind,20.09,48
20220710,biomass,7.74,48
20220710,coal,0.86,48
20220710,gas,45.47,48
20220710,hydro,1.15,48
20220710,imports,8.07,48
20220710,nuclear,17.55,48
20220710,other,0.0,48
20220710,solar,10.38,48
20220710,wind,8.77,48
20220711,biomass,6.97,48
20220711,coal,1.73,48
20220711,gas,50.45,48
20220711,hydro,1.72,48
20220711,imports,3.01,48
20220711,nuclear,15.11,48
20220711,other,0.0,48
20220711,solar,7.48,48
20220711,wind,13.51,48
20220712,biomass,8.14,48
20220712,coal,1.72,48
20220712,gas,42.75,48
20220712,hydro,1.59,48
20220712,imports,3.31,48
20220712,nuclear,14.3,48
20220712,other,0.0,48
20220712,solar,4.1,48
20220712,wind,24.08,48
20220713,biomass,7.07,48
20220713,coal,2.21,48
20220713,gas,42.82,48
20220713,hydro,1.1,48
20220713,imports,5.26,48
20220713,nuclear,14.7,48
20220713,other,0.0,48
20220713,solar,6.63,48
20220713,wind,20.21,48
20220714,biomass,7.09,48
20220714,coal,1.95,48
20220714,gas,48.26,48
20220714,hydro,1.23,48
20220714,imports,6.35,48
20220714,nuclear,15.81,48
20220714,other,0.0,48
20220714,solar,7.48,48
20220714,wind,11.82,48
20220715,biomass,5.56,48
20220715,coal,1.25,48
20220715,gas,48.84,48
20220715,hydro,1.02,48
20220715,imports,4.55,48
20220715,nuclear,16.44,48
20220715,other,0.0,48
20220715,solar,6.24,48
20220715,wind,16.1,48
20220716,biomass,5.8,48
20220716,coal,0.22,48
20220716,gas,50.26,48
20220716,hydro,0.88,48
20220716,imports,7.42,48
20220716,nuclear,18.04,48
20220716,other,0.0,48
20220716,solar,8.83,48
20220716,wind,8.54,48
20220717,biomass,5.87,48
20220717,coal,0.18,48
20220717,gas,44.01,48
20220717,hydro,0.82,48
20220717,imports,4.1,48
20220717,nuclear,18.22,48
20220717,other,0.0,48
20220717,solar,8.05,48
20220717,wind,18.75,48
20220718,biomass,6.82,48
20220718,coal,1.59,48
20220718,gas,48.11,48
20220718,hydro,2.19,48
20220718,imports,4.89,48
20220718,nuclear,15.44,48
20220718,other,0.0,48
20220718,solar,7.09,48
20220718,wind,13.89,48
20220719,biomass,6.84,48
20220719,coal,0.8,48
20220719,gas,45.6,48
20220719,hydro,1.64,48
20220719,imports,3.44,48
20220719,nuclear,14.85,48
20220719,other,0.0,48
20220719,solar,6.34,48
20220719,wind,20.5,48
20220720,biomass,7.17,48
20220720,coal,0.72,48
20220720,gas,42.91,48
20220720,hydro,0.66,48
20220720,imports,3.87,48
20220720,nuclear,15.08,48
20220720,other,0.0,48
20220720,solar,6.05,48
20220720,wind,23.52,48
20220721,biomass,8.09,48
20220721,coal,1.91,48
20220721,gas,49.04,48
20220721,hydro,1.44,48
20220721,imports,3.83,48
20220721,nuclear,15.12,48
20220721,other,0.0,48
20220721,solar,5.44,48
20220721,wind,15.14,48
20220722,biomass,8.79,48
20220722,coal,1.48,48
20220722,gas,55.2,48
20220722,hydro,1.95,48
20220722,imports,5.19,48
20220722,nuclear,15.8,48
20220722,other,0.0,48
20220722,solar,5.27,48
20220722,wind,6.33,48
20220723,biomass,5.49,48
20220723,coal,0.33,48
20220723,gas,42.23,48
20220723,hydro,0.92,48
20220723,imports,4.02,48
20220723,nuclear,17.03,48
20220723,other,0.0,48
20220723,solar,5.42,48
20220723,wind,24.57,48
20220724,biomass,2.64,48
20220724,coal,0.41,48
20220724,gas,20.94,48
20220724,hydro,0.96,48
20220724,imports,3.93,48
20220724,nuclear,17.37,48
20220724,other,0.0,48
20220724,solar,6.02,48
20220724,wind,47.78,48
20220725,biomass,5.13,48
20220725,coal,1.61,48
20220725,gas,32.44,48
20220725,hydro,0.99,48
20220725,imports,2.07,48
20220725,nuclear,15.79,48
20220725,other,0.0,48
20220725,solar,4.26,48
20220725,wind,37.7,48
20220726,biomass,6.41,48
20220726,coal,2.96,48
20220726,gas,46.36,48
20220726,hydro,1.65,48
20220726,imports,5.52,48
20220726,nuclear,15.66,48
20220726,other,0.0,48
20220726,solar,5.48,48
20220726,wind,15.95,48
20220727,biomass,8.16,48
20220727,coal,3.42,48
20220727,gas,53.22,48
20220727,hydro,1.28,48
20220727,imports,6.79,48
20220727,nuclear,15.95,48
20220727,other,0.0,48
20220727,solar,5.66,48
20220727,wind,5.51,48
20220728,biomass,7.44,48
20220728,coal,3.29,48
20220728,gas,54.32,48
20220728,hydro,1.01,48
20220728,imports,2.35,48
20220728,nuclear,15.46,48
20220728,other,0.0,48
20220728,solar,4.14,48
20220728,wind,11.98,48
20220729,biomass,5.42,48
20220729,coal,3.28,48
20220729,gas,53.61,48
20220729,hydro,1.61,48
20220729,imports,3.08,48
20220729,nuclear,15.28,48
20220729,other,0.0,48
20220729,solar,6.57,48
20220729,wind,11.14,48
20220730,biomass,2.06,48
20220730,coal,3.4,48
20220730,gas,48.42,48
20220730,hydro,1.44,48
20220730,imports,1.99,48
20220730,nuclear,16.45,48
20220730,other,0.0,48
20220730,solar,4.31,48
20220730,wind,21.92,48
20220731,biomass,1.22,48
20220731,coal,3.5,48
20220731,gas,51.49,48
20220731,hydro,1.39,48
20220731,imports,2.97,48
20220731,nuclear,17.14,48
20220731,other,0.0,48
20220731,solar,5.61,48
20220731,wind,16.68,48
20220801,biomass,3.35,48
20220801,coal,3.06,48
20220801,gas,53.18,48
20220801,hydro,1.45,48
20220801,imports,2.46,48
20220801,nuclear,14.85,48
20220801,other,0.0,48
20220801,solar,6.76,48
20220801,wind,14.88,48
20220802,biomass,3.23,48
20220802,coal,0.0,48
20220802,gas,25.7,48
20220802,hydro,0.74,48
20220802,imports,2.58,48
20220802,nuclear,14.12,48
20220802,other,0.0,48
20220802,solar,3.82,48
20220802,wind,49.82,48
20220803,biomass,5.33,48
20220803,coal,0.32,48
20220803,gas,37.04,48
20220803,hydro,1.53,48
20220803,imports,2.76,48
20220803,nuclear,15.16,48
20220803,other,0.0,48
20220803,solar,5.43,48
20220803,wind,32.44,48
20220804,biomass,6.25,48
20220804,coal,0.0,48
20220804,gas,56.09,48
20220804,hydro,1.31,48
20220804,imports,0.94,48
20220804,nuclear,15.3,48
20220804,other,0.0,48
20220804,solar,6.81,48
20220804,wind,13.29,48
20220805,biomass,6.95,48
20220805,coal,0.0,48
20220805,gas,51.67,48
20220805,hydro,0.89,48
20220805,imports,1.25,48
20220805,nuclear,15.93,48
20220805,other,0.0,48
20220805,solar,7.5,48
20220805,wind,15.81,48
20220806,biomass,5.75,48
20220806,coal,0.0,48
20220806,gas,39.88,48
20220806,hydro,1.08,48
20220806,imports,6.47,48
20220806,nuclear,19.63,48
20220806,other,0.0,48
20220806,solar,9.8,48
20220806,wind,17.39,48
20220807,biomass,5.51,48
20220807,coal,0.0,48
20220807,gas,33.55,48
20220807,hydro,1.23,48
20220807,imports,5.06,48
20220807,nuclear,21.31,48
20220807,other,0.0,48
20220807,solar,10.28,48
20220807,wind,23.06,48
20220808,biomass,7.1,48
20220808,coal,0.32,48
20220808,gas,54.74,48
20220808,hydro,1.57,48
20220808,imports,1.99,48
20220808,nuclear,16.88,48
20220808,other,0.0,48
20220808,solar,7.78,48
20220808,wind,9.63,48
20220809,biomass,6.79,48
20220809,coal,0.31,48
20220809,gas,54.37,48
20220809,hydro,1.12,48
20220809,imports,2.86,48
20220809,nuclear,16.01,48
20220809,other,0.0,48
20220809,solar,7.91,48
20220809,wind,10.64,48
20220810,biomass,6.69,48
20220810,coal,0.39,48
20220810,gas,54.33,48
20220810,hydro,1.58,48
20220810,imports,2.13,48
20220810,nuclear,14.97,48
20220810,other,0.0,48
20220810,solar,7.96,48
20220810,wind,11.94,48
20220811,biomass,7.41,48
20220811,coal,0.62,48
20220811,gas,55.3,48
20220811,hydro,1.62,48
20220811,imports,4.15,48
20220811,nuclear,15.15,48
20220811,other,0.0,48
20220811,solar,8.29,48
20220811,wind,7.47,48
20220812,biomass,7.06,48
20220812,coal,0.0,48
20220812,gas,56.32,48
20220812,hydro,1.27,48
20220812,imports,4.71,48
20220812,nuclear,14.75,48
20220812,other,0.0,48
20220812,solar,7.67,48
20220812,wind,8.23,48
20220813,biomass,5.94,48
20220813,coal,0.0,48
20220813,gas,53.88,48
20220813,hydro,1.25,48
20220813,imports,4.58,48
20220813,nuclear,16.74,48
20220813,other,0.0,48
20220813,solar,8.65,48
20220813,wind,8.97,48
20220814,biomass,8.9,48
20220814,coal,0.0,48
20220814,gas,48.7,48
20220814,hydro,1.31,48
20220814,imports,8.27,48
20220814,nuclear,18.66,48
20220814,other,0.0,48
20220814,solar,8.5,48
20220814,wind,5.66,48
20220815,biomass,9.18,48
20220815,coal,1.13,48
20220815,gas,56.78,48
20220815,hydro,0.96,48
20220815,imports,5.29,48
20220815,nuclear,15.89,48
20220815,other,0.0,48
20220815,solar,4.0,48
20220815,wind,6.77,48
20220816,biomass,8.49,48
20220816,coal,0.7,48
20220816,gas,52.46,48
20220816,hydro,1.17,48
20220816,imports,5.18,48
20220816,nuclear,14.78,48
20220816,other,0.0,48
20220816,solar,3.09,48
20220816,wind,14.12,48
20220817,biomass,7.59,48
20220817,coal,0.41,48
20220817,gas,52.32,48
20220817,hydro,1.19,48
20220817,imports,2.25,48
20220817,nuclear,14.4,48
20220817,other,0.0,48
20220817,solar,3.91,48
20220817,wind,17.91,48
20220818,biomass,6.26,48
20220818,coal,0.0,48
20220818,gas,49.59,48
20220818,hydro,0.94,48
20220818,imports,2.66,48
20220818,nuclear,15.61,48
20220818,other,0.0,48
20220818,solar,1.98,48
20220818,wind,22.98,48
20220819,biomass,5.62,48
20220819,coal,0.0,48
20220819,gas,41.54,48
20220819,hydro,1.31,48
20220819,imports,1.76,48
20220819,nuclear,16.22,48
20220819,other,0.0,48
20220819,solar,6.18,48
20220819,wind,27.36,48
20220820,biomass,3.75,48
20220820,coal,0.0,48
20220820,gas,35.02,48
20220820,hydro,0.76,48
20220820,imports,1.65,48
20220820,nuclear,15.63,48
20220820,other,0.0,48
20220820,solar,6.24,48
20220820,wind,36.94,48
20220821,biomass,4.57,48
20220821,coal,0.0,48
20220821,gas,42.14,48
20220821,hydro,1.49,48
20220821,imports,6.94,48
20220821,nuclear,17.95,48
20220821,other,0.0,48
20220821,solar,6.91,48
20220821,wind,20.0,48
20220822,biomass,6.64,48
20220822,coal,0.91,48
20220822,gas,50.18,48
20220822,hydro,1.43,48
20220822,imports,5.07,48
20220822,nuclear,16.67,48
20220822,other,0.0,48
20220822,solar,3.72,48
20220822,wind,15.37,48
20220823,biomass,6.94,48
20220823,coal,1.55,48
20220823,gas,52.21,48
20220823,hydro,0.92,48
20220823,imports,5.67,48
20220823,nuclear,15.59,48
20220823,other,0.0,48
20220823,solar,4.69,48
20220823,wind,12.41,48
20220824,biomass,7.94,48
20220824,coal,1.24,48
20220824,gas,48.91,48
20220824,hydro,1.1,48
20220824,imports,4.97,48
20220824,nuclear,14.85,48
20220824,other,0.0,48
20220824,solar,4.28,48
20220824,wind,16.7,48
20220825,biomass,8.58,48
20220825,coal,1.5,48
20220825,gas,51.94,48
20220825,hydro,1.14,48
20220825,imports,6.02,48
20220825,nuclear,14.27,48
20220825,other,0.0,48
20220825,solar,4.13,48
20220825,wind,12.43,48
20220826,biomass,9.52,48
20220826,coal,0.35,48
20220826,gas,57.19,48
20220826,hydro,1.04,48
20220826,imports,6.34,48
20220826,nuclear,15.42,48
20220826,other,0.0,48
20220826,solar,6.03,48
20220826,wind,4.1,48
20220827,biomass,5.79,48
20220827,coal,0.36,48
20220827,gas,60.65,48
20220827,hydro,0.68,48
20220827,imports,4.23,48
20220827,nuclear,16.55,48
20220827,other,0.0,48
20220827,solar,7.2,48
20220827,wind,4.55,48
20220828,biomass,3.38,48
20220828,coal,0.51,48
20220828,gas,57.48,48
20220828,hydro,0.73,48
20220828,imports,6.76,48
20220828,nuclear,17.18,48
20220828,other,0.0,48
20220828,solar,6.69,48
20220828,wind,7.25,48
20220829,biomass,5.8,48
20220829,coal,1.3,48
20220829,gas,55.24,48
20220829,hydro,0.8,48
20220829,imports,1.69,48
20220829,nuclear,15.5,48
20220829,other,0.0,48
20220829,solar,5.4,48
20220829,wind,14.25,48
20220830,biomass,5.95,48
20220830,coal,1.99,48
20220830,gas,50.88,48
20220830,hydro,0.61,48
20220830,imports,3.18,48
20220830,nuclear,14.34,48
20220830,other,0.0,48
20220830,solar,5.29,48
20220830,wind,17.75,48
20220831,biomass,6.5,48
20220831,coal,1.5,48
20220831,gas,52.59,48
20220831,hydro,1.04,48
20220831,imports,1.64,48
20220831,nuclear,14.74,48
20220831,other,0.0,48
20220831,solar,4.47,48
20220831,wind,17.5,48
20220901,biomass,6.38,48
20220901,coal,2.54,48
20220901,gas,48.77,48
20220901,hydro,1.05,48
20220901,imports,2.05,48
20220901,nuclear,14.93,48
20220901,other,0.0,48
20220901,solar,4.62,48
20220901,wind,19.66,48
20220902,biomass,7.01,48
20220902,coal,0.81,48
20220902,gas,50.77,48
20220902,hydro,0.72,48
20220902,imports,2.14,48
20220902,nuclear,15.56,48
20220902,other,0.0,48
20220902,solar,4.19,48
20220902,wind,18.78,48
20220903,biomass,4.91,48
20220903,coal,1.09,48
20220903,gas,36.28,48
20220903,hydro,0.5,48
20220903,imports,2.27,48
20220903,nuclear,18.25,48
20220903,other,0.0,48
20220903,solar,3.54,48
20220903,wind,33.15,48
20220904,biomass,4.0,48
20220904,coal,1.77,48
20220904,gas,36.83,48
20220904,hydro,0.98,48
20220904,imports,1.92,48
20220904,nuclear,19.6,48
20220904,other,0.0,48
20220904,solar,3.79,48
20220904,wind,31.13,48
20220905,biomass,5.17,48
20220905,coal,2.19,48
20220905,gas,39.88,48
20220905,hydro,1.08,48
20220905,imports,2.12,48
20220905,nuclear,17.16,48
20220905,other,0.0,48
20220905,solar,4.08,48
20220905,wind,28.32,48
20220906,biomass,4.23,48
20220906,coal,2.61,48
20220906,gas,44.85,48
20220906,hydro,0.9,48
20220906,imports,2.35,48
20220906,nuclear,17.0,48
20220906,other,0.0,48
20220906,solar,3.37,48
20220906,wind,24.7,48
20220907,biomass,4.91,48
20220907,coal,2.09,48
20220907,gas,48.38,48
20220907,hydro,0.96,48
20220907,imports,0.99,48
20220907,nuclear,16.66,48
20220907,other,0.0,48
20220907,solar,4.31,48
20220907,wind,21.7,48
20220908,biomass,5.92,48
20220908,coal,2.97,48
20220908,gas,51.75,48
20220908,hydro,1.11,48
20220908,imports,1.11,48
20220908,nuclear,16.87,48
20220908,other,0.0,48
20220908,solar,3.06,48
20220908,wind,17.22,48
20220909,biomass,6.38,48
20220909,coal,1.8,48
20220909,gas,49.55,48
20220909,hydro,0.85,48
20220909,imports,0.35,48
20220909,nuclear,17.11,48
20220909,other,0.0,48
20220909,solar,3.49,48
20220909,wind,20.47,48
20220910,biomass,5.97,48
20220910,coal,3.76,48
20220910,gas,54.72,48
20220910,hydro,1.0,48
20220910,imports,2.0,48
20220910,nuclear,17.78,48
20220910,other,0.0,48
20220910,solar,4.54,48
20220910,wind,10.23,48
20220911,biomass,7.05,48
20220911,coal,1.79,48
20220911,gas,50.23,48
20220911,hydro,0.74,48
20220911,imports,2.17,48
20220911,nuclear,17.09,48
20220911,other,0.0,48
20220911,solar,4.75,48
20220911,wind,16.16,48
20220912,biomass,6.24,48
20220912,coal,3.26,48
20220912,gas,42.9,48
20220912,hydro,0.93,48
20220912,imports,1.39,48
20220912,nuclear,14.95,48
20220912,other,0.0,48
20220912,solar,3.05,48
20220912,wind,27.31,48
20220913,biomass,7.9,48
20220913,coal,4.08,48
20220913,gas,49.24,48
20220913,hydro,1.19,48
20220913,imports,3.1,48
20220913,nuclear,15.05,48
20220913,other,0.0,48
20220913,solar,3.26,48
20220913,wind,16.22,48
20220914,biomass,8.38,48
20220914,coal,3.7,48
20220914,gas,51.58,48
20220914,hydro,1.21,48
20220914,imports,0.81,48
20220914,nuclear,13.39,48
20220914,other,0.0,48
20220914,solar,4.48,48
20220914,wind,16.45,48
20220915,biomass,8.41,48
20220915,coal,3.0,48
20220915,gas,40.7,48
20220915,hydro,0.6,48
20220915,imports,1.75,48
20220915,nuclear,13.43,48
20220915,other,0.0,48
20220915,solar,3.66,48
20220915,wind,28.46,48
20220916,biomass,7.88,48
20220916,coal,2.36,48
20220916,gas,20.09,48
20220916,hydro,0.73,48
20220916,imports,3.8,48
20220916,nuclear,14.63,48
20220916,other,0.0,48
20220916,solar,5.68,48
20220916,wind,44.82,48
20220917,biomass,3.57,48
20220917,coal,1.15,48
20220917,gas,19.75,48
20220917,hydro,0.42,48
20220917,imports,9.17,48
20220917,nuclear,16.43,48
20220917,other,0.0,48
20220917,solar,7.43,48
20220917,wind,42.06,48
20220918,biomass,4.21,48
20220918,coal,1.75,48
20220918,gas,23.14,48
20220918,hydro,0.63,48
20220918,imports,7.99,48
20220918,nuclear,18.38,48
20220918,other,0.0,48
20220918,solar,5.5,48
20220918,wind,38.42,48
20220919,biomass,6.41,48
20220919,coal,3.19,48
20220919,gas,53.22,48
20220919,hydro,1.03,48
20220919,imports,2.74,48
20220919,nuclear,16.15,48
20220919,other,0.0,48
20220919,solar,3.76,48
20220919,wind,13.47,48
20220920,biomass,8.19,48
20220920,coal,3.73,48
20220920,gas,61.81,48
20220920,hydro,1.33,48
20220920,imports,0.83,48
20220920,nuclear,13.65,48
20220920,other,0.0,48
20220920,solar,4.03,48
20220920,wind,6.43,48
20220921,biomass,8.16,48
20220921,coal,2.83,48
20220921,gas,52.68,48
20220921,hydro,0.81,48
20220921,imports,0.66,48
20220921,nuclear,12.94,48
20220921,other,0.0,48
20220921,solar,3.64,48
20220921,wind,18.3,48
20220922,biomass,8.33,48
20220922,coal,2.57,48
20220922,gas,47.19,48
20220922,hydro,1.28,48
20220922,imports,0.18,48
20220922,nuclear,13.12,48
20220922,other,0.0,48
20220922,solar,3.21,48
20220922,wind,24.1,48
20220923,biomass,8.72,48
20220923,coal,4.4,48
20220923,gas,55.35,48
20220923,hydro,1.05,48
20220923,imports,0.99,48
20220923,nuclear,13.5,48
20220923,other,0.0,48
20220923,solar,4.48,48
20220923,wind,11.49,48
20220924,biomass,5.65,48
20220924,coal,3.01,48
20220924,gas,50.1,48
20220924,hydro,0.9,48
20220924,imports,0.23,48
20220924,nuclear,13.48,48
20220924,other,0.0,48
20220924,solar,4.71,48
20220924,wind,21.9,48
20220925,biomass,6.83,48
20220925,coal,0.95,48
20220925,gas,37.0,48
20220925,hydro,0.43,48
20220925,imports,0.36,48
20220925,nuclear,13.53,48
20220925,other,0.0,48
20220925,solar,3.95,48
20220925,wind,36.94,48
20220926,biomass,7.46,48
20220926,coal,0.11,48
20220926,gas,24.68,48
20220926,hydro,0.73,48
20220926,imports,1.04,48
20220926,nuclear,12.06,48
20220926,other,0.0,48
20220926,solar,3.3,48
20220926,wind,50.61,48
20220927,biomass,7.67,48
20220927,coal,0.0,48
20220927,gas,35.97,48
20220927,hydro,1.02,48
20220927,imports,0.91,48
20220927,nuclear,11.77,48
20220927,other,0.0,48
20220927,solar,2.74,48
20220927,wind,39.92,48
20220928,biomass,7.81,48
20220928,coal,2.02,48
20220928,gas,51.54,48
20220928,hydro,1.16,48
20220928,imports,0.1,48
20220928,nuclear,12.43,48
20220928,other,0.0,48
20220928,solar,3.77,48
20220928,wind,21.19,48
20220929,biomass,7.19,48
20220929,coal,2.63,48
20220929,gas,57.14,48
20220929,hydro,1.34,48
20220929,imports,1.05,48
20220929,nuclear,13.29,48
20220929,other,0.0,48
20220929,solar,3.76,48
20220929,wind,13.6,48
20220930,biomass,3.79,48
20220930,coal,1.5,48
20220930,gas,36.97,48
20220930,hydro,0.98,48
20220930,imports,2.57,48
20220930,nuclear,13.37,48
20220930,other,0.0,48
20220930,solar,1.11,48
20220930,wind,39.72,48
20221001,biomass,2.0,48
20221001,coal,0.23,48
20221001,gas,14.79,48
20221001,hydro,1.26,48
20221001,imports,4.94,48
20221001,nuclear,15.93,48
20221001,other,0.0,48
20221001,solar,4.94,48
20221001,wind,55.9,48
20221002,biomass,2.46,48
20221002,coal,1.53,48
20221002,gas,30.15,48
20221002,hydro,1.97,48
20221002,imports,5.45,48
20221002,nuclear,17.53,48
20221002,other,0.0,48
20221002,solar,5.31,48
20221002,wind,35.58,48
20221003,biomass,2.65,48
20221003,coal,2.48,48
20221003,gas,50.45,48
20221003,hydro,1.6,48
20221003,imports,4.46,48
20221003,nuclear,14.48,48
20221003,other,0.0,48
20221003,solar,3.14,48
20221003,wind,20.74,48
20221004,biomass,3.75,48
20221004,coal,0.64,48
20221004,gas,31.97,48
20221004,hydro,2.12,48
20221004,imports,1.77,48
20221004,nuclear,13.52,48
20221004,other,0.0,48
20221004,solar,1.43,48
20221004,wind,44.81,48
20221005,biomass,4.29,48
20221005,coal,0.0,48
20221005,gas,21.61,48
20221005,hydro,2.31,48
20221005,imports,4.27,48
20221005,nuclear,14.05,48
20221005,other,0.0,48
20221005,solar,1.72,48
20221005,wind,51.74,48
20221006,biomass,0.75,48
20221006,coal,0.0,48
20221006,gas,24.39,48
20221006,hydro,2.11,48
20221006,imports,3.73,48
20221006,nuclear,12.7,48
20221006,other,0.0,48
20221006,solar,4.08,48
20221006,wind,52.24,48
20221007,biomass,2.41,48
20221007,coal,0.0,48
20221007,gas,18.55,48
20221007,hydro,2.82,48
20221007,imports,4.82,48
20221007,nuclear,14.06,48
20221007,other,0.0,48
20221007,solar,3.09,48
20221007,wind,54.25,48
20221008,biomass,4.05,48
20221008,coal,0.2,48
20221008,gas,28.62,48
20221008,hydro,3.03,48
20221008,imports,6.57,48
20221008,nuclear,16.4,48
20221008,other,0.0,48
20221008,solar,5.73,48
20221008,wind,35.41,48
20221009,biomass,3.56,48
20221009,coal,0.0,48
20221009,gas,19.51,48
20221009,hydro,2.37,48
20221009,imports,5.77,48
20221009,nuclear,17.46,48
20221009,other,0.0,48
20221009,solar,4.04,48
20221009,wind,47.27,48
20221010,biomass,5.92,48
20221010,coal,0.31,48
20221010,gas,29.26,48
20221010,hydro,2.16,48
20221010,imports,3.6,48
20221010,nuclear,15.12,48
20221010,other,0.0,48
20221010,solar,4.71,48
20221010,wind,38.91,48
20221011,biomass,6.32,48
20221011,coal,1.52,48
20221011,gas,49.33,48
20221011,hydro,2.39,48
20221011,imports,4.31,48
20221011,nuclear,14.4,48
20221011,other,0.0,48
20221011,solar,3.85,48
20221011,wind,17.86,48
20221012,biomass,6.02,48
20221012,coal,0.82,48
20221012,gas,45.43,48
20221012,hydro,2.1,48
20221012,imports,2.21,48
20221012,nuclear,13.64,48
20221012,other,0.0,48
20221012,solar,1.9,48
20221012,wind,27.86,48
20221013,biomass,3.64,48
20221013,coal,1.55,48
20221013,gas,57.66,48
20221013,hydro,2.11,48
20221013,imports,2.26,48
20221013,nuclear,14.51,48
20221013,other,0.0,48
20221013,solar,3.53,48
20221013,wind,14.73,48
20221014,biomass,6.08,48
20221014,coal,0.99,48
20221014,gas,53.71,48
20221014,hydro,2.56,48
20221014,imports,1.31,48
20221014,nuclear,14.18,48
20221014,other,0.0,48
20221014,solar,1.9,48
20221014,wind,19.27,48
20221015,biomass,5.16,48
20221015,coal,0.0,48
20221015,gas,26.5,48
20221015,hydro,1.8,48
20221015,imports,1.63,48
20221015,nuclear,15.53,48
20221015,other,0.0,48
20221015,solar,3.44,48
20221015,wind,45.96,48
20221016,biomass,6.06,48
20221016,coal,0.0,48
20221016,gas,23.39,48
20221016,hydro,2.64,48
20221016,imports,4.29,48
20221016,nuclear,14.69,48
20221016,other,0.0,48
20221016,solar,4.06,48
20221016,wind,44.87,48
20221017,biomass,4.55,48
20221017,coal,0.0,48
20221017,gas,28.81,48
20221017,hydro,1.94,48
20221017,imports,0.77,48
20221017,nuclear,13.28,48
20221017,other,0.0,48
20221017,solar,3.51,48
20221017,wind,47.13,48
20221018,biomass,5.47,48
20221018,coal,0.13,48
20221018,gas,57.16,48
20221018,hydro,2.91,48
20221018,imports,2.31,48
20221018,nuclear,14.09,48
20221018,other,0.0,48
20221018,solar,4.0,48
20221018,wind,13.94,48
20221019,biomass,1.39,48
20221019,coal,0.0,48
20221019,gas,38.83,48
20221019,hydro,1.44,48
20221019,imports,0.92,48
20221019,nuclear,13.41,48
20221019,other,0.0,48
20221019,solar,1.94,48
20221019,wind,42.09,48
20221020,biomass,1.26,48
20221020,coal,0.47,48
20221020,gas,49.21,48
20221020,hydro,2.09,48
20221020,imports,2.23,48
20221020,nuclear,13.9,48
20221020,other,0.0,48
20221020,solar,1.3,48
20221020,wind,29.56,48
20221021,biomass,1.26,48
20221021,coal,0.11,48
20221021,gas,52.21,48
20221021,hydro,2.29,48
20221021,imports,2.33,48
20221021,nuclear,13.76,48
20221021,other,0.0,48
20221021,solar,1.45,48
20221021,wind,26.59,48
20221022,biomass,1.52,48
20221022,coal,0.0,48
20221022,gas,44.19,48
20221022,hydro,2.05,48
20221022,imports,0.82,48
20221022,nuclear,15.24,48
20221022,other,0.0,48
20221022,solar,2.6,48
20221022,wind,33.56,48
20221023,biomass,2.14,48
20221023,coal,0.0,48
20221023,gas,43.39,48
20221023,hydro,2.36,48
20221023,imports,2.88,48
20221023,nuclear,17.37,48
20221023,other,0.0,48
20221023,solar,1.92,48
20221023,wind,29.95,48
20221024,biomass,1.88,48
20221024,coal,0.0,48
20221024,gas,39.15,48
20221024,hydro,2.03,48
20221024,imports,3.02,48
20221024,nuclear,15.09,48
20221024,other,0.0,48
20221024,solar,2.42,48
20221024,wind,36.4,48
20221025,biomass,1.92,48
20221025,coal,0.3,48
20221025,gas,45.79,48
20221025,hydro,2.69,48
20221025,imports,1.49,48
20221025,nuclear,13.45,48
20221025,other,0.0,48
20221025,solar,2.38,48
20221025,wind,31.98,48
20221026,biomass,1.52,48
20221026,coal,0.0,48
20221026,gas,27.35,48
20221026,hydro,1.52,48
20221026,imports,2.29,48
20221026,nuclear,13.3,48
20221026,other,0.0,48
20221026,solar,2.57,48
20221026,wind,51.45,48
20221027,biomass,1.89,48
20221027,coal,0.02,48
20221027,gas,39.85,48
20221027,hydro,2.29,48
20221027,imports,1.96,48
20221027,nuclear,14.08,48
20221027,other,0.0,48
20221027,solar,1.46,48
20221027,wind,38.45,48
20221028,biomass,1.82,48
20221028,coal,0.0,48
20221028,gas,34.63,48
20221028,hydro,2.06,48
20221028,imports,1.07,48
20221028,nuclear,14.58,48
20221028,other,0.0,48
20221028,solar,2.55,48
20221028,wind,43.29,48
20221029,biomass,1.43,48
20221029,coal,0.0,48
20221029,gas,38.93,48
20221029,hydro,2.54,48
20221029,imports,2.9,48
20221029,nuclear,16.93,48
20221029,other,0.0,48
20221029,solar,1.57,48
20221029,wind,35.73,48
20221030,biomass,1.0,50
20221030,coal,0.0,50
20221030,gas,23.44,50
20221030,hydro,2.04,50
20221030,imports,3.17,50
20221030,nuclear,17.12,50
20221030,other,0.0,50
20221030,solar,1.64,50
20221030,wind,51.58,50
20221031,biomass,2.09,48
20221031,coal,0.0,48
20221031,gas,32.0,48
20221031,hydro,2.28,48
20221031,imports,2.58,48
20221031,nuclear,15.4,48
20221031,other,0.0,48
20221031,solar,1.8,48
20221031,wind,43.85,48
20221101,biomass,2.25,48
20221101,coal,0.09,48
20221101,gas,20.94,48
20221101,hydro,2.35,48
20221101,imports,5.63,48
20221101,nuclear,15.92,48
20221101,other,0.0,48
20221101,solar,1.82,48
20221101,wind,51.01,48
20221102,biomass,1.99,48
20221102,coal,0.13,48
20221102,gas,20.58,48
20221102,hydro,1.72,48
20221102,imports,5.31,48
20221102,nuclear,14.05,48
20221102,other,0.0,48
20221102,solar,1.27,48
20221102,wind,54.94,48
20221103,biomass,5.82,48
20221103,coal,0.0,48
20221103,gas,42.75,48
20221103,hydro,3.24,48
20221103,imports,8.77,48
20221103,nuclear,15.06,48
20221103,other,0.0,48
20221103,solar,1.88,48
20221103,wind,22.47,48
20221104,biomass,6.3,48
20221104,coal,0.0,48
20221104,gas,39.47,48
20221104,hydro,2.93,48
20221104,imports,6.51,48
20221104,nuclear,14.75,48
20221104,other,0.0,48
20221104,solar,2.91,48
20221104,wind,27.11,48
20221105,biomass,2.53,48
20221105,coal,0.0,48
20221105,gas,34.94,48
20221105,hydro,3.05,48
20221105,imports,8.94,48
20221105,nuclear,15.99,48
20221105,other,0.0,48
20221105,solar,0.56,48
20221105,wind,34.0,48
20221106,biomass,2.29,48
20221106,coal,0.0,48
20221106,gas,21.82,48
20221106,hydro,3.12,48
20221106,imports,11.49,48
20221106,nuclear,17.14,48
20221106,other,0.0,48
20221106,solar,1.08,48
20221106,wind,43.06,48
20221107,biomass,4.02,48
20221107,coal,0.0,48
20221107,gas,22.72,48
20221107,hydro,1.85,48
20221107,imports,5.29,48
20221107,nuclear,13.89,48
20221107,other,0.0,48
20221107,solar,0.55,48
20221107,wind,51.66,48
20221108,biomass,1.3,48
20221108,coal,0.0,48
20221108,gas,21.76,48
20221108,hydro,2.38,48
20221108,imports,6.12,48
20221108,nuclear,14.17,48
20221108,other,0.0,48
20221108,solar,1.5,48
20221108,wind,52.77,48
20221109,biomass,4.12,48
20221109,coal,0.13,48
20221109,gas,26.79,48
20221109,hydro,2.16,48
20221109,imports,5.22,48
20221109,nuclear,14.97,48
20221109,other,0.0,48
20221109,solar,2.2,48
20221109,wind,44.4,48
20221110,biomass,4.0,48
20221110,coal,0.15,48
20221110,gas,22.52,48
20221110,hydro,1.82,48
20221110,imports,4.93,48
20221110,nuclear,14.68,48
20221110,other,0.0,48
20221110,solar,0.65,48
20221110,wind,51.25,48
20221111,biomass,5.36,48
20221111,coal,0.18,48
20221111,gas,25.38,48
20221111,hydro,2.04,48
20221111,imports,3.5,48
20221111,nuclear,13.8,48
20221111,other,0.0,48
20221111,solar,0.9,48
20221111,wind,48.86,48
20221112,biomass,4.86,48
20221112,coal,0.05,48
20221112,gas,47.09,48
20221112,hydro,3.06,48
20221112,imports,5.14,48
20221112,nuclear,14.75,48
20221112,other,0.0,48
20221112,solar,1.75,48
20221112,wind,23.3,48
20221113,biomass,6.13,48
20221113,coal,0.0,48
20221113,gas,39.2,48
20221113,hydro,2.65,48
20221113,imports,5.89,48
20221113,nuclear,14.76,48
20221113,other,0.0,48
20221113,solar,1.93,48
20221113,wind,29.45,48
20221114,biomass,6.21,48
20221114,coal,0.19,48
20221114,gas,47.62,48
20221114,hydro,2.58,48
20221114,imports,5.75,48
20221114,nuclear,13.72,48
20221114,other,0.0,48
20221114,solar,0.81,48
20221114,wind,23.1,48
20221115,biomass,5.88,48
20221115,coal,0.4,48
20221115,gas,36.89,48
20221115,hydro,2.45,48
20221115,imports,3.28,48
20221115,nuclear,13.26,48
20221115,other,0.0,48
20221115,solar,0.55,48
20221115,wind,37.29,48
20221116,biomass,6.08,48
20221116,coal,0.6,48
20221116,gas,39.69,48
20221116,hydro,3.24,48
20221116,imports,5.01,48
20221116,nuclear,11.95,48
20221116,other,0.0,48
20221116,solar,1.11,48
20221116,wind,32.31,48
20221117,biomass,5.74,48
20221117,coal,0.15,48
20221117,gas,33.66,48
20221117,hydro,2.07,48
20221117,imports,5.01,48
20221117,nuclear,12.27,48
20221117,other,0.0,48
20221117,solar,0.93,48
20221117,wind,40.18,48
20221118,biomass,5.69,48
20221118,coal,0.06,48
20221118,gas,39.63,48
20221118,hydro,1.96,48
20221118,imports,3.4,48
20221118,nuclear,12.39,48
20221118,other,0.0,48
20221118,solar,1.45,48
20221118,wind,35.41,48
20221119,biomass,4.21,48
20221119,coal,0.08,48
20221119,gas,47.48,48
20221119,hydro,2.02,48
20221119,imports,2.41,48
20221119,nuclear,13.08,48
20221119,other,0.0,48
20221119,solar,1.41,48
20221119,wind,29.3,48
20221120,biomass,5.47,48
20221120,coal,0.23,48
20221120,gas,48.33,48
20221120,hydro,2.65,48
20221120,imports,0.85,48
20221120,nuclear,12.99,48
20221120,other,0.0,48
20221120,solar,1.65,48
20221120,wind,27.82,48
20221121,biomass,5.44,48
20221121,coal,0.53,48
20221121,gas,48.28,48
20221121,hydro,2.59,48
20221121,imports,1.56,48
20221121,nuclear,12.52,48
20221121,other,0.0,48
20221121,solar,0.27,48
20221121,wind,28.81,48
20221122,biomass,5.77,48
20221122,coal,0.91,48
20221122,gas,51.53,48
20221122,hydro,3.48,48
20221122,imports,5.2,48
20221122,nuclear,12.91,48
20221122,other,0.0,48
20221122,solar,1.4,48
20221122,wind,18.79,48
20221123,biomass,5.26,48
20221123,coal,0.21,48
20221123,gas,36.64,48
20221123,hydro,1.58,48
20221123,imports,2.29,48
20221123,nuclear,12.18,48
20221123,other,0.0,48
20221123,solar,1.28,48
20221123,wind,40.56,48
20221124,biomass,4.37,48
20221124,coal,0.23,48
20221124,gas,30.63,48
20221124,hydro,1.85,48
20221124,imports,1.52,48
20221124,nuclear,12.26,48
20221124,other,0.0,48
20221124,solar,0.75,48
20221124,wind,48.38,48
20221125,biomass,5.83,48
20221125,coal,0.13,48
20221125,gas,35.03,48
20221125,hydro,1.76,48
20221125,imports,1.32,48
20221125,nuclear,11.87,48
20221125,other,0.0,48
20221125,solar,1.91,48
20221125,wind,42.16,48
20221126,biomass,3.07,48
20221126,coal,0.12,48
20221126,gas,33.0,48
20221126,hydro,1.72,48
20221126,imports,1.45,48
20221126,nuclear,12.0,48
20221126,other,0.0,48
20221126,solar,0.65,48
20221126,wind,47.99,48
20221127,biomass,3.74,48
20221127,coal,0.39,48
20221127,gas,36.78,48
20221127,hydro,2.3,48
20221127,imports,2.84,48
20221127,nuclear,12.2,48
20221127,other,0.0,48
20221127,solar,0.63,48
20221127,wind,41.13,48
20221128,biomass,6.22,48
20221128,coal,2.79,48
20221128,gas,57.82,48
20221128,hydro,3.12,48
20221128,imports,6.89,48
20221128,nuclear,11.96,48
20221128,other,0.0,48
20221128,solar,1.5,48
20221128,wind,9.72,48
20221129,biomass,6.09,48
20221129,coal,2.96,48
20221129,gas,61.64,48
20221129,hydro,3.41,48
20221129,imports,9.53,48
20221129,nuclear,11.93,48
20221129,other,0.0,48
20221129,solar,0.64,48
20221129,wind,3.8,48
20221130,biomass,5.9,48
20221130,coal,3.19,48
20221130,gas,59.67,48
20221130,hydro,2.76,48
20221130,imports,5.93,48
20221130,nuclear,12.51,48
20221130,other,0.0,48
20221130,solar,0.72,48
20221130,wind,9.31,48
20221201,biomass,5.83,48
20221201,coal,3.9,48
20221201,gas,58.26,48
20221201,hydro,3.03,48
20221201,imports,6.03,48
20221201,nuclear,13.11,48
20221201,other,0.0,48
20221201,solar,0.75,48
20221201,wind,9.08,48
20221202,biomass,5.64,48
20221202,coal,3.07,48
20221202,gas,49.49,48
20221202,hydro,1.61,48
20221202,imports,6.2,48
20221202,nuclear,13.25,48
20221202,other,0.0,48
20221202,solar,0.72,48
20221202,wind,20.03,48
20221203,biomass,5.15,48
20221203,coal,0.66,48
20221203,gas,36.83,48
20221203,hydro,1.41,48
20221203,imports,7.64,48
20221203,nuclear,14.94,48
20221203,other,0.0,48
20221203,solar,0.73,48
20221203,wind,32.61,48
20221204,biomass,6.35,48
20221204,coal,3.84,48
20221204,gas,29.2,48
20221204,hydro,1.54,48
20221204,imports,7.28,48
20221204,nuclear,15.45,48
20221204,other,0.0,48
20221204,solar,0.29,48
20221204,wind,36.07,48
20221205,biomass,6.01,48
20221205,coal,3.5,48
20221205,gas,43.9,48
20221205,hydro,1.55,48
20221205,imports,2.25,48
20221205,nuclear,13.47,48
20221205,other,0.0,48
20221205,solar,0.43,48
20221205,wind,28.89,48
20221206,biomass,6.35,48
20221206,coal,2.52,48
20221206,gas,48.16,48
20221206,hydro,1.67,48
20221206,imports,3.03,48
20221206,nuclear,14.04,48
20221206,other,0.0,48
20221206,solar,1.11,48
20221206,wind,23.1,48
20221207,biomass,6.19,48
20221207,coal,1.43,48
20221207,gas,46.97,48
20221207,hydro,1.87,48
20221207,imports,4.5,48
20221207,nuclear,13.87,48
20221207,other,0.0,48
20221207,solar,1.33,48
20221207,wind,23.84,48
20221208,biomass,5.5,48
20221208,coal,3.21,48
20221208,gas,51.16,48
20221208,hydro,1.19,48
20221208,imports,3.47,48
20221208,nuclear,13.71,48
20221208,other,0.0,48
20221208,solar,1.72,48
20221208,wind,20.06,48
20221209,biomass,5.75,48
20221209,coal,3.37,48
20221209,gas,54.98,48
20221209,hydro,1.88,48
20221209,imports,3.91,48
20221209,nuclear,13.84,48
20221209,other,0.0,48
20221209,solar,1.53,48
20221209,wind,14.73,48
20221210,biomass,4.92,48
20221210,coal,3.9,48
20221210,gas,61.99,48
20221210,hydro,1.68,48
20221210,imports,4.44,48
20221210,nuclear,14.41,48
20221210,other,0.0,48
20221210,solar,1.03,48
20221210,wind,7.63,48
20221211,biomass,4.39,48
20221211,coal,3.74,48
20221211,gas,62.09,48
20221211,hydro,1.37,48
20221211,imports,8.72,48
20221211,nuclear,15.3,48
20221211,other,0.0,48
20221211,solar,0.61,48
20221211,wind,3.77,48
20221212,biomass,6.02,48
20221212,coal,3.39,48
20221212,gas,58.13,48
20221212,hydro,2.49,48
20221212,imports,8.34,48
20221212,nuclear,15.23,48
20221212,other,0.0,48
20221212,solar,0.46,48
20221212,wind,5.95,48
20221213,biomass,6.06,48
20221213,coal,3.26,48
20221213,gas,57.12,48
20221213,hydro,2.09,48
20221213,imports,6.64,48
20221213,nuclear,14.8,48
20221213,other,0.0,48
20221213,solar,0.48,48
20221213,wind,9.54,48
20221214,biomass,5.25,48
20221214,coal,3.13,48
20221214,gas,50.71,48
20221214,hydro,1.14,48
20221214,imports,3.3,48
20221214,nuclear,14.26,48
20221214,other,0.0,48
20221214,solar,1.16,48
20221214,wind,21.05,48
20221215,biomass,4.99,48
20221215,coal,3.1,48
20221215,gas,51.35,48
20221215,hydro,1.56,48
20221215,imports,4.14,48
20221215,nuclear,14.45,48
20221215,other,0.0,48
20221215,solar,1.75,48
20221215,wind,18.65,48
20221216,biomass,5.07,48
20221216,coal,3.4,48
20221216,gas,51.92,48
20221216,hydro,1.98,48
20221216,imports,5.43,48
20221216,nuclear,15.06,48
20221216,other,0.0,48
20221216,solar,1.47,48
20221216,wind,15.67,48
20221217,biomass,4.46,48
20221217,coal,3.54,48
20221217,gas,35.26,48
20221217,hydro,1.12,48
20221217,imports,5.72,48
20221217,nuclear,16.04,48
20221217,other,0.0,48
20221217,solar,0.84,48
20221217,wind,33.04,48
20221218,biomass,5.33,48
20221218,coal,3.3,48
20221218,gas,16.05,48
20221218,hydro,1.02,48
20221218,imports,10.09,48
20221218,nuclear,17.58,48
20221218,other,0.0,48
20221218,solar,0.13,48
20221218,wind,46.52,48
20221219,biomass,4.76,48
20221219,coal,1.36,48
20221219,gas,14.59,48
20221219,hydro,1.64,48
20221219,imports,7.23,48
20221219,nuclear,16.56,48
20221219,other,0.0,48
20221219,solar,0.16,48
20221219,wind,53.71,48
20221220,biomass,5.18,48
20221220,coal,2.1,48
20221220,gas,16.33,48
20221220,hydro,2.0,48
20221220,imports,8.39,48
20221220,nuclear,17.6,48
20221220,other,0.0,48
20221220,solar,1.52,48
20221220,wind,46.87,48
20221221,biomass,5.6,48
20221221,coal,1.39,48
20221221,gas,18.86,48
20221221,hydro,2.08,48
20221221,imports,6.75,48
20221221,nuclear,16.98,48
20221221,other,0.0,48
20221221,solar,0.93,48
20221221,wind,47.38,48
20221222,biomass,6.29,48
20221222,coal,1.37,48
20221222,gas,38.54,48
20221222,hydro,2.61,48
20221222,imports,13.96,48
20221222,nuclear,17.96,48
20221222,other,0.0,48
20221222,solar,0.28,48
20221222,wind,18.97,48
20221223,biomass,6.55,48
20221223,coal,1.26,48
20221223,gas,30.61,48
20221223,hydro,2.39,48
20221223,imports,11.57,48
20221223,nuclear,18.68,48
20221223,other,0.0,48
20221223,solar,0.46,48
20221223,wind,28.49,48
20221224,biomass,3.66,48
20221224,coal,1.04,48
20221224,gas,12.69,48
20221224,hydro,2.41,48
20221224,imports,9.13,48
20221224,nuclear,19.93,48
20221224,other,0.0,48
20221224,solar,1.11,48
20221224,wind,50.03,48
20221225,biomass,2.45,48
20221225,coal,1.57,48
20221225,gas,13.73,48
20221225,hydro,2.68,48
20221225,imports,8.33,48
20221225,nuclear,21.34,48
20221225,other,0.0,48
20221225,solar,0.63,48
20221225,wind,49.29,48
20221226,biomass,1.51,48
20221226,coal,0.69,48
20221226,gas,10.25,48
20221226,hydro,2.08,48
20221226,imports,5.51,48
20221226,nuclear,19.98,48
20221226,other,0.0,48
20221226,solar,2.01,48
20221226,wind,57.96,48
20221227,biomass,5.24,48
20221227,coal,1.75,48
20221227,gas,10.58,48
20221227,hydro,2.78,48
20221227,imports,9.68,48
20221227,nuclear,20.56,48
20221227,other,0.0,48
20221227,solar,0.62,48
20221227,wind,48.78,48
20221228,biomass,5.06,48
20221228,coal,1.01,48
20221228,gas,10.64,48
20221228,hydro,2.7,48
20221228,imports,9.7,48
20221228,nuclear,19.08,48
20221228,other,0.0,48
20221228,solar,0.23,48
20221228,wind,51.56,48
20221229,biomass,3.62,48
20221229,coal,0.67,48
20221229,gas,7.9,48
20221229,hydro,3.25,48
20221229,imports,7.03,48
20221229,nuclear,18.58,48
20221229,other,0.0,48
20221229,solar,1.3,48
20221229,wind,57.67,48
20221230,biomass,2.3,48
20221230,coal,1.34,48
20221230,gas,7.99,48
20221230,hydro,1.86,48
20221230,imports,6.36,48
20221230,nuclear,18.33,48
20221230,other,0.0,48
20221230,solar,0.43,48
20221230,wind,61.4,48
20221231,biomass,3.55,48
20221231,coal,2.72,48
20221231,gas,18.19,48
20221231,hydro,3.49,48
20221231,imports,12.87,48
20221231,nuclear,20.86,48
20221231,other,0.0,48
20221231,solar,0.19,48
20221231,wind,38.13,48
20230101,biomass,3.33,48
20230101,coal,2.51,48
20230101,gas,16.6,48
20230101,hydro,2.86,48
20230101,imports,12.0,48
20230101,nuclear,21.37,48
20230101,other,0.0,48
20230101,solar,0.84,48
20230101,wind,40.52,48
20230102,biomass,6.15,48
20230102,coal,2.74,48
20230102,gas,25.82,48
20230102,hydro,2.7,48
20230102,imports,16.24,48
20230102,nuclear,20.61,48
20230102,other,0.0,48
20230102,solar,2.16,48
20230102,wind,23.57,48
20230103,biomass,5.49,48
20230103,coal,1.75,48
20230103,gas,16.04,48
20230103,hydro,2.64,48
20230103,imports,8.28,48
20230103,nuclear,17.8,48
20230103,other,0.0,48
20230103,solar,0.23,48
20230103,wind,47.77,48
20230104,biomass,2.4,48
20230104,coal,0.4,48
20230104,gas,11.19,48
20230104,hydro,2.97,48
20230104,imports,9.41,48
20230104,nuclear,17.08,48
20230104,other,0.0,48
20230104,solar,0.74,48
20230104,wind,55.8,48
20230105,biomass,4.51,48
20230105,coal,0.27,48
20230105,gas,21.46,48
20230105,hydro,3.1,48
20230105,imports,7.55,48
20230105,nuclear,16.27,48
20230105,other,0.0,48
20230105,solar,0.58,48
20230105,wind,46.24,48
20230106,biomass,1.73,48
20230106,coal,0.79,48
20230106,gas,16.32,48
20230106,hydro,3.2,48
20230106,imports,7.61,48
20230106,nuclear,15.83,48
20230106,other,0.0,48
20230106,solar,1.04,48
20230106,wind,53.48,48
20230107,biomass,0.91,48
20230107,coal,0.95,48
20230107,gas,9.61,48
20230107,hydro,3.58,48
20230107,imports,8.57,48
20230107,nuclear,17.16,48
20230107,other,0.0,48
20230107,solar,0.73,48
20230107,wind,58.51,48
20230108,biomass,2.77,48
20230108,coal,0.85,48
20230108,gas,11.17,48
20230108,hydro,3.16,48
20230108,imports,8.74,48
20230108,nuclear,16.34,48
20230108,other,0.0,48
20230108,solar,0.82,48
20230108,wind,56.14,48
20230109,biomass,4.8,48
20230109,coal,1.07,48
20230109,gas,13.07,48
20230109,hydro,3.77,48
20230109,imports,9.95,48
20230109,nuclear,15.89,48
20230109,other,0.0,48
20230109,solar,1.31,48
20230109,wind,50.15,48
20230110,biomass,5.17,48
20230110,coal,1.78,48
20230110,gas,11.22,48
20230110,hydro,2.89,48
20230110,imports,9.77,48
20230110,nuclear,15.26,48
20230110,other,0.0,48
20230110,solar,0.17,48
20230110,wind,53.74,48
20230111,biomass,4.3,48
20230111,coal,1.55,48
20230111,gas,9.05,48
20230111,hydro,2.75,48
20230111,imports,9.36,48
20230111,nuclear,14.81,48
20230111,other,0.0,48
20230111,solar,1.0,48
20230111,wind,57.17,48
20230112,biomass,5.24,48
20230112,coal,0.83,48
20230112,gas,10.91,48
20230112,hydro,3.63,48
20230112,imports,12.03,48
20230112,nuclear,15.48,48
20230112,other,0.0,48
20230112,solar,0.46,48
20230112,wind,51.42,48
20230113,biomass,4.92,48
20230113,coal,1.63,48
20230113,gas,12.19,48
20230113,hydro,4.17,48
20230113,imports,9.98,48
20230113,nuclear,14.85,48
20230113,other,0.0,48
20230113,solar,1.43,48
20230113,wind,50.84,48
20230114,biomass,1.56,48
20230114,coal,0.92,48
20230114,gas,9.3,48
20230114,hydro,3.33,48
20230114,imports,10.0,48
20230114,nuclear,16.59,48
20230114,other,0.0,48
20230114,solar,0.72,48
20230114,wind,57.57,48
20230115,biomass,4.22,48
20230115,coal,1.9,48
20230115,gas,20.98,48
20230115,hydro,3.19,48
20230115,imports,9.36,48
20230115,nuclear,15.64,48
20230115,other,0.0,48
20230115,solar,1.61,48
20230115,wind,43.11,48
20230116,biomass,5.69,48
20230116,coal,2.44,48
20230116,gas,34.36,48
20230116,hydro,2.46,48
20230116,imports,12.82,48
20230116,nuclear,13.22,48
20230116,other,0.0,48
20230116,solar,1.34,48
20230116,wind,27.68,48
20230117,biomass,5.41,48
20230117,coal,2.43,48
20230117,gas,41.42,48
20230117,hydro,2.15,48
20230117,imports,10.01,48
20230117,nuclear,13.04,48
20230117,other,0.0,48
20230117,solar,1.57,48
20230117,wind,23.95,48
20230118,biomass,5.14,48
20230118,coal,1.89,48
20230118,gas,32.54,48
20230118,hydro,2.25,48
20230118,imports,5.68,48
20230118,nuclear,11.87,48
20230118,other,0.0,48
20230118,solar,1.58,48
20230118,wind,39.06,48
20230119,biomass,5.16,48
20230119,coal,2.39,48
20230119,gas,42.04,48
20230119,hydro,1.88,48
20230119,imports,5.93,48
20230119,nuclear,12.2,48
20230119,other,0.0,48
20230119,solar,1.91,48
20230119,wind,28.5,48
20230120,biomass,5.34,48
20230120,coal,2.29,48
20230120,gas,43.71,48
20230120,hydro,2.15,48
20230120,imports,6.24,48
20230120,nuclear,13.04,48
20230120,other,0.0,48
20230120,solar,2.2,48
20230120,wind,25.03,48
20230121,biomass,4.85,48
20230121,coal,2.87,48
20230121,gas,35.7,48
20230121,hydro,1.68,48
20230121,imports,13.23,48
20230121,nuclear,15.34,48
20230121,other,0.0,48
20230121,solar,2.24,48
20230121,wind,24.1,48
20230122,biomass,6.14,48
20230122,coal,2.17,48
20230122,gas,36.34,48
20230122,hydro,2.21,48
20230122,imports,13.66,48
20230122,nuclear,15.59,48
20230122,other,0.0,48
20230122,solar,1.36,48
20230122,wind,22.54,48
20230123,biomass,5.59,48
20230123,coal,2.45,48
20230123,gas,51.37,48
20230123,hydro,2.67,48
20230123,imports,7.83,48
20230123,nuclear,13.21,48
20230123,other,0.0,48
20230123,solar,1.57,48
20230123,wind,15.31,48
20230124,biomass,5.22,48
20230124,coal,2.4,48
20230124,gas,52.39,48
20230124,hydro,2.3,48
20230124,imports,7.22,48
20230124,nuclear,13.01,48
20230124,other,0.0,48
20230124,solar,1.8,48
20230124,wind,15.63,48
20230125,biomass,5.19,48
20230125,coal,1.97,48
20230125,gas,46.11,48
20230125,hydro,2.35,48
20230125,imports,4.4,48
20230125,nuclear,12.28,48
20230125,other,0.0,48
20230125,solar,0.51,48
20230125,wind,27.19,48
20230126,biomass,5.66,48
20230126,coal,2.5,48
20230126,gas,38.52,48
20230126,hydro,4.12,48
20230126,imports,7.39,48
20230126,nuclear,13.61,48
20230126,other,0.0,48
20230126,solar,1.33,48
20230126,wind,26.87,48
20230127,biomass,5.21,48
20230127,coal,2.73,48
20230127,gas,45.21,48
20230127,hydro,2.32,48
20230127,imports,12.48,48
20230127,nuclear,15.4,48
20230127,other,0.0,48
20230127,solar,1.14,48
20230127,wind,15.52,48
20230128,biomass,6.19,48
20230128,coal,2.83,48
20230128,gas,51.83,48
20230128,hydro,2.08,48
20230128,imports,10.5,48
20230128,nuclear,14.73,48
20230128,other,0.0,48
20230128,solar,0.91,48
20230128,wind,10.92,48
20230129,biomass,4.28,48
20230129,coal,2.01,48
20230129,gas,15.44,48
20230129,hydro,1.59,48
20230129,imports,10.35,48
20230129,nuclear,15.75,48
20230129,other,0.0,48
20230129,solar,1.15,48
20230129,wind,49.43,48
20230130,biomass,3.54,48
20230130,coal,1.56,48
20230130,gas,28.03,48
20230130,hydro,2.73,48
20230130,imports,6.44,48
20230130,nuclear,13.29,48
20230130,other,0.0,48
20230130,solar,2.26,48
20230130,wind,42.15,48
20230131,biomass,5.24,48
20230131,coal,1.52,48
20230131,gas,19.11,48
20230131,hydro,1.71,48
20230131,imports,6.85,48
20230131,nuclear,12.75,48
20230131,other,0.0,48
20230131,solar,1.8,48
20230131,wind,51.01,48
20230201,biomass,5.3,48
20230201,coal,1.49,48
20230201,gas,13.72,48
20230201,hydro,2.48,48
20230201,imports,9.54,48
20230201,nuclear,13.57,48
20230201,other,0.0,48
20230201,solar,1.49,48
20230201,wind,52.42,48
20230202,biomass,4.86,48
20230202,coal,1.42,48
20230202,gas,15.03,48
20230202,hydro,1.73,48
20230202,imports,8.09,48
20230202,nuclear,14.43,48
20230202,other,0.0,48
20230202,solar,1.3,48
20230202,wind,53.15,48
20230203,biomass,4.71,48
20230203,coal,1.67,48
20230203,gas,19.94,48
20230203,hydro,3.01,48
20230203,imports,14.31,48
20230203,nuclear,14.68,48
20230203,other,0.0,48
20230203,solar,1.38,48
20230203,wind,40.31,48
20230204,biomass,5.72,48
20230204,coal,1.12,48
20230204,gas,24.63,48
20230204,hydro,2.34,48
20230204,imports,16.64,48
20230204,nuclear,16.65,48
20230204,other,0.0,48
20230204,solar,0.55,48
20230204,wind,32.35,48
20230205,biomass,6.34,48
20230205,coal,1.16,48
20230205,gas,24.0,48
20230205,hydro,2.57,48
20230205,imports,17.32,48
20230205,nuclear,15.95,48
20230205,other,0.0,48
20230205,solar,3.22,48
20230205,wind,29.45,48
20230206,biomass,6.29,48
20230206,coal,2.71,48
20230206,gas,42.83,48
20230206,hydro,2.53,48
20230206,imports,9.16,48
20230206,nuclear,12.63,48
20230206,other,0.0,48
20230206,solar,3.25,48
20230206,wind,20.62,48
20230207,biomass,6.07,48
20230207,coal,3.39,48
20230207,gas,51.28,48
20230207,hydro,2.88,48
20230207,imports,9.5,48
20230207,nuclear,12.24,48
20230207,other,0.0,48
20230207,solar,2.9,48
20230207,wind,11.75,48
20230208,biomass,5.63,48
20230208,coal,2.57,48
20230208,gas,35.88,48
20230208,hydro,1.66,48
20230208,imports,6.18,48
20230208,nuclear,11.49,48
20230208,other,0.0,48
20230208,solar,3.0,48
20230208,wind,33.59,48
20230209,biomass,5.77,48
20230209,coal,2.79,48
20230209,gas,34.64,48
20230209,hydro,2.38,48
20230209,imports,7.06,48
20230209,nuclear,11.99,48
20230209,other,0.0,48
20230209,solar,2.63,48
20230209,wind,32.74,48
20230210,biomass,5.61,48
20230210,coal,1.82,48
20230210,gas,28.89,48
20230210,hydro,1.61,48
20230210,imports,6.92,48
20230210,nuclear,11.75,48
20230210,other,0.0,48
20230210,solar,1.7,48
20230210,wind,41.7,48
20230211,biomass,5.35,48
20230211,coal,2.27,48
20230211,gas,32.74,48
20230211,hydro,2.67,48
20230211,imports,13.11,48
20230211,nuclear,12.64,48
20230211,other,0.0,48
20230211,solar,1.23,48
20230211,wind,29.98,48
20230212,biomass,6.95,48
20230212,coal,2.2,48
20230212,gas,42.38,48
20230212,hydro,2.61,48
20230212,imports,17.36,48
20230212,nuclear,12.55,48
20230212,other,0.0,48
20230212,solar,1.06,48
20230212,wind,14.89,48
20230213,biomass,6.11,48
20230213,coal,2.46,48
20230213,gas,49.0,48
20230213,hydro,2.49,48
20230213,imports,10.91,48
20230213,nuclear,11.03,48
20230213,other,0.0,48
20230213,solar,3.11,48
20230213,wind,14.89,48
20230214,biomass,5.39,48
20230214,coal,3.05,48
20230214,gas,43.41,48
20230214,hydro,1.44,48
20230214,imports,11.6,48
20230214,nuclear,11.14,48
20230214,other,0.0,48
20230214,solar,2.86,48
20230214,wind,21.11,48
20230215,biomass,6.02,48
20230215,coal,1.43,48
20230215,gas,25.83,48
20230215,hydro,1.49,48
20230215,imports,10.48,48
20230215,nuclear,14.31,48
20230215,other,0.0,48
20230215,solar,2.31,48
20230215,wind,38.15,48
20230216,biomass,5.87,48
20230216,coal,0.98,48
20230216,gas,30.25,48
20230216,hydro,2.46,48
20230216,imports,13.85,48
20230216,nuclear,9.79,48
20230216,other,0.0,48
20230216,solar,1.03,48
20230216,wind,35.77,48
20230217,biomass,5.67,48
20230217,coal,0.33,48
20230217,gas,19.41,48
20230217,hydro,2.47,48
20230217,imports,13.16,48
20230217,nuclear,7.22,48
20230217,other,0.0,48
20230217,solar,1.86,48
20230217,wind,49.91,48
20230218,biomass,5.66,48
20230218,coal,0.58,48
20230218,gas,16.37,48
20230218,hydro,3.16,48
20230218,imports,16.6,48
20230218,nuclear,7.89,48
20230218,other,0.0,48
20230218,solar,1.54,48
20230218,wind,48.21,48
20230219,biomass,5.82,48
20230219,coal,0.42,48
20230219,gas,17.72,48
20230219,hydro,1.59,48
20230219,imports,17.25,48
20230219,nuclear,9.08,48
20230219,other,0.0,48
20230219,solar,4.02,48
20230219,wind,44.11,48
20230220,biomass,4.46,48
20230220,coal,1.28,48
20230220,gas,16.94,48
20230220,hydro,1.48,48
20230220,imports,13.35,48
20230220,nuclear,9.79,48
20230220,other,0.0,48
20230220,solar,1.79,48
20230220,wind,50.9,48
20230221,biomass,4.56,48
20230221,coal,0.38,48
20230221,gas,39.19,48
20230221,hydro,2.66,48
20230221,imports,14.21,48
20230221,nuclear,10.33,48
20230221,other,0.0,48
20230221,solar,1.45,48
20230221,wind,27.19,48
20230222,biomass,4.94,48
20230222,coal,1.03,48
20230222,gas,49.18,48
20230222,hydro,2.34,48
20230222,imports,9.27,48
20230222,nuclear,8.81,48
20230222,other,0.0,48
20230222,solar,1.73,48
20230222,wind,22.71,48
20230223,biomass,5.75,48
20230223,coal,0.82,48
20230223,gas,38.51,48
20230223,hydro,2.1,48
20230223,imports,10.15,48
20230223,nuclear,8.6,48
20230223,other,0.0,48
20230223,solar,2.36,48
20230223,wind,31.71,48
20230224,biomass,5.61,48
20230224,coal,0.0,48
20230224,gas,28.08,48
20230224,hydro,2.15,48
20230224,imports,11.16,48
20230224,nuclear,8.72,48
20230224,other,0.0,48
20230224,solar,1.96,48
20230224,wind,42.3,48
20230225,biomass,6.2,48
20230225,coal,0.0,48
20230225,gas,24.48,48
20230225,hydro,2.38,48
20230225,imports,16.44,48
20230225,nuclear,9.7,48
20230225,other,0.0,48
20230225,solar,2.48,48
20230225,wind,38.32,48
20230226,biomass,6.05,48
20230226,coal,0.43,48
20230226,gas,35.63,48
20230226,hydro,2.12,48
20230226,imports,19.76,48
20230226,nuclear,10.84,48
20230226,other,0.0,48
20230226,solar,3.77,48
20230226,wind,21.4,48
20230227,biomass,4.58,48
20230227,coal,0.99,48
20230227,gas,53.99,48
20230227,hydro,2.01,48
20230227,imports,11.7,48
20230227,nuclear,10.71,48
20230227,other,0.0,48
20230227,solar,2.21,48
20230227,wind,13.83,48
20230228,biomass,5.31,48
20230228,coal,0.86,48
20230228,gas,57.64,48
20230228,hydro,1.7,48
20230228,imports,6.3,48
20230228,nuclear,10.72,48
20230228,other,0.0,48
20230228,solar,1.63,48
20230228,wind,15.83,48
20230301,biomass,4.99,48
20230301,coal,0.12,48
20230301,gas,53.35,48
20230301,hydro,1.4,48
20230301,imports,7.56,48
20230301,nuclear,11.12,48
20230301,other,0.0,48
20230301,solar,1.48,48
20230301,wind,19.99,48
20230302,biomass,5.46,48
20230302,coal,0.41,48
20230302,gas,56.78,48
20230302,hydro,1.16,48
20230302,imports,8.09,48
20230302,nuclear,11.2,48
20230302,other,0.0,48
20230302,solar,3.28,48
20230302,wind,13.63,48
20230303,biomass,5.51,48
20230303,coal,0.49,48
20230303,gas,56.25,48
20230303,hydro,1.02,48
20230303,imports,10.87,48
20230303,nuclear,12.06,48
20230303,other,0.0,48
20230303,solar,1.3,48
20230303,wind,12.5,48
20230304,biomass,4.93,48
20230304,coal,0.24,48
20230304,gas,53.64,48
20230304,hydro,1.22,48
20230304,imports,12.24,48
20230304,nuclear,13.91,48
20230304,other,0.0,48
20230304,solar,1.32,48
20230304,wind,12.53,48
20230305,biomass,6.3,48
20230305,coal,0.29,48
20230305,gas,54.2,48
20230305,hydro,1.07,48
20230305,imports,13.62,48
20230305,nuclear,15.17,48
20230305,other,0.0,48
20230305,solar,1.48,48
20230305,wind,7.87,48
20230306,biomass,5.36,48
20230306,coal,0.85,48
20230306,gas,50.05,48
20230306,hydro,0.75,48
20230306,imports,5.96,48
20230306,nuclear,11.07,48
20230306,other,0.0,48
20230306,solar,1.64,48
20230306,wind,24.31,48
20230307,biomass,5.36,48
20230307,coal,1.76,48
20230307,gas,54.04,48
20230307,hydro,1.3,48
20230307,imports,9.14,48
20230307,nuclear,11.33,48
20230307,other,0.0,48
20230307,solar,2.92,48
20230307,wind,14.15,48
20230308,biomass,5.53,48
20230308,coal,1.74,48
20230308,gas,50.25,48
20230308,hydro,0.95,48
20230308,imports,11.98,48
20230308,nuclear,11.57,48
20230308,other,0.0,48
20230308,solar,1.3,48
20230308,wind,16.65,48
20230309,biomass,5.64,48
20230309,coal,1.44,48
20230309,gas,38.64,48
20230309,hydro,0.98,48
20230309,imports,12.74,48
20230309,nuclear,12.01,48
20230309,other,0.0,48
20230309,solar,0.91,48
20230309,wind,27.66,48
20230310,biomass,5.31,48
20230310,coal,0.67,48
20230310,gas,32.89,48
20230310,hydro,1.25,48
20230310,imports,14.55,48
20230310,nuclear,11.96,48
20230310,other,0.0,48
20230310,solar,2.62,48
20230310,wind,30.76,48
20230311,biomass,4.98,48
20230311,coal,1.22,48
20230311,gas,38.92,48
20230311,hydro,0.85,48
20230311,imports,18.31,48
20230311,nuclear,13.18,48
20230311,other,0.0,48
20230311,solar,3.29,48
20230311,wind,19.27,48
20230312,biomass,4.82,48
20230312,coal,0.53,48
20230312,gas,11.71,48
20230312,hydro,1.49,48
20230312,imports,11.95,48
20230312,nuclear,13.69,48
20230312,other,0.0,48
20230312,solar,3.05,48
20230312,wind,52.75,48
20230313,biomass,4.36,48
20230313,coal,0.34,48
20230313,gas,11.42,48
20230313,hydro,2.1,48
20230313,imports,11.25,48
20230313,nuclear,12.51,48
20230313,other,0.0,48
20230313,solar,2.33,48
20230313,wind,55.69,48
20230314,biomass,4.81,48
20230314,coal,0.58,48
20230314,gas,26.97,48
20230314,hydro,2.26,48
20230314,imports,12.72,48
20230314,nuclear,12.44,48
20230314,other,0.0,48
20230314,solar,4.35,48
20230314,wind,35.87,48
20230315,biomass,5.5,48
20230315,coal,0.81,48
20230315,gas,42.86,48
20230315,hydro,1.5,48
20230315,imports,12.62,48
20230315,nuclear,11.97,48
20230315,other,0.0,48
20230315,solar,2.4,48
20230315,wind,22.34,48
20230316,biomass,4.66,48
20230316,coal,0.89,48
20230316,gas,18.7,48
20230316,hydro,1.37,48
20230316,imports,13.04,48
20230316,nuclear,12.52,48
20230316,other,0.0,48
20230316,solar,1.77,48
20230316,wind,47.05,48
20230317,biomass,4.02,48
20230317,coal,0.38,48
20230317,gas,36.35,48
20230317,hydro,2.02,48
20230317,imports,17.55,48
20230317,nuclear,13.64,48
20230317,other,0.0,48
20230317,solar,3.0,48
20230317,wind,23.06,48
20230318,biomass,4.43,48
20230318,coal,0.0,48
20230318,gas,35.4,48
20230318,hydro,1.68,48
20230318,imports,17.35,48
20230318,nuclear,14.89,48
20230318,other,0.0,48
20230318,solar,3.48,48
20230318,wind,22.77,48
20230319,biomass,4.47,48
20230319,coal,0.0,48
20230319,gas,34.81,48
20230319,hydro,2.17,48
20230319,imports,16.63,48
20230319,nuclear,14.88,48
20230319,other,0.0,48
20230319,solar,4.56,48
20230319,wind,22.46,48
20230320,biomass,4.28,48
20230320,coal,0.0,48
20230320,gas,41.8,48
20230320,hydro,2.13,48
20230320,imports,11.1,48
20230320,nuclear,12.38,48
20230320,other,0.0,48
20230320,solar,1.49,48
20230320,wind,26.83,48
20230321,biomass,4.06,48
20230321,coal,0.0,48
20230321,gas,21.3,48
20230321,hydro,1.66,48
20230321,imports,8.15,48
20230321,nuclear,12.51,48
20230321,other,0.0,48
20230321,solar,3.37,48
20230321,wind,48.96,48
20230322,biomass,1.49,48
20230322,coal,0.0,48
20230322,gas,14.15,48
20230322,hydro,1.88,48
20230322,imports,9.46,48
20230322,nuclear,12.6,48
20230322,other,0.0,48
20230322,solar,4.13,48
20230322,wind,56.3,48
20230323,biomass,3.69,48
20230323,coal,0.0,48
20230323,gas,14.87,48
20230323,hydro,1.97,48
20230323,imports,10.84,48
20230323,nuclear,13.46,48
20230323,other,0.0,48
20230323,solar,4.04,48
20230323,wind,51.13,48
20230324,biomass,4.84,48
20230324,coal,0.0,48
20230324,gas,13.47,48
20230324,hydro,1.49,48
20230324,imports,14.27,48
20230324,nuclear,15.08,48
20230324,other,0.0,48
20230324,solar,4.8,48
20230324,wind,46.06,48
20230325,biomass,5.02,48
20230325,coal,0.0,48
20230325,gas,19.8,48
20230325,hydro,2.67,48
20230325,imports,13.5,48
20230325,nuclear,15.39,48
20230325,other,0.0,48
20230325,solar,4.99,48
20230325,wind,38.64,48
20230326,biomass,6.39,46
20230326,coal,0.07,46
20230326,gas,26.06,46
20230326,hydro,2.28,46
20230326,imports,18.35,46
20230326,nuclear,15.21,46
20230326,other,0.0,46
20230326,solar,3.04,46
20230326,wind,28.61,46
20230327,biomass,5.81,48
20230327,coal,0.56,48
20230327,gas,40.09,48
20230327,hydro,2.33,48
20230327,imports,14.19,48
20230327,nuclear,14.05,48
20230327,other,0.0,48
20230327,solar,5.88,48
20230327,wind,17.1,48
20230328,biomass,6.05,48
20230328,coal,0.0,48
20230328,gas,30.81,48
20230328,hydro,1.78,48
20230328,imports,11.6,48
20230328,nuclear,12.93,48
20230328,other,0.0,48
20230328,solar,1.19,48
20230328,wind,35.64,48
20230329,biomass,5.8,48
20230329,coal,0.0,48
20230329,gas,27.56,48
20230329,hydro,1.31,48
20230329,imports,11.11,48
20230329,nuclear,12.72,48
20230329,other,0.0,48
20230329,solar,1.41,48
20230329,wind,40.08,48
20230330,biomass,3.89,48
20230330,coal,0.16,48
20230330,gas,22.56,48
20230330,hydro,2.02,48
20230330,imports,12.7,48
20230330,nuclear,14.08,48
20230330,other,0.0,48
20230330,solar,4.39,48
20230330,wind,40.21,48
20230331,biomass,5.46,48
20230331,coal,0.0,48
20230331,gas,26.42,48
20230331,hydro,1.87,48
20230331,imports,14.22,48
20230331,nuclear,14.49,48
20230331,other,0.0,48
20230331,solar,2.1,48
20230331,wind,35.46,48
20230401,biomass,5.28,48
20230401,coal,0.0,48
20230401,gas,25.05,48
20230401,hydro,2.12,48
20230401,imports,17.08,48
20230401,nuclear,14.39,48
20230401,other,0.0,48
20230401,solar,2.96,48
20230401,wind,33.12,48
20230402,biomass,7.12,48
20230402,coal,0.0,48
20230402,gas,32.82,48
20230402,hydro,2.2,48
20230402,imports,18.67,48
20230402,nuclear,13.83,48
20230402,other,0.0,48
20230402,solar,5.34,48
20230402,wind,20.02,48
20230403,biomass,6.45,48
20230403,coal,0.0,48
20230403,gas,35.33,48
20230403,hydro,1.38,48
20230403,imports,11.46,48
20230403,nuclear,12.57,48
20230403,other,0.0,48
20230403,solar,7.43,48
20230403,wind,25.4,48
20230404,biomass,6.56,48
20230404,coal,0.08,48
20230404,gas,41.37,48
20230404,hydro,1.05,48
20230404,imports,9.03,48
20230404,nuclear,12.93,48
20230404,other,0.0,48
20230404,solar,7.78,48
20230404,wind,21.19,48
20230405,biomass,6.57,48
20230405,coal,0.29,48
20230405,gas,47.61,48
20230405,hydro,2.04,48
20230405,imports,8.63,48
20230405,nuclear,12.97,48
20230405,other,0.0,48
20230405,solar,2.51,48
20230405,wind,19.36,48
20230406,biomass,6.74,48
20230406,coal,0.01,48
20230406,gas,38.4,48
20230406,hydro,1.29,48
20230406,imports,7.4,48
20230406,nuclear,13.39,48
20230406,other,0.0,48
20230406,solar,4.79,48
20230406,wind,27.99,48
20230407,biomass,7.61,48
20230407,coal,0.0,48
20230407,gas,42.76,48
20230407,hydro,1.58,48
20230407,imports,9.76,48
20230407,nuclear,15.25,48
20230407,other,0.0,48
20230407,solar,8.84,48
20230407,wind,14.21,48
20230408,biomass,6.65,48
20230408,coal,0.0,48
20230408,gas,41.66,48
20230408,hydro,1.5,48
20230408,imports,9.62,48
20230408,nuclear,16.73,48
20230408,other,0.0,48
20230408,solar,8.17,48
20230408,wind,15.69,48
20230409,biomass,7.61,48
20230409,coal,0.0,48
20230409,gas,25.11,48
20230409,hydro,0.93,48
20230409,imports,9.36,48
20230409,nuclear,16.99,48
20230409,other,0.0,48
20230409,solar,6.34,48
20230409,wind,33.68,48
20230410,biomass,5.09,48
20230410,coal,0.0,48
20230410,gas,11.51,48
20230410,hydro,1.27,48
20230410,imports,7.94,48
20230410,nuclear,16.58,48
20230410,other,0.0,48
20230410,solar,5.05,48
20230410,wind,52.56,48
20230411,biomass,4.44,48
20230411,coal,0.0,48
20230411,gas,21.84,48
20230411,hydro,1.61,48
20230411,imports,6.11,48
20230411,nuclear,14.98,48
20230411,other,0.0,48
20230411,solar,4.2,48
20230411,wind,46.84,48
20230412,biomass,4.54,48
20230412,coal,0.0,48
20230412,gas,20.7,48
20230412,hydro,2.07,48
20230412,imports,7.29,48
20230412,nuclear,14.79,48
20230412,other,0.0,48
20230412,solar,4.37,48
20230412,wind,46.22,48
20230413,biomass,6.36,48
20230413,coal,0.0,48
20230413,gas,24.86,48
20230413,hydro,1.95,48
20230413,imports,7.85,48
20230413,nuclear,15.06,48
20230413,other,0.0,48
20230413,solar,6.31,48
20230413,wind,37.62,48
20230414,biomass,6.54,48
20230414,coal,0.0,48
20230414,gas,53.93,48
20230414,hydro,1.74,48
20230414,imports,7.89,48
20230414,nuclear,15.07,48
20230414,other,0.0,48
20230414,solar,3.23,48
20230414,wind,11.59,48
20230415,biomass,6.17,48
20230415,coal,0.0,48
20230415,gas,40.44,48
20230415,hydro,1.57,48
20230415,imports,15.85,48
20230415,nuclear,17.5,48
20230415,other,0.0,48
20230415,solar,6.94,48
20230415,wind,11.54,48
20230416,biomass,7.91,48
20230416,coal,0.0,48
20230416,gas,44.17,48
20230416,hydro,1.98,48
20230416,imports,11.11,48
20230416,nuclear,17.59,48
20230416,other,0.0,48
20230416,solar,4.3,48
20230416,wind,12.91,48
20230417,biomass,7.27,48
20230417,coal,0.0,48
20230417,gas,53.93,48
20230417,hydro,1.86,48
20230417,imports,7.31,48
20230417,nuclear,15.65,48
20230417,other,0.0,48
20230417,solar,4.07,48
20230417,wind,9.9,48
20230418,biomass,7.09,48
20230418,coal,0.0,48
20230418,gas,29.72,48
20230418,hydro,1.37,48
20230418,imports,9.35,48
20230418,nuclear,13.83,48
20230418,other,0.0,48
20230418,solar,6.27,48
20230418,wind,32.36,48
20230419,biomass,5.0,48
20230419,coal,0.0,48
20230419,gas,19.76,48
20230419,hydro,1.32,48
20230419,imports,11.57,48
20230419,nuclear,14.07,48
20230419,other,0.0,48
20230419,solar,5.92,48
20230419,wind,42.34,48
20230420,biomass,5.25,48
20230420,coal,0.0,48
20230420,gas,24.27,48
20230420,hydro,1.54,48
20230420,imports,9.15,48
20230420,nuclear,14.23,48
20230420,other,0.0,48
20230420,solar,8.53,48
20230420,wind,37.01,48
20230421,biomass,4.79,48
20230421,coal,0.0,48
20230421,gas,34.51,48
20230421,hydro,1.3,48
20230421,imports,11.76,48
20230421,nuclear,13.89,48
20230421,other,0.0,48
20230421,solar,3.79,48
20230421,wind,29.96,48
20230422,biomass,4.16,48
20230422,coal,0.0,48
20230422,gas,35.92,48
20230422,hydro,1.44,48
20230422,imports,16.74,48
20230422,nuclear,15.49,48
20230422,other,0.0,48
20230422,solar,5.24,48
20230422,wind,21.01,48
20230423,biomass,5.41,48
20230423,coal,0.0,48
20230423,gas,25.27,48
20230423,hydro,1.07,48
20230423,imports,18.3,48
20230423,nuclear,15.7,48
20230423,other,0.0,48
20230423,solar,4.29,48
20230423,wind,29.96,48
20230424,biomass,4.46,48
20230424,coal,0.0,48
20230424,gas,30.8,48
20230424,hydro,1.16,48
20230424,imports,12.43,48
20230424,nuclear,13.62,48
20230424,other,0.0,48
20230424,solar,4.1,48
20230424,wind,33.43,48
20230425,biomass,4.64,48
20230425,coal,0.14,48
20230425,gas,44.23,48
20230425,hydro,1.45,48
20230425,imports,12.38,48
20230425,nuclear,13.71,48
20230425,other,0.0,48
20230425,solar,7.48,48
20230425,wind,15.95,48
20230426,biomass,4.82,48
20230426,coal,0.28,48
20230426,gas,55.98,48
20230426,hydro,1.69,48
20230426,imports,12.35,48
20230426,nuclear,13.88,48
20230426,other,0.0,48
20230426,solar,4.77,48
20230426,wind,6.21,48
20230427,biomass,4.46,48
20230427,coal,0.0,48
20230427,gas,43.88,48
20230427,hydro,0.95,48
20230427,imports,7.49,48
20230427,nuclear,13.18,48
20230427,other,0.0,48
20230427,solar,2.67,48
20230427,wind,27.38,48
20230428,biomass,4.67,48
20230428,coal,0.0,48
20230428,gas,43.73,48
20230428,hydro,1.55,48
20230428,imports,12.25,48
20230428,nuclear,14.28,48
20230428,other,0.0,48
20230428,solar,4.38,48
20230428,wind,19.16,48
20230429,biomass,3.74,48
20230429,coal,0.0,48
20230429,gas,48.28,48
20230429,hydro,1.03,48
20230429,imports,19.09,48
20230429,nuclear,14.51,48
20230429,other,0.0,48
20230429,solar,7.1,48
20230429,wind,6.25,48
20230430,biomass,5.34,48
20230430,coal,0.0,48
20230430,gas,31.68,48
20230430,hydro,0.81,48
20230430,imports,21.05,48
20230430,nuclear,14.41,48
20230430,other,0.0,48
20230430,solar,5.09,48
20230430,wind,21.62,48
20230501,biomass,5.32,48
20230501,coal,0.0,48
20230501,gas,31.53,48
20230501,hydro,1.04,48
20230501,imports,21.32,48
20230501,nuclear,14.12,48
20230501,other,0.0,48
20230501,solar,6.12,48
20230501,wind,20.54,48
20230502,biomass,4.78,48
20230502,coal,0.0,48
20230502,gas,51.61,48
20230502,hydro,1.05,48
20230502,imports,14.88,48
20230502,nuclear,12.78,48
20230502,other,0.0,48
20230502,solar,5.56,48
20230502,wind,9.35,48
20230503,biomass,4.44,48
20230503,coal,0.0,48
20230503,gas,38.52,48
20230503,hydro,0.95,48
20230503,imports,9.71,48
20230503,nuclear,12.86,48
20230503,other,0.0,48
20230503,solar,8.8,48
20230503,wind,24.7,48
20230504,biomass,3.73,48
20230504,coal,0.0,48
20230504,gas,21.21,48
20230504,hydro,0.73,48
20230504,imports,6.7,48
20230504,nuclear,12.89,48
20230504,other,0.0,48
20230504,solar,5.83,48
20230504,wind,48.89,48
20230505,biomass,4.25,48
20230505,coal,0.0,48
20230505,gas,37.07,48
20230505,hydro,1.2,48
20230505,imports,10.96,48
20230505,nuclear,13.24,48
20230505,other,0.0,48
20230505,solar,5.69,48
20230505,wind,27.58,48
20230506,biomass,3.01,48
20230506,coal,0.0,48
20230506,gas,44.88,48
20230506,hydro,1.13,48
20230506,imports,17.3,48
20230506,nuclear,14.1,48
20230506,other,0.0,48
20230506,solar,3.93,48
20230506,wind,15.65,48
20230507,biomass,3.6,48
20230507,coal,0.0,48
20230507,gas,32.09,48
20230507,hydro,0.72,48
20230507,imports,23.14,48
20230507,nuclear,15.12,48
20230507,other,0.0,48
20230507,solar,7.61,48
20230507,wind,17.71,48
20230508,biomass,5.01,48
20230508,coal,0.0,48
20230508,gas,30.79,48
20230508,hydro,1.04,48
20230508,imports,14.35,48
20230508,nuclear,14.03,48
20230508,other,0.0,48
20230508,solar,2.94,48
20230508,wind,31.87,48
20230509,biomass,4.63,48
20230509,coal,0.0,48
20230509,gas,46.54,48
20230509,hydro,1.45,48
20230509,imports,16.51,48
20230509,nuclear,13.2,48
20230509,other,0.0,48
20230509,solar,5.18,48
20230509,wind,12.48,48
20230510,biomass,4.49,48
20230510,coal,0.0,48
20230510,gas,47.78,48
20230510,hydro,1.24,48
20230510,imports,13.94,48
20230510,nuclear,12.89,48
20230510,other,0.0,48
20230510,solar,6.56,48
20230510,wind,13.12,48
20230511,biomass,4.61,48
20230511,coal,0.0,48
20230511,gas,55.96,48
20230511,hydro,1.24,48
20230511,imports,13.1,48
20230511,nuclear,12.84,48
20230511,other,0.0,48
20230511,solar,6.69,48
20230511,wind,5.56,48
20230512,biomass,4.85,48
20230512,coal,0.0,48
20230512,gas,36.63,48
20230512,hydro,1.16,48
20230512,imports,10.41,48
20230512,nuclear,12.78,48
20230512,other,0.0,48
20230512,solar,4.82,48
20230512,wind,29.36,48
20230513,biomass,3.19,48
20230513,coal,0.0,48
20230513,gas,32.75,48
20230513,hydro,0.94,48
20230513,imports,19.56,48
20230513,nuclear,14.2,48
20230513,other,0.0,48
20230513,solar,8.22,48
20230513,wind,21.12,48
20230514,biomass,3.18,48
20230514,coal,0.0,48
20230514,gas,37.27,48
20230514,hydro,0.83,48
20230514,imports,20.59,48
20230514,nuclear,14.85,48
20230514,other,0.0,48
20230514,solar,8.24,48
20230514,wind,15.05,48
20230515,biomass,3.74,48
20230515,coal,0.0,48
20230515,gas,30.23,48
20230515,hydro,0.62,48
20230515,imports,11.26,48
20230515,nuclear,12.49,48
20230515,other,0.0,48
20230515,solar,8.35,48
20230515,wind,33.3,48
20230516,biomass,2.59,48
20230516,coal,0.0,48
20230516,gas,33.61,48
20230516,hydro,0.59,48
20230516,imports,18.05,48
20230516,nuclear,12.85,48
20230516,other,0.0,48
20230516,solar,8.13,48
20230516,wind,24.18,48
20230517,biomass,2.74,48
20230517,coal,0.0,48
20230517,gas,47.5,48
20230517,hydro,0.54,48
20230517,imports,16.83,48
20230517,nuclear,13.68,48
20230517,other,0.0,48
20230517,solar,7.39,48
20230517,wind,11.34,48
20230518,biomass,3.09,48
20230518,coal,0.0,48
20230518,gas,42.32,48
20230518,hydro,0.59,48
20230518,imports,17.37,48
20230518,nuclear,14.66,48
20230518,other,0.0,48
20230518,solar,7.69,48
20230518,wind,14.26,48
20230519,biomass,1.61,48
20230519,coal,0.0,48
20230519,gas,45.06,48
20230519,hydro,0.87,48
20230519,imports,18.5,48
20230519,nuclear,15.03,48
20230519,other,0.0,48
20230519,solar,6.68,48
20230519,wind,12.26,48
20230520,biomass,0.99,48
20230520,coal,0.0,48
20230520,gas,23.06,48
20230520,hydro,0.68,48
20230520,imports,24.57,48
20230520,nuclear,19.14,48
20230520,other,0.0,48
20230520,solar,11.36,48
20230520,wind,20.22,48
20230521,biomass,0.98,48
20230521,coal,0.0,48
20230521,gas,23.32,48
20230521,hydro,1.13,48
20230521,imports,22.44,48
20230521,nuclear,20.26,48
20230521,other,0.0,48
20230521,solar,10.96,48
20230521,wind,20.9,48
20230522,biomass,0.56,48
20230522,coal,0.0,48
20230522,gas,29.56,48
20230522,hydro,0.74,48
20230522,imports,8.45,48
20230522,nuclear,18.8,48
20230522,other,0.0,48
20230522,solar,8.04,48
20230522,wind,33.87,48
20230523,biomass,0.53,48
20230523,coal,0.0,48
20230523,gas,33.81,48
20230523,hydro,0.43,48
20230523,imports,14.39,48
20230523,nuclear,19.65,48
20230523,other,0.0,48
20230523,solar,7.76,48
20230523,wind,23.42,48
20230524,biomass,0.8,48
20230524,coal,0.0,48
20230524,gas,39.11,48
20230524,hydro,0.8,48
20230524,imports,10.79,48
20230524,nuclear,19.62,48
20230524,other,0.0,48
20230524,solar,9.79,48
20230524,wind,19.09,48
20230525,biomass,1.27,48
20230525,coal,0.0,48
20230525,gas,39.82,48
20230525,hydro,0.74,48
20230525,imports,17.1,48
20230525,nuclear,20.06,48
20230525,other,0.0,48
20230525,solar,8.37,48
20230525,wind,12.63,48
20230526,biomass,2.75,48
20230526,coal,0.0,48
20230526,gas,36.43,48
20230526,hydro,0.68,48
20230526,imports,16.94,48
20230526,nuclear,20.16,48
20230526,other,0.0,48
20230526,solar,10.43,48
20230526,wind,12.61,48
20230527,biomass,2.89,48
20230527,coal,0.0,48
20230527,gas,22.67,48
20230527,hydro,0.69,48
20230527,imports,17.62,48
20230527,nuclear,22.17,48
20230527,other,0.0,48
20230527,solar,12.0,48
20230527,wind,21.94,48
20230528,biomass,2.84,48
20230528,coal,0.0,48
20230528,gas,19.2,48
20230528,hydro,0.65,48
20230528,imports,20.49,48
20230528,nuclear,23.19,48
20230528,other,0.0,48
20230528,solar,10.74,48
20230528,wind,22.88,48
20230529,biomass,2.74,48
20230529,coal,0.0,48
20230529,gas,17.15,48
20230529,hydro,0.8,48
20230529,imports,19.96,48
20230529,nuclear,22.6,48
20230529,other,0.0,48
20230529,solar,11.82,48
20230529,wind,24.92,48
20230530,biomass,2.7,48
20230530,coal,0.0,48
20230530,gas,28.25,48
20230530,hydro,0.68,48
20230530,imports,17.73,48
20230530,nuclear,20.24,48
20230530,other,0.0,48
20230530,solar,8.61,48
20230530,wind,21.78,48
20230531,biomass,2.77,48
20230531,coal,0.0,48
20230531,gas,34.24,48
20230531,hydro,0.53,48
20230531,imports,15.81,48
20230531,nuclear,19.45,48
20230531,other,0.0,48
20230531,solar,6.37,48
20230531,wind,20.83,48
20230601,biomass,2.81,48
20230601,coal,0.0,48
20230601,gas,30.73,48
20230601,hydro,0.56,48
20230601,imports,14.78,48
20230601,nuclear,19.72,48
20230601,other,0.0,48
20230601,solar,7.78,48
20230601,wind,23.6,48
20230602,biomass,2.84,48
20230602,coal,0.0,48
20230602,gas,31.15,48
20230602,hydro,0.56,48
20230602,imports,13.78,48
20230602,nuclear,20.25,48
20230602,other,0.0,48
20230602,solar,10.39,48
20230602,wind,21.04,48
20230603,biomass,3.24,48
20230603,coal,0.0,48
20230603,gas,26.69,48
20230603,hydro,0.55,48
20230603,imports,19.02,48
20230603,nuclear,23.08,48
20230603,other,0.0,48
20230603,solar,12.61,48
20230603,wind,14.8,48
20230604,biomass,3.41,48
20230604,coal,0.0,48
20230604,gas,29.2,48
20230604,hydro,0.51,48
20230604,imports,16.84,48
20230604,nuclear,23.48,48
20230604,other,0.0,48
20230604,solar,12.64,48
20230604,wind,13.91,48
20230605,biomass,2.89,48
20230605,coal,0.0,48
20230605,gas,41.57,48
20230605,hydro,0.47,48
20230605,imports,12.04,48
20230605,nuclear,20.43,48
20230605,other,0.0,48
20230605,solar,8.54,48
20230605,wind,14.07,48
20230606,biomass,2.77,48
20230606,coal,0.0,48
20230606,gas,45.24,48
20230606,hydro,0.45,48
20230606,imports,11.58,48
20230606,nuclear,19.6,48
20230606,other,0.0,48
20230606,solar,5.94,48
20230606,wind,14.43,48
20230607,biomass,2.5,48
20230607,coal,0.0,48
20230607,gas,34.34,48
20230607,hydro,0.32,48
20230607,imports,10.58,48
20230607,nuclear,20.18,48
20230607,other,0.0,48
20230607,solar,9.79,48
20230607,wind,22.29,48
20230608,biomass,2.58,48
20230608,coal,0.0,48
20230608,gas,30.21,48
20230608,hydro,0.27,48
20230608,imports,7.54,48
20230608,nuclear,20.87,48
20230608,other,0.0,48
20230608,solar,10.32,48
20230608,wind,28.19,48
20230609,biomass,2.66,48
20230609,coal,0.0,48
20230609,gas,24.7,48
20230609,hydro,0.36,48
20230609,imports,8.32,48
20230609,nuclear,19.91,48
20230609,other,0.0,48
20230609,solar,10.16,48
20230609,wind,33.89,48
20230610,biomass,2.61,48
20230610,coal,0.0,48
20230610,gas,17.86,48
20230610,hydro,0.45,48
20230610,imports,9.82,48
20230610,nuclear,20.87,48
20230610,other,0.0,48
20230610,solar,9.51,48
20230610,wind,38.88,48
20230611,biomass,2.72,48
20230611,coal,0.0,48
20230611,gas,35.56,48
20230611,hydro,0.61,48
20230611,imports,16.07,48
20230611,nuclear,19.41,48
20230611,other,0.0,48
20230611,solar,8.88,48
20230611,wind,16.74,48
20230612,biomass,2.41,48
20230612,coal,0.28,48
20230612,gas,48.12,48
20230612,hydro,0.47,48
20230612,imports,15.37,48
20230612,nuclear,13.24,48
20230612,other,0.0,48
20230612,solar,8.17,48
20230612,wind,11.94,48
20230613,biomass,2.51,48
20230613,coal,0.0,48
20230613,gas,42.98,48
20230613,hydro,0.49,48
20230613,imports,11.81,48
20230613,nuclear,12.34,48
20230613,other,0.0,48
20230613,solar,10.1,48
20230613,wind,19.78,48
20230614,biomass,2.61,48
20230614,coal,0.0,48
20230614,gas,40.19,48
20230614,hydro,0.42,48
20230614,imports,9.99,48
20230614,nuclear,13.81,48
20230614,other,0.0,48
20230614,solar,10.44,48
20230614,wind,22.57,48
20230615,biomass,2.57,48
20230615,coal,0.14,48
20230615,gas,49.38,48
20230615,hydro,0.6,48
20230615,imports,11.33,48
20230615,nuclear,14.51,48
20230615,other,0.0,48
20230615,solar,9.82,48
20230615,wind,11.63,48
20230616,biomass,2.6,48
20230616,coal,0.49,48
20230616,gas,52.43,48
20230616,hydro,0.48,48
20230616,imports,12.28,48
20230616,nuclear,15.24,48
20230616,other,0.0,48
20230616,solar,10.01,48
20230616,wind,6.46,48
20230617,biomass,3.13,48
20230617,coal,0.08,48
20230617,gas,47.27,48
20230617,hydro,0.58,48
20230617,imports,13.88,48
20230617,nuclear,16.69,48
20230617,other,0.0,48
20230617,solar,7.96,48
20230617,wind,10.43,48
20230618,biomass,3.15,48
20230618,coal,0.14,48
20230618,gas,39.29,48
20230618,hydro,0.5,48
20230618,imports,13.38,48
20230618,nuclear,16.92,48
20230618,other,0.0,48
20230618,solar,6.68,48
20230618,wind,19.94,48
20230619,biomass,2.68,48
20230619,coal,0.46,48
20230619,gas,42.46,48
20230619,hydro,0.63,48
20230619,imports,5.53,48
20230619,nuclear,13.44,48
20230619,other,0.0,48
20230619,solar,8.34,48
20230619,wind,26.46,48
20230620,biomass,2.6,48
20230620,coal,0.37,48
20230620,gas,50.88,48
20230620,hydro,0.69,48
20230620,imports,6.86,48
20230620,nuclear,14.09,48
20230620,other,0.0,48
20230620,solar,5.19,48
20230620,wind,19.32,48
20230621,biomass,2.7,48
20230621,coal,0.81,48
20230621,gas,50.73,48
20230621,hydro,0.72,48
20230621,imports,6.13,48
20230621,nuclear,14.13,48
20230621,other,0.0,48
20230621,solar,8.33,48
20230621,wind,16.45,48
20230622,biomass,2.83,48
20230622,coal,0.99,48
20230622,gas,53.84,48
20230622,hydro,0.6,48
20230622,imports,10.7,48
20230622,nuclear,16.25,48
20230622,other,0.0,48
20230622,solar,9.01,48
20230622,wind,5.79,48
20230623,biomass,3.61,48
20230623,coal,0.0,48
20230623,gas,43.31,48
20230623,hydro,0.46,48
20230623,imports,8.45,48
20230623,nuclear,17.29,48
20230623,other,0.0,48
20230623,solar,7.24,48
20230623,wind,19.65,48
20230624,biomass,4.1,48
20230624,coal,0.0,48
20230624,gas,27.16,48
20230624,hydro,0.81,48
20230624,imports,11.25,48
20230624,nuclear,19.68,48
20230624,other,0.0,48
20230624,solar,9.35,48
20230624,wind,27.67,48
20230625,biomass,4.47,48
20230625,coal,0.0,48
20230625,gas,22.94,48
20230625,hydro,1.03,48
20230625,imports,6.62,48
20230625,nuclear,18.54,48
20230625,other,0.0,48
20230625,solar,9.29,48
20230625,wind,37.09,48
20230626,biomass,2.68,48
20230626,coal,0.0,48
20230626,gas,26.08,48
20230626,hydro,0.66,48
20230626,imports,13.3,48
20230626,nuclear,17.94,48
20230626,other,0.0,48
20230626,solar,8.74,48
20230626,wind,30.61,48
20230627,biomass,2.87,48
20230627,coal,0.39,48
20230627,gas,40.22,48
20230627,hydro,0.44,48
20230627,imports,11.28,48
20230627,nuclear,17.96,48
20230627,other,0.0,48
20230627,solar,3.94,48
20230627,wind,22.91,48
20230628,biomass,3.04,48
20230628,coal,1.04,48
20230628,gas,47.31,48
20230628,hydro,0.8,48
20230628,imports,9.72,48
20230628,nuclear,18.43,48
20230628,other,0.0,48
20230628,solar,3.79,48
20230628,wind,15.86,48
20230629,biomass,4.22,48
20230629,coal,0.55,48
20230629,gas,42.15,48
20230629,hydro,0.54,48
20230629,imports,8.27,48
20230629,nuclear,19.05,48
20230629,other,0.0,48
20230629,solar,8.13,48
20230629,wind,17.1,48
20230630,biomass,4.39,48
20230630,coal,0.08,48
20230630,gas,27.63,48
20230630,hydro,0.74,48
20230630,imports,10.13,48
20230630,nuclear,19.94,48
20230630,other,0.0,48
20230630,solar,3.73,48
20230630,wind,33.35,48
20230701,biomass,3.69,48
20230701,coal,0.42,48
20230701,gas,15.56,48
20230701,hydro,0.34,48
20230701,imports,2.19,48
20230701,nuclear,20.24,48
20230701,other,0.0,48
20230701,solar,7.14,48
20230701,wind,50.43,48
20230702,biomass,3.75,48
20230702,coal,0.33,48
20230702,gas,15.33,48
20230702,hydro,0.3,48
20230702,imports,4.67,48
20230702,nuclear,20.86,48
20230702,other,0.0,48
20230702,solar,8.04,48
20230702,wind,46.72,48
20230703,biomass,3.96,48
20230703,coal,0.25,48
20230703,gas,13.74,48
20230703,hydro,0.49,48
20230703,imports,8.36,48
20230703,nuclear,19.06,48
20230703,other,0.0,48
20230703,solar,6.99,48
20230703,wind,47.14,48
20230704,biomass,4.26,48
20230704,coal,0.44,48
20230704,gas,28.23,48
20230704,hydro,1.03,48
20230704,imports,13.52,48
20230704,nuclear,19.32,48
20230704,other,0.0,48
20230704,solar,4.62,48
20230704,wind,28.56,48
20230705,biomass,4.54,48
20230705,coal,0.32,48
20230705,gas,24.92,48
20230705,hydro,0.72,48
20230705,imports,16.92,48
20230705,nuclear,20.46,48
20230705,other,0.0,48
20230705,solar,7.43,48
20230705,wind,24.69,48
20230706,biomass,4.36,48
20230706,coal,0.0,48
20230706,gas,33.87,48
20230706,hydro,0.81,48
20230706,imports,9.34,48
20230706,nuclear,19.7,48
20230706,other,0.0,48
20230706,solar,7.55,48
20230706,wind,24.34,48
20230707,biomass,4.66,48
20230707,coal,0.0,48
20230707,gas,24.8,48
20230707,hydro,0.85,48
20230707,imports,5.86,48
20230707,nuclear,18.82,48
20230707,other,0.0,48
20230707,solar,9.9,48
20230707,wind,35.1,48
20230708,biomass,4.29,48
20230708,coal,0.0,48
20230708,gas,24.73,48
20230708,hydro,0.71,48
20230708,imports,12.99,48
20230708,nuclear,19.11,48
20230708,other,0.0,48
20230708,solar,5.44,48
20230708,wind,32.72,48
20230709,biomass,5.05,48
20230709,coal,0.38,48
20230709,gas,34.8,48
20230709,hydro,1.04,48
20230709,imports,16.19,48
20230709,nuclear,20.23,48
20230709,other,0.0,48
20230709,solar,8.28,48
20230709,wind,14.04,48
20230710,biomass,6.06,48
20230710,coal,0.26,48
20230710,gas,40.24,48
20230710,hydro,1.18,48
20230710,imports,6.31,48
20230710,nuclear,17.05,48
20230710,other,0.0,48
20230710,solar,5.66,48
20230710,wind,23.24,48
20230711,biomass,5.63,48
20230711,coal,0.19,48
20230711,gas,35.14,48
20230711,hydro,0.73,48
20230711,imports,4.53,48
20230711,nuclear,15.38,48
20230711,other,0.0,48
20230711,solar,5.2,48
20230711,wind,33.21,48
20230712,biomass,5.7,48
20230712,coal,0.27,48
20230712,gas,33.58,48
20230712,hydro,0.88,48
20230712,imports,4.55,48
20230712,nuclear,16.13,48
20230712,other,0.0,48
20230712,solar,6.56,48
20230712,wind,32.33,48
20230713,biomass,6.38,48
20230713,coal,0.0,48
20230713,gas,42.56,48
20230713,hydro,1.08,48
20230713,imports,8.92,48
20230713,nuclear,16.13,48
20230713,other,0.0,48
20230713,solar,6.82,48
20230713,wind,18.11,48
20230714,biomass,5.77,48
20230714,coal,0.0,48
20230714,gas,36.38,48
20230714,hydro,0.85,48
20230714,imports,8.0,48
20230714,nuclear,16.14,48
20230714,other,0.0,48
20230714,solar,2.29,48
20230714,wind,30.56,48
20230715,biomass,4.29,48
20230715,coal,0.0,48
20230715,gas,12.45,48
20230715,hydro,0.85,48
20230715,imports,3.19,48
20230715,nuclear,16.66,48
20230715,other,0.0,48
20230715,solar,7.18,48
20230715,wind,55.38,48
20230716,biomass,3.5,48
20230716,coal,0.0,48
20230716,gas,17.38,48
20230716,hydro,0.8,48
20230716,imports,3.77,48
20230716,nuclear,16.71,48
20230716,other,0.0,48
20230716,solar,7.2,48
20230716,wind,50.63,48
20230717,biomass,5.14,48
20230717,coal,0.0,48
20230717,gas,28.56,48
20230717,hydro,0.97,48
20230717,imports,10.18,48
20230717,nuclear,16.09,48
20230717,other,0.0,48
20230717,solar,8.09,48
20230717,wind,30.96,48
20230718,biomass,6.65,48
20230718,coal,0.32,48
20230718,gas,49.55,48
20230718,hydro,1.74,48
20230718,imports,13.52,48
20230718,nuclear,16.6,48
20230718,other,0.0,48
20230718,solar,5.55,48
20230718,wind,6.05,48
20230719,biomass,7.18,48
20230719,coal,0.33,48
20230719,gas,48.59,48
20230719,hydro,1.25,48
20230719,imports,8.62,48
20230719,nuclear,16.21,48
20230719,other,0.0,48
20230719,solar,7.11,48
20230719,wind,10.72,48
20230720,biomass,7.13,48
20230720,coal,0.64,48
20230720,gas,48.34,48
20230720,hydro,1.46,48
20230720,imports,10.05,48
20230720,nuclear,16.12,48
20230720,other,0.0,48
20230720,solar,7.27,48
20230720,wind,9.0,48
20230721,biomass,6.9,48
20230721,coal,0.28,48
20230721,gas,47.81,48
20230721,hydro,1.39,48
20230721,imports,7.76,48
20230721,nuclear,16.76,48
20230721,other,0.0,48
20230721,solar,6.51,48
20230721,wind,12.58,48
20230722,biomass,5.57,48
20230722,coal,0.37,48
20230722,gas,23.99,48
20230722,hydro,1.16,48
20230722,imports,15.75,48
20230722,nuclear,19.09,48
20230722,other,0.0,48
20230722,solar,3.21,48
20230722,wind,30.83,48
20230723,biomass,2.75,48
20230723,coal,0.36,48
20230723,gas,18.01,48
20230723,hydro,0.86,48
20230723,imports,5.55,48
20230723,nuclear,16.0,48
20230723,other,0.0,48
20230723,solar,7.28,48
20230723,wind,49.17,48
20230724,biomass,4.95,48
20230724,coal,0.27,48
20230724,gas,37.86,48
20230724,hydro,1.54,48
20230724,imports,14.72,48
20230724,nuclear,10.94,48
20230724,other,0.0,48
20230724,solar,4.73,48
20230724,wind,24.98,48
20230725,biomass,7.32,48
20230725,coal,0.51,48
20230725,gas,46.33,48
20230725,hydro,0.94,48
20230725,imports,14.57,48
20230725,nuclear,9.55,48
20230725,other,0.0,48
20230725,solar,7.15,48
20230725,wind,13.62,48
20230726,biomass,7.6,48
20230726,coal,0.47,48
20230726,gas,41.47,48
20230726,hydro,0.99,48
20230726,imports,13.23,48
20230726,nuclear,8.77,48
20230726,other,0.0,48
20230726,solar,6.25,48
20230726,wind,21.22,48
20230727,biomass,7.49,48
20230727,coal,0.99,48
20230727,gas,36.6,48
20230727,hydro,1.21,48
20230727,imports,10.58,48
20230727,nuclear,9.54,48
20230727,other,0.0,48
20230727,solar,4.63,48
20230727,wind,28.96,48
20230728,biomass,7.19,48
20230728,coal,0.55,48
20230728,gas,44.73,48
20230728,hydro,1.17,48
20230728,imports,11.66,48
20230728,nuclear,10.04,48
20230728,other,0.0,48
20230728,solar,5.68,48
20230728,wind,19.0,48
20230729,biomass,2.81,48
20230729,coal,0.11,48
20230729,gas,20.22,48
20230729,hydro,1.21,48
20230729,imports,10.77,48
20230729,nuclear,11.48,48
20230729,other,0.0,48
20230729,solar,8.86,48
20230729,wind,44.53,48
20230730,biomass,3.23,48
20230730,coal,0.1,48
20230730,gas,19.08,48
20230730,hydro,1.02,48
20230730,imports,7.43,48
20230730,nuclear,11.86,48
20230730,other,0.0,48
20230730,solar,4.88,48
20230730,wind,52.39,48
20230731,biomass,6.47,48
20230731,coal,0.0,48
20230731,gas,24.92,48
20230731,hydro,1.31,48
20230731,imports,8.1,48
20230731,nuclear,11.73,48
20230731,other,0.0,48
20230731,solar,2.95,48
20230731,wind,44.51,48
20230801,biomass,6.67,48
20230801,coal,0.0,48
20230801,gas,32.28,48
20230801,hydro,1.6,48
20230801,imports,11.4,48
20230801,nuclear,11.48,48
20230801,other,0.0,48
20230801,solar,5.81,48
20230801,wind,30.74,48
20230802,biomass,6.08,48
20230802,coal,0.0,48
20230802,gas,21.39,48
20230802,hydro,1.35,48
20230802,imports,15.12,48
20230802,nuclear,11.31,48
20230802,other,0.0,48
20230802,solar,4.48,48
20230802,wind,40.27,48
20230803,biomass,3.29,48
20230803,coal,0.0,48
20230803,gas,24.99,48
20230803,hydro,1.29,48
20230803,imports,14.22,48
20230803,nuclear,11.21,48
20230803,other,0.0,48
20230803,solar,6.02,48
20230803,wind,38.98,48
20230804,biomass,5.63,48
20230804,coal,0.33,48
20230804,gas,41.8,48
20230804,hydro,1.93,48
20230804,imports,13.51,48
20230804,nuclear,11.38,48
20230804,other,0.0,48
20230804,solar,5.45,48
20230804,wind,19.96,48
20230805,biomass,5.66,48
20230805,coal,0.0,48
20230805,gas,39.32,48
20230805,hydro,1.35,48
20230805,imports,17.88,48
20230805,nuclear,12.4,48
20230805,other,0.0,48
20230805,solar,3.94,48
20230805,wind,19.45,48
20230806,biomass,3.03,48
20230806,coal,0.0,48
20230806,gas,20.19,48
20230806,hydro,0.97,48
20230806,imports,19.73,48
20230806,nuclear,12.7,48
20230806,other,0.0,48
20230806,solar,8.43,48
20230806,wind,34.92,48
20230807,biomass,4.98,48
20230807,coal,0.0,48
20230807,gas,29.21,48
20230807,hydro,1.3,48
20230807,imports,20.76,48
20230807,nuclear,12.95,48
20230807,other,0.0,48
20230807,solar,7.74,48
20230807,wind,23.05,48
20230808,biomass,4.76,48
20230808,coal,0.0,48
20230808,gas,32.32,48
20230808,hydro,0.99,48
20230808,imports,14.93,48
20230808,nuclear,14.2,48
20230808,other,0.0,48
20230808,solar,4.53,48
20230808,wind,28.28,48
20230809,biomass,5.07,48
20230809,coal,0.87,48
20230809,gas,41.55,48
20230809,hydro,1.22,48
20230809,imports,13.22,48
20230809,nuclear,15.71,48
20230809,other,0.0,48
20230809,solar,7.64,48
20230809,wind,14.73,48
20230810,biomass,5.06,48
20230810,coal,0.38,48
20230810,gas,46.66,48
20230810,hydro,1.33,48
20230810,imports,10.8,48
20230810,nuclear,15.37,48
20230810,other,0.0,48
20230810,solar,7.62,48
20230810,wind,12.74,48
20230811,biomass,4.48,48
20230811,coal,0.41,48
20230811,gas,23.27,48
20230811,hydro,1.07,48
20230811,imports,9.39,48
20230811,nuclear,15.3,48
20230811,other,0.0,48
20230811,solar,7.71,48
20230811,wind,38.36,48
20230812,biomass,1.9,48
20230812,coal,0.46,48
20230812,gas,19.9,48
20230812,hydro,0.82,48
20230812,imports,10.12,48
20230812,nuclear,16.84,48
20230812,other,0.0,48
20230812,solar,5.95,48
20230812,wind,43.98,48
20230813,biomass,2.56,48
20230813,coal,0.51,48
20230813,gas,23.81,48
20230813,hydro,1.13,48
20230813,imports,12.78,48
20230813,nuclear,16.63,48
20230813,other,0.0,48
20230813,solar,6.03,48
20230813,wind,36.56,48
20230814,biomass,4.59,48
20230814,coal,0.18,48
20230814,gas,37.97,48
20230814,hydro,1.4,48
20230814,imports,11.69,48
20230814,nuclear,15.09,48
20230814,other,0.0,48
20230814,solar,4.13,48
20230814,wind,24.94,48
20230815,biomass,4.98,48
20230815,coal,0.78,48
20230815,gas,44.12,48
20230815,hydro,1.17,48
20230815,imports,13.21,48
20230815,nuclear,15.24,48
20230815,other,0.0,48
20230815,solar,7.06,48
20230815,wind,13.43,48
20230816,biomass,5.01,48
20230816,coal,1.15,48
20230816,gas,53.68,48
20230816,hydro,1.12,48
20230816,imports,10.98,48
20230816,nuclear,15.12,48
20230816,other,0.0,48
20230816,solar,7.56,48
20230816,wind,5.38,48
20230817,biomass,4.79,48
20230817,coal,0.36,48
20230817,gas,38.17,48
20230817,hydro,0.64,48
20230817,imports,5.76,48
20230817,nuclear,14.36,48
20230817,other,0.0,48
20230817,solar,6.06,48
20230817,wind,29.89,48
20230818,biomass,4.17,48
20230818,coal,0.71,48
20230818,gas,29.54,48
20230818,hydro,0.64,48
20230818,imports,6.59,48
20230818,nuclear,14.45,48
20230818,other,0.0,48
20230818,solar,2.86,48
20230818,wind,41.05,48
20230819,biomass,1.86,48
20230819,coal,0.79,48
20230819,gas,18.85,48
20230819,hydro,0.69,48
20230819,imports,4.05,48
20230819,nuclear,15.19,48
20230819,other,0.0,48
20230819,solar,6.76,48
20230819,wind,51.82,48
20230820,biomass,2.32,48
20230820,coal,0.43,48
20230820,gas,27.76,48
20230820,hydro,1.37,48
20230820,imports,12.54,48
20230820,nuclear,17.62,48
20230820,other,0.0,48
20230820,solar,8.46,48
20230820,wind,29.5,48
20230821,biomass,2.6,48
20230821,coal,0.1,48
20230821,gas,34.53,48
20230821,hydro,0.74,48
20230821,imports,6.56,48
20230821,nuclear,15.52,48
20230821,other,0.0,48
20230821,solar,5.94,48
20230821,wind,34.02,48
20230822,biomass,2.26,48
20230822,coal,1.6,48
20230822,gas,38.49,48
20230822,hydro,0.95,48
20230822,imports,5.68,48
20230822,nuclear,15.22,48
20230822,other,0.0,48
20230822,solar,6.36,48
20230822,wind,29.41,48
20230823,biomass,2.7,48
20230823,coal,1.1,48
20230823,gas,51.63,48
20230823,hydro,1.39,48
20230823,imports,10.43,48
20230823,nuclear,15.77,48
20230823,other,0.0,48
20230823,solar,6.28,48
20230823,wind,10.69,48
20230824,biomass,3.65,48
20230824,coal,0.67,48
20230824,gas,52.8,48
20230824,hydro,1.43,48
20230824,imports,6.43,48
20230824,nuclear,16.72,48
20230824,other,0.0,48
20230824,solar,5.11,48
20230824,wind,13.2,48
20230825,biomass,5.0,48
20230825,coal,0.08,48
20230825,gas,52.84,48
20230825,hydro,1.51,48
20230825,imports,5.45,48
20230825,nuclear,17.18,48
20230825,other,0.0,48
20230825,solar,5.6,48
20230825,wind,12.34,48
20230826,biomass,6.08,48
20230826,coal,0.0,48
20230826,gas,40.61,48
20230826,hydro,1.65,48
20230826,imports,12.13,48
20230826,nuclear,21.24,48
20230826,other,0.0,48
20230826,solar,7.0,48
20230826,wind,11.25,48
20230827,biomass,6.12,48
20230827,coal,0.0,48
20230827,gas,29.86,48
20230827,hydro,1.48,48
20230827,imports,15.5,48
20230827,nuclear,22.13,48
20230827,other,0.0,48
20230827,solar,6.0,48
20230827,wind,18.9,48
20230828,biomass,5.73,48
20230828,coal,0.0,48
20230828,gas,40.81,48
20230828,hydro,1.81,48
20230828,imports,8.96,48
20230828,nuclear,20.78,48
20230828,other,0.0,48
20230828,solar,5.53,48
20230828,wind,16.37,48
20230829,biomass,5.11,48
20230829,coal,0.0,48
20230829,gas,42.58,48
20230829,hydro,1.29,48
20230829,imports,6.31,48
20230829,nuclear,18.78,48
20230829,other,0.0,48
20230829,solar,3.89,48
20230829,wind,22.05,48
20230830,biomass,4.95,48
20230830,coal,0.0,48
20230830,gas,40.31,48
20230830,hydro,1.13,48
20230830,imports,6.79,48
20230830,nuclear,18.71,48
20230830,other,0.0,48
20230830,solar,6.11,48
20230830,wind,22.0,48
20230831,biomass,4.83,48
20230831,coal,0.0,48
20230831,gas,51.88,48
20230831,hydro,1.15,48
20230831,imports,10.37,48
20230831,nuclear,19.16,48
20230831,other,0.0,48
20230831,solar,3.87,48
20230831,wind,8.75,48
20230901,biomass,4.79,48
20230901,coal,0.54,48
20230901,gas,53.04,48
20230901,hydro,1.2,48
20230901,imports,8.11,48
20230901,nuclear,19.04,48
20230901,other,0.0,48
20230901,solar,4.48,48
20230901,wind,8.81,48
20230902,biomass,5.45,48
20230902,coal,0.15,48
20230902,gas,44.46,48
20230902,hydro,0.99,48
20230902,imports,11.47,48
20230902,nuclear,21.18,48
20230902,other,0.0,48
20230902,solar,7.05,48
20230902,wind,9.24,48
20230903,biomass,5.55,48
20230903,coal,1.08,48
20230903,gas,25.23,48
20230903,hydro,1.05,48
20230903,imports,15.04,48
20230903,nuclear,22.35,48
20230903,other,0.0,48
20230903,solar,8.75,48
20230903,wind,20.93,48
20230904,biomass,5.1,48
20230904,coal,1.28,48
20230904,gas,37.72,48
20230904,hydro,0.98,48
20230904,imports,11.86,48
20230904,nuclear,19.08,48
20230904,other,0.0,48
20230904,solar,8.11,48
20230904,wind,15.86,48
20230905,biomass,4.61,48
20230905,coal,1.01,48
20230905,gas,44.86,48
20230905,hydro,0.76,48
20230905,imports,7.02,48
20230905,nuclear,17.53,48
20230905,other,0.0,48
20230905,solar,7.84,48
20230905,wind,16.36,48
20230906,biomass,4.63,48
20230906,coal,0.77,48
20230906,gas,51.08,48
20230906,hydro,0.9,48
20230906,imports,7.05,48
20230906,nuclear,17.51,48
20230906,other,0.0,48
20230906,solar,6.71,48
20230906,wind,11.37,48
20230907,biomass,4.74,48
20230907,coal,1.1,48
20230907,gas,52.85,48
20230907,hydro,0.75,48
20230907,imports,9.48,48
20230907,nuclear,18.11,48
20230907,other,0.0,48
20230907,solar,6.29,48
20230907,wind,6.69,48
20230908,biomass,4.76,48
20230908,coal,1.8,48
20230908,gas,56.59,48
20230908,hydro,1.09,48
20230908,imports,9.38,48
20230908,nuclear,18.07,48
20230908,other,0.0,48
20230908,solar,5.97,48
20230908,wind,2.35,48
20230909,biomass,5.02,48
20230909,coal,0.84,48
20230909,gas,46.54,48
20230909,hydro,0.66,48
20230909,imports,11.32,48
20230909,nuclear,19.81,48
20230909,other,0.0,48
20230909,solar,7.62,48
20230909,wind,8.19,48
20230910,biomass,5.27,48
20230910,coal,1.08,48
20230910,gas,48.54,48
20230910,hydro,0.61,48
20230910,imports,11.57,48
20230910,nuclear,20.03,48
20230910,other,0.0,48
20230910,solar,4.75,48
20230910,wind,8.14,48
20230911,biomass,4.76,48
20230911,coal,1.63,48
20230911,gas,47.96,48
20230911,hydro,0.81,48
20230911,imports,6.28,48
20230911,nuclear,17.4,48
20230911,other,0.0,48
20230911,solar,4.2,48
20230911,wind,16.95,48
20230912,biomass,5.17,48
20230912,coal,1.68,48
20230912,gas,52.5,48
20230912,hydro,0.76,48
20230912,imports,5.75,48
20230912,nuclear,17.1,48
20230912,other,0.0,48
20230912,solar,3.14,48
20230912,wind,13.92,48
20230913,biomass,5.31,48
20230913,coal,1.37,48
20230913,gas,39.87,48
20230913,hydro,0.71,48
20230913,imports,6.5,48
20230913,nuclear,17.92,48
20230913,other,0.0,48
20230913,solar,6.14,48
20230913,wind,22.18,48
20230914,biomass,4.75,48
20230914,coal,2.21,48
20230914,gas,38.75,48
20230914,hydro,1.02,48
20230914,imports,7.0,48
20230914,nuclear,17.79,48
20230914,other,0.0,48
20230914,solar,5.01,48
20230914,wind,23.48,48
20230915,biomass,5.06,48
20230915,coal,1.55,48
20230915,gas,44.67,48
20230915,hydro,1.03,48
20230915,imports,11.39,48
20230915,nuclear,18.97,48
20230915,other,0.0,48
20230915,solar,5.94,48
20230915,wind,11.4,48
20230916,biomass,5.29,48
20230916,coal,0.96,48
20230916,gas,30.44,48
20230916,hydro,1.11,48
20230916,imports,14.84,48
20230916,nuclear,20.83,48
20230916,other,0.0,48
20230916,solar,4.3,48
20230916,wind,22.23,48
20230917,biomass,4.47,48
20230917,coal,1.65,48
20230917,gas,25.31,48
20230917,hydro,1.18,48
20230917,imports,14.26,48
20230917,nuclear,20.67,48
20230917,other,0.0,48
20230917,solar,2.52,48
20230917,wind,29.94,48
20230918,biomass,4.32,48
20230918,coal,0.08,48
20230918,gas,14.9,48
20230918,hydro,0.95,48
20230918,imports,9.45,48
20230918,nuclear,19.04,48
20230918,other,0.0,48
20230918,solar,4.35,48
20230918,wind,46.92,48
20230919,biomass,3.46,48
20230919,coal,0.25,48
20230919,gas,11.85,48
20230919,hydro,1.49,48
20230919,imports,8.15,48
20230919,nuclear,17.53,48
20230919,other,0.0,48
20230919,solar,1.89,48
20230919,wind,55.37,48
20230920,biomass,2.49,48
20230920,coal,0.84,48
20230920,gas,13.56,48
20230920,hydro,1.56,48
20230920,imports,9.3,48
20230920,nuclear,16.65,48
20230920,other,0.0,48
20230920,solar,2.14,48
20230920,wind,53.47,48
20230921,biomass,4.37,48
20230921,coal,1.4,48
20230921,gas,31.98,48
20230921,hydro,2.23,48
20230921,imports,8.47,48
20230921,nuclear,19.02,48
20230921,other,0.0,48
20230921,solar,5.27,48
20230921,wind,27.26,48
20230922,biomass,5.06,48
20230922,coal,1.6,48
20230922,gas,27.97,48
20230922,hydro,3.16,48
20230922,imports,12.26,48
20230922,nuclear,20.13,48
20230922,other,0.0,48
20230922,solar,5.54,48
20230922,wind,24.28,48
20230923,biomass,4.47,48
20230923,coal,2.27,48
20230923,gas,25.63,48
20230923,hydro,2.98,48
20230923,imports,13.31,48
20230923,nuclear,20.62,48
20230923,other,0.0,48
20230923,solar,6.76,48
20230923,wind,23.95,48
20230924,biomass,1.46,48
20230924,coal,0.44,48
20230924,gas,12.22,48
20230924,hydro,1.47,48
20230924,imports,5.14,48
20230924,nuclear,18.13,48
20230924,other,0.0,48
20230924,solar,2.92,48
20230924,wind,58.22,48
20230925,biomass,3.82,48
20230925,coal,2.24,48
20230925,gas,20.71,48
20230925,hydro,2.12,48
20230925,imports,4.69,48
20230925,nuclear,17.2,48
20230925,other,0.0,48
20230925,solar,6.12,48
20230925,wind,43.09,48
20230926,biomass,4.54,48
20230926,coal,2.21,48
20230926,gas,25.88,48
20230926,hydro,2.3,48
20230926,imports,5.21,48
20230926,nuclear,16.87,48
20230926,other,0.0,48
20230926,solar,4.29,48
20230926,wind,38.69,48
20230927,biomass,4.37,48
20230927,coal,1.66,48
20230927,gas,28.66,48
20230927,hydro,2.16,48
20230927,imports,7.14,48
20230927,nuclear,17.06,48
20230927,other,0.0,48
20230927,solar,2.04,48
20230927,wind,36.91,48
20230928,biomass,3.67,48
20230928,coal,1.2,48
20230928,gas,21.23,48
20230928,hydro,1.97,48
20230928,imports,4.4,48
20230928,nuclear,16.44,48
20230928,other,0.0,48
20230928,solar,2.35,48
20230928,wind,48.78,48
20230929,biomass,4.13,48
20230929,coal,1.26,48
20230929,gas,21.24,48
20230929,hydro,2.52,48
20230929,imports,5.52,48
20230929,nuclear,17.3,48
20230929,other,0.0,48
20230929,solar,5.96,48
20230929,wind,42.06,48
20230930,biomass,5.41,48
20230930,coal,1.99,48
20230930,gas,33.07,48
20230930,hydro,3.66,48
20230930,imports,11.99,48
20230930,nuclear,18.1,48
20230930,other,0.0,48
20230930,solar,3.56,48
20230930,wind,22.19,48
20231001,biomass,5.14,48
20231001,coal,0.61,48
20231001,gas,24.0,48
20231001,hydro,2.93,48
20231001,imports,8.57,48
20231001,nuclear,16.74,48
20231001,other,0.0,48
20231001,solar,2.84,48
20231001,wind,39.19,48
20231002,biomass,7.2,48
20231002,coal,1.34,48
20231002,gas,44.97,48
20231002,hydro,2.32,48
20231002,imports,8.43,48
20231002,nuclear,14.98,48
20231002,other,0.0,48
20231002,solar,1.85,48
20231002,wind,18.9,48
20231003,biomass,3.32,48
20231003,coal,0.0,48
20231003,gas,14.39,48
20231003,hydro,2.57,48
20231003,imports,8.08,48
20231003,nuclear,14.87,48
20231003,other,0.0,48
20231003,solar,4.92,48
20231003,wind,51.84,48
20231004,biomass,5.6,48
20231004,coal,0.0,48
20231004,gas,17.93,48
20231004,hydro,2.56,48
20231004,imports,5.49,48
20231004,nuclear,13.93,48
20231004,other,0.0,48
20231004,solar,3.61,48
20231004,wind,50.86,48
20231005,biomass,6.48,48
20231005,coal,0.0,48
20231005,gas,27.74,48
20231005,hydro,2.14,48
20231005,imports,5.2,48
20231005,nuclear,13.96,48
20231005,other,0.0,48
20231005,solar,2.83,48
20231005,wind,41.67,48
20231006,biomass,4.47,48
20231006,coal,0.0,48
20231006,gas,15.47,48
20231006,hydro,2.98,48
20231006,imports,6.9,48
20231006,nuclear,14.07,48
20231006,other,0.0,48
20231006,solar,3.81,48
20231006,wind,52.32,48
20231007,biomass,2.33,48
20231007,coal,0.0,48
20231007,gas,18.3,48
20231007,hydro,3.16,48
20231007,imports,11.74,48
20231007,nuclear,16.1,48
20231007,other,0.0,48
20231007,solar,4.88,48
20231007,wind,43.5,48
20231008,biomass,4.89,48
20231008,coal,0.0,48
20231008,gas,30.19,48
20231008,hydro,3.72,48
20231008,imports,12.13,48
20231008,nuclear,16.84,48
20231008,other,0.0,48
20231008,solar,5.3,48
20231008,wind,26.94,48
20231009,biomass,6.51,48
20231009,coal,1.52,48
20231009,gas,45.43,48
20231009,hydro,4.07,48
20231009,imports,6.39,48
20231009,nuclear,14.65,48
20231009,other,0.0,48
20231009,solar,3.96,48
20231009,wind,17.49,48
20231010,biomass,6.88,48
20231010,coal,0.0,48
20231010,gas,28.99,48
20231010,hydro,2.75,48
20231010,imports,4.9,48
20231010,nuclear,13.71,48
20231010,other,0.0,48
20231010,solar,3.49,48
20231010,wind,39.28,48
20231011,biomass,6.3,48
20231011,coal,0.35,48
20231011,gas,23.31,48
20231011,hydro,3.47,48
20231011,imports,10.15,48
20231011,nuclear,14.03,48
20231011,other,0.0,48
20231011,solar,1.64,48
20231011,wind,40.74,48
20231012,biomass,7.67,48
20231012,coal,2.88,48
20231012,gas,46.44,48
20231012,hydro,3.26,48
20231012,imports,9.6,48
20231012,nuclear,14.55,48
20231012,other,0.0,48
20231012,solar,2.24,48
20231012,wind,13.34,48
20231013,biomass,6.66,48
20231013,coal,0.5,48
20231013,gas,12.91,48
20231013,hydro,2.47,48
20231013,imports,11.62,48
20231013,nuclear,15.03,48
20231013,other,0.0,48
20231013,solar,2.16,48
20231013,wind,48.66,48
20231014,biomass,4.13,48
20231014,coal,0.2,48
20231014,gas,11.2,48
20231014,hydro,2.38,48
20231014,imports,9.03,48
20231014,nuclear,15.4,48
20231014,other,0.0,48
20231014,solar,5.46,48
20231014,wind,52.21,48
20231015,biomass,6.2,48
20231015,coal,1.84,48
20231015,gas,19.99,48
20231015,hydro,2.88,48
20231015,imports,14.27,48
20231015,nuclear,15.61,48
20231015,other,0.0,48
20231015,solar,6.13,48
20231015,wind,33.08,48
20231016,biomass,7.75,48
20231016,coal,3.14,48
20231016,gas,46.22,48
20231016,hydro,3.06,48
20231016,imports,10.44,48
20231016,nuclear,14.42,48
20231016,other,0.0,48
20231016,solar,2.89,48
20231016,wind,12.07,48
20231017,biomass,7.45,48
20231017,coal,1.57,48
20231017,gas,28.26,48
20231017,hydro,3.1,48
20231017,imports,5.94,48
20231017,nuclear,14.04,48
20231017,other,0.0,48
20231017,solar,4.05,48
20231017,wind,35.59,48
20231018,biomass,5.84,48
20231018,coal,0.41,48
20231018,gas,11.78,48
20231018,hydro,2.6,48
20231018,imports,5.53,48
20231018,nuclear,13.08,48
20231018,other,0.0,48
20231018,solar,1.64,48
20231018,wind,59.12,48
20231019,biomass,4.86,48
20231019,coal,0.0,48
20231019,gas,20.57,48
20231019,hydro,1.95,48
20231019,imports,3.15,48
20231019,nuclear,15.69,48
20231019,other,0.0,48
20231019,solar,2.57,48
20231019,wind,51.24,48
20231020,biomass,3.9,46
20231020,coal,0.0,46
20231020,gas,14.72,46
20231020,hydro,1.91,46
20231020,imports,5.83,46
20231020,nuclear,16.03,46
20231020,other,0.0,46
20231020,solar,1.05,46
20231020,wind,56.57,46
20231022,biomass,8.83,16
20231022,coal,5.04,16
20231022,gas,44.62,16
20231022,hydro,4.09,16
20231022,imports,13.57,16
20231022,nuclear,15.33,16
20231022,other,0.0,16
20231022,solar,0.89,16
20231022,wind,7.66,16
20231023,biomass,8.25,48
20231023,coal,4.39,48
20231023,gas,41.56,48
20231023,hydro,2.5,48
20231023,imports,7.25,48
20231023,nuclear,14.46,48
20231023,other,0.0,48
20231023,solar,2.25,48
20231023,wind,19.36,48
20231024,biomass,7.98,48
20231024,coal,2.4,48
20231024,gas,39.15,48
20231024,hydro,2.48,48
20231024,imports,9.31,48
20231024,nuclear,14.08,48
20231024,other,0.0,48
20231024,solar,2.32,48
20231024,wind,22.27,48
20231025,biomass,7.81,48
20231025,coal,3.14,48
20231025,gas,43.48,48
20231025,hydro,1.92,48
20231025,imports,11.26,48
20231025,nuclear,14.42,48
20231025,other,0.0,48
20231025,solar,2.54,48
20231025,wind,15.42,48
20231026,biomass,6.97,48
20231026,coal,3.09,48
20231026,gas,39.71,48
20231026,hydro,1.6,48
20231026,imports,6.68,48
20231026,nuclear,14.62,48
20231026,other,0.0,48
20231026,solar,2.16,48
20231026,wind,25.17,48
20231027,biomass,7.64,48
20231027,coal,3.07,48
20231027,gas,34.8,48
20231027,hydro,2.21,48
20231027,imports,11.08,48
20231027,nuclear,15.5,48
20231027,other,0.0,48
20231027,solar,2.19,48
20231027,wind,23.5,48
20231028,biomass,7.6,48
20231028,coal,2.06,48
20231028,gas,15.58,48
20231028,hydro,2.36,48
20231028,imports,14.15,48
20231028,nuclear,17.13,48
20231028,other,0.0,48
20231028,solar,2.2,48
20231028,wind,38.92,48
20231029,biomass,4.14,50
20231029,coal,1.37,50
20231029,gas,13.33,50
20231029,hydro,1.88,50
20231029,imports,10.69,50
20231029,nuclear,16.6,50
20231029,other,0.0,50
20231029,solar,2.4,50
20231029,wind,49.6,50
20231030,biomass,6.74,48
20231030,coal,3.25,48
20231030,gas,30.13,48
20231030,hydro,2.39,48
20231030,imports,6.27,48
20231030,nuclear,15.45,48
20231030,other,0.0,48
20231030,solar,2.35,48
20231030,wind,33.43,48
20231031,biomass,7.36,48
20231031,coal,3.69,48
20231031,gas,27.77,48
20231031,hydro,2.89,48
20231031,imports,13.04,48
20231031,nuclear,16.29,48
20231031,other,0.0,48
20231031,solar,1.86,48
20231031,wind,27.12,48
20231101,biomass,4.88,48
20231101,coal,1.01,48
20231101,gas,12.85,48
20231101,hydro,2.02,48
20231101,imports,12.24,48
20231101,nuclear,15.12,48
20231101,other,0.0,48
20231101,solar,1.93,48
20231101,wind,49.96,48
20231102,biomass,3.96,48
20231102,coal,0.37,48
20231102,gas,18.52,48
20231102,hydro,2.62,48
20231102,imports,12.85,48
20231102,nuclear,14.78,48
20231102,other,0.0,48
20231102,solar,0.71,48
20231102,wind,46.21,48
20231103,biomass,6.2,48
20231103,coal,1.01,48
20231103,gas,19.36,48
20231103,hydro,2.3,48
20231103,imports,9.89,48
20231103,nuclear,15.13,48
20231103,other,0.0,48
20231103,solar,2.69,48
20231103,wind,43.43,48
20231104,biomass,3.43,48
20231104,coal,3.05,48
20231104,gas,27.99,48
20231104,hydro,2.2,48
20231104,imports,20.69,48
20231104,nuclear,15.45,48
20231104,other,0.0,48
20231104,solar,1.56,48
20231104,wind,25.63,48
20231105,biomass,2.98,48
20231105,coal,1.89,48
20231105,gas,26.73,48
20231105,hydro,2.13,48
20231105,imports,20.25,48
20231105,nuclear,15.48,48
20231105,other,0.0,48
20231105,solar,3.17,48
20231105,wind,27.36,48
20231106,biomass,6.86,48
20231106,coal,2.09,48
20231106,gas,22.53,48
20231106,hydro,1.99,48
20231106,imports,13.28,48
20231106,nuclear,13.88,48
20231106,other,0.0,48
20231106,solar,2.83,48
20231106,wind,36.55,48
20231107,biomass,7.29,48
20231107,coal,1.65,48
20231107,gas,26.65,48
20231107,hydro,2.09,48
20231107,imports,11.45,48
20231107,nuclear,13.45,48
20231107,other,0.0,48
20231107,solar,2.68,48
20231107,wind,34.73,48
20231108,biomass,7.61,48
20231108,coal,2.26,48
20231108,gas,20.17,48
20231108,hydro,1.71,48
20231108,imports,13.0,48
20231108,nuclear,13.33,48
20231108,other,0.0,48
20231108,solar,0.92,48
20231108,wind,41.02,48
20231109,biomass,8.18,48
20231109,coal,3.19,48
20231109,gas,27.53,48
20231109,hydro,2.03,48
20231109,imports,13.8,48
20231109,nuclear,13.16,48
20231109,other,0.0,48
20231109,solar,1.91,48
20231109,wind,30.2,48
20231110,biomass,8.59,48
20231110,coal,3.5,48
20231110,gas,30.17,48
20231110,hydro,1.94,48
20231110,imports,14.84,48
20231110,nuclear,13.13,48
20231110,other,0.0,48
20231110,solar,2.19,48
20231110,wind,25.64,48
20231111,biomass,9.55,48
20231111,coal,2.76,48
20231111,gas,33.15,48
20231111,hydro,1.97,48
20231111,imports,16.15,48
20231111,nuclear,13.87,48
20231111,other,0.0,48
20231111,solar,3.1,48
20231111,wind,19.44,48
20231112,biomass,9.92,48
20231112,coal,3.37,48
20231112,gas,31.86,48
20231112,hydro,1.66,48
20231112,imports,15.53,48
20231112,nuclear,13.97,48
20231112,other,0.0,48
20231112,solar,0.93,48
20231112,wind,22.74,48
20231113,biomass,8.13,48
20231113,coal,1.04,48
20231113,gas,16.48,48
20231113,hydro,1.38,48
20231113,imports,10.3,48
20231113,nuclear,11.01,48
20231113,other,0.0,48
20231113,solar,1.73,48
20231113,wind,49.94,48
20231114,biomass,7.38,48
20231114,coal,1.28,48
20231114,gas,28.09,48
20231114,hydro,2.06,48
20231114,imports,11.18,48
20231114,nuclear,11.38,48
20231114,other,0.0,48
20231114,solar,0.92,48
20231114,wind,37.71,48
20231115,biomass,8.61,48
20231115,coal,2.46,48
20231115,gas,34.51,48
20231115,hydro,2.05,48
20231115,imports,4.74,48
20231115,nuclear,10.55,48
20231115,other,0.0,48
20231115,solar,2.04,48
20231115,wind,35.04,48
20231116,biomass,9.33,48
20231116,coal,4.33,48
20231116,gas,56.79,48
20231116,hydro,2.82,48
20231116,imports,11.04,48
20231116,nuclear,9.43,48
20231116,other,0.0,48
20231116,solar,0.64,48
20231116,wind,5.62,48
20231117,biomass,8.67,48
20231117,coal,4.15,48
20231117,gas,54.73,48
20231117,hydro,2.65,48
20231117,imports,7.59,48
20231117,nuclear,9.58,48
20231117,other,0.0,48
20231117,solar,2.22,48
20231117,wind,10.43,48
20231118,biomass,5.82,48
20231118,coal,1.68,48
20231118,gas,13.5,48
20231118,hydro,1.97,48
20231118,imports,8.81,48
20231118,nuclear,10.41,48
20231118,other,0.0,48
20231118,solar,0.55,48
20231118,wind,57.26,48
20231119,biomass,5.08,48
20231119,coal,2.12,48
20231119,gas,14.81,48
20231119,hydro,2.26,48
20231119,imports,9.74,48
20231119,nuclear,10.75,48
20231119,other,0.0,48
20231119,solar,0.96,48
20231119,wind,54.27,48
20231120,biomass,7.42,48
20231120,coal,3.13,48
20231120,gas,34.45,48
20231120,hydro,2.03,48
20231120,imports,6.62,48
20231120,nuclear,10.6,48
20231120,other,0.0,48
20231120,solar,1.29,48
20231120,wind,34.46,48
20231121,biomass,8.92,48
20231121,coal,3.34,48
20231121,gas,42.74,48
20231121,hydro,2.26,48
20231121,imports,3.42,48
20231121,nuclear,10.29,48
20231121,other,0.0,48
20231121,solar,0.81,48
20231121,wind,28.2,48
20231122,biomass,8.23,48
20231122,coal,3.31,48
20231122,gas,27.35,48
20231122,hydro,1.48,48
20231122,imports,5.35,48
20231122,nuclear,10.32,48
20231122,other,0.0,48
20231122,solar,0.6,48
20231122,wind,43.38,48
20231123,biomass,7.61,48
20231123,coal,1.63,48
20231123,gas,12.45,48
20231123,hydro,1.62,48
20231123,imports,7.17,48
20231123,nuclear,10.57,48
20231123,other,0.0,48
20231123,solar,1.6,48
20231123,wind,57.36,48
20231124,biomass,7.4,48
20231124,coal,2.4,48
20231124,gas,17.25,48
20231124,hydro,2.2,48
20231124,imports,9.5,48
20231124,nuclear,11.35,48
20231124,other,0.0,48
20231124,solar,1.81,48
20231124,wind,48.08,48
20231125,biomass,6.39,48
20231125,coal,2.26,48
20231125,gas,32.45,48
20231125,hydro,2.18,48
20231125,imports,13.96,48
20231125,nuclear,12.6,48
20231125,other,0.0,48
20231125,solar,2.66,48
20231125,wind,27.51,48
20231126,biomass,7.98,48
20231126,coal,1.47,48
20231126,gas,50.07,48
20231126,hydro,2.43,48
20231126,imports,14.05,48
20231126,nuclear,13.16,48
20231126,other,0.0,48
20231126,solar,0.52,48
20231126,wind,10.31,48
20231127,biomass,8.0,48
20231127,coal,2.25,48
20231127,gas,40.58,48
20231127,hydro,1.49,48
20231127,imports,9.48,48
20231127,nuclear,12.06,48
20231127,other,0.0,48
20231127,solar,0.63,48
20231127,wind,25.51,48
20231128,biomass,8.1,48
20231128,coal,2.65,48
20231128,gas,42.88,48
20231128,hydro,1.65,48
20231128,imports,8.76,48
20231128,nuclear,12.11,48
20231128,other,0.0,48
20231128,solar,1.78,48
20231128,wind,22.08,48
20231129,biomass,7.98,48
20231129,coal,2.44,48
20231129,gas,52.13,48
20231129,hydro,1.93,48
20231129,imports,7.84,48
20231129,nuclear,12.42,48
20231129,other,0.0,48
20231129,solar,1.64,48
20231129,wind,13.63,48
20231130,biomass,7.51,48
20231130,coal,2.4,48
20231130,gas,59.18,48
20231130,hydro,2.0,48
20231130,imports,1.33,48
20231130,nuclear,11.91,48
20231130,other,0.0,48
20231130,solar,1.31,48
20231130,wind,14.37,48
20231201,biomass,7.21,48
20231201,coal,2.52,48
20231201,gas,61.92,48
20231201,hydro,2.45,48
20231201,imports,5.43,48
20231201,nuclear,12.61,48
20231201,other,0.0,48
20231201,solar,1.56,48
20231201,wind,6.32,48
20231202,biomass,5.35,48
20231202,coal,2.72,48
20231202,gas,60.69,48
20231202,hydro,1.77,48
20231202,imports,8.75,48
20231202,nuclear,13.63,48
20231202,other,0.0,48
20231202,solar,1.08,48
20231202,wind,5.99,48
20231203,biomass,8.39,48
20231203,coal,2.73,48
20231203,gas,41.34,48
20231203,hydro,1.03,48
20231203,imports,11.38,48
20231203,nuclear,14.02,48
20231203,other,0.0,48
20231203,solar,0.35,48
20231203,wind,20.77,48
20231204,biomass,7.86,48
20231204,coal,2.4,48
20231204,gas,35.46,48
20231204,hydro,0.91,48
20231204,imports,5.24,48
20231204,nuclear,13.02,48
20231204,other,0.0,48
20231204,solar,0.2,48
20231204,wind,34.9,48
20231205,biomass,7.81,48
20231205,coal,2.4,48
20231205,gas,44.92,48
20231205,hydro,1.22,48
20231205,imports,5.56,48
20231205,nuclear,12.99,48
20231205,other,0.0,48
20231205,solar,0.62,48
20231205,wind,24.47,48
20231206,biomass,7.8,48
20231206,coal,2.41,48
20231206,gas,53.39,48
20231206,hydro,1.45,48
20231206,imports,1.66,48
20231206,nuclear,12.6,48
20231206,other,0.0,48
20231206,solar,1.46,48
20231206,wind,19.22,48
20231207,biomass,7.46,48
20231207,coal,2.25,48
20231207,gas,29.8,48
20231207,hydro,0.95,48
20231207,imports,1.24,48
20231207,nuclear,11.86,48
20231207,other,0.0,48
20231207,solar,0.14,48
20231207,wind,46.29,48
20231208,biomass,7.95,48
20231208,coal,2.54,48
20231208,gas,30.49,48
20231208,hydro,1.37,48
20231208,imports,2.98,48
20231208,nuclear,13.57,48
20231208,other,0.0,48
20231208,solar,1.06,48
20231208,wind,40.03,48
20231209,biomass,4.6,48
20231209,coal,1.25,48
20231209,gas,10.41,48
20231209,hydro,1.36,48
20231209,imports,10.05,48
20231209,nuclear,15.04,48
20231209,other,0.0,48
20231209,solar,0.7,48
20231209,wind,56.58,48
20231210,biomass,4.96,48
20231210,coal,1.7,48
20231210,gas,16.81,48
20231210,hydro,1.8,48
20231210,imports,11.94,48
20231210,nuclear,15.17,48
20231210,other,0.0,48
20231210,solar,0.53,48
20231210,wind,47.06,48
20231211,biomass,6.12,48
20231211,coal,1.92,48
20231211,gas,36.68,48
20231211,hydro,1.74,48
20231211,imports,9.43,48
20231211,nuclear,14.08,48
20231211,other,0.0,48
20231211,solar,1.17,48
20231211,wind,28.85,48
20231212,biomass,7.6,48
20231212,coal,1.8,48
20231212,gas,41.53,48
20231212,hydro,1.42,48
20231212,imports,7.77,48
20231212,nuclear,13.53,48
20231212,other,0.0,48
20231212,solar,0.57,48
20231212,wind,25.77,48
20231213,biomass,8.52,48
20231213,coal,1.52,48
20231213,gas,41.24,48
20231213,hydro,1.75,48
20231213,imports,5.29,48
20231213,nuclear,13.61,48
20231213,other,0.0,48
20231213,solar,0.65,48
20231213,wind,27.42,48
20231214,biomass,8.05,48
20231214,coal,1.47,48
20231214,gas,44.74,48
20231214,hydro,1.86,48
20231214,imports,2.16,48
20231214,nuclear,12.95,48
20231214,other,0.0,48
20231214,solar,0.65,48
20231214,wind,28.14,48
20231215,biomass,7.78,48
20231215,coal,0.85,48
20231215,gas,34.29,48
20231215,hydro,1.28,48
20231215,imports,2.15,48
20231215,nuclear,13.4,48
20231215,other,0.0,48
20231215,solar,0.53,48
20231215,wind,39.73,48
20231216,biomass,5.17,48
20231216,coal,0.39,48
20231216,gas,14.73,48
20231216,hydro,1.75,48
20231216,imports,7.26,48
20231216,nuclear,14.41,48
20231216,other,0.0,48
20231216,solar,0.93,48
20231216,wind,55.35,48
20231217,biomass,5.97,48
20231217,coal,0.0,48
20231217,gas,12.24,48
20231217,hydro,1.98,48
20231217,imports,6.55,48
20231217,nuclear,14.18,48
20231217,other,0.0,48
20231217,solar,0.86,48
20231217,wind,58.2,48
20231218,biomass,8.23,48
20231218,coal,0.47,48
20231218,gas,22.12,48
20231218,hydro,2.14,48
20231218,imports,6.26,48
20231218,nuclear,13.44,48
20231218,other,0.0,48
20231218,solar,0.28,48
20231218,wind,47.06,48
20231219,biomass,7.2,48
20231219,coal,0.48,48
20231219,gas,24.31,48
20231219,hydro,2.39,48
20231219,imports,6.22,48
20231219,nuclear,13.63,48
20231219,other,0.0,48
20231219,solar,0.41,48
20231219,wind,45.36,48
20231220,biomass,7.08,48
20231220,coal,0.0,48
20231220,gas,9.89,48
20231220,hydro,2.2,48
20231220,imports,7.53,48
20231220,nuclear,13.57,48
20231220,other,0.0,48
20231220,solar,0.56,48
20231220,wind,59.17,48
20231221,biomass,5.59,48
20231221,coal,0.0,48
20231221,gas,9.3,48
20231221,hydro,2.63,48
20231221,imports,7.2,48
20231221,nuclear,14.3,48
20231221,other,0.0,48
20231221,solar,0.73,48
20231221,wind,60.24,48
20231222,biomass,1.93,48
20231222,coal,0.0,48
20231222,gas,10.96,48
20231222,hydro,3.73,48
20231222,imports,8.83,48
20231222,nuclear,16.26,48
20231222,other,0.0,48
20231222,solar,0.64,48
20231222,wind,57.65,48
20231223,biomass,2.37,48
20231223,coal,0.08,48
20231223,gas,9.63,48
20231223,hydro,3.67,48
20231223,imports,4.38,48
20231223,nuclear,17.43,48
20231223,other,0.0,48
20231223,solar,1.04,48
20231223,wind,61.39,48
20231224,biomass,2.39,48
20231224,coal,0.42,48
20231224,gas,8.19,48
20231224,hydro,3.22,48
20231224,imports,5.15,48
20231224,nuclear,17.46,48
20231224,other,0.0,48
20231224,solar,0.49,48
20231224,wind,62.68,48
20231225,biomass,3.13,48
20231225,coal,0.5,48
20231225,gas,10.32,48
20231225,hydro,3.76,48
20231225,imports,8.66,48
20231225,nuclear,19.92,48
20231225,other,0.0,48
20231225,solar,0.35,48
20231225,wind,53.38,48
20231226,biomass,7.25,48
20231226,coal,0.29,48
20231226,gas,21.8,48
20231226,hydro,3.63,48
20231226,imports,11.73,48
20231226,nuclear,19.62,48
20231226,other,0.0,48
20231226,solar,1.48,48
20231226,wind,34.22,48
20231227,biomass,6.62,48
20231227,coal,0.0,48
20231227,gas,8.76,48
20231227,hydro,2.96,48
20231227,imports,6.15,48
20231227,nuclear,16.75,48
20231227,other,0.0,48
20231227,solar,0.14,48
20231227,wind,58.59,48
20231228,biomass,2.3,48
20231228,coal,0.08,48
20231228,gas,7.79,48
20231228,hydro,3.1,48
20231228,imports,7.32,48
20231228,nuclear,16.4,48
20231228,other,0.0,48
20231228,solar,0.77,48
20231228,wind,62.24,48
20231229,biomass,3.48,48
20231229,coal,0.39,48
20231229,gas,10.15,48
20231229,hydro,4.68,48
20231229,imports,9.41,48
20231229,nuclear,16.94,48
20231229,other,0.0,48
20231229,solar,1.03,48
20231229,wind,53.9,48
20231230,biomass,3.17,48
20231230,coal,0.44,48
20231230,gas,10.05,48
20231230,hydro,3.84,48
20231230,imports,12.32,48
20231230,nuclear,17.48,48
20231230,other,0.0,48
20231230,solar,0.38,48
20231230,wind,52.35,48
20231231,biomass,3.29,48
20231231,coal,0.56,48
20231231,gas,14.67,48
20231231,hydro,4.4,48
20231231,imports,11.89,48
20231231,nuclear,16.62,48
20231231,other,0.0,48
20231231,solar,0.98,48
20231231,wind,47.59,48
20240101,biomass,5.72,48
20240101,coal,0.39,48
20240101,gas,14.69,48
20240101,hydro,3.12,48
20240101,imports,10.01,48
20240101,nuclear,16.33,48
20240101,other,0.0,48
20240101,solar,1.2,48
20240101,wind,48.55,48
20240102,biomass,6.47,48
20240102,coal,0.39,48
20240102,gas,22.88,48
20240102,hydro,2.95,48
20240102,imports,10.12,48
20240102,nuclear,14.57,48
20240102,other,0.0,48
20240102,solar,0.28,48
20240102,wind,42.34,48
20240103,biomass,7.04,48
20240103,coal,0.19,48
20240103,gas,29.6,48
20240103,hydro,2.9,48
20240103,imports,13.12,48
20240103,nuclear,14.84,48
20240103,other,0.0,48
20240103,solar,0.89,48
20240103,wind,31.39,48
20240104,biomass,8.86,48
20240104,coal,0.99,48
20240104,gas,40.2,48
20240104,hydro,2.52,48
20240104,imports,11.14,48
20240104,nuclear,13.94,48
20240104,other,0.0,48
20240104,solar,0.77,48
20240104,wind,21.57,48
20240105,biomass,8.61,48
20240105,coal,0.07,48
20240105,gas,39.57,48
20240105,hydro,2.15,48
20240105,imports,9.86,48
20240105,nuclear,13.11,48
20240105,other,0.0,48
20240105,solar,0.96,48
20240105,wind,25.68,48
20240106,biomass,7.83,48
20240106,coal,0.62,48
20240106,gas,39.76,48
20240106,hydro,2.43,48
20240106,imports,13.86,48
20240106,nuclear,13.05,48
20240106,other,0.0,48
20240106,solar,1.66,48
20240106,wind,20.78,48
20240107,biomass,8.59,48
20240107,coal,1.75,48
20240107,gas,41.12,48
20240107,hydro,2.13,48
20240107,imports,13.94,48
20240107,nuclear,11.88,48
20240107,other,0.0,48
20240107,solar,1.45,48
20240107,wind,19.14,48
20240108,biomass,6.7,48
20240108,coal,1.79,48
20240108,gas,46.69,48
20240108,hydro,1.62,48
20240108,imports,5.1,48
20240108,nuclear,9.48,48
20240108,other,0.0,48
20240108,solar,0.53,48
20240108,wind,28.09,48
20240109,biomass,6.96,48
20240109,coal,1.35,48
20240109,gas,46.52,48
20240109,hydro,1.3,48
20240109,imports,1.43,48
20240109,nuclear,7.89,48
20240109,other,0.0,48
20240109,solar,1.6,48
20240109,wind,32.96,48
20240110,biomass,7.15,48
20240110,coal,1.78,48
20240110,gas,55.13,48
20240110,hydro,1.69,48
20240110,imports,1.59,48
20240110,nuclear,7.72,48
20240110,other,0.0,48
20240110,solar,1.52,48
20240110,wind,23.42,48
20240111,biomass,7.24,48
20240111,coal,2.04,48
20240111,gas,59.14,48
20240111,hydro,1.7,48
20240111,imports,1.81,48
20240111,nuclear,7.86,48
20240111,other,0.0,48
20240111,solar,0.97,48
20240111,wind,19.22,48
20240112,biomass,7.42,48
20240112,coal,2.89,48
20240112,gas,59.6,48
20240112,hydro,2.01,48
20240112,imports,4.47,48
20240112,nuclear,8.26,48
20240112,other,0.0,48
20240112,solar,0.34,48
20240112,wind,15.02,48
20240113,biomass,4.35,48
20240113,coal,2.13,48
20240113,gas,47.29,48
20240113,hydro,1.48,48
20240113,imports,8.61,48
20240113,nuclear,9.55,48
20240113,other,0.0,48
20240113,solar,1.1,48
20240113,wind,25.5,48
20240114,biomass,5.41,48
20240114,coal,2.37,48
20240114,gas,33.26,48
20240114,hydro,0.93,48
20240114,imports,12.86,48
20240114,nuclear,9.5,48
20240114,other,0.0,48
20240114,solar,1.34,48
20240114,wind,34.32,48
20240115,biomass,5.77,48
20240115,coal,3.56,48
20240115,gas,37.16,48
20240115,hydro,1.17,48
20240115,imports,4.25,48
20240115,nuclear,6.9,48
20240115,other,0.0,48
20240115,solar,2.21,48
20240115,wind,38.96,48
20240116,biomass,7.53,48
20240116,coal,3.71,48
20240116,gas,51.94,48
20240116,hydro,1.6,48
20240116,imports,1.54,48
20240116,nuclear,6.2,48
20240116,other,0.0,48
20240116,solar,1.58,48
20240116,wind,25.9,48
20240117,biomass,7.69,48
20240117,coal,3.24,48
20240117,gas,55.28,48
20240117,hydro,1.79,48
20240117,imports,5.15,48
20240117,nuclear,6.51,48
20240117,other,0.0,48
20240117,solar,1.28,48
20240117,wind,19.04,48
20240118,biomass,6.16,48
20240118,coal,2.57,48
20240118,gas,51.84,48
20240118,hydro,1.79,48
20240118,imports,2.28,48
20240118,nuclear,6.42,48
20240118,other,0.0,48
20240118,solar,2.48,48
20240118,wind,26.47,48
20240119,biomass,2.0,48
20240119,coal,2.05,48
20240119,gas,42.63,48
20240119,hydro,1.31,48
20240119,imports,3.56,48
20240119,nuclear,6.37,48
20240119,other,0.0,48
20240119,solar,2.28,48
20240119,wind,39.8,48
20240120,biomass,2.24,48
20240120,coal,0.95,48
20240120,gas,24.77,48
20240120,hydro,1.83,48
20240120,imports,5.83,48
20240120,nuclear,7.06,48
20240120,other,0.0,48
20240120,solar,0.76,48
20240120,wind,56.56,48
20240121,biomass,3.08,48
20240121,coal,0.55,48
20240121,gas,16.67,48
20240121,hydro,3.11,48
20240121,imports,11.25,48
20240121,nuclear,7.83,48
20240121,other,0.0,48
20240121,solar,0.84,48
20240121,wind,56.68,48
20240122,biomass,2.74,48
20240122,coal,1.14,48
20240122,gas,18.49,48
20240122,hydro,3.22,48
20240122,imports,10.87,48
20240122,nuclear,7.15,48
20240122,other,0.0,48
20240122,solar,2.01,48
20240122,wind,54.38,48
20240123,biomass,2.51,48
20240123,coal,0.86,48
20240123,gas,20.96,48
20240123,hydro,3.29,48
20240123,imports,11.35,48
20240123,nuclear,7.18,48
20240123,other,0.0,48
20240123,solar,0.28,48
20240123,wind,53.57,48
20240124,biomass,4.72,48
20240124,coal,0.52,48
20240124,gas,22.63,48
20240124,hydro,3.12,48
20240124,imports,10.83,48
20240124,nuclear,7.7,48
20240124,other,0.0,48
20240124,solar,1.66,48
20240124,wind,48.81,48
20240125,biomass,5.59,48
20240125,coal,1.28,48
20240125,gas,29.79,48
20240125,hydro,3.41,48
20240125,imports,10.48,48
20240125,nuclear,8.35,48
20240125,other,0.0,48
20240125,solar,0.73,48
20240125,wind,40.38,48
20240126,biomass,6.19,48
20240126,coal,1.07,48
20240126,gas,15.17,48
20240126,hydro,3.5,48
20240126,imports,8.33,48
20240126,nuclear,9.28,48
20240126,other,0.0,48
20240126,solar,3.24,48
20240126,wind,53.23,48
20240127,biomass,7.54,48
20240127,coal,1.06,48
20240127,gas,19.36,48
20240127,hydro,3.29,48
20240127,imports,9.86,48
20240127,nuclear,11.43,48
20240127,other,0.0,48
20240127,solar,1.78,48
20240127,wind,45.68,48
20240128,biomass,8.9,48
20240128,coal,0.5,48
20240128,gas,12.78,48
20240128,hydro,3.1,48
20240128,imports,10.24,48
20240128,nuclear,11.84,48
20240128,other,0.0,48
20240128,solar,1.97,48
20240128,wind,50.67,48
20240129,biomass,9.97,48
20240129,coal,2.68,48
20240129,gas,37.51,48
20240129,hydro,3.56,48
20240129,imports,11.8,48
20240129,nuclear,11.66,48
20240129,other,0.0,48
20240129,solar,0.61,48
20240129,wind,22.22,48
20240130,biomass,8.7,48
20240130,coal,3.16,48
20240130,gas,32.4,48
20240130,hydro,3.17,48
20240130,imports,8.83,48
20240130,nuclear,11.13,48
20240130,other,0.0,48
20240130,solar,1.3,48
20240130,wind,31.33,48
20240131,biomass,7.71,48
20240131,coal,2.97,48
20240131,gas,22.4,48
20240131,hydro,2.45,48
20240131,imports,6.23,48
20240131,nuclear,10.59,48
20240131,other,0.0,48
20240131,solar,0.74,48
20240131,wind,46.92,48
20240201,biomass,7.26,48
20240201,coal,2.2,48
20240201,gas,23.22,48
20240201,hydro,2.95,48
20240201,imports,8.03,48
20240201,nuclear,11.05,48
20240201,other,0.0,48
20240201,solar,2.6,48
20240201,wind,42.71,48
20240202,biomass,6.6,48
20240202,coal,0.91,48
20240202,gas,11.29,48
20240202,hydro,2.88,48
20240202,imports,9.3,48
20240202,nuclear,11.29,48
20240202,other,0.0,48
20240202,solar,1.77,48
20240202,wind,55.97,48
20240203,biomass,4.64,48
20240203,coal,0.47,48
20240203,gas,12.4,48
20240203,hydro,3.37,48
20240203,imports,9.3,48
20240203,nuclear,12.49,48
20240203,other,0.0,48
20240203,solar,1.4,48
20240203,wind,55.93,48
20240204,biomass,4.68,48
20240204,coal,0.6,48
20240204,gas,10.01,48
20240204,hydro,3.32,48
20240204,imports,7.45,48
20240204,nuclear,12.29,48
20240204,other,0.0,48
20240204,solar,1.08,48
20240204,wind,60.57,48
20240205,biomass,6.26,48
20240205,coal,0.93,48
20240205,gas,10.44,48
20240205,hydro,3.86,48
20240205,imports,9.5,48
20240205,nuclear,11.4,48
20240205,other,0.0,48
20240205,solar,0.83,48
20240205,wind,56.76,48
20240206,biomass,7.37,48
20240206,coal,0.37,48
20240206,gas,19.26,48
20240206,hydro,3.51,48
20240206,imports,10.67,48
20240206,nuclear,11.21,48
20240206,other,0.0,48
20240206,solar,0.85,48
20240206,wind,46.76,48
20240207,biomass,9.31,48
20240207,coal,2.94,48
20240207,gas,46.93,48
20240207,hydro,3.55,48
20240207,imports,14.08,48
20240207,nuclear,11.29,48
20240207,other,0.0,48
20240207,solar,1.48,48
20240207,wind,10.4,48
20240208,biomass,8.38,48
20240208,coal,3.05,48
20240208,gas,32.55,48
20240208,hydro,2.64,48
20240208,imports,8.02,48
20240208,nuclear,10.72,48
20240208,other,0.0,48
20240208,solar,0.4,48
20240208,wind,34.25,48
20240209,biomass,7.23,48
20240209,coal,1.56,48
20240209,gas,18.83,48
20240209,hydro,2.62,48
20240209,imports,10.53,48
20240209,nuclear,10.9,48
20240209,other,0.0,48
20240209,solar,1.06,48
20240209,wind,47.27,48
20240210,biomass,7.68,48
20240210,coal,1.78,48
20240210,gas,36.4,48
20240210,hydro,3.14,48
20240210,imports,17.33,48
20240210,nuclear,12.15,48
20240210,other,0.0,48
20240210,solar,2.13,48
20240210,wind,19.36,48
20240211,biomass,7.56,48
20240211,coal,2.27,48
20240211,gas,36.08,48
20240211,hydro,3.0,48
20240211,imports,17.58,48
20240211,nuclear,13.12,48
20240211,other,0.0,48
20240211,solar,2.33,48
20240211,wind,18.05,48
20240212,biomass,6.07,48
20240212,coal,1.22,48
20240212,gas,31.99,48
20240212,hydro,2.38,48
20240212,imports,4.65,48
20240212,nuclear,11.08,48
20240212,other,0.0,48
20240212,solar,3.89,48
20240212,wind,38.72,48
20240213,biomass,5.86,48
20240213,coal,0.66,48
20240213,gas,32.15,48
20240213,hydro,2.14,48
20240213,imports,10.83,48
20240213,nuclear,11.32,48
20240213,other,0.0,48
20240213,solar,1.06,48
20240213,wind,35.99,48
20240214,biomass,7.23,48
20240214,coal,1.03,48
20240214,gas,32.89,48
20240214,hydro,2.27,48
20240214,imports,14.55,48
20240214,nuclear,12.01,48
20240214,other,0.0,48
20240214,solar,0.79,48
20240214,wind,29.23,48
20240215,biomass,7.76,48
20240215,coal,0.43,48
20240215,gas,29.79,48
20240215,hydro,2.66,48
20240215,imports,11.62,48
20240215,nuclear,12.12,48
20240215,other,0.0,48
20240215,solar,1.81,48
20240215,wind,33.8,48
20240216,biomass,7.03,48
20240216,coal,0.92,48
20240216,gas,35.56,48
20240216,hydro,3.85,48
20240216,imports,17.63,48
20240216,nuclear,13.01,48
20240216,other,0.0,48
20240216,solar,2.56,48
20240216,wind,19.44,48
20240217,biomass,7.76,48
20240217,coal,0.29,48
20240217,gas,26.9,48
20240217,hydro,2.83,48
20240217,imports,14.89,48
20240217,nuclear,13.57,48
20240217,other,0.0,48
20240217,solar,1.12,48
20240217,wind,32.65,48
20240218,biomass,5.78,48
20240218,coal,0.68,48
20240218,gas,18.31,48
20240218,hydro,2.99,48
20240218,imports,15.96,48
20240218,nuclear,13.72,48
20240218,other,0.0,48
20240218,solar,2.89,48
20240218,wind,39.65,48
20240219,biomass,6.25,48
20240219,coal,0.41,48
20240219,gas,21.56,48
20240219,hydro,2.75,48
20240219,imports,8.05,48
20240219,nuclear,12.22,48
20240219,other,0.0,48
20240219,solar,2.7,48
20240219,wind,46.08,48
20240220,biomass,6.63,48
20240220,coal,0.61,48
20240220,gas,21.76,48
20240220,hydro,2.24,48
20240220,imports,9.05,48
20240220,nuclear,12.06,48
20240220,other,0.0,48
20240220,solar,2.04,48
20240220,wind,45.62,48
20240221,biomass,6.29,48
20240221,coal,0.0,48
20240221,gas,14.94,48
20240221,hydro,2.51,48
20240221,imports,13.3,48
20240221,nuclear,11.64,48
20240221,other,0.0,48
20240221,solar,0.78,48
20240221,wind,50.53,48
20240222,biomass,6.07,48
20240222,coal,0.32,48
20240222,gas,20.03,48
20240222,hydro,3.87,48
20240222,imports,14.42,48
20240222,nuclear,11.86,48
20240222,other,0.0,48
20240222,solar,1.17,48
20240222,wind,42.26,48
20240223,biomass,7.93,48
20240223,coal,0.52,48
20240223,gas,27.12,48
20240223,hydro,3.19,48
20240223,imports,14.8,48
20240223,nuclear,12.15,48
20240223,other,0.0,48
20240223,solar,3.07,48
20240223,wind,31.22,48
20240224,biomass,8.75,48
20240224,coal,0.68,48
20240224,gas,45.54,48
20240224,hydro,3.72,48
20240224,imports,19.0,48
20240224,nuclear,13.15,48
20240224,other,0.0,48
20240224,solar,4.41,48
20240224,wind,4.72,48
20240225,biomass,7.8,48
20240225,coal,0.45,48
20240225,gas,37.07,48
20240225,hydro,2.56,48
20240225,imports,18.68,48
20240225,nuclear,13.12,48
20240225,other,0.0,48
20240225,solar,2.97,48
20240225,wind,17.33,48
20240226,biomass,6.45,48
20240226,coal,0.44,48
20240226,gas,31.65,48
20240226,hydro,2.46,48
20240226,imports,9.63,48
20240226,nuclear,11.14,48
20240226,other,0.0,48
20240226,solar,3.08,48
20240226,wind,35.15,48
20240227,biomass,6.43,48
20240227,coal,1.15,48
20240227,gas,36.59,48
20240227,hydro,2.07,48
20240227,imports,8.58,48
20240227,nuclear,10.76,48
20240227,other,0.0,48
20240227,solar,2.13,48
20240227,wind,32.3,48
20240228,biomass,6.34,48
20240228,coal,0.71,48
20240228,gas,31.43,48
20240228,hydro,2.13,48
20240228,imports,8.6,48
20240228,nuclear,11.6,48
20240228,other,0.0,48
20240228,solar,1.2,48
20240228,wind,37.97,48
20240229,biomass,5.69,48
20240229,coal,0.0,48
20240229,gas,29.48,48
20240229,hydro,2.71,48
20240229,imports,11.78,48
20240229,nuclear,11.68,48
20240229,other,0.0,48
20240229,solar,1.6,48
20240229,wind,37.06,48
20240301,biomass,8.32,48
20240301,coal,0.76,48
20240301,gas,27.86,48
20240301,hydro,3.06,48
20240301,imports,15.68,48
20240301,nuclear,11.61,48
20240301,other,0.0,48
20240301,solar,2.64,48
20240301,wind,30.06,48
20240302,biomass,8.26,48
20240302,coal,0.77,48
20240302,gas,26.71,48
20240302,hydro,2.36,48
20240302,imports,18.35,48
20240302,nuclear,12.44,48
20240302,other,0.0,48
20240302,solar,2.55,48
20240302,wind,28.56,48
20240303,biomass,9.67,48
20240303,coal,1.05,48
20240303,gas,36.85,48
20240303,hydro,2.65,48
20240303,imports,19.98,48
20240303,nuclear,12.36,48
20240303,other,0.0,48
20240303,solar,4.78,48
20240303,wind,12.66,48
20240304,biomass,8.71,48
20240304,coal,1.76,48
20240304,gas,36.62,48
20240304,hydro,2.1,48
20240304,imports,12.42,48
20240304,nuclear,9.56,48
20240304,other,0.0,48
20240304,solar,3.76,48
20240304,wind,25.09,48
20240305,biomass,8.42,48
20240305,coal,1.65,48
20240305,gas,39.46,48
20240305,hydro,2.01,48
20240305,imports,12.75,48
20240305,nuclear,9.61,48
20240305,other,0.0,48
20240305,solar,3.36,48
20240305,wind,22.73,48
20240306,biomass,8.57,48
20240306,coal,2.27,48
20240306,gas,43.89,48
20240306,hydro,1.9,48
20240306,imports,10.39,48
20240306,nuclear,9.56,48
20240306,other,0.0,48
20240306,solar,3.89,48
20240306,wind,19.54,48
20240307,biomass,6.67,48
20240307,coal,1.35,48
20240307,gas,26.86,48
20240307,hydro,1.9,48
20240307,imports,14.87,48
20240307,nuclear,9.73,48
20240307,other,0.0,48
20240307,solar,2.81,48
20240307,wind,35.84,48
20240308,biomass,5.92,48
20240308,coal,0.36,48
20240308,gas,16.63,48
20240308,hydro,1.56,48
20240308,imports,18.41,48
20240308,nuclear,10.56,48
20240308,other,0.0,48
20240308,solar,3.0,48
20240308,wind,43.53,48
20240309,biomass,2.59,48
20240309,coal,0.2,48
20240309,gas,12.74,48
20240309,hydro,1.81,48
20240309,imports,13.81,48
20240309,nuclear,10.48,48
20240309,other,0.0,48
20240309,solar,2.97,48
20240309,wind,55.41,48
20240310,biomass,4.02,48
20240310,coal,0.89,48
20240310,gas,17.42,48
20240310,hydro,1.49,48
20240310,imports,16.16,48
20240310,nuclear,11.58,48
20240310,other,0.0,48
20240310,solar,1.47,48
20240310,wind,46.97,48
20240311,biomass,6.1,48
20240311,coal,2.24,48
20240311,gas,41.82,48
20240311,hydro,2.39,48
20240311,imports,15.31,48
20240311,nuclear,11.0,48
20240311,other,0.0,48
20240311,solar,1.14,48
20240311,wind,19.99,48
20240312,biomass,6.75,48
20240312,coal,2.6,48
20240312,gas,35.39,48
20240312,hydro,1.68,48
20240312,imports,12.93,48
20240312,nuclear,10.94,48
20240312,other,0.0,48
20240312,solar,1.35,48
20240312,wind,28.37,48
20240313,biomass,4.92,48
20240313,coal,1.38,48
20240313,gas,19.63,48
20240313,hydro,1.77,48
20240313,imports,9.06,48
20240313,nuclear,11.24,48
20240313,other,0.0,48
20240313,solar,1.67,48
20240313,wind,50.34,48
20240314,biomass,4.42,48
20240314,coal,0.91,48
20240314,gas,20.21,48
20240314,hydro,2.44,48
20240314,imports,16.45,48
20240314,nuclear,12.01,48
20240314,other,0.0,48
20240314,solar,2.29,48
20240314,wind,41.26,48
20240315,biomass,3.88,48
20240315,coal,0.72,48
20240315,gas,14.32,48
20240315,hydro,2.14,48
20240315,imports,19.12,48
20240315,nuclear,12.24,48
20240315,other,0.0,48
20240315,solar,3.42,48
20240315,wind,44.16,48
20240316,biomass,5.67,48
20240316,coal,0.59,48
20240316,gas,26.84,48
20240316,hydro,2.46,48
20240316,imports,20.12,48
20240316,nuclear,13.65,48
20240316,other,0.0,48
20240316,solar,4.34,48
20240316,wind,26.33,48
20240317,biomass,5.17,48
20240317,coal,0.71,48
20240317,gas,18.08,48
20240317,hydro,3.07,48
20240317,imports,20.57,48
20240317,nuclear,13.36,48
20240317,other,0.0,48
20240317,solar,3.51,48
20240317,wind,35.52,48
20240318,biomass,5.46,48
20240318,coal,1.61,48
20240318,gas,25.71,48
20240318,hydro,2.11,48
20240318,imports,12.96,48
20240318,nuclear,12.54,48
20240318,other,0.0,48
20240318,solar,4.77,48
20240318,wind,34.82,48
20240319,biomass,5.45,48
20240319,coal,1.8,48
20240319,gas,30.34,48
20240319,hydro,2.75,48
20240319,imports,11.09,48
20240319,nuclear,12.19,48
20240319,other,0.0,48
20240319,solar,4.17,48
20240319,wind,32.22,48
20240320,biomass,5.47,48
20240320,coal,2.52,48
20240320,gas,46.77,48
20240320,hydro,3.44,48
20240320,imports,14.96,48
20240320,nuclear,13.18,48
20240320,other,0.0,48
20240320,solar,3.18,48
20240320,wind,10.48,48
20240321,biomass,5.07,48
20240321,coal,0.73,48
20240321,gas,21.61,48
20240321,hydro,1.6,48
20240321,imports,13.63,48
20240321,nuclear,13.43,48
20240321,other,0.0,48
20240321,solar,3.16,48
20240321,wind,40.79,48
20240322,biomass,3.8,48
20240322,coal,0.34,48
20240322,gas,12.48,48
20240322,hydro,1.76,48
20240322,imports,12.61,48
20240322,nuclear,13.67,48
20240322,other,0.0,48
20240322,solar,4.67,48
20240322,wind,50.66,48
20240323,biomass,1.24,48
20240323,coal,0.0,48
20240323,gas,8.46,48
20240323,hydro,2.16,48
20240323,imports,7.58,48
20240323,nuclear,13.97,48
20240323,other,0.0,48
20240323,solar,5.95,48
20240323,wind,60.65,48
20240324,biomass,3.22,48
20240324,coal,0.55,48
20240324,gas,19.79,48
20240324,hydro,2.86,48
20240324,imports,14.52,48
20240324,nuclear,14.85,48
20240324,other,0.0,48
20240324,solar,6.94,48
20240324,wind,37.26,48
20240325,biomass,4.97,48
20240325,coal,1.09,48
20240325,gas,31.47,48
20240325,hydro,2.51,48
20240325,imports,17.61,48
20240325,nuclear,14.16,48
20240325,other,0.0,48
20240325,solar,2.52,48
20240325,wind,25.65,48
20240326,biomass,6.64,48
20240326,coal,1.94,48
20240326,gas,29.28,48
20240326,hydro,2.52,48
20240326,imports,16.23,48
20240326,nuclear,14.59,48
20240326,other,0.0,48
20240326,solar,4.37,48
20240326,wind,24.44,48
20240327,biomass,5.64,48
20240327,coal,1.03,48
20240327,gas,14.79,48
20240327,hydro,2.19,48
20240327,imports,13.53,48
20240327,nuclear,14.09,48
20240327,other,0.0,48
20240327,solar,4.54,48
20240327,wind,44.19,48
20240328,biomass,4.4,48
20240328,coal,0.57,48
20240328,gas,11.7,48
20240328,hydro,2.07,48
20240328,imports,17.38,48
20240328,nuclear,13.13,48
20240328,other,0.0,48
20240328,solar,3.79,48
20240328,wind,46.96,48
20240329,biomass,4.9,48
20240329,coal,0.77,48
20240329,gas,16.43,48
20240329,hydro,2.89,48
20240329,imports,18.08,48
20240329,nuclear,14.38,48
20240329,other,0.0,48
20240329,solar,6.67,48
20240329,wind,35.89,48
20240330,biomass,6.15,48
20240330,coal,0.44,48
20240330,gas,27.53,48
20240330,hydro,2.32,48
20240330,imports,20.03,48
20240330,nuclear,15.8,48
20240330,other,0.0,48
20240330,solar,9.11,48
20240330,wind,18.61,48
20240331,biomass,6.15,46
20240331,coal,1.18,46
20240331,gas,19.48,46
20240331,hydro,2.03,46
20240331,imports,18.87,46
20240331,nuclear,16.23,46
20240331,other,0.0,46
20240331,solar,5.28,46
20240331,wind,30.78,46
20240401,biomass,8.43,48
20240401,coal,0.86,48
20240401,gas,17.91,48
20240401,hydro,2.0,48
20240401,imports,16.48,48
20240401,nuclear,16.2,48
20240401,other,0.0,48
20240401,solar,5.44,48
20240401,wind,32.67,48
20240402,biomass,7.35,48
20240402,coal,0.95,48
20240402,gas,28.26,48
20240402,hydro,1.63,48
20240402,imports,17.84,48
20240402,nuclear,15.32,48
20240402,other,0.0,48
20240402,solar,4.34,48
20240402,wind,24.3,48
20240403,biomass,7.26,48
20240403,coal,0.5,48
20240403,gas,14.9,48
20240403,hydro,1.18,48
20240403,imports,14.8,48
20240403,nuclear,15.19,48
20240403,other,0.0,48
20240403,solar,3.04,48
20240403,wind,43.13,48
20240404,biomass,7.85,48
20240404,coal,0.36,48
20240404,gas,25.17,48
20240404,hydro,2.43,48
20240404,imports,16.35,48
20240404,nuclear,16.35,48
20240404,other,0.0,48
20240404,solar,3.99,48
20240404,wind,27.49,48
20240405,biomass,4.24,48
20240405,coal,0.38,48
20240405,gas,6.42,48
20240405,hydro,1.88,48
20240405,imports,11.57,48
20240405,nuclear,16.56,48
20240405,other,0.0,48
20240405,solar,5.24,48
20240405,wind,53.71,48
20240406,biomass,2.98,48
20240406,coal,0.12,48
20240406,gas,8.28,48
20240406,hydro,1.73,48
20240406,imports,5.08,48
20240406,nuclear,15.49,48
20240406,other,0.0,48
20240406,solar,5.16,48
20240406,wind,61.16,48
20240407,biomass,2.99,48
20240407,coal,0.92,48
20240407,gas,7.73,48
20240407,hydro,1.35,48
20240407,imports,4.78,48
20240407,nuclear,15.15,48
20240407,other,0.0,48
20240407,solar,5.91,48
20240407,wind,61.17,48
20240408,biomass,7.16,48
20240408,coal,1.05,48
20240408,gas,24.83,48
20240408,hydro,2.33,48
20240408,imports,12.38,48
20240408,nuclear,15.46,48
20240408,other,0.0,48
20240408,solar,4.22,48
20240408,wind,32.57,48
20240409,biomass,9.01,48
20240409,coal,0.34,48
20240409,gas,7.34,48
20240409,hydro,1.86,48
20240409,imports,10.65,48
20240409,nuclear,15.66,48
20240409,other,0.0,48
20240409,solar,4.17,48
20240409,wind,50.94,48
20240410,biomass,9.01,48
20240410,coal,0.52,48
20240410,gas,11.33,48
20240410,hydro,2.11,48
20240410,imports,11.17,48
20240410,nuclear,15.92,48
20240410,other,0.0,48
20240410,solar,3.01,48
20240410,wind,46.93,48
20240411,biomass,8.1,48
20240411,coal,0.73,48
20240411,gas,11.48,48
20240411,hydro,2.61,48
20240411,imports,8.42,48
20240411,nuclear,16.93,48
20240411,other,0.0,48
20240411,solar,4.84,48
20240411,wind,46.91,48
20240412,biomass,7.04,48
20240412,coal,0.55,48
20240412,gas,7.49,48
20240412,hydro,2.4,48
20240412,imports,7.18,48
20240412,nuclear,17.59,48
20240412,other,0.0,48
20240412,solar,6.71,48
20240412,wind,51.02,48
20240413,biomass,4.31,48
20240413,coal,0.45,48
20240413,gas,8.3,48
20240413,hydro,2.34,48
20240413,imports,7.08,48
20240413,nuclear,20.63,48
20240413,other,0.0,48
20240413,solar,6.66,48
20240413,wind,50.22,48
20240414,biomass,4.59,48
20240414,coal,0.92,48
20240414,gas,10.58,48
20240414,hydro,2.34,48
20240414,imports,8.91,48
20240414,nuclear,19.66,48
20240414,other,0.0,48
20240414,solar,8.13,48
20240414,wind,44.86,48
20240415,biomass,3.87,48
20240415,coal,0.68,48
20240415,gas,6.4,48
20240415,hydro,2.53,48
20240415,imports,6.82,48
20240415,nuclear,16.41,48
20240415,other,0.0,48
20240415,solar,6.65,48
20240415,wind,56.65,48
20240416,biomass,7.59,48
20240416,coal,0.36,48
20240416,gas,9.34,48
20240416,hydro,2.55,48
20240416,imports,9.22,48
20240416,nuclear,16.68,48
20240416,other,0.0,48
20240416,solar,6.77,48
20240416,wind,47.49,48
20240417,biomass,9.44,48
20240417,coal,1.24,48
20240417,gas,20.24,48
20240417,hydro,2.85,48
20240417,imports,11.14,48
20240417,nuclear,16.73,48
20240417,other,0.0,48
20240417,solar,6.96,48
20240417,wind,31.41,48
20240418,biomass,9.26,48
20240418,coal,1.39,48
20240418,gas,17.95,48
20240418,hydro,2.17,48
20240418,imports,11.77,48
20240418,nuclear,17.0,48
20240418,other,0.0,48
20240418,solar,6.69,48
20240418,wind,33.76,48
20240419,biomass,4.21,48
20240419,coal,0.91,48
20240419,gas,8.97,48
20240419,hydro,2.49,48
20240419,imports,11.99,48
20240419,nuclear,17.33,48
20240419,other,0.0,48
20240419,solar,6.0,48
20240419,wind,48.09,48
20240420,biomass,9.7,48
20240420,coal,1.35,48
20240420,gas,12.97,48
20240420,hydro,2.82,48
20240420,imports,18.36,48
20240420,nuclear,19.51,48
20240420,other,0.0,48
20240420,solar,9.38,48
20240420,wind,25.9,48
20240421,biomass,9.71,48
20240421,coal,1.04,48
20240421,gas,18.16,48
20240421,hydro,2.18,48
20240421,imports,18.58,48
20240421,nuclear,20.44,48
20240421,other,0.0,48
20240421,solar,8.55,48
20240421,wind,21.35,48
20240422,biomass,10.23,48
20240422,coal,1.07,48
20240422,gas,42.13,48
20240422,hydro,2.2,48
20240422,imports,12.95,48
20240422,nuclear,17.51,48
20240422,other,0.0,48
20240422,solar,3.61,48
20240422,wind,10.29,48
20240423,biomass,9.92,48
20240423,coal,0.85,48
20240423,gas,30.9,48
20240423,hydro,1.15,48
20240423,imports,11.88,48
20240423,nuclear,17.12,48
20240423,other,0.0,48
20240423,solar,5.46,48
20240423,wind,22.7,48
20240424,biomass,9.76,48
20240424,coal,1.25,48
20240424,gas,25.23,48
20240424,hydro,1.75,48
20240424,imports,12.91,48
20240424,nuclear,17.43,48
20240424,other,0.0,48
20240424,solar,6.34,48
20240424,wind,25.32,48
20240425,biomass,9.31,48
20240425,coal,1.76,48
20240425,gas,37.13,48
20240425,hydro,1.41,48
20240425,imports,10.36,48
20240425,nuclear,16.95,48
20240425,other,0.0,48
20240425,solar,4.48,48
20240425,wind,18.6,48
20240426,biomass,9.59,48
20240426,coal,1.91,48
20240426,gas,40.72,48
20240426,hydro,1.56,48
20240426,imports,14.55,48
20240426,nuclear,18.01,48
20240426,other,0.0,48
20240426,solar,6.56,48
20240426,wind,7.1,48
20240427,biomass,9.16,48
20240427,coal,1.74,48
20240427,gas,28.61,48
20240427,hydro,1.65,48
20240427,imports,17.9,48
20240427,nuclear,19.67,48
20240427,other,0.0,48
20240427,solar,4.58,48
20240427,wind,16.68,48
20240428,biomass,3.81,48
20240428,coal,0.89,48
20240428,gas,14.58,48
20240428,hydro,1.21,48
20240428,imports,17.79,48
20240428,nuclear,19.71,48
20240428,other,0.0,48
20240428,solar,5.81,48
20240428,wind,36.18,48
20240429,biomass,6.32,48
20240429,coal,0.83,48
20240429,gas,12.81,48
20240429,hydro,0.94,48
20240429,imports,11.99,48
20240429,nuclear,18.05,48
20240429,other,0.0,48
20240429,solar,6.22,48
20240429,wind,42.85,48
20240430,biomass,6.86,48
20240430,coal,0.64,48
20240430,gas,12.18,48
20240430,hydro,1.53,48
20240430,imports,14.63,48
20240430,nuclear,18.98,48
20240430,other,0.0,48
20240430,solar,7.74,48
20240430,wind,37.45,48
20240501,biomass,10.79,48
20240501,coal,0.6,48
20240501,gas,26.41,48
20240501,hydro,2.25,48
20240501,imports,16.3,48
20240501,nuclear,19.86,48
20240501,other,0.0,48
20240501,solar,6.27,48
20240501,wind,17.52,48
20240502,biomass,8.01,48
20240502,coal,0.61,48
20240502,gas,13.24,48
20240502,hydro,1.17,48
20240502,imports,16.03,48
20240502,nuclear,19.42,48
20240502,other,0.0,48
20240502,solar,5.2,48
20240502,wind,36.35,48
20240503,biomass,8.84,48
20240503,coal,0.86,48
20240503,gas,23.16,48
20240503,hydro,1.47,48
20240503,imports,16.38,48
20240503,nuclear,19.18,48
20240503,other,0.0,48
20240503,solar,3.61,48
20240503,wind,26.52,48
20240504,biomass,7.8,48
20240504,coal,0.96,48
20240504,gas,27.57,48
20240504,hydro,1.95,48
20240504,imports,16.42,48
20240504,nuclear,20.76,48
20240504,other,0.0,48
20240504,solar,8.36,48
20240504,wind,16.15,48
20240505,biomass,7.4,48
20240505,coal,0.98,48
20240505,gas,34.7,48
20240505,hydro,1.51,48
20240505,imports,18.88,48
20240505,nuclear,22.48,48
20240505,other,0.0,48
20240505,solar,7.95,48
20240505,wind,6.12,48
20240506,biomass,10.16,48
20240506,coal,0.58,48
20240506,gas,35.87,48
20240506,hydro,1.55,48
20240506,imports,16.83,48
20240506,nuclear,21.2,48
20240506,other,0.0,48
20240506,solar,6.2,48
20240506,wind,7.63,48
20240507,biomass,10.04,48
20240507,coal,0.84,48
20240507,gas,36.92,48
20240507,hydro,0.95,48
20240507,imports,15.56,48
20240507,nuclear,19.45,48
20240507,other,0.0,48
20240507,solar,8.1,48
20240507,wind,8.15,48
20240508,biomass,11.2,48
20240508,coal,0.39,48
20240508,gas,33.97,48
20240508,hydro,0.66,48
20240508,imports,14.07,48
20240508,nuclear,18.82,48
20240508,other,0.0,48
20240508,solar,9.14,48
20240508,wind,11.74,48
20240509,biomass,11.48,48
20240509,coal,0.0,48
20240509,gas,30.56,48
20240509,hydro,1.22,48
20240509,imports,17.03,48
20240509,nuclear,17.25,48
20240509,other,0.0,48
20240509,solar,10.9,48
20240509,wind,11.54,48
20240510,biomass,11.68,48
20240510,coal,0.0,48
20240510,gas,34.88,48
20240510,hydro,1.2,48
20240510,imports,17.32,48
20240510,nuclear,17.6,48
20240510,other,0.0,48
20240510,solar,10.49,48
20240510,wind,6.84,48
20240511,biomass,8.23,48
20240511,coal,0.0,48
20240511,gas,22.64,48
20240511,hydro,1.25,48
20240511,imports,16.91,48
20240511,nuclear,20.59,48
20240511,other,0.0,48
20240511,solar,11.83,48
20240511,wind,18.53,48
20240512,biomass,5.55,48
20240512,coal,0.11,48
20240512,gas,16.04,48
20240512,hydro,1.18,48
20240512,imports,12.5,48
20240512,nuclear,19.28,48
20240512,other,0.0,48
20240512,solar,10.72,48
20240512,wind,34.63,48
20240513,biomass,10.3,48
20240513,coal,0.68,48
20240513,gas,22.53,48
20240513,hydro,1.7,48
20240513,imports,11.34,48
20240513,nuclear,18.88,48
20240513,other,0.0,48
20240513,solar,6.24,48
20240513,wind,28.35,48
20240514,biomass,6.17,48
20240514,coal,0.0,48
20240514,gas,29.14,48
20240514,hydro,1.11,48
20240514,imports,10.47,48
20240514,nuclear,18.12,48
20240514,other,0.0,48
20240514,solar,4.94,48
20240514,wind,30.06,48
20240515,biomass,8.05,48
20240515,coal,0.11,48
20240515,gas,38.98,48
20240515,hydro,1.47,48
20240515,imports,14.35,48
20240515,nuclear,18.18,48
20240515,other,0.0,48
20240515,solar,7.63,48
20240515,wind,11.26,48
20240516,biomass,7.49,48
20240516,coal,0.75,48
20240516,gas,42.03,48
20240516,hydro,1.22,48
20240516,imports,15.07,48
20240516,nuclear,18.04,48
20240516,other,0.0,48
20240516,solar,5.13,48
20240516,wind,10.28,48
20240517,biomass,5.76,48
20240517,coal,0.49,48
20240517,gas,40.63,48
20240517,hydro,1.01,48
20240517,imports,16.43,48
20240517,nuclear,18.4,48
20240517,other,0.0,48
20240517,solar,9.3,48
20240517,wind,7.97,48
20240518,biomass,6.09,48
20240518,coal,0.59,48
20240518,gas,32.47,48
20240518,hydro,1.36,48
20240518,imports,19.35,48
20240518,nuclear,19.89,48
20240518,other,0.0,48
20240518,solar,8.69,48
20240518,wind,11.57,48
20240519,biomass,6.58,48
20240519,coal,0.79,48
20240519,gas,22.64,48
20240519,hydro,1.1,48
20240519,imports,20.69,48
20240519,nuclear,20.59,48
20240519,other,0.0,48
20240519,solar,12.55,48
20240519,wind,15.06,48
20240520,biomass,6.13,48
20240520,coal,0.96,48
20240520,gas,31.18,48
20240520,hydro,1.1,48
20240520,imports,18.03,48
20240520,nuclear,17.8,48
20240520,other,0.0,48
20240520,solar,9.93,48
20240520,wind,14.87,48
20240521,biomass,6.34,48
20240521,coal,0.42,48
20240521,gas,41.66,48
20240521,hydro,1.2,48
20240521,imports,17.92,48
20240521,nuclear,18.29,48
20240521,other,0.0,48
20240521,solar,5.89,48
20240521,wind,8.3,48
20240522,biomass,5.64,48
20240522,coal,0.59,48
20240522,gas,24.79,48
20240522,hydro,0.74,48
20240522,imports,16.6,48
20240522,nuclear,17.6,48
20240522,other,0.0,48
20240522,solar,3.19,48
20240522,wind,30.85,48
20240523,biomass,4.86,48
20240523,coal,0.0,48
20240523,gas,17.31,48
20240523,hydro,1.64,48
20240523,imports,12.32,48
20240523,nuclear,15.84,48
20240523,other,0.0,48
20240523,solar,5.28,48
20240523,wind,42.75,48
20240524,biomass,5.56,48
20240524,coal,0.23,48
20240524,gas,43.43,48
20240524,hydro,1.48,48
20240524,imports,17.15,48
20240524,nuclear,17.58,48
20240524,other,0.0,48
20240524,solar,6.36,48
20240524,wind,8.21,48
20240525,biomass,6.6,48
20240525,coal,0.53,48
20240525,gas,22.14,48
20240525,hydro,1.11,48
20240525,imports,21.56,48
20240525,nuclear,19.85,48
20240525,other,0.0,48
20240525,solar,10.49,48
20240525,wind,17.7,48
20240526,biomass,7.05,48
20240526,coal,0.95,48
20240526,gas,15.11,48
20240526,hydro,1.19,48
20240526,imports,22.37,48
20240526,nuclear,19.96,48
20240526,other,0.0,48
20240526,solar,8.12,48
20240526,wind,25.26,48
20240527,biomass,8.46,48
20240527,coal,0.75,48
20240527,gas,17.09,48
20240527,hydro,1.22,48
20240527,imports,19.43,48
20240527,nuclear,19.11,48
20240527,other,0.0,48
20240527,solar,9.98,48
20240527,wind,23.96,48
20240528,biomass,8.54,48
20240528,coal,0.58,48
20240528,gas,20.79,48
20240528,hydro,1.28,48
20240528,imports,18.3,48
20240528,nuclear,17.84,48
20240528,other,0.0,48
20240528,solar,3.85,48
20240528,wind,28.85,48
20240529,biomass,6.5,48
20240529,coal,0.0,48
20240529,gas,16.99,48
20240529,hydro,0.5,48
20240529,imports,15.33,48
20240529,nuclear,19.52,48
20240529,other,0.0,48
20240529,solar,10.26,48
20240529,wind,30.89,48
20240530,biomass,5.86,48
20240530,coal,0.0,48
20240530,gas,12.98,48
20240530,hydro,0.86,48
20240530,imports,14.84,48
20240530,nuclear,18.33,48
20240530,other,0.0,48
20240530,solar,7.23,48
20240530,wind,39.92,48
20240531,biomass,6.63,48
20240531,coal,0.0,48
20240531,gas,11.07,48
20240531,hydro,1.44,48
20240531,imports,15.39,48
20240531,nuclear,17.34,48
20240531,other,0.0,48
20240531,solar,6.55,48
20240531,wind,41.59,48
20240601,biomass,2.92,48
20240601,coal,0.0,48
20240601,gas,13.67,48
20240601,hydro,1.4,48
20240601,imports,18.01,48
20240601,nuclear,19.34,48
20240601,other,0.0,48
20240601,solar,9.28,48
20240601,wind,35.37,48
20240602,biomass,6.03,48
20240602,coal,0.0,48
20240602,gas,15.46,48
20240602,hydro,1.25,48
20240602,imports,18.42,48
20240602,nuclear,20.0,48
20240602,other,0.0,48
20240602,solar,13.4,48
20240602,wind,25.41,48
20240603,biomass,7.56,48
20240603,coal,0.0,48
20240603,gas,28.6,48
20240603,hydro,1.08,48
20240603,imports,15.13,48
20240603,nuclear,17.46,48
20240603,other,0.0,48
20240603,solar,6.8,48
20240603,wind,23.37,48
20240604,biomass,7.21,48
20240604,coal,0.0,48
20240604,gas,13.5,48
20240604,hydro,0.75,48
20240604,imports,14.34,48
20240604,nuclear,16.81,48
20240604,other,0.0,48
20240604,solar,5.24,48
20240604,wind,42.14,48
20240605,biomass,4.23,48
20240605,coal,0.06,48
20240605,gas,11.84,48
20240605,hydro,1.22,48
20240605,imports,14.63,48
20240605,nuclear,16.98,48
20240605,other,0.0,48
20240605,solar,9.98,48
20240605,wind,41.06,48
20240606,biomass,8.27,48
20240606,coal,0.0,48
20240606,gas,18.24,48
20240606,hydro,1.63,48
20240606,imports,19.37,48
20240606,nuclear,17.06,48
20240606,other,0.0,48
20240606,solar,9.42,48
20240606,wind,26.02,48
20240607,biomass,6.95,48
20240607,coal,0.0,48
20240607,gas,13.1,48
20240607,hydro,1.08,48
20240607,imports,17.05,48
20240607,nuclear,16.23,48
20240607,other,0.0,48
20240607,solar,8.35,48
20240607,wind,37.23,48
20240608,biomass,4.69,48
20240608,coal,0.0,48
20240608,gas,12.01,48
20240608,hydro,1.08,48
20240608,imports,14.11,48
20240608,nuclear,16.31,48
20240608,other,0.0,48
20240608,solar,11.74,48
20240608,wind,40.05,48
20240609,biomass,4.15,48
20240609,coal,0.0,48
20240609,gas,15.43,48
20240609,hydro,1.35,48
20240609,imports,15.45,48
20240609,nuclear,17.37,48
20240609,other,0.0,48
20240609,solar,8.31,48
20240609,wind,37.95,48
20240610,biomass,5.46,48
20240610,coal,0.0,48
20240610,gas,10.88,48
20240610,hydro,0.76,48
20240610,imports,17.41,48
20240610,nuclear,18.18,48
20240610,other,0.0,48
20240610,solar,8.81,48
20240610,wind,38.51,48
20240611,biomass,6.58,48
20240611,coal,0.0,48
20240611,gas,13.22,48
20240611,hydro,0.65,48
20240611,imports,20.63,48
20240611,nuclear,20.27,48
20240611,other,0.0,48
20240611,solar,10.99,48
20240611,wind,27.63,48
20240612,biomass,6.37,26
20240612,coal,0.0,26
20240612,gas,44.61,26
20240612,hydro,2.68,26
20240612,imports,13.77,26
20240612,nuclear,15.82,26
20240612,other,0.0,26
20240612,solar,9.87,26
20240612,wind,6.89,26
20240613,biomass,6.72,48
20240613,coal,0.0,48
20240613,gas,26.81,48
20240613,hydro,1.36,48
20240613,imports,13.9,48
20240613,nuclear,15.74,48
20240613,other,0.0,48
20240613,solar,5.33,48
20240613,wind,30.15,48
20240614,biomass,7.99,48
20240614,coal,0.0,48
20240614,gas,18.6,48
20240614,hydro,1.56,48
20240614,imports,13.86,48
20240614,nuclear,15.8,48
20240614,other,0.0,48
20240614,solar,8.15,48
20240614,wind,34.05,48
20240615,biomass,7.81,48
20240615,coal,0.0,48
20240615,gas,19.52,48
20240615,hydro,1.43,48
20240615,imports,21.3,48
20240615,nuclear,20.05,48
20240615,other,0.0,48
20240615,solar,8.62,48
20240615,wind,21.26,48
20240616,biomass,6.71,48
20240616,coal,0.0,48
20240616,gas,11.97,48
20240616,hydro,1.28,48
20240616,imports,19.43,48
20240616,nuclear,18.87,48
20240616,other,0.0,48
20240616,solar,10.44,48
20240616,wind,31.32,48
20240617,biomass,8.44,48
20240617,coal,0.0,48
20240617,gas,26.25,48
20240617,hydro,2.18,48
20240617,imports,16.81,48
20240617,nuclear,17.79,48
20240617,other,0.0,48
20240617,solar,9.93,48
20240617,wind,18.6,48
20240618,biomass,7.84,48
20240618,coal,0.0,48
20240618,gas,32.31,48
20240618,hydro,1.45,48
20240618,imports,15.02,48
20240618,nuclear,19.01,48
20240618,other,0.0,48
20240618,solar,8.81,48
20240618,wind,15.58,48
20240619,biomass,8.54,48
20240619,coal,0.0,48
20240619,gas,25.98,48
20240619,hydro,0.98,48
20240619,imports,19.81,48
20240619,nuclear,17.72,48
20240619,other,0.0,48
20240619,solar,10.21,48
20240619,wind,16.76,48
20240620,biomass,8.62,48
20240620,coal,0.0,48
20240620,gas,31.8,48
20240620,hydro,1.49,48
20240620,imports,17.48,48
20240620,nuclear,17.7,48
20240620,other,0.0,48
20240620,solar,10.97,48
20240620,wind,11.94,48
20240621,biomass,8.56,48
20240621,coal,0.0,48
20240621,gas,19.18,48
20240621,hydro,1.18,48
20240621,imports,15.16,48
20240621,nuclear,17.87,48
20240621,other,0.0,48
20240621,solar,10.07,48
20240621,wind,27.98,48
20240622,biomass,7.73,48
20240622,coal,0.0,48
20240622,gas,17.07,48
20240622,hydro,1.01,48
20240622,imports,22.25,48
20240622,nuclear,19.87,48
20240622,other,0.0,48
20240622,solar,11.06,48
20240622,wind,21.02,48
20240623,biomass,9.19,48
20240623,coal,0.0,48
20240623,gas,21.76,48
20240623,hydro,0.9,48
20240623,imports,23.3,48
20240623,nuclear,20.22,48
20240623,other,0.0,48
20240623,solar,10.42,48
20240623,wind,14.21,48
20240624,biomass,8.78,48
20240624,coal,0.0,48
20240624,gas,27.86,48
20240624,hydro,0.9,48
20240624,imports,19.68,48
20240624,nuclear,19.26,48
20240624,other,0.0,48
20240624,solar,9.7,48
20240624,wind,13.85,48
20240625,biomass,8.42,48
20240625,coal,0.08,48
20240625,gas,34.87,48
20240625,hydro,1.53,48
20240625,imports,16.61,48
20240625,nuclear,18.95,48
20240625,other,0.0,48
20240625,solar,10.12,48
20240625,wind,9.41,48
20240626,biomass,6.16,48
20240626,coal,0.03,48
20240626,gas,35.17,48
20240626,hydro,1.34,48
20240626,imports,14.46,48
20240626,nuclear,19.4,48
20240626,other,0.0,48
20240626,solar,10.84,48
20240626,wind,12.6,48
20240627,biomass,5.51,48
20240627,coal,0.0,48
20240627,gas,15.54,48
20240627,hydro,0.64,48
20240627,imports,9.23,48
20240627,nuclear,18.5,48
20240627,other,0.0,48
20240627,solar,9.13,48
20240627,wind,41.45,48
20240628,biomass,4.14,48
20240628,coal,0.01,48
20240628,gas,15.45,48
20240628,hydro,1.12,48
20240628,imports,7.38,48
20240628,nuclear,18.48,48
20240628,other,0.0,48
20240628,solar,8.06,48
20240628,wind,45.37,48
20240629,biomass,6.7,48
20240629,coal,0.02,48
20240629,gas,18.27,48
20240629,hydro,1.58,48
20240629,imports,22.65,48
20240629,nuclear,20.87,48
20240629,other,0.0,48
20240629,solar,11.13,48
20240629,wind,18.77,48
20240630,biomass,8.37,48
20240630,coal,0.0,48
20240630,gas,19.45,48
20240630,hydro,2.04,48
20240630,imports,21.92,48
20240630,nuclear,21.27,48
20240630,other,0.0,48
20240630,solar,7.22,48
20240630,wind,19.7,48
20240701,biomass,8.79,48
20240701,coal,0.0,48
20240701,gas,19.72,48
20240701,hydro,1.14,48
20240701,imports,18.72,48
20240701,nuclear,19.03,48
20240701,other,0.0,48
20240701,solar,5.78,48
20240701,wind,26.8,48
20240702,biomass,8.17,48
20240702,coal,0.0,48
20240702,gas,22.03,48
20240702,hydro,1.73,48
20240702,imports,13.31,48
20240702,nuclear,20.01,48
20240702,other,0.0,48
20240702,solar,7.15,48
20240702,wind,27.6,48
20240703,biomass,7.87,48
20240703,coal,0.0,48
20240703,gas,17.29,48
20240703,hydro,1.35,48
20240703,imports,10.72,48
20240703,nuclear,20.14,48
20240703,other,0.0,48
20240703,solar,5.52,48
20240703,wind,37.1,48
20240704,biomass,3.97,48
20240704,coal,0.0,48
20240704,gas,10.63,48
20240704,hydro,0.37,48
20240704,imports,2.7,48
20240704,nuclear,17.31,48
20240704,other,0.0,48
20240704,solar,9.27,48
20240704,wind,55.73,48
20240705,biomass,6.45,48
20240705,coal,0.0,48
20240705,gas,18.57,48
20240705,hydro,1.83,48
20240705,imports,10.62,48
20240705,nuclear,18.57,48
20240705,other,0.0,48
20240705,solar,7.16,48
20240705,wind,36.8,48
20240706,biomass,6.18,48
20240706,coal,0.0,48
20240706,gas,11.15,48
20240706,hydro,1.48,48
20240706,imports,20.2,48
20240706,nuclear,20.42,48
20240706,other,0.0,48
20240706,solar,8.88,48
20240706,wind,31.69,48
20240707,biomass,5.76,48
20240707,coal,0.0,48
20240707,gas,18.59,48
20240707,hydro,1.6,48
20240707,imports,20.84,48
20240707,nuclear,20.64,48
20240707,other,0.0,48
20240707,solar,10.07,48
20240707,wind,22.5,48
20240708,biomass,6.29,48
20240708,coal,0.01,48
20240708,gas,39.92,48
20240708,hydro,2.38,48
20240708,imports,18.98,48
20240708,nuclear,17.53,48
20240708,other,0.0,48
20240708,solar,7.66,48
20240708,wind,7.24,48
20240709,biomass,6.02,48
20240709,coal,0.0,48
20240709,gas,21.46,48
20240709,hydro,1.37,48
20240709,imports,14.73,48
20240709,nuclear,17.76,48
20240709,other,0.0,48
20240709,solar,3.5,48
20240709,wind,35.16,48
20240710,biomass,5.68,48
20240710,coal,0.0,48
20240710,gas,19.18,48
20240710,hydro,1.31,48
20240710,imports,14.4,48
20240710,nuclear,17.17,48
20240710,other,0.0,48
20240710,solar,6.39,48
20240710,wind,35.86,48
20240711,biomass,6.05,48
20240711,coal,0.0,48
20240711,gas,36.32,48
20240711,hydro,1.75,48
20240711,imports,14.29,48
20240711,nuclear,17.02,48
20240711,other,0.0,48
20240711,solar,7.87,48
20240711,wind,16.7,48
20240712,biomass,7.76,48
20240712,coal,0.0,48
20240712,gas,28.06,48
20240712,hydro,1.31,48
20240712,imports,15.69,48
20240712,nuclear,17.68,48
20240712,other,0.0,48
20240712,solar,6.27,48
20240712,wind,23.23,48
20240713,biomass,7.59,48
20240713,coal,0.0,48
20240713,gas,19.56,48
20240713,hydro,1.21,48
20240713,imports,15.97,48
20240713,nuclear,20.24,48
20240713,other,0.0,48
20240713,solar,7.5,48
20240713,wind,27.93,48
20240714,biomass,7.74,48
20240714,coal,0.0,48
20240714,gas,18.33,48
20240714,hydro,1.21,48
20240714,imports,19.59,48
20240714,nuclear,19.75,48
20240714,other,0.0,48
20240714,solar,8.65,48
20240714,wind,24.73,48
20240715,biomass,9.1,48
20240715,coal,0.01,48
20240715,gas,38.0,48
20240715,hydro,2.07,48
20240715,imports,19.77,48
20240715,nuclear,18.11,48
20240715,other,0.0,48
20240715,solar,5.33,48
20240715,wind,7.59,48
20240716,biomass,8.29,48
20240716,coal,0.0,48
20240716,gas,29.4,48
20240716,hydro,1.56,48
20240716,imports,16.8,48
20240716,nuclear,17.86,48
20240716,other,0.0,48
20240716,solar,6.42,48
20240716,wind,19.64,48
20240717,biomass,9.04,48
20240717,coal,0.02,48
20240717,gas,34.55,48
20240717,hydro,1.35,48
20240717,imports,15.11,48
20240717,nuclear,18.08,48
20240717,other,0.0,48
20240717,solar,10.11,48
20240717,wind,11.72,48
20240718,biomass,8.78,48
20240718,coal,0.18,48
20240718,gas,26.62,48
20240718,hydro,1.32,48
20240718,imports,14.14,48
20240718,nuclear,16.99,48
20240718,other,0.0,48
20240718,solar,9.86,48
20240718,wind,22.12,48
20240719,biomass,8.5,48
20240719,coal,0.17,48
20240719,gas,20.75,48
20240719,hydro,1.04,48
20240719,imports,14.5,48
20240719,nuclear,15.61,48
20240719,other,0.0,48
20240719,solar,10.96,48
20240719,wind,28.46,48
20240720,biomass,9.71,48
20240720,coal,0.02,48
20240720,gas,25.81,48
20240720,hydro,1.0,48
20240720,imports,21.41,48
20240720,nuclear,17.23,48
20240720,other,0.0,48
20240720,solar,6.32,48
20240720,wind,18.49,48
20240721,biomass,7.73,48
20240721,coal,0.01,48
20240721,gas,20.25,48
20240721,hydro,1.56,48
20240721,imports,22.26,48
20240721,nuclear,17.65,48
20240721,other,0.0,48
20240721,solar,9.79,48
20240721,wind,20.75,48
20240722,biomass,8.6,48
20240722,coal,0.0,48
20240722,gas,27.51,48
20240722,hydro,1.63,48
20240722,imports,19.18,48
20240722,nuclear,16.29,48
20240722,other,0.0,48
20240722,solar,6.87,48
20240722,wind,19.92,48
20240723,biomass,9.07,48
20240723,coal,0.01,48
20240723,gas,35.99,48
20240723,hydro,1.49,48
20240723,imports,18.19,48
20240723,nuclear,16.15,48
20240723,other,0.0,48
20240723,solar,8.26,48
20240723,wind,10.84,48
20240724,biomass,8.84,48
20240724,coal,0.0,48
20240724,gas,35.2,48
20240724,hydro,1.07,48
20240724,imports,15.44,48
20240724,nuclear,15.62,48
20240724,other,0.0,48
20240724,solar,6.59,48
20240724,wind,17.24,48
20240725,biomass,8.65,48
20240725,coal,0.0,48
20240725,gas,24.04,48
20240725,hydro,0.92,48
20240725,imports,15.29,48
20240725,nuclear,15.13,48
20240725,other,0.0,48
20240725,solar,4.08,48
20240725,wind,31.89,48
20240726,biomass,9.25,48
20240726,coal,0.64,48
20240726,gas,25.38,48
20240726,hydro,0.99,48
20240726,imports,16.93,48
20240726,nuclear,16.04,48
20240726,other,0.0,48
20240726,solar,10.03,48
20240726,wind,20.75,48
20240727,biomass,9.0,48
20240727,coal,0.76,48
20240727,gas,34.59,48
20240727,hydro,0.95,48
20240727,imports,19.56,48
20240727,nuclear,18.54,48
20240727,other,0.0,48
20240727,solar,10.39,48
20240727,wind,6.22,48
20240728,biomass,11.73,48
20240728,coal,0.4,48
20240728,gas,22.61,48
20240728,hydro,1.16,48
20240728,imports,19.67,48
20240728,nuclear,20.65,48
20240728,other,0.0,48
20240728,solar,13.79,48
20240728,wind,9.98,48
20240729,biomass,9.88,48
20240729,coal,0.0,48
20240729,gas,21.73,48
20240729,hydro,0.96,48
20240729,imports,17.17,48
20240729,nuclear,17.93,48
20240729,other,0.0,48
20240729,solar,11.49,48
20240729,wind,20.82,48
20240730,biomass,9.64,48
20240730,coal,0.38,48
20240730,gas,30.64,48
20240730,hydro,1.11,48
20240730,imports,16.1,48
20240730,nuclear,17.42,48
20240730,other,0.0,48
20240730,solar,10.84,48
20240730,wind,13.87,48
20240731,biomass,9.48,48
20240731,coal,0.51,48
20240731,gas,34.6,48
20240731,hydro,1.05,48
20240731,imports,16.07,48
20240731,nuclear,17.12,48
20240731,other,0.0,48
20240731,solar,10.3,48
20240731,wind,10.87,48
20240801,biomass,9.53,48
20240801,coal,1.06,48
20240801,gas,37.2,48
20240801,hydro,1.45,48
20240801,imports,15.5,48
20240801,nuclear,17.31,48
20240801,other,0.0,48
20240801,solar,9.02,48
20240801,wind,8.94,48
20240802,biomass,9.45,48
20240802,coal,0.82,48
20240802,gas,21.94,48
20240802,hydro,0.6,48
20240802,imports,16.53,48
20240802,nuclear,17.58,48
20240802,other,0.0,48
20240802,solar,8.13,48
20240802,wind,24.97,48
20240803,biomass,8.68,48
20240803,coal,0.94,48
20240803,gas,20.21,48
20240803,hydro,1.3,48
20240803,imports,19.52,48
20240803,nuclear,19.85,48
20240803,other,0.0,48
20240803,solar,9.67,48
20240803,wind,19.84,48
20240804,biomass,9.46,48
20240804,coal,0.47,48
20240804,gas,13.24,48
20240804,hydro,0.83,48
20240804,imports,19.07,48
20240804,nuclear,22.08,48
20240804,other,0.0,48
20240804,solar,7.78,48
20240804,wind,27.07,48
20240805,biomass,6.87,48
20240805,coal,0.0,48
20240805,gas,15.54,48
20240805,hydro,1.41,48
20240805,imports,11.23,48
20240805,nuclear,18.54,48
20240805,other,0.0,48
20240805,solar,5.65,48
20240805,wind,40.77,48
20240806,biomass,9.71,48
20240806,coal,0.54,48
20240806,gas,17.31,48
20240806,hydro,1.6,48
20240806,imports,15.7,48
20240806,nuclear,19.28,48
20240806,other,0.0,48
20240806,solar,7.82,48
20240806,wind,28.03,48
20240807,biomass,7.06,48
20240807,coal,0.0,48
20240807,gas,12.15,48
20240807,hydro,1.22,48
20240807,imports,14.48,48
20240807,nuclear,18.93,48
20240807,other,0.0,48
20240807,solar,5.68,48
20240807,wind,40.48,48
20240808,biomass,6.83,48
20240808,coal,0.0,48
20240808,gas,15.9,48
20240808,hydro,1.45,48
20240808,imports,15.05,48
20240808,nuclear,18.68,48
20240808,other,0.0,48
20240808,solar,4.23,48
20240808,wind,37.86,48
20240809,biomass,4.98,48
20240809,coal,0.0,48
20240809,gas,10.86,48
20240809,hydro,1.74,48
20240809,imports,4.16,48
20240809,nuclear,17.73,48
20240809,other,0.0,48
20240809,solar,8.91,48
20240809,wind,51.63,48
20240810,biomass,7.37,48
20240810,coal,0.14,48
20240810,gas,13.73,48
20240810,hydro,0.95,48
20240810,imports,11.11,48
20240810,nuclear,20.94,48
20240810,other,0.0,48
20240810,solar,7.13,48
20240810,wind,38.63,48
20240811,biomass,10.74,48
20240811,coal,0.76,48
20240811,gas,12.94,48
20240811,hydro,1.27,48
20240811,imports,19.01,48
20240811,nuclear,23.21,48
20240811,other,0.0,48
20240811,solar,12.33,48
20240811,wind,19.74,48
20240812,biomass,9.34,48
20240812,coal,0.29,48
20240812,gas,13.51,48
20240812,hydro,1.69,48
20240812,imports,9.06,48
20240812,nuclear,18.5,48
20240812,other,0.0,48
20240812,solar,7.77,48
20240812,wind,39.84,48
20240813,biomass,11.6,48
20240813,coal,0.17,48
20240813,gas,18.65,48
20240813,hydro,1.33,48
20240813,imports,13.52,48
20240813,nuclear,20.3,48
20240813,other,0.0,48
20240813,solar,7.87,48
20240813,wind,26.55,48
20240814,biomass,11.31,48
20240814,coal,0.0,48
20240814,gas,29.46,48
20240814,hydro,1.27,48
20240814,imports,14.18,48
20240814,nuclear,19.93,48
20240814,other,0.0,48
20240814,solar,7.14,48
20240814,wind,16.72,48
20240815,biomass,7.39,48
20240815,coal,0.08,48
20240815,gas,12.36,48
20240815,hydro,1.76,48
20240815,imports,12.32,48
20240815,nuclear,19.68,48
20240815,other,0.0,48
20240815,solar,5.19,48
20240815,wind,41.22,48
20240816,biomass,11.39,48
20240816,coal,0.16,48
20240816,gas,19.65,48
20240816,hydro,1.16,48
20240816,imports,12.09,48
20240816,nuclear,20.4,48
20240816,other,0.0,48
20240816,solar,9.83,48
20240816,wind,25.3,48
20240817,biomass,12.94,48
20240817,coal,0.0,48
20240817,gas,17.09,48
20240817,hydro,0.95,48
20240817,imports,13.49,48
20240817,nuclear,22.69,48
20240817,other,0.0,48
20240817,solar,8.67,48
20240817,wind,24.16,48
20240818,biomass,7.87,48
20240818,coal,0.0,48
20240818,gas,14.52,48
20240818,hydro,1.51,48
20240818,imports,14.39,48
20240818,nuclear,21.99,48
20240818,other,0.0,48
20240818,solar,9.17,48
20240818,wind,30.53,48
20240819,biomass,10.0,48
20240819,coal,0.0,48
20240819,gas,15.76,48
20240819,hydro,1.43,48
20240819,imports,15.02,48
20240819,nuclear,19.29,48
20240819,other,0.0,48
20240819,solar,4.03,48
20240819,wind,34.45,48
20240820,biomass,5.41,48
20240820,coal,0.0,48
20240820,gas,10.42,48
20240820,hydro,1.42,48
20240820,imports,8.55,48
20240820,nuclear,18.95,48
20240820,other,0.0,48
20240820,solar,8.48,48
20240820,wind,46.77,48
20240821,biomass,3.27,48
20240821,coal,0.0,48
20240821,gas,12.86,48
20240821,hydro,1.3,48
20240821,imports,4.72,48
20240821,nuclear,19.1,48
20240821,other,0.0,48
20240821,solar,6.05,48
20240821,wind,52.7,48
20240822,biomass,3.84,48
20240822,coal,0.0,48
20240822,gas,13.7,48
20240822,hydro,2.44,48
20240822,imports,5.96,48
20240822,nuclear,18.76,48
20240822,other,0.0,48
20240822,solar,4.3,48
20240822,wind,51.0,48
20240823,biomass,4.07,48
20240823,coal,0.0,48
20240823,gas,11.62,48
20240823,hydro,2.34,48
20240823,imports,7.7,48
20240823,nuclear,20.26,48
20240823,other,0.0,48
20240823,solar,8.94,48
20240823,wind,45.04,48
20240824,biomass,7.13,48
20240824,coal,0.0,48
20240824,gas,10.36,48
20240824,hydro,2.01,48
20240824,imports,14.31,48
20240824,nuclear,20.48,48
20240824,other,0.0,48
20240824,solar,6.5,48
20240824,wind,39.21,48
20240825,biomass,4.26,48
20240825,coal,0.0,48
20240825,gas,9.99,48
20240825,hydro,1.99,48
20240825,imports,3.94,48
20240825,nuclear,19.23,48
20240825,other,0.0,48
20240825,solar,6.75,48
20240825,wind,53.86,48
20240826,biomass,6.0,48
20240826,coal,0.0,48
20240826,gas,16.86,48
20240826,hydro,2.45,48
20240826,imports,8.99,48
20240826,nuclear,19.69,48
20240826,other,0.0,48
20240826,solar,8.25,48
20240826,wind,37.78,48
20240827,biomass,7.79,48
20240827,coal,0.0,48
20240827,gas,20.12,48
20240827,hydro,1.66,48
20240827,imports,6.96,48
20240827,nuclear,17.37,48
20240827,other,0.0,48
20240827,solar,5.24,48
20240827,wind,40.86,48
20240828,biomass,8.16,48
20240828,coal,0.33,48
20240828,gas,25.89,48
20240828,hydro,2.39,48
20240828,imports,13.06,48
20240828,nuclear,18.85,48
20240828,other,0.0,48
20240828,solar,5.83,48
20240828,wind,25.48,48
20240829,biomass,6.04,48
20240829,coal,0.04,48
20240829,gas,28.8,48
20240829,hydro,2.48,48
20240829,imports,11.69,48
20240829,nuclear,19.18,48
20240829,other,0.0,48
20240829,solar,8.8,48
20240829,wind,22.96,48
20240830,biomass,7.34,48
20240830,coal,0.37,48
20240830,gas,34.84,48
20240830,hydro,2.61,48
20240830,imports,13.02,48
20240830,nuclear,19.69,48
20240830,other,0.0,48
20240830,solar,9.22,48
20240830,wind,12.95,48
20240831,biomass,3.83,48
20240831,coal,0.0,48
20240831,gas,15.12,48
20240831,hydro,2.96,48
20240831,imports,17.49,48
20240831,nuclear,22.39,48
20240831,other,0.0,48
20240831,solar,7.28,48
20240831,wind,30.92,48
20240901,biomass,6.13,48
20240901,coal,0.0,48
20240901,gas,17.01,48
20240901,hydro,2.43,48
20240901,imports,14.34,48
20240901,nuclear,20.01,48
20240901,other,0.0,48
20240901,solar,5.4,48
20240901,wind,34.69,48
20240902,biomass,10.24,48
20240902,coal,0.75,48
20240902,gas,36.75,48
20240902,hydro,2.46,48
20240902,imports,12.58,48
20240902,nuclear,17.63,48
20240902,other,0.0,48
20240902,solar,2.48,48
20240902,wind,17.1,48
20240903,biomass,10.75,48
20240903,coal,1.29,48
20240903,gas,39.51,48
20240903,hydro,2.04,48
20240903,imports,10.56,48
20240903,nuclear,16.8,48
20240903,other,0.0,48
20240903,solar,5.37,48
20240903,wind,13.65,48
20240904,biomass,11.06,48
20240904,coal,0.54,48
20240904,gas,43.95,48
20240904,hydro,2.1,48
20240904,imports,11.35,48
20240904,nuclear,17.38,48
20240904,other,0.0,48
20240904,solar,5.49,48
20240904,wind,8.12,48
20240905,biomass,9.48,48
20240905,coal,0.0,48
20240905,gas,14.52,48
20240905,hydro,2.17,48
20240905,imports,15.56,48
20240905,nuclear,17.91,48
20240905,other,0.0,48
20240905,solar,1.6,48
20240905,wind,38.75,48
20240906,biomass,8.77,48
20240906,coal,0.0,48
20240906,gas,24.23,48
20240906,hydro,2.45,48
20240906,imports,13.9,48
20240906,nuclear,18.3,48
20240906,other,0.0,48
20240906,solar,5.0,48
20240906,wind,27.38,48
20240907,biomass,11.7,48
20240907,coal,0.0,48
20240907,gas,34.75,48
20240907,hydro,2.6,48
20240907,imports,18.37,48
20240907,nuclear,19.96,48
20240907,other,0.0,48
20240907,solar,3.23,48
20240907,wind,9.4,48
20240908,biomass,11.54,48
20240908,coal,0.0,48
20240908,gas,20.45,48
20240908,hydro,1.84,48
20240908,imports,19.14,48
20240908,nuclear,20.68,48
20240908,other,0.0,48
20240908,solar,4.04,48
20240908,wind,22.33,48
20240909,biomass,8.09,48
20240909,coal,0.0,48
20240909,gas,17.99,48
20240909,hydro,2.27,48
20240909,imports,11.38,48
20240909,nuclear,17.56,48
20240909,other,0.0,48
20240909,solar,4.93,48
20240909,wind,37.76,48
20240910,biomass,4.02,48
20240910,coal,0.0,48
20240910,gas,15.26,48
20240910,hydro,1.91,48
20240910,imports,6.62,48
20240910,nuclear,16.81,48
20240910,other,0.0,48
20240910,solar,3.56,48
20240910,wind,51.83,48
20240911,biomass,5.11,48
20240911,coal,0.0,48
20240911,gas,14.68,48
20240911,hydro,1.55,48
20240911,imports,9.08,48
20240911,nuclear,16.41,48
20240911,other,0.0,48
20240911,solar,6.69,48
20240911,wind,46.46,48
20240912,biomass,9.18,48
20240912,coal,0.13,48
20240912,gas,24.04,48
20240912,hydro,2.39,48
20240912,imports,10.57,48
20240912,nuclear,16.67,48
20240912,other,0.0,48
20240912,solar,6.9,48
20240912,wind,30.11,48
20240913,biomass,10.97,48
20240913,coal,0.65,48
20240913,gas,26.78,48
20240913,hydro,2.46,48
20240913,imports,14.0,48
20240913,nuclear,18.02,48
20240913,other,0.0,48
20240913,solar,8.27,48
20240913,wind,18.85,48
20240914,biomass,4.77,48
20240914,coal,0.0,48
20240914,gas,17.22,48
20240914,hydro,1.76,48
20240914,imports,10.53,48
20240914,nuclear,19.38,48
20240914,other,0.0,48
20240914,solar,8.38,48
20240914,wind,37.96,48
20240915,biomass,6.76,48
20240915,coal,0.0,48
20240915,gas,21.1,48
20240915,hydro,2.05,48
20240915,imports,13.89,48
20240915,nuclear,19.72,48
20240915,other,0.0,48
20240915,solar,5.4,48
20240915,wind,31.08,48
20240916,biomass,10.84,48
20240916,coal,0.76,48
20240916,gas,34.16,48
20240916,hydro,2.37,48
20240916,imports,12.96,48
20240916,nuclear,18.11,48
20240916,other,0.0,48
20240916,solar,8.25,48
20240916,wind,12.53,48
20240917,biomass,11.78,48
20240917,coal,0.74,48
20240917,gas,27.69,48
20240917,hydro,1.8,48
20240917,imports,14.67,48
20240917,nuclear,18.26,48
20240917,other,0.0,48
20240917,solar,8.98,48
20240917,wind,16.08,48
20240918,biomass,11.06,48
20240918,coal,0.67,48
20240918,gas,25.59,48
20240918,hydro,1.9,48
20240918,imports,13.87,48
20240918,nuclear,18.14,48
20240918,other,0.0,48
20240918,solar,7.51,48
20240918,wind,21.28,48
20240919,biomass,9.53,48
20240919,coal,0.29,48
20240919,gas,31.96,48
20240919,hydro,2.09,48
20240919,imports,13.93,48
20240919,nuclear,18.35,48
20240919,other,0.0,48
20240919,solar,6.83,48
20240919,wind,17.02,48
20240920,biomass,9.52,48
20240920,coal,0.0,48
20240920,gas,25.23,48
20240920,hydro,1.36,48
20240920,imports,14.85,48
20240920,nuclear,18.26,48
20240920,other,0.0,48
20240920,solar,4.36,48
20240920,wind,26.42,48
20240921,biomass,9.52,48
20240921,coal,0.0,48
20240921,gas,25.62,48
20240921,hydro,1.82,48
20240921,imports,15.83,48
20240921,nuclear,18.41,48
20240921,other,0.0,48
20240921,solar,5.24,48
20240921,wind,23.55,48
20240922,biomass,11.66,48
20240922,coal,0.0,48
20240922,gas,34.28,48
20240922,hydro,1.73,48
20240922,imports,14.58,48
20240922,nuclear,17.03,48
20240922,other,0.0,48
20240922,solar,2.0,48
20240922,wind,18.72,48
20240923,biomass,11.23,48
20240923,coal,0.0,48
20240923,gas,41.79,48
20240923,hydro,1.44,48
20240923,imports,10.58,48
20240923,nuclear,15.35,48
20240923,other,0.0,48
20240923,solar,1.77,48
20240923,wind,17.81,48
20240924,biomass,11.35,48
20240924,coal,0.0,48
20240924,gas,31.54,48
20240924,hydro,1.1,48
20240924,imports,11.2,48
20240924,nuclear,16.46,48
20240924,other,0.0,48
20240924,solar,3.12,48
20240924,wind,25.24,48
20240925,biomass,9.59,48
20240925,coal,0.0,48
20240925,gas,39.09,48
20240925,hydro,1.37,48
20240925,imports,10.7,48
20240925,nuclear,16.77,48
20240925,other,0.0,48
20240925,solar,3.22,48
20240925,wind,19.24,48
20240926,biomass,6.83,48
20240926,coal,0.0,48
20240926,gas,20.53,48
20240926,hydro,1.08,48
20240926,imports,11.14,48
20240926,nuclear,15.54,48
20240926,other,0.0,48
20240926,solar,3.66,48
20240926,wind,41.24,48
20240927,biomass,3.88,48
20240927,coal,0.0,48
20240927,gas,13.82,48
20240927,hydro,1.2,48
20240927,imports,8.52,48
20240927,nuclear,14.75,48
20240927,other,0.0,48
20240927,solar,4.65,48
20240927,wind,53.17,48
20240928,biomass,6.19,48
20240928,coal,0.27,48
20240928,gas,28.41,48
20240928,hydro,1.74,48
20240928,imports,16.07,48
20240928,nuclear,16.69,48
20240928,other,0.0,48
20240928,solar,6.92,48
20240928,wind,23.69,48
20240929,biomass,6.91,48
20240929,coal,0.11,48
20240929,gas,17.57,48
20240929,hydro,0.99,48
20240929,imports,15.93,48
20240929,nuclear,17.22,48
20240929,other,0.0,48
20240929,solar,3.24,48
20240929,wind,38.05,48
20240930,biomass,6.26,48
20240930,coal,0.01,48
20240930,gas,19.58,48
20240930,hydro,0.96,48
20240930,imports,10.45,48
20240930,nuclear,14.54,48
20240930,other,0.0,48
20240930,solar,1.54,48
20240930,wind,46.67,48
20241001,biomass,6.76,48
20241001,coal,0.0,48
20241001,gas,19.23,48
20241001,hydro,0.86,48
20241001,imports,11.47,48
20241001,nuclear,14.7,48
20241001,other,0.0,48
20241001,solar,1.97,48
20241001,wind,45.03,48
20241002,biomass,8.58,48
20241002,coal,0.0,48
20241002,gas,25.72,48
20241002,hydro,0.85,48
20241002,imports,10.35,48
20241002,nuclear,14.85,48
20241002,other,0.0,48
20241002,solar,2.97,48
20241002,wind,36.68,48
20241003,biomass,8.83,48
20241003,coal,0.0,48
20241003,gas,34.14,48
20241003,hydro,0.82,48
20241003,imports,14.87,48
20241003,nuclear,15.71,48
20241003,other,0.0,48
20241003,solar,5.97,48
20241003,wind,19.66,48
20241004,biomass,8.59,48
20241004,coal,0.0,48
20241004,gas,26.72,48
20241004,hydro,1.01,48
20241004,imports,11.49,48
20241004,nuclear,16.09,48
20241004,other,0.0,48
20241004,solar,5.11,48
20241004,wind,30.97,48
20241005,biomass,9.15,48
20241005,coal,0.0,48
20241005,gas,11.24,48
20241005,hydro,0.69,48
20241005,imports,13.1,48
20241005,nuclear,17.66,48
20241005,other,0.0,48
20241005,solar,6.51,48
20241005,wind,41.65,48
20241006,biomass,5.76,48
20241006,coal,0.0,48
20241006,gas,16.74,48
20241006,hydro,0.93,48
20241006,imports,13.01,48
20241006,nuclear,16.26,48
20241006,other,0.0,48
20241006,solar,1.83,48
20241006,wind,45.46,48
20241007,biomass,8.5,48
20241007,coal,0.0,48
20241007,gas,28.77,48
20241007,hydro,1.4,48
20241007,imports,14.15,48
20241007,nuclear,15.39,48
20241007,other,0.0,48
20241007,solar,4.84,48
20241007,wind,26.95,48
20241008,biomass,10.0,48
20241008,coal,0.0,48
20241008,gas,26.91,48
20241008,hydro,0.88,48
20241008,imports,14.39,48
20241008,nuclear,15.31,48
20241008,other,0.0,48
20241008,solar,2.84,48
20241008,wind,29.66,48
20241009,biomass,7.59,48
20241009,coal,0.0,48
20241009,gas,22.66,48
20241009,hydro,1.44,48
20241009,imports,12.42,48
20241009,nuclear,14.43,48
20241009,other,0.0,48
20241009,solar,2.37,48
20241009,wind,39.09,48
20241010,biomass,7.15,48
20241010,coal,0.0,48
20241010,gas,25.35,48
20241010,hydro,1.6,48
20241010,imports,12.88,48
20241010,nuclear,13.48,48
20241010,other,0.0,48
20241010,solar,4.27,48
20241010,wind,35.28,48
20241011,biomass,8.97,48
20241011,coal,0.0,48
20241011,gas,32.21,48
20241011,hydro,1.21,48
20241011,imports,12.76,48
20241011,nuclear,12.15,48
20241011,other,0.0,48
20241011,solar,5.65,48
20241011,wind,27.04,48
20241012,biomass,4.1,48
20241012,coal,0.0,48
20241012,gas,14.45,48
20241012,hydro,1.34,48
20241012,imports,14.27,48
20241012,nuclear,12.67,48
20241012,other,0.0,48
20241012,solar,3.53,48
20241012,wind,49.64,48
20241013,biomass,7.36,48
20241013,coal,0.0,48
20241013,gas,34.43,48
20241013,hydro,1.92,48
20241013,imports,12.72,48
20241013,nuclear,13.2,48
20241013,other,0.0,48
20241013,solar,2.86,48
20241013,wind,27.51,48
20241014,biomass,9.62,48
20241014,coal,0.0,48
20241014,gas,48.52,48
20241014,hydro,1.69,48
20241014,imports,9.83,48
20241014,nuclear,12.81,48
20241014,other,0.0,48
20241014,solar,2.59,48
20241014,wind,14.93,48
20241015,biomass,8.69,48
20241015,coal,0.0,48
20241015,gas,27.65,48
20241015,hydro,0.93,48
20241015,imports,7.87,48
20241015,nuclear,12.6,48
20241015,other,0.0,48
20241015,solar,1.34,48
20241015,wind,40.91,48
20241016,biomass,7.38,48
20241016,coal,0.0,48
20241016,gas,28.07,48
20241016,hydro,1.58,48
20241016,imports,7.66,48
20241016,nuclear,12.85,48
20241016,other,0.0,48
20241016,solar,1.16,48
20241016,wind,41.3,48
20241017,biomass,10.18,48
20241017,coal,0.0,48
20241017,gas,34.26,48
20241017,hydro,1.83,48
20241017,imports,9.49,48
20241017,nuclear,14.31,48
20241017,other,0.0,48
20241017,solar,4.56,48
20241017,wind,25.36,48
20241018,biomass,9.86,48
20241018,coal,0.0,48
20241018,gas,32.26,48
20241018,hydro,1.11,48
20241018,imports,6.84,48
20241018,nuclear,13.06,48
20241018,other,0.0,48
20241018,solar,3.64,48
20241018,wind,33.24,48
20241019,biomass,11.18,48
20241019,coal,0.0,48
20241019,gas,27.56,48
20241019,hydro,2.5,48
20241019,imports,9.87,48
20241019,nuclear,14.23,48
20241019,other,0.0,48
20241019,solar,4.84,48
20241019,wind,29.81,48
20241020,biomass,3.24,48
20241020,coal,0.0,48
20241020,gas,16.39,48
20241020,hydro,1.46,48
20241020,imports,6.22,48
20241020,nuclear,13.12,48
20241020,other,0.0,48
20241020,solar,2.03,48
20241020,wind,57.56,48
20241021,biomass,7.16,48
20241021,coal,0.0,48
20241021,gas,24.79,48
20241021,hydro,1.74,48
20241021,imports,3.96,48
20241021,nuclear,12.07,48
20241021,other,0.0,48
20241021,solar,1.81,48
20241021,wind,48.48,48
20241022,biomass,9.09,48
20241022,coal,0.0,48
20241022,gas,32.56,48
20241022,hydro,2.18,48
20241022,imports,8.29,48
20241022,nuclear,12.79,48
20241022,other,0.0,48
20241022,solar,3.84,48
20241022,wind,31.26,48
20241023,biomass,9.16,48
20241023,coal,0.0,48
20241023,gas,36.35,48
20241023,hydro,1.36,48
20241023,imports,7.69,48
20241023,nuclear,13.02,48
20241023,other,0.0,48
20241023,solar,3.22,48
20241023,wind,29.21,48
20241024,biomass,7.61,48
20241024,coal,0.0,48
20241024,gas,23.84,48
20241024,hydro,1.2,48
20241024,imports,8.07,48
20241024,nuclear,12.41,48
20241024,other,0.0,48
20241024,solar,3.3,48
20241024,wind,43.6,48
20241025,biomass,9.89,48
20241025,coal,0.0,48
20241025,gas,43.52,48
20241025,hydro,2.12,48
20241025,imports,14.34,48
20241025,nuclear,13.65,48
20241025,other,0.0,48
20241025,solar,1.75,48
20241025,wind,14.75,48
20241026,biomass,8.24,48
20241026,coal,0.0,48
20241026,gas,30.91,48
20241026,hydro,1.55,48
20241026,imports,16.86,48
20241026,nuclear,14.26,48
20241026,other,0.0,48
20241026,solar,3.42,48
20241026,wind,24.76,48
20241027,biomass,8.56,50
20241027,coal,0.0,50
20241027,gas,18.89,50
20241027,hydro,1.16,50
20241027,imports,17.2,50
20241027,nuclear,14.65,50
20241027,other,0.0,50
20241027,solar,5.06,50
20241027,wind,34.49,50
20241028,biomass,7.0,48
20241028,coal,0.0,48
20241028,gas,33.84,48
20241028,hydro,1.8,48
20241028,imports,12.57,48
20241028,nuclear,13.37,48
20241028,other,0.0,48
20241028,solar,1.37,48
20241028,wind,30.06,48
20241029,biomass,9.03,48
20241029,coal,0.0,48
20241029,gas,46.9,48
20241029,hydro,1.96,48
20241029,imports,14.5,48
20241029,nuclear,12.92,48
20241029,other,0.0,48
20241029,solar,1.82,48
20241029,wind,12.86,48
20241030,biomass,9.72,48
20241030,coal,0.0,48
20241030,gas,49.03,48
20241030,hydro,2.21,48
20241030,imports,14.18,48
20241030,nuclear,13.46,48
20241030,other,0.0,48
20241030,solar,1.26,48
20241030,wind,10.14,48
20241031,biomass,9.21,48
20241031,coal,0.0,48
20241031,gas,32.29,48
20241031,hydro,1.21,48
20241031,imports,12.95,48
20241031,nuclear,13.76,48
20241031,other,0.0,48
20241031,solar,2.1,48
20241031,wind,28.47,48
20241101,biomass,7.53,48
20241101,coal,0.0,48
20241101,gas,41.34,48
20241101,hydro,1.57,48
20241101,imports,16.31,48
20241101,nuclear,14.18,48
20241101,other,0.0,48
20241101,solar,1.14,48
20241101,wind,17.93,48
20241102,biomass,7.89,48
20241102,coal,0.0,48
20241102,gas,41.8,48
20241102,hydro,1.18,48
20241102,imports,16.1,48
20241102,nuclear,15.94,48
20241102,other,0.0,48
20241102,solar,0.86,48
20241102,wind,16.23,48
20241103,biomass,7.71,48
20241103,coal,0.0,48
20241103,gas,47.0,48
20241103,hydro,1.48,48
20241103,imports,18.47,48
20241103,nuclear,16.89,48
20241103,other,0.0,48
20241103,solar,0.65,48
20241103,wind,7.81,48
20241104,biomass,7.94,48
20241104,coal,0.0,48
20241104,gas,56.18,48
20241104,hydro,1.62,48
20241104,imports,12.52,48
20241104,nuclear,14.74,48
20241104,other,0.0,48
20241104,solar,0.69,48
20241104,wind,6.3,48
20241105,biomass,8.5,48
20241105,coal,0.0,48
20241105,gas,58.72,48
20241105,hydro,1.77,48
20241105,imports,10.59,48
20241105,nuclear,14.4,48
20241105,other,0.0,48
20241105,solar,0.75,48
20241105,wind,5.28,48
20241106,biomass,10.93,48
20241106,coal,0.0,48
20241106,gas,47.5,48
20241106,hydro,1.44,48
20241106,imports,13.66,48
20241106,nuclear,14.71,48
20241106,other,0.0,48
20241106,solar,1.44,48
20241106,wind,10.33,48
20241107,biomass,8.88,48
20241107,coal,0.0,48
20241107,gas,45.38,48
20241107,hydro,0.99,48
20241107,imports,7.05,48
20241107,nuclear,14.78,48
20241107,other,0.0,48
20241107,solar,0.49,48
20241107,wind,22.44,48
20241108,biomass,8.42,48
20241108,coal,0.0,48
20241108,gas,49.92,48
20241108,hydro,1.15,48
20241108,imports,10.29,48
20241108,nuclear,15.21,48
20241108,other,0.0,48
20241108,solar,0.48,48
20241108,wind,14.52,48
20241109,biomass,8.96,48
20241109,coal,0.0,48
20241109,gas,50.94,48
20241109,hydro,0.99,48
20241109,imports,14.72,48
20241109,nuclear,16.22,48
20241109,other,0.0,48
20241109,solar,0.52,48
20241109,wind,7.63,48
20241110,biomass,9.35,48
20241110,coal,0.0,48
20241110,gas,39.92,48
20241110,hydro,0.43,48
20241110,imports,13.46,48
20241110,nuclear,16.12,48
20241110,other,0.0,48
20241110,solar,1.01,48
20241110,wind,19.7,48
20241111,biomass,6.06,48
20241111,coal,0.0,48
20241111,gas,33.22,48
20241111,hydro,0.86,48
20241111,imports,12.91,48
20241111,nuclear,14.44,48
20241111,other,0.0,48
20241111,solar,2.37,48
20241111,wind,30.16,48
20241112,biomass,7.44,48
20241112,coal,0.0,48
20241112,gas,40.9,48
20241112,hydro,0.88,48
20241112,imports,12.76,48
20241112,nuclear,13.58,48
20241112,other,0.0,48
20241112,solar,2.0,48
20241112,wind,22.45,48
20241113,biomass,8.79,48
20241113,coal,0.0,48
20241113,gas,49.51,48
20241113,hydro,0.98,48
20241113,imports,9.38,48
20241113,nuclear,14.07,48
20241113,other,0.0,48
20241113,solar,2.3,48
20241113,wind,14.96,48
20241114,biomass,9.3,48
20241114,coal,0.0,48
20241114,gas,45.91,48
20241114,hydro,1.47,48
20241114,imports,10.52,48
20241114,nuclear,14.85,48
20241114,other,0.0,48
20241114,solar,1.84,48
20241114,wind,16.13,48
20241115,biomass,7.98,48
20241115,coal,0.0,48
20241115,gas,40.36,48
20241115,hydro,0.69,48
20241115,imports,6.76,48
20241115,nuclear,14.27,48
20241115,other,0.0,48
20241115,solar,1.45,48
20241115,wind,28.49,48
20241116,biomass,6.71,48
20241116,coal,0.0,48
20241116,gas,18.61,48
20241116,hydro,0.93,48
20241116,imports,12.05,48
20241116,nuclear,16.04,48
20241116,other,0.0,48
20241116,solar,0.98,48
20241116,wind,44.69,48
20241117,biomass,8.07,48
20241117,coal,0.0,48
20241117,gas,19.49,48
20241117,hydro,0.81,48
20241117,imports,14.37,48
20241117,nuclear,16.19,48
20241117,other,0.0,48
20241117,solar,1.93,48
20241117,wind,39.13,48
20241118,biomass,8.78,48
20241118,coal,0.0,48
20241118,gas,41.62,48
20241118,hydro,1.5,48
20241118,imports,14.98,48
20241118,nuclear,13.58,48
20241118,other,0.0,48
20241118,solar,1.05,48
20241118,wind,18.47,48
20241119,biomass,7.92,48
20241119,coal,0.0,48
20241119,gas,29.67,48
20241119,hydro,0.68,48
20241119,imports,14.37,48
20241119,nuclear,11.43,48
20241119,other,0.0,48
20241119,solar,0.57,48
20241119,wind,35.37,48
20241120,biomass,5.28,48
20241120,coal,0.0,48
20241120,gas,29.54,48
20241120,hydro,0.88,48
20241120,imports,10.77,48
20241120,nuclear,11.01,48
20241120,other,0.0,48
20241120,solar,2.26,48
20241120,wind,40.24,48
20241121,biomass,7.13,48
20241121,coal,0.0,48
20241121,gas,38.45,48
20241121,hydro,0.79,48
20241121,imports,9.32,48
20241121,nuclear,10.88,48
20241121,other,0.0,48
20241121,solar,1.56,48
20241121,wind,31.88,48
20241122,biomass,8.72,48
20241122,coal,0.0,48
20241122,gas,35.98,48
20241122,hydro,1.58,48
20241122,imports,8.46,48
20241122,nuclear,11.72,48
20241122,other,0.0,48
20241122,solar,2.29,48
20241122,wind,31.27,48
20241123,biomass,7.28,48
20241123,coal,0.0,48
20241123,gas,15.29,48
20241123,hydro,0.97,48
20241123,imports,9.97,48
20241123,nuclear,13.02,48
20241123,other,0.0,48
20241123,solar,0.17,48
20241123,wind,53.31,48
20241124,biomass,3.89,48
20241124,coal,0.0,48
20241124,gas,13.54,48
20241124,hydro,1.77,48
20241124,imports,5.17,48
20241124,nuclear,12.5,48
20241124,other,0.0,48
20241124,solar,0.69,48
20241124,wind,62.44,48
20241125,biomass,6.72,48
20241125,coal,0.0,48
20241125,gas,18.92,48
20241125,hydro,1.99,48
20241125,imports,6.07,48
20241125,nuclear,9.5,48
20241125,other,0.0,48
20241125,solar,2.14,48
20241125,wind,54.66,48
20241126,biomass,7.76,48
20241126,coal,0.0,48
20241126,gas,42.98,48
20241126,hydro,2.39,48
20241126,imports,11.78,48
20241126,nuclear,8.71,48
20241126,other,0.0,48
20241126,solar,2.56,48
20241126,wind,23.82,48
20241127,biomass,7.67,48
20241127,coal,0.0,48
20241127,gas,46.9,48
20241127,hydro,1.61,48
20241127,imports,12.15,48
20241127,nuclear,8.29,48
20241127,other,0.0,48
20241127,solar,0.99,48
20241127,wind,22.4,48
20241128,biomass,6.13,48
20241128,coal,0.0,48
20241128,gas,48.49,48
20241128,hydro,1.36,48
20241128,imports,10.98,48
20241128,nuclear,8.3,48
20241128,other,0.0,48
20241128,solar,1.91,48
20241128,wind,22.8,48
20241129,biomass,6.08,48
20241129,coal,0.0,48
20241129,gas,27.84,48
20241129,hydro,1.43,48
20241129,imports,7.9,48
20241129,nuclear,6.88,48
20241129,other,0.0,48
20241129,solar,1.57,48
20241129,wind,48.31,48
20241130,biomass,5.73,48
20241130,coal,0.0,48
20241130,gas,23.33,48
20241130,hydro,1.49,48
20241130,imports,9.02,48
20241130,nuclear,7.89,48
20241130,other,0.0,48
20241130,solar,0.93,48
20241130,wind,51.61,48
20241201,biomass,3.37,48
20241201,coal,0.0,48
20241201,gas,19.76,48
20241201,hydro,2.46,48
20241201,imports,12.13,48
20241201,nuclear,8.48,48
20241201,other,0.0,48
20241201,solar,0.89,48
20241201,wind,52.92,48
20241202,biomass,6.49,48
20241202,coal,0.0,48
20241202,gas,30.65,48
20241202,hydro,2.56,48
20241202,imports,9.9,48
20241202,nuclear,8.64,48
20241202,other,0.0,48
20241202,solar,1.12,48
20241202,wind,40.65,48
20241203,biomass,7.32,48
20241203,coal,0.0,48
20241203,gas,49.86,48
20241203,hydro,2.63,48
20241203,imports,11.86,48
20241203,nuclear,8.59,48
20241203,other,0.0,48
20241203,solar,1.33,48
20241203,wind,18.37,48
20241204,biomass,6.46,48
20241204,coal,0.0,48
20241204,gas,48.03,48
20241204,hydro,1.78,48
20241204,imports,5.97,48
20241204,nuclear,7.95,48
20241204,other,0.0,48
20241204,solar,0.75,48
20241204,wind,29.03,48
20241205,biomass,5.96,48
20241205,coal,0.0,48
20241205,gas,18.78,48
20241205,hydro,2.54,48
20241205,imports,11.09,48
20241205,nuclear,8.6,48
20241205,other,0.0,48
20241205,solar,0.49,48
20241205,wind,52.53,48
20241206,biomass,5.91,48
20241206,coal,0.0,48
20241206,gas,25.04,48
20241206,hydro,3.18,48
20241206,imports,10.19,48
20241206,nuclear,9.87,48
20241206,other,0.0,48
20241206,solar,1.14,48
20241206,wind,44.68,48
20241207,biomass,5.17,48
20241207,coal,0.0,48
20241207,gas,15.64,48
20241207,hydro,2.35,48
20241207,imports,10.11,48
20241207,nuclear,10.63,48
20241207,other,0.0,48
20241207,solar,0.27,48
20241207,wind,55.82,48
20241208,biomass,5.14,48
20241208,coal,0.0,48
20241208,gas,13.71,48
20241208,hydro,2.07,48
20241208,imports,9.98,48
20241208,nuclear,10.45,48
20241208,other,0.0,48
20241208,solar,0.83,48
20241208,wind,57.83,48
20241209,biomass,6.38,48
20241209,coal,0.0,48
20241209,gas,29.48,48
20241209,hydro,2.17,48
20241209,imports,14.11,48
20241209,nuclear,9.99,48
20241209,other,0.0,48
20241209,solar,0.77,48
20241209,wind,37.1,48
20241210,biomass,6.65,48
20241210,coal,0.0,48
20241210,gas,46.34,48
20241210,hydro,2.21,48
20241210,imports,10.35,48
20241210,nuclear,9.47,48
20241210,other,0.0,48
20241210,solar,0.35,48
20241210,wind,24.63,48
20241211,biomass,6.26,48
20241211,coal,0.0,48
20241211,gas,63.5,48
20241211,hydro,2.74,48
20241211,imports,8.51,48
20241211,nuclear,9.72,48
20241211,other,0.0,48
20241211,solar,0.24,48
20241211,wind,9.02,48
20241212,biomass,6.35,48
20241212,coal,0.0,48
20241212,gas,66.97,48
20241212,hydro,3.48,48
20241212,imports,6.88,48
20241212,nuclear,10.31,48
20241212,other,0.0,48
20241212,solar,0.34,48
20241212,wind,5.65,48
20241213,biomass,6.48,48
20241213,coal,0.0,48
20241213,gas,65.46,48
20241213,hydro,3.12,48
20241213,imports,4.95,48
20241213,nuclear,10.75,48
20241213,other,0.0,48
20241213,solar,0.25,48
20241213,wind,8.97,48
20241214,biomass,6.86,48
20241214,coal,0.0,48
20241214,gas,32.78,48
20241214,hydro,0.33,48
20241214,imports,6.7,48
20241214,nuclear,12.33,48
20241214,other,0.0,48
20241214,solar,1.77,48
20241214,wind,39.24,48
20241215,biomass,4.85,48
20241215,coal,0.0,48
20241215,gas,12.82,48
20241215,hydro,0.31,48
20241215,imports,6.59,48
20241215,nuclear,12.47,48
20241215,other,0.0,48
20241215,solar,0.77,48
20241215,wind,62.19,48
20241216,biomass,5.37,48
20241216,coal,0.0,48
20241216,gas,18.45,48
20241216,hydro,0.3,48
20241216,imports,5.49,48
20241216,nuclear,12.45,48
20241216,other,0.0,48
20241216,solar,0.75,48
20241216,wind,57.21,48
20241217,biomass,6.32,48
20241217,coal,0.0,48
20241217,gas,26.32,48
20241217,hydro,0.3,48
20241217,imports,5.91,48
20241217,nuclear,13.32,48
20241217,other,0.0,48
20241217,solar,0.26,48
20241217,wind,47.58,48
20241218,biomass,5.64,48
20241218,coal,0.0,48
20241218,gas,17.35,48
20241218,hydro,0.3,48
20241218,imports,10.27,48
20241218,nuclear,13.17,48
20241218,other,0.0,48
20241218,solar,0.66,48
20241218,wind,52.65,48
20241219,biomass,4.78,48
20241219,coal,0.0,48
20241219,gas,13.41,48
20241219,hydro,0.27,48
20241219,imports,12.17,48
20241219,nuclear,13.94,48
20241219,other,0.0,48
20241219,solar,1.73,48
20241219,wind,53.67,48
20241220,biomass,5.24,48
20241220,coal,0.0,48
20241220,gas,14.82,48
20241220,hydro,0.28,48
20241220,imports,12.24,48
20241220,nuclear,14.47,48
20241220,other,0.0,48
20241220,solar,0.71,48
20241220,wind,52.23,48
20241221,biomass,2.65,48
20241221,coal,0.0,48
20241221,gas,12.56,48
20241221,hydro,0.32,48
20241221,imports,6.07,48
20241221,nuclear,14.92,48
20241221,other,0.0,48
20241221,solar,0.68,48
20241221,wind,62.79,48
20241222,biomass,2.64,48
20241222,coal,0.0,48
20241222,gas,10.58,48
20241222,hydro,0.3,48
20241222,imports,5.7,48
20241222,nuclear,14.49,48
20241222,other,0.0,48
20241222,solar,1.51,48
20241222,wind,64.77,48
20241223,biomass,5.41,48
20241223,coal,0.0,48
20241223,gas,23.21,48
20241223,hydro,0.32,48
20241223,imports,12.0,48
20241223,nuclear,14.65,48
20241223,other,0.0,48
20241223,solar,0.64,48
20241223,wind,43.78,48
20241224,biomass,7.52,48
20241224,coal,0.0,48
20241224,gas,18.3,48
20241224,hydro,0.35,48
20241224,imports,11.17,48
20241224,nuclear,14.26,48
20241224,other,0.0,48
20241224,solar,0.89,48
20241224,wind,47.53,48
20241225,biomass,8.55,48
20241225,coal,0.0,48
20241225,gas,21.45,48
20241225,hydro,0.39,48
20241225,imports,11.98,48
20241225,nuclear,17.15,48
20241225,other,0.0,48
20241225,solar,0.98,48
20241225,wind,39.51,48
20241226,biomass,8.94,48
20241226,coal,0.0,48
20241226,gas,39.74,48
20241226,hydro,0.24,48
20241226,imports,16.55,48
20241226,nuclear,18.77,48
20241226,other,0.0,48
20241226,solar,0.87,48
20241226,wind,14.9,48
20241227,biomass,7.96,48
20241227,coal,0.0,48
20241227,gas,53.13,48
20241227,hydro,0.15,48
20241227,imports,12.38,48
20241227,nuclear,16.58,48
20241227,other,0.0,48
20241227,solar,0.53,48
20241227,wind,9.26,48
20241228,biomass,8.17,48
20241228,coal,0.0,48
20241228,gas,42.19,48
20241228,hydro,0.33,48
20241228,imports,9.39,48
20241228,nuclear,17.23,48
20241228,other,0.0,48
20241228,solar,0.51,48
20241228,wind,22.19,48
20241229,biomass,6.53,48
20241229,coal,0.0,48
20241229,gas,20.97,48
20241229,hydro,0.34,48
20241229,imports,6.07,48
20241229,nuclear,17.18,48
20241229,other,0.0,48
20241229,solar,0.97,48
20241229,wind,47.94,48
20241230,biomass,5.48,48
20241230,coal,0.0,48
20241230,gas,14.54,48
20241230,hydro,0.36,48
20241230,imports,6.45,48
20241230,nuclear,16.51,48
20241230,other,0.0,48
20241230,solar,1.56,48
20241230,wind,55.12,48
20241231,biomass,3.42,48
20241231,coal,0.0,48
20241231,gas,12.96,48
20241231,hydro,0.3,48
20241231,imports,5.05,48
20241231,nuclear,15.74,48
20241231,other,0.0,48
20241231,solar,0.73,48
20241231,wind,61.82,48
20250101,biomass,5.14,48
20250101,coal,0.0,48
20250101,gas,12.05,48
20250101,hydro,0.33,48
20250101,imports,9.26,48
20250101,nuclear,16.81,48
20250101,other,0.0,48
20250101,solar,0.3,48
20250101,wind,56.1,48
20250102,biomass,5.99,48
20250102,coal,0.0,48
20250102,gas,25.75,48
20250102,hydro,0.28,48
20250102,imports,13.62,48
20250102,nuclear,15.7,48
20250102,other,0.0,48
20250102,solar,2.64,48
20250102,wind,36.01,48
20250103,biomass,6.21,48
20250103,coal,0.0,48
20250103,gas,32.68,48
20250103,hydro,0.28,48
20250103,imports,11.54,48
20250103,nuclear,14.6,48
20250103,other,0.0,48
20250103,solar,2.38,48
20250103,wind,32.3,48
20250104,biomass,7.15,48
20250104,coal,0.0,48
20250104,gas,46.21,48
20250104,hydro,0.33,48
20250104,imports,13.01,48
20250104,nuclear,15.49,48
20250104,other,0.0,48
20250104,solar,0.64,48
20250104,wind,17.2,48
20250105,biomass,7.05,48
20250105,coal,0.0,48
20250105,gas,21.99,48
20250105,hydro,0.34,48
20250105,imports,14.92,48
20250105,nuclear,15.82,48
20250105,other,0.0,48
20250105,solar,0.26,48
20250105,wind,39.64,48
20250106,biomass,5.15,48
20250106,coal,0.0,48
20250106,gas,20.75,48
20250106,hydro,0.25,48
20250106,imports,12.58,48
20250106,nuclear,13.67,48
20250106,other,0.0,48
20250106,solar,0.91,48
20250106,wind,46.68,48
20250107,biomass,5.09,48
20250107,coal,0.0,48
20250107,gas,26.1,48
20250107,hydro,0.25,48
20250107,imports,12.68,48
20250107,nuclear,13.01,48
20250107,other,0.0,48
20250107,solar,1.62,48
20250107,wind,41.26,48
20250108,biomass,6.26,48
20250108,coal,0.0,48
20250108,gas,47.61,48
20250108,hydro,0.25,48
20250108,imports,12.27,48
20250108,nuclear,13.41,48
20250108,other,0.0,48
20250108,solar,0.64,48
20250108,wind,19.55,48
20250109,biomass,6.26,48
20250109,coal,0.0,48
20250109,gas,43.53,48
20250109,hydro,0.23,48
20250109,imports,10.05,48
20250109,nuclear,12.1,48
20250109,other,0.0,48
20250109,solar,2.19,48
20250109,wind,25.65,48
20250110,biomass,6.61,48
20250110,coal,0.0,48
20250110,gas,54.29,48
20250110,hydro,0.1,48
20250110,imports,12.29,48
20250110,nuclear,12.8,48
20250110,other,0.0,48
20250110,solar,1.64,48
20250110,wind,12.27,48
20250111,biomass,6.65,48
20250111,coal,0.0,48
20250111,gas,51.96,48
20250111,hydro,0.06,48
20250111,imports,14.17,48
20250111,nuclear,15.83,48
20250111,other,0.0,48
20250111,solar,1.53,48
20250111,wind,9.79,48
20250112,biomass,7.07,46
20250112,coal,0.0,46
20250112,gas,34.53,46
20250112,hydro,0.05,46
20250112,imports,14.54,46
20250112,nuclear,17.19,46
20250112,other,0.0,46
20250112,solar,1.72,46
20250112,wind,24.91,46
20250113,biomass,5.58,33
20250113,coal,0.0,33
20250113,gas,37.62,33
20250113,hydro,0.22,33
20250113,imports,4.31,33
20250113,nuclear,9.81,33
20250113,other,0.0,33
20250113,solar,1.34,33
20250113,wind,41.1,33
20250114,biomass,6.29,48
20250114,coal,0.0,48
20250114,gas,46.4,48
20250114,hydro,0.26,48
20250114,imports,4.64,48
20250114,nuclear,11.2,48
20250114,other,0.0,48
20250114,solar,1.29,48
20250114,wind,29.92,48
20250115,biomass,6.39,48
20250115,coal,0.0,48
20250115,gas,55.22,48
20250115,hydro,0.28,48
20250115,imports,3.74,48
20250115,nuclear,10.88,48
20250115,other,0.0,48
20250115,solar,1.56,48
20250115,wind,21.92,48
20250116,biomass,6.48,48
20250116,coal,0.0,48
20250116,gas,51.81,48
20250116,hydro,0.22,48
20250116,imports,4.04,48
20250116,nuclear,9.73,48
20250116,other,0.0,48
20250116,solar,1.6,48
20250116,wind,26.1,48
20250117,biomass,6.88,48
20250117,coal,0.0,48
20250117,gas,50.86,48
20250117,hydro,0.18,48
20250117,imports,3.77,48
20250117,nuclear,9.64,48
20250117,other,0.0,48
20250117,solar,0.83,48
20250117,wind,27.81,48
20250118,biomass,9.13,48
20250118,coal,0.0,48
20250118,gas,54.49,48
20250118,hydro,0.21,48
20250118,imports,4.44,48
20250118,nuclear,10.21,48
20250118,other,0.0,48
20250118,solar,0.63,48
20250118,wind,20.88,48
20250119,biomass,9.27,48
20250119,coal,0.0,48
20250119,gas,61.56,48
20250119,hydro,0.21,48
20250119,imports,8.28,48
20250119,nuclear,10.52,48
20250119,other,0.0,48
20250119,solar,0.31,48
20250119,wind,9.83,48
20250120,biomass,8.45,48
20250120,coal,0.0,48
20250120,gas,65.72,48
20250120,hydro,0.24,48
20250120,imports,6.36,48
20250120,nuclear,9.65,48
20250120,other,0.0,48
20250120,solar,0.88,48
20250120,wind,8.7,48
20250121,biomass,8.43,48
20250121,coal,0.0,48
20250121,gas,63.1,48
20250121,hydro,0.18,48
20250121,imports,6.89,48
20250121,nuclear,9.97,48
20250121,other,0.0,48
20250121,solar,1.13,48
20250121,wind,10.32,48
20250122,biomass,8.66,48
20250122,coal,0.0,48
20250122,gas,64.91,48
20250122,hydro,0.19,48
20250122,imports,11.37,48
20250122,nuclear,11.11,48
20250122,other,0.0,48
20250122,solar,1.19,48
20250122,wind,2.58,48
20250123,biomass,6.6,48
20250123,coal,0.0,48
20250123,gas,36.69,48
20250123,hydro,0.25,48
20250123,imports,11.21,48
20250123,nuclear,11.34,48
20250123,other,0.0,48
20250123,solar,0.86,48
20250123,wind,33.04,48
20250124,biomass,6.25,48
20250124,coal,0.0,48
20250124,gas,18.55,48
20250124,hydro,0.27,48
20250124,imports,10.21,48
20250124,nuclear,11.81,48
20250124,other,0.0,48
20250124,solar,2.0,48
20250124,wind,50.91,48
20250125,biomass,7.51,48
20250125,coal,0.0,48
20250125,gas,19.9,48
20250125,hydro,0.17,48
20250125,imports,12.59,48
20250125,nuclear,13.58,48
20250125,other,0.0,48
20250125,solar,3.38,48
20250125,wind,42.85,48
20250126,biomass,7.15,48
20250126,coal,0.0,48
20250126,gas,13.51,48
20250126,hydro,0.23,48
20250126,imports,13.15,48
20250126,nuclear,13.5,48
20250126,other,0.0,48
20250126,solar,0.59,48
20250126,wind,51.88,48
20250127,biomass,6.65,48
20250127,coal,0.0,48
20250127,gas,17.43,48
20250127,hydro,0.25,48
20250127,imports,13.7,48
20250127,nuclear,13.33,48
20250127,other,0.0,48
20250127,solar,1.98,48
20250127,wind,46.65,48
20250128,biomass,7.38,48
20250128,coal,0.0,48
20250128,gas,23.14,48
20250128,hydro,0.25,48
20250128,imports,13.7,48
20250128,nuclear,13.54,48
20250128,other,0.0,48
20250128,solar,0.97,48
20250128,wind,41.0,48
20250129,biomass,7.05,48
20250129,coal,0.0,48
20250129,gas,25.87,48
20250129,hydro,0.24,48
20250129,imports,12.97,48
20250129,nuclear,13.25,48
20250129,other,0.0,48
20250129,solar,2.0,48
20250129,wind,38.59,48
20250130,biomass,6.95,48
20250130,coal,0.0,48
20250130,gas,38.17,48
20250130,hydro,0.19,48
20250130,imports,11.01,48
20250130,nuclear,12.07,48
20250130,other,0.0,48
20250130,solar,3.7,48
20250130,wind,27.9,48
20250131,biomass,7.26,48
20250131,coal,0.0,48
20250131,gas,53.55,48
20250131,hydro,0.22,48
20250131,imports,12.08,48
20250131,nuclear,12.6,48
20250131,other,0.0,48
20250131,solar,1.39,48
20250131,wind,12.89,48
20250201,biomass,7.76,48
20250201,coal,0.0,48
20250201,gas,37.48,48
20250201,hydro,0.18,48
20250201,imports,8.58,48
20250201,nuclear,13.39,48
20250201,other,0.0,48
20250201,solar,1.41,48
20250201,wind,31.2,48
20250202,biomass,9.39,48
20250202,coal,0.0,48
20250202,gas,34.21,48
20250202,hydro,0.23,48
20250202,imports,7.51,48
20250202,nuclear,13.2,48
20250202,other,0.0,48
20250202,solar,3.52,48
20250202,wind,31.94,48
20250203,biomass,8.69,48
20250203,coal,0.0,48
20250203,gas,36.92,48
20250203,hydro,0.17,48
20250203,imports,3.56,48
20250203,nuclear,11.68,48
20250203,other,0.0,48
20250203,solar,1.81,48
20250203,wind,37.17,48
20250204,biomass,8.48,48
20250204,coal,0.0,48
20250204,gas,24.84,48
20250204,hydro,0.2,48
20250204,imports,5.01,48
20250204,nuclear,11.46,48
20250204,other,0.0,48
20250204,solar,1.12,48
20250204,wind,48.88,48
20250205,biomass,8.67,48
20250205,coal,0.0,48
20250205,gas,44.43,48
20250205,hydro,0.23,48
20250205,imports,5.87,48
20250205,nuclear,11.58,48
20250205,other,0.0,48
20250205,solar,2.67,48
20250205,wind,26.56,48
20250206,biomass,8.21,48
20250206,coal,0.0,48
20250206,gas,47.66,48
20250206,hydro,0.16,48
20250206,imports,7.35,48
20250206,nuclear,11.83,48
20250206,other,0.0,48
20250206,solar,3.87,48
20250206,wind,20.94,48
20250207,biomass,7.85,48
20250207,coal,0.0,48
20250207,gas,20.09,48
20250207,hydro,0.26,48
20250207,imports,12.88,48
20250207,nuclear,12.15,48
20250207,other,0.0,48
20250207,solar,1.0,48
20250207,wind,45.73,48
20250208,biomass,7.3,48
20250208,coal,0.0,48
20250208,gas,38.67,48
20250208,hydro,0.27,48
20250208,imports,18.29,48
20250208,nuclear,13.37,48
20250208,other,0.0,48
20250208,solar,0.53,48
20250208,wind,21.56,48
20250209,biomass,9.63,48
20250209,coal,0.0,48
20250209,gas,28.6,48
20250209,hydro,0.23,48
20250209,imports,14.64,48
20250209,nuclear,13.72,48
20250209,other,0.0,48
20250209,solar,1.25,48
20250209,wind,31.91,48
20250210,biomass,6.48,48
20250210,coal,0.0,48
20250210,gas,26.75,48
20250210,hydro,0.21,48
20250210,imports,9.7,48
20250210,nuclear,11.58,48
20250210,other,0.0,48
20250210,solar,0.45,48
20250210,wind,44.86,48
20250211,biomass,6.74,48
20250211,coal,0.0,48
20250211,gas,37.31,48
20250211,hydro,0.2,48
20250211,imports,10.88,48
20250211,nuclear,11.76,48
20250211,other,0.0,48
20250211,solar,0.33,48
20250211,wind,32.78,48
20250212,biomass,7.0,48
20250212,coal,0.0,48
20250212,gas,46.11,48
20250212,hydro,0.25,48
20250212,imports,9.43,48
20250212,nuclear,12.01,48
20250212,other,0.0,48
20250212,solar,0.71,48
20250212,wind,24.47,48
20250213,biomass,8.35,48
20250213,coal,0.0,48
20250213,gas,52.4,48
20250213,hydro,0.26,48
20250213,imports,7.79,48
20250213,nuclear,11.76,48
20250213,other,0.0,48
20250213,solar,0.84,48
20250213,wind,18.58,48
20250214,biomass,7.7,48
20250214,coal,0.0,48
20250214,gas,47.47,48
20250214,hydro,0.24,48
20250214,imports,6.75,48
20250214,nuclear,11.22,48
20250214,other,0.0,48
20250214,solar,2.0,48
20250214,wind,24.61,48
20250215,biomass,8.91,48
20250215,coal,0.0,48
20250215,gas,48.47,48
20250215,hydro,0.23,48
20250215,imports,10.56,48
20250215,nuclear,12.7,48
20250215,other,0.0,48
20250215,solar,0.96,48
20250215,wind,18.17,48
20250216,biomass,9.45,48
20250216,coal,0.0,48
20250216,gas,27.74,48
20250216,hydro,0.17,48
20250216,imports,11.35,48
20250216,nuclear,13.17,48
20250216,other,0.0,48
20250216,solar,1.71,48
20250216,wind,36.39,48
20250217,biomass,8.11,48
20250217,coal,0.0,48
20250217,gas,43.4,48
20250217,hydro,0.07,48
20250217,imports,4.76,48
20250217,nuclear,11.45,48
20250217,other,0.0,48
20250217,solar,2.82,48
20250217,wind,29.36,48
20250218,biomass,7.73,48
20250218,coal,0.0,48
20250218,gas,30.74,48
20250218,hydro,0.1,48
20250218,imports,6.43,48
20250218,nuclear,11.92,48
20250218,other,0.0,48
20250218,solar,3.75,48
20250218,wind,39.36,48
20250219,biomass,7.75,48
20250219,coal,0.0,48
20250219,gas,25.98,48
20250219,hydro,0.11,48
20250219,imports,7.51,48
20250219,nuclear,12.81,48
20250219,other,0.0,48
20250219,solar,1.45,48
20250219,wind,44.38,48
20250220,biomass,5.91,48
20250220,coal,0.0,48
20250220,gas,14.99,48
20250220,hydro,0.0,48
20250220,imports,8.14,48
20250220,nuclear,13.51,48
20250220,other,0.0,48
20250220,solar,1.07,48
20250220,wind,56.32,48
20250221,biomass,3.89,48
20250221,coal,0.0,48
20250221,gas,13.1,48
20250221,hydro,0.0,48
20250221,imports,8.89,48
20250221,nuclear,14.12,48
20250221,other,0.0,48
20250221,solar,1.43,48
20250221,wind,58.52,48
20250222,biomass,4.95,48
20250222,coal,0.0,48
20250222,gas,16.72,48
20250222,hydro,0.04,48
20250222,imports,13.01,48
20250222,nuclear,17.36,48
20250222,other,0.0,48
20250222,solar,5.12,48
20250222,wind,42.78,48
20250223,biomass,4.05,48
20250223,coal,0.0,48
20250223,gas,14.74,48
20250223,hydro,0.0,48
20250223,imports,7.71,48
20250223,nuclear,14.67,48
20250223,other,0.0,48
20250223,solar,1.16,48
20250223,wind,57.61,48
20250224,biomass,3.81,48
20250224,coal,0.0,48
20250224,gas,16.28,48
20250224,hydro,0.01,48
20250224,imports,10.64,48
20250224,nuclear,14.23,48
20250224,other,0.0,48
20250224,solar,4.31,48
20250224,wind,50.71,48
20250225,biomass,7.39,48
20250225,coal,0.0,48
20250225,gas,33.21,48
20250225,hydro,0.0,48
20250225,imports,11.21,48
20250225,nuclear,13.94,48
20250225,other,0.0,48
20250225,solar,4.32,48
20250225,wind,29.88,48
20250226,biomass,9.43,48
20250226,coal,0.0,48
20250226,gas,40.73,48
20250226,hydro,0.0,48
20250226,imports,12.45,48
20250226,nuclear,13.88,48
20250226,other,0.0,48
20250226,solar,2.68,48
20250226,wind,20.8,48
20250227,biomass,8.11,48
20250227,coal,0.0,48
20250227,gas,42.06,48
20250227,hydro,0.0,48
20250227,imports,7.39,48
20250227,nuclear,12.97,48
20250227,other,0.0,48
20250227,solar,4.9,48
20250227,wind,24.54,48
20250228,biomass,9.03,48
20250228,coal,0.0,48
20250228,gas,48.34,48
20250228,hydro,0.0,48
20250228,imports,11.12,48
20250228,nuclear,12.47,48
20250228,other,0.0,48
20250228,solar,5.78,48
20250228,wind,13.23,48
20250301,biomass,9.57,48
20250301,coal,0.0,48
20250301,gas,35.06,48
20250301,hydro,0.0,48
20250301,imports,17.52,48
20250301,nuclear,13.67,48
20250301,other,0.0,48
20250301,solar,7.1,48
20250301,wind,17.04,48
20250302,biomass,10.04,48
20250302,coal,0.0,48
20250302,gas,23.92,48
20250302,hydro,0.02,48
20250302,imports,16.86,48
20250302,nuclear,14.5,48
20250302,other,0.0,48
20250302,solar,7.08,48
20250302,wind,27.55,48
20250303,biomass,8.85,48
20250303,coal,0.0,48
20250303,gas,34.56,48
20250303,hydro,0.01,48
20250303,imports,11.5,48
20250303,nuclear,13.0,48
20250303,other,0.0,48
20250303,solar,6.3,48
20250303,wind,25.75,48
20250304,biomass,7.68,48
20250304,coal,0.0,48
20250304,gas,28.06,48
20250304,hydro,0.0,48
20250304,imports,7.4,48
20250304,nuclear,12.85,48
20250304,other,0.0,48
20250304,solar,6.77,48
20250304,wind,37.2,48
20250305,biomass,3.42,48
20250305,coal,0.0,48
20250305,gas,21.38,48
20250305,hydro,0.0,48
20250305,imports,7.79,48
20250305,nuclear,12.79,48
20250305,other,0.0,48
20250305,solar,6.43,48
20250305,wind,48.16,48
20250306,biomass,3.74,48
20250306,coal,0.0,48
20250306,gas,20.01,48
20250306,hydro,0.03,48
20250306,imports,12.48,48
20250306,nuclear,13.49,48
20250306,other,0.0,48
20250306,solar,6.41,48
20250306,wind,43.81,48
20250307,biomass,3.72,48
20250307,coal,0.0,48
20250307,gas,36.11,48
20250307,hydro,0.0,48
20250307,imports,14.49,48
20250307,nuclear,12.28,48
20250307,other,0.0,48
20250307,solar,3.75,48
20250307,wind,29.6,48
20250308,biomass,4.32,48
20250308,coal,0.0,48
20250308,gas,21.81,48
20250308,hydro,0.04,48
20250308,imports,19.51,48
20250308,nuclear,13.68,48
20250308,other,0.0,48
20250308,solar,7.72,48
20250308,wind,32.9,48
20250309,biomass,4.51,48
20250309,coal,0.0,48
20250309,gas,35.9,48
20250309,hydro,0.04,48
20250309,imports,20.74,48
20250309,nuclear,14.19,48
20250309,other,0.0,48
20250309,solar,8.34,48
20250309,wind,16.23,48
20250310,biomass,3.58,48
20250310,coal,0.0,48
20250310,gas,37.27,48
20250310,hydro,0.01,48
20250310,imports,11.11,48
20250310,nuclear,11.24,48
20250310,other,0.0,48
20250310,solar,3.15,48
20250310,wind,33.62,48
20250311,biomass,3.36,48
20250311,coal,0.0,48
20250311,gas,36.9,48
20250311,hydro,0.0,48
20250311,imports,10.34,48
20250311,nuclear,10.73,48
20250311,other,0.0,48
20250311,solar,4.81,48
20250311,wind,33.83,48
20250312,biomass,6.58,48
20250312,coal,0.0,48
20250312,gas,40.78,48
20250312,hydro,0.0,48
20250312,imports,7.61,48
20250312,nuclear,10.52,48
20250312,other,0.0,48
20250312,solar,4.08,48
20250312,wind,30.39,48
20250313,biomass,8.77,48
20250313,coal,0.0,48
20250313,gas,49.19,48
20250313,hydro,0.0,48
20250313,imports,11.11,48
20250313,nuclear,10.65,48
20250313,other,0.0,48
20250313,solar,4.26,48
20250313,wind,16.01,48
20250314,biomass,8.05,48
20250314,coal,0.0,48
20250314,gas,53.6,48
20250314,hydro,0.0,48
20250314,imports,12.78,48
20250314,nuclear,10.88,48
20250314,other,0.0,48
20250314,solar,4.57,48
20250314,wind,10.09,48
20250315,biomass,9.85,48
20250315,coal,0.0,48
20250315,gas,36.05,48
20250315,hydro,0.0,48
20250315,imports,19.59,48
20250315,nuclear,12.08,48
20250315,other,0.0,48
20250315,solar,6.49,48
20250315,wind,15.88,48
20250316,biomass,9.94,48
20250316,coal,0.0,48
20250316,gas,35.27,48
20250316,hydro,0.0,48
20250316,imports,19.35,48
20250316,nuclear,12.31,48
20250316,other,0.0,48
20250316,solar,6.15,48
20250316,wind,16.95,48
20250317,biomass,8.83,48
20250317,coal,0.0,48
20250317,gas,38.97,48
20250317,hydro,0.0,48
20250317,imports,15.6,48
20250317,nuclear,11.48,48
20250317,other,0.0,48
20250317,solar,2.78,48
20250317,wind,22.33,48
20250318,biomass,5.97,48
20250318,coal,0.0,48
20250318,gas,29.82,48
20250318,hydro,0.0,48
20250318,imports,15.11,48
20250318,nuclear,11.21,48
20250318,other,0.0,48
20250318,solar,9.31,48
20250318,wind,28.55,48
20250319,biomass,7.15,48
20250319,coal,0.0,48
20250319,gas,50.45,48
20250319,hydro,0.0,48
20250319,imports,16.73,48
20250319,nuclear,11.52,48
20250319,other,0.0,48
20250319,solar,7.6,48
20250319,wind,6.54,48
20250320,biomass,6.57,48
20250320,coal,0.0,48
20250320,gas,41.55,48
20250320,hydro,0.0,48
20250320,imports,15.98,48
20250320,nuclear,12.07,48
20250320,other,0.0,48
20250320,solar,8.84,48
20250320,wind,14.96,48
20250321,biomass,1.63,48
20250321,coal,0.0,48
20250321,gas,12.53,48
20250321,hydro,0.0,48
20250321,imports,14.82,48
20250321,nuclear,11.94,48
20250321,other,0.0,48
20250321,solar,4.03,48
20250321,wind,55.04,48
20250322,biomass,3.62,48
20250322,coal,0.0,48
20250322,gas,24.13,48
20250322,hydro,0.01,48
20250322,imports,18.65,48
20250322,nuclear,13.09,48
20250322,other,0.0,48
20250322,solar,4.75,48
20250322,wind,35.72,48
20250323,biomass,3.91,48
20250323,coal,0.0,48
20250323,gas,34.71,48
20250323,hydro,0.04,48
20250323,imports,20.63,48
20250323,nuclear,13.89,48
20250323,other,0.0,48
20250323,solar,3.12,48
20250323,wind,23.72,48
20250324,biomass,3.06,48
20250324,coal,0.0,48
20250324,gas,43.56,48
20250324,hydro,0.0,48
20250324,imports,14.12,48
20250324,nuclear,11.79,48
20250324,other,0.0,48
20250324,solar,6.48,48
20250324,wind,20.94,48
20250325,biomass,3.25,48
20250325,coal,0.0,48
20250325,gas,40.28,48
20250325,hydro,0.0,48
20250325,imports,14.79,48
20250325,nuclear,12.38,48
20250325,other,0.0,48
20250325,solar,5.01,48
20250325,wind,24.26,48
20250326,biomass,3.37,48
20250326,coal,0.0,48
20250326,gas,40.28,48
20250326,hydro,0.01,48
20250326,imports,14.69,48
20250326,nuclear,11.94,48
20250326,other,0.0,48
20250326,solar,7.85,48
20250326,wind,21.87,48
20250327,biomass,1.51,48
20250327,coal,0.0,48
20250327,gas,21.53,48
20250327,hydro,0.0,48
20250327,imports,13.84,48
20250327,nuclear,12.64,48
20250327,other,0.0,48
20250327,solar,6.15,48
20250327,wind,44.31,48
20250328,biomass,1.42,48
20250328,coal,0.0,48
20250328,gas,17.77,48
20250328,hydro,0.0,48
20250328,imports,11.27,48
20250328,nuclear,11.57,48
20250328,other,0.0,48
20250328,solar,7.66,48
20250328,wind,50.27,48
20250329,biomass,1.55,48
20250329,coal,0.0,48
20250329,gas,14.49,48
20250329,hydro,0.02,48
20250329,imports,15.03,48
20250329,nuclear,12.79,48
20250329,other,0.0,48
20250329,solar,7.95,48
20250329,wind,48.16,48
20250330,biomass,1.92,46
20250330,coal,0.0,46
20250330,gas,17.28,46
20250330,hydro,0.0,46
20250330,imports,10.21,46
20250330,nuclear,12.99,46
20250330,other,0.0,46
20250330,solar,11.08,46
20250330,wind,46.47,46
20250331,biomass,3.82,48
20250331,coal,0.0,48
20250331,gas,42.68,48
20250331,hydro,0.02,48
20250331,imports,17.24,48
20250331,nuclear,13.84,48
20250331,other,0.0,48
20250331,solar,9.51,48
20250331,wind,12.87,48
20250401,biomass,5.07,48
20250401,coal,0.0,48
20250401,gas,20.8,48
20250401,hydro,0.02,48
20250401,imports,14.62,48
20250401,nuclear,13.32,48
20250401,other,0.0,48
20250401,solar,11.18,48
20250401,wind,34.98,48
20250402,biomass,5.02,48
20250402,coal,0.0,48
20250402,gas,11.18,48
20250402,hydro,0.0,48
20250402,imports,13.17,48
20250402,nuclear,13.53,48
20250402,other,0.0,48
20250402,solar,10.65,48
20250402,wind,46.43,48
20250403,biomass,5.03,48
20250403,coal,0.0,48
20250403,gas,14.84,48
20250403,hydro,0.0,48
20250403,imports,12.68,48
20250403,nuclear,14.21,48
20250403,other,0.0,48
20250403,solar,9.47,48
20250403,wind,43.73,48
20250404,biomass,7.64,48
20250404,coal,0.0,48
20250404,gas,13.24,48
20250404,hydro,0.02,48
20250404,imports,12.69,48
20250404,nuclear,14.78,48
20250404,other,0.0,48
20250404,solar,9.0,48
20250404,wind,42.58,48
20250405,biomass,4.34,48
20250405,coal,0.0,48
20250405,gas,10.55,48
20250405,hydro,0.03,48
20250405,imports,13.68,48
20250405,nuclear,16.59,48
20250405,other,0.0,48
20250405,solar,12.19,48
20250405,wind,42.6,48
20250406,biomass,4.22,48
20250406,coal,0.0,48
20250406,gas,17.71,48
20250406,hydro,0.02,48
20250406,imports,17.6,48
20250406,nuclear,17.27,48
20250406,other,0.0,48
20250406,solar,13.08,48
20250406,wind,30.06,48
20250407,biomass,8.61,48
20250407,coal,0.0,48
20250407,gas,41.86,48
20250407,hydro,0.0,48
20250407,imports,13.04,48
20250407,nuclear,15.71,48
20250407,other,0.0,48
20250407,solar,11.71,48
20250407,wind,9.03,48
20250408,biomass,8.05,48
20250408,coal,0.0,48
20250408,gas,48.98,48
20250408,hydro,0.0,48
20250408,imports,12.02,48
20250408,nuclear,15.34,48
20250408,other,0.0,48
20250408,solar,10.74,48
20250408,wind,4.83,48
20250409,biomass,9.18,48
20250409,coal,0.0,48
20250409,gas,39.4,48
20250409,hydro,0.0,48
20250409,imports,13.75,48
20250409,nuclear,15.1,48
20250409,other,0.0,48
20250409,solar,9.55,48
20250409,wind,12.98,48
20250410,biomass,10.46,48
20250410,coal,0.0,48
20250410,gas,33.17,48
20250410,hydro,0.01,48
20250410,imports,13.32,48
20250410,nuclear,15.59,48
20250410,other,0.0,48
20250410,solar,10.68,48
20250410,wind,16.72,48
20250411,biomass,10.59,48
20250411,coal,0.0,48
20250411,gas,32.14,48
20250411,hydro,0.02,48
20250411,imports,12.56,48
20250411,nuclear,16.31,48
20250411,other,0.0,48
20250411,solar,11.86,48
20250411,wind,16.49,48
20250412,biomass,9.97,48
20250412,coal,0.0,48
20250412,gas,19.47,48
20250412,hydro,0.04,48
20250412,imports,18.65,48
20250412,nuclear,18.14,48
20250412,other,0.0,48
20250412,solar,9.59,48
20250412,wind,24.14,48
20250413,biomass,8.09,48
20250413,coal,0.0,48
20250413,gas,14.95,48
20250413,hydro,0.04,48
20250413,imports,18.42,48
20250413,nuclear,18.27,48
20250413,other,0.0,48
20250413,solar,8.54,48
20250413,wind,31.69,48
20250414,biomass,10.07,48
20250414,coal,0.0,48
20250414,gas,20.08,48
20250414,hydro,0.01,48
20250414,imports,14.71,48
20250414,nuclear,15.41,48
20250414,other,0.0,48
20250414,solar,6.95,48
20250414,wind,32.74,48
20250415,biomass,10.51,48
20250415,coal,0.0,48
20250415,gas,35.5,48
20250415,hydro,0.02,48
20250415,imports,16.96,48
20250415,nuclear,16.36,48
20250415,other,0.0,48
20250415,solar,4.1,48
20250415,wind,16.54,48
20250416,biomass,5.6,48
20250416,coal,0.0,48
20250416,gas,15.15,48
20250416,hydro,0.01,48
20250416,imports,10.62,48
20250416,nuclear,14.17,48
20250416,other,0.0,48
20250416,solar,6.98,48
20250416,wind,47.45,48
20250417,biomass,11.01,48
20250417,coal,0.0,48
20250417,gas,32.98,48
20250417,hydro,0.02,48
20250417,imports,13.39,48
20250417,nuclear,14.57,48
20250417,other,0.0,48
20250417,solar,10.27,48
20250417,wind,17.75,48
20250418,biomass,11.62,48
20250418,coal,0.0,48
20250418,gas,17.21,48
20250418,hydro,0.03,48
20250418,imports,16.65,48
20250418,nuclear,14.76,48
20250418,other,0.0,48
20250418,solar,5.45,48
20250418,wind,34.25,48
20250419,biomass,4.48,48
20250419,coal,0.0,48
20250419,gas,14.67,48
20250419,hydro,0.0,48
20250419,imports,15.24,48
20250419,nuclear,14.21,48
20250419,other,0.0,48
20250419,solar,7.84,48
20250419,wind,43.51,48
20250420,biomass,8.09,48
20250420,coal,0.0,48
20250420,gas,28.68,48
20250420,hydro,0.04,48
20250420,imports,19.09,48
20250420,nuclear,16.24,48
20250420,other,0.0,48
20250420,solar,11.61,48
20250420,wind,16.23,48
20250421,biomass,6.97,48
20250421,coal,0.0,48
20250421,gas,39.74,48
20250421,hydro,0.03,48
20250421,imports,16.01,48
20250421,nuclear,14.92,48
20250421,other,0.0,48
20250421,solar,5.93,48
20250421,wind,16.38,48
20250422,biomass,7.79,48
20250422,coal,0.0,48
20250422,gas,41.5,48
20250422,hydro,0.01,48
20250422,imports,13.82,48
20250422,nuclear,12.65,48
20250422,other,0.0,48
20250422,solar,10.02,48
20250422,wind,14.18,48
20250423,biomass,7.42,48
20250423,coal,0.0,48
20250423,gas,47.1,48
20250423,hydro,0.0,48
20250423,imports,12.92,48
20250423,nuclear,11.44,48
20250423,other,0.0,48
20250423,solar,6.13,48
20250423,wind,14.96,48
20250424,biomass,8.57,48
20250424,coal,0.0,48
20250424,gas,41.49,48
20250424,hydro,0.01,48
20250424,imports,13.07,48
20250424,nuclear,11.81,48
20250424,other,0.0,48
20250424,solar,9.05,48
20250424,wind,15.98,48
20250425,biomass,8.61,48
20250425,coal,0.0,48
20250425,gas,36.39,48
20250425,hydro,0.01,48
20250425,imports,14.12,48
20250425,nuclear,11.91,48
20250425,other,0.0,48
20250425,solar,8.23,48
20250425,wind,20.71,48
20250426,biomass,6.98,48
20250426,coal,0.0,48
20250426,gas,28.07,48
20250426,hydro,0.03,48
20250426,imports,20.53,48
20250426,nuclear,14.67,48
20250426,other,0.0,48
20250426,solar,8.65,48
20250426,wind,21.04,48
20250427,biomass,5.87,48
20250427,coal,0.0,48
20250427,gas,16.54,48
20250427,hydro,0.03,48
20250427,imports,15.97,48
20250427,nuclear,14.95,48
20250427,other,0.0,48
20250427,solar,12.89,48
20250427,wind,33.74,48
20250428,biomass,10.74,48
20250428,coal,0.0,48
20250428,gas,32.28,48
20250428,hydro,0.0,48
20250428,imports,14.18,48
20250428,nuclear,12.35,48
20250428,other,0.0,48
20250428,solar,12.54,48
20250428,wind,17.89,48
20250429,biomass,11.02,48
20250429,coal,0.0,48
20250429,gas,41.91,48
20250429,hydro,0.02,48
20250429,imports,13.52,48
20250429,nuclear,11.75,48
20250429,other,0.0,48
20250429,solar,13.4,48
20250429,wind,8.36,48
20250430,biomass,10.82,48
20250430,coal,0.0,48
20250430,gas,41.12,48
20250430,hydro,0.0,48
20250430,imports,13.59,48
20250430,nuclear,11.69,48
20250430,other,0.0,48
20250430,solar,13.44,48
20250430,wind,9.29,48
20250501,biomass,10.68,48
20250501,coal,0.0,48
20250501,gas,35.07,48
20250501,hydro,0.02,48
20250501,imports,13.49,48
20250501,nuclear,11.56,48
20250501,other,0.0,48
20250501,solar,11.76,48
20250501,wind,17.37,48
20250502,biomass,10.59,48
20250502,coal,0.0,48
20250502,gas,29.15,48
20250502,hydro,0.03,48
20250502,imports,13.69,48
20250502,nuclear,12.05,48
20250502,other,0.0,48
20250502,solar,12.26,48
20250502,wind,22.22,48
20250503,biomass,7.19,48
20250503,coal,0.0,48
20250503,gas,13.98,48
20250503,hydro,0.03,48
20250503,imports,16.67,48
20250503,nuclear,13.18,48
20250503,other,0.0,48
20250503,solar,11.59,48
20250503,wind,37.35,48
20250504,biomass,5.37,48
20250504,coal,0.0,48
20250504,gas,13.17,48
20250504,hydro,0.02,48
20250504,imports,14.28,48
20250504,nuclear,13.7,48
20250504,other,0.0,48
20250504,solar,10.21,48
20250504,wind,43.22,48
20250505,biomass,7.98,48
20250505,coal,0.0,48
20250505,gas,18.4,48
20250505,hydro,0.02,48
20250505,imports,19.2,48
20250505,nuclear,13.95,48
20250505,other,0.0,48
20250505,solar,9.61,48
20250505,wind,30.81,48
20250506,biomass,10.33,48
20250506,coal,0.0,48
20250506,gas,32.88,48
20250506,hydro,0.01,48
20250506,imports,17.83,48
20250506,nuclear,13.66,48
20250506,other,0.0,48
20250506,solar,11.87,48
20250506,wind,13.39,48
20250507,biomass,10.43,48
20250507,coal,0.0,48
20250507,gas,40.57,48
20250507,hydro,0.01,48
20250507,imports,13.95,48
20250507,nuclear,13.07,48
20250507,other,0.0,48
20250507,solar,10.64,48
20250507,wind,11.3,48
20250508,biomass,10.27,48
20250508,coal,0.0,48
20250508,gas,42.05,48
20250508,hydro,0.0,48
20250508,imports,14.12,48
20250508,nuclear,12.74,48
20250508,other,0.0,48
20250508,solar,8.88,48
20250508,wind,11.91,48
20250509,biomass,11.06,48
20250509,coal,0.0,48
20250509,gas,32.22,48
20250509,hydro,0.01,48
20250509,imports,15.44,48
20250509,nuclear,13.57,48
20250509,other,0.0,48
20250509,solar,13.93,48
20250509,wind,13.76,48
20250510,biomass,7.95,48
20250510,coal,0.0,48
20250510,gas,18.22,48
20250510,hydro,0.04,48
20250510,imports,18.14,48
20250510,nuclear,15.7,48
20250510,other,0.0,48
20250510,solar,15.67,48
20250510,wind,24.27,48
20250511,biomass,5.91,48
20250511,coal,0.0,48
20250511,gas,14.49,48
20250511,hydro,0.04,48
20250511,imports,18.26,48
20250511,nuclear,16.22,48
20250511,other,0.0,48
20250511,solar,13.51,48
20250511,wind,31.56,48
20250512,biomass,9.96,48
20250512,coal,0.0,48
20250512,gas,23.39,48
20250512,hydro,0.02,48
20250512,imports,15.6,48
20250512,nuclear,15.49,48
20250512,other,0.0,48
20250512,solar,10.44,48
20250512,wind,25.08,48
20250513,biomass,9.72,48
20250513,coal,0.0,48
20250513,gas,24.57,48
20250513,hydro,0.0,48
20250513,imports,15.21,48
20250513,nuclear,17.07,48
20250513,other,0.0,48
20250513,solar,12.97,48
20250513,wind,20.43,48
20250514,biomass,7.87,48
20250514,coal,0.0,48
20250514,gas,18.2,48
20250514,hydro,0.0,48
20250514,imports,15.74,48
20250514,nuclear,18.53,48
20250514,other,0.0,48
20250514,solar,13.37,48
20250514,wind,26.25,48
20250515,biomass,5.19,48
20250515,coal,0.0,48
20250515,gas,22.17,48
20250515,hydro,0.0,48
20250515,imports,15.05,48
20250515,nuclear,18.58,48
20250515,other,0.0,48
20250515,solar,9.23,48
20250515,wind,29.73,48
20250516,biomass,4.45,48
20250516,coal,0.0,48
20250516,gas,17.6,48
20250516,hydro,0.01,48
20250516,imports,15.07,48
20250516,nuclear,18.82,48
20250516,other,0.0,48
20250516,solar,13.85,48
20250516,wind,30.16,48
20250517,biomass,3.78,48
20250517,coal,0.0,48
20250517,gas,17.59,48
20250517,hydro,0.01,48
20250517,imports,17.48,48
20250517,nuclear,20.15,48
20250517,other,0.0,48
20250517,solar,12.99,48
20250517,wind,27.95,48
20250518,biomass,4.5,48
20250518,coal,0.0,48
20250518,gas,19.73,48
20250518,hydro,0.0,48
20250518,imports,18.69,48
20250518,nuclear,20.34,48
20250518,other,0.0,48
20250518,solar,12.25,48
20250518,wind,24.44,48
20250519,biomass,8.66,48
20250519,coal,0.0,48
20250519,gas,30.57,48
20250519,hydro,0.0,48
20250519,imports,16.77,48
20250519,nuclear,18.6,48
20250519,other,0.0,48
20250519,solar,10.01,48
20250519,wind,15.36,48
20250520,biomass,9.68,48
20250520,coal,0.0,48
20250520,gas,34.0,48
20250520,hydro,0.0,48
20250520,imports,16.22,48
20250520,nuclear,17.94,48
20250520,other,0.0,48
20250520,solar,13.44,48
20250520,wind,8.7,48
20250521,biomass,10.06,48
20250521,coal,0.0,48
20250521,gas,25.32,48
20250521,hydro,0.0,48
20250521,imports,16.08,48
20250521,nuclear,17.73,48
20250521,other,0.0,48
20250521,solar,9.96,48
20250521,wind,20.82,48
20250522,biomass,10.53,48
20250522,coal,0.0,48
20250522,gas,19.66,48
20250522,hydro,0.0,48
20250522,imports,17.44,48
20250522,nuclear,18.44,48
20250522,other,0.0,48
20250522,solar,9.94,48
20250522,wind,23.96,48
20250523,biomass,10.05,48
20250523,coal,0.0,48
20250523,gas,23.47,48
20250523,hydro,0.0,48
20250523,imports,17.28,48
20250523,nuclear,17.56,48
20250523,other,0.0,48
20250523,solar,12.2,48
20250523,wind,19.4,48
20250524,biomass,3.62,48
20250524,coal,0.0,48
20250524,gas,10.18,48
20250524,hydro,0.0,48
20250524,imports,12.24,48
20250524,nuclear,18.58,48
20250524,other,0.0,48
20250524,solar,5.6,48
20250524,wind,49.75,48
20250525,biomass,2.53,48
20250525,coal,0.0,48
20250525,gas,10.69,48
20250525,hydro,0.0,48
20250525,imports,2.41,48
20250525,nuclear,17.09,48
20250525,other,0.0,48
20250525,solar,10.84,48
20250525,wind,56.39,48
20250526,biomass,3.07,48
20250526,coal,0.0,48
20250526,gas,10.3,48
20250526,hydro,0.0,48
20250526,imports,4.02,48
20250526,nuclear,16.64,48
20250526,other,0.0,48
20250526,solar,7.63,48
20250526,wind,58.32,48
20250527,biomass,3.88,48
20250527,coal,0.0,48
20250527,gas,18.03,48
20250527,hydro,0.01,48
20250527,imports,12.2,48
20250527,nuclear,17.12,48
20250527,other,0.0,48
20250527,solar,4.84,48
20250527,wind,43.91,48
20250528,biomass,9.66,48
20250528,coal,0.0,48
20250528,gas,19.16,48
20250528,hydro,0.0,48
20250528,imports,17.89,48
20250528,nuclear,18.18,48
20250528,other,0.0,48
20250528,solar,10.54,48
20250528,wind,24.52,48
20250529,biomass,6.85,48
20250529,coal,0.0,48
20250529,gas,7.05,48
20250529,hydro,0.01,48
20250529,imports,8.13,48
20250529,nuclear,16.79,48
20250529,other,0.0,48
20250529,solar,7.68,48
20250529,wind,53.48,48
20250530,biomass,6.55,48
20250530,coal,0.0,48
20250530,gas,17.3,48
20250530,hydro,0.01,48
20250530,imports,14.04,48
20250530,nuclear,17.9,48
20250530,other,0.0,48
20250530,solar,10.28,48
20250530,wind,33.9,48
20250531,biomass,7.81,48
20250531,coal,0.0,48
20250531,gas,16.08,48
20250531,hydro,0.04,48
20250531,imports,13.58,48
20250531,nuclear,19.38,48
20250531,other,0.0,48
20250531,solar,11.08,48
20250531,wind,32.03,48
20250601,biomass,3.81,48
20250601,coal,0.0,48
20250601,gas,11.46,48
20250601,hydro,0.0,48
20250601,imports,8.55,48
20250601,nuclear,18.2,48
20250601,other,0.0,48
20250601,solar,10.94,48
20250601,wind,47.0,48
20250602,biomass,3.36,48
20250602,coal,0.0,48
20250602,gas,15.96,48
20250602,hydro,0.0,48
20250602,imports,13.01,48
20250602,nuclear,17.79,48
20250602,other,0.0,48
20250602,solar,13.49,48
20250602,wind,36.34,48
20250603,biomass,2.26,48
20250603,coal,0.0,48
20250603,gas,13.17,48
20250603,hydro,0.0,48
20250603,imports,4.42,48
20250603,nuclear,15.6,48
20250603,other,0.0,48
20250603,solar,7.72,48
20250603,wind,56.79,48
20250604,biomass,3.61,48
20250604,coal,0.0,48
20250604,gas,18.59,48
20250604,hydro,0.0,48
20250604,imports,9.04,48
20250604,nuclear,14.74,48
20250604,other,0.0,48
20250604,solar,10.12,48
20250604,wind,43.86,48
20250605,biomass,9.43,48
20250605,coal,0.0,48
20250605,gas,18.52,48
20250605,hydro,0.0,48
20250605,imports,14.26,48
20250605,nuclear,15.42,48
20250605,other,0.0,48
20250605,solar,6.33,48
20250605,wind,36.0,48
20250606,biomass,10.06,48
20250606,coal,0.0,48
20250606,gas,18.63,48
20250606,hydro,0.03,48
20250606,imports,16.72,48
20250606,nuclear,16.83,48
20250606,other,0.0,48
20250606,solar,11.36,48
20250606,wind,26.35,48
20250607,biomass,9.94,48
20250607,coal,0.0,48
20250607,gas,25.85,48
20250607,hydro,0.04,48
20250607,imports,18.35,48
20250607,nuclear,18.8,48
20250607,other,0.0,48
20250607,solar,8.27,48
20250607,wind,18.72,48
20250608,biomass,4.1,48
20250608,coal,0.0,48
20250608,gas,16.03,48
20250608,hydro,0.01,48
20250608,imports,14.21,48
20250608,nuclear,16.87,48
20250608,other,0.0,48
20250608,solar,11.59,48
20250608,wind,37.15,48
20250609,biomass,7.77,48
20250609,coal,0.0,48
20250609,gas,23.42,48
20250609,hydro,0.01,48
20250609,imports,14.65,48
20250609,nuclear,16.76,48
20250609,other,0.0,48
20250609,solar,8.37,48
20250609,wind,29.01,48
20250610,biomass,8.15,48
20250610,coal,0.0,48
20250610,gas,20.16,48
20250610,hydro,0.01,48
20250610,imports,11.41,48
20250610,nuclear,15.54,48
20250610,other,0.0,48
20250610,solar,11.31,48
20250610,wind,33.38,48
20250611,biomass,10.17,48
20250611,coal,0.0,48
20250611,gas,29.53,48
20250611,hydro,0.03,48
20250611,imports,13.07,48
20250611,nuclear,13.98,48
20250611,other,0.0,48
20250611,solar,12.98,48
20250611,wind,20.21,48
20250612,biomass,7.14,48
20250612,coal,0.0,48
20250612,gas,18.51,48
20250612,hydro,0.01,48
20250612,imports,6.78,48
20250612,nuclear,11.42,48
20250612,other,0.0,48
20250612,solar,7.79,48
20250612,wind,48.34,48
20250613,biomass,10.12,48
20250613,coal,0.0,48
20250613,gas,25.39,48
20250613,hydro,0.03,48
20250613,imports,13.33,48
20250613,nuclear,12.07,48
20250613,other,0.0,48
20250613,solar,12.13,48
20250613,wind,26.91,48
20250614,biomass,9.6,48
20250614,coal,0.0,48
20250614,gas,14.75,48
20250614,hydro,0.05,48
20250614,imports,14.06,48
20250614,nuclear,16.36,48
20250614,other,0.0,48
20250614,solar,11.69,48
20250614,wind,33.48,48
20250615,biomass,8.63,48
20250615,coal,0.0,48
20250615,gas,16.58,48
20250615,hydro,0.04,48
20250615,imports,13.84,48
20250615,nuclear,17.25,48
20250615,other,0.0,48
20250615,solar,12.58,48
20250615,wind,31.07,48
20250616,biomass,10.45,48
20250616,coal,0.0,48
20250616,gas,18.55,48
20250616,hydro,0.02,48
20250616,imports,12.96,48
20250616,nuclear,16.2,48
20250616,other,0.0,48
20250616,solar,12.55,48
20250616,wind,29.25,48
20250617,biomass,9.79,48
20250617,coal,0.0,48
20250617,gas,19.48,48
20250617,hydro,0.0,48
20250617,imports,11.85,48
20250617,nuclear,16.52,48
20250617,other,0.0,48
20250617,solar,12.3,48
20250617,wind,30.03,48
20250618,biomass,11.16,48
20250618,coal,0.0,48
20250618,gas,29.77,48
20250618,hydro,0.01,48
20250618,imports,12.99,48
20250618,nuclear,17.37,48
20250618,other,0.0,48
20250618,solar,13.24,48
20250618,wind,15.42,48
20250619,biomass,11.42,48
20250619,coal,0.0,48
20250619,gas,32.05,48
20250619,hydro,0.03,48
20250619,imports,12.9,48
20250619,nuclear,17.69,48
20250619,other,0.0,48
20250619,solar,14.1,48
20250619,wind,11.77,48
20250620,biomass,10.91,48
20250620,coal,0.0,48
20250620,gas,24.05,48
20250620,hydro,0.02,48
20250620,imports,11.64,48
20250620,nuclear,17.09,48
20250620,other,0.0,48
20250620,solar,11.9,48
20250620,wind,24.38,48
20250621,biomass,8.84,48
20250621,coal,0.0,48
20250621,gas,17.01,48
20250621,hydro,0.03,48
20250621,imports,12.33,48
20250621,nuclear,18.99,48
20250621,other,0.0,48
20250621,solar,10.01,48
20250621,wind,32.74,48
20250622,biomass,4.86,48
20250622,coal,0.0,48
20250622,gas,11.05,48
20250622,hydro,0.03,48
20250622,imports,6.06,48
20250622,nuclear,17.73,48
20250622,other,0.0,48
20250622,solar,9.18,48
20250622,wind,51.06,48
20250623,biomass,3.86,48
20250623,coal,0.0,48
20250623,gas,11.9,48
20250623,hydro,0.0,48
20250623,imports,4.48,48
20250623,nuclear,15.83,48
20250623,other,0.0,48
20250623,solar,10.01,48
20250623,wind,53.88,48
20250624,biomass,6.6,48
20250624,coal,0.0,48
20250624,gas,10.87,48
20250624,hydro,0.01,48
20250624,imports,9.01,48
20250624,nuclear,17.05,48
20250624,other,0.0,48
20250624,solar,7.41,48
20250624,wind,48.99,48
20250625,biomass,10.33,48
20250625,coal,0.0,48
20250625,gas,35.86,48
20250625,hydro,0.03,48
20250625,imports,10.96,48
20250625,nuclear,17.43,48
20250625,other,0.0,48
20250625,solar,8.85,48
20250625,wind,16.52,48
20250626,biomass,7.23,48
20250626,coal,0.0,48
20250626,gas,17.19,48
20250626,hydro,0.01,48
20250626,imports,8.81,48
20250626,nuclear,16.64,48
20250626,other,0.0,48
20250626,solar,9.81,48
20250626,wind,40.3,48
20250627,biomass,5.59,48
20250627,coal,0.0,48
20250627,gas,14.55,48
20250627,hydro,0.03,48
20250627,imports,6.2,48
20250627,nuclear,17.45,48
20250627,other,0.0,48
20250627,solar,10.09,48
20250627,wind,46.06,48
20250628,biomass,4.2,48
20250628,coal,0.0,48
20250628,gas,14.06,48
20250628,hydro,0.01,48
20250628,imports,3.21,48
20250628,nuclear,16.76,48
20250628,other,0.0,48
20250628,solar,9.95,48
20250628,wind,51.78,48
20250629,biomass,7.31,48
20250629,coal,0.0,48
20250629,gas,22.18,48
20250629,hydro,0.04,48
20250629,imports,16.19,48
20250629,nuclear,19.09,48
20250629,other,0.0,48
20250629,solar,11.61,48
20250629,wind,23.56,48
20250630,biomass,9.55,48
20250630,coal,0.0,48
20250630,gas,28.63,48
20250630,hydro,0.0,48
20250630,imports,10.33,48
20250630,nuclear,14.59,48
20250630,other,0.0,48
20250630,solar,11.44,48
20250630,wind,25.4,48
20250701,biomass,10.22,48
20250701,coal,0.0,48
20250701,gas,40.52,48
20250701,hydro,0.0,48
20250701,imports,10.76,48
20250701,nuclear,15.19,48
20250701,other,0.0,48
20250701,solar,8.79,48
20250701,wind,14.5,48
20250702,biomass,10.99,48
20250702,coal,0.0,48
20250702,gas,35.78,48
20250702,hydro,0.01,48
20250702,imports,10.12,48
20250702,nuclear,16.44,48
20250702,other,0.0,48
20250702,solar,9.84,48
20250702,wind,16.8,48
20250703,biomass,12.16,48
20250703,coal,0.0,48
20250703,gas,20.6,48
20250703,hydro,0.03,48
20250703,imports,11.09,48
20250703,nuclear,18.12,48
20250703,other,0.0,48
20250703,solar,13.41,48
20250703,wind,24.56,48
20250704,biomass,9.85,48
20250704,coal,0.0,48
20250704,gas,14.29,48
20250704,hydro,0.0,48
20250704,imports,8.39,48
20250704,nuclear,15.28,48
20250704,other,0.0,48
20250704,solar,11.29,48
20250704,wind,40.85,48
20250705,biomass,3.99,48
20250705,coal,0.0,48
20250705,gas,12.99,48
20250705,hydro,0.02,48
20250705,imports,6.26,48
20250705,nuclear,15.49,48
20250705,other,0.0,48
20250705,solar,7.12,48
20250705,wind,54.1,48
20250706,biomass,5.73,48
20250706,coal,0.0,48
20250706,gas,24.24,48
20250706,hydro,0.03,48
20250706,imports,18.76,48
20250706,nuclear,17.62,48
20250706,other,0.0,48
20250706,solar,9.09,48
20250706,wind,24.52,48
20250707,biomass,6.11,48
20250707,coal,0.0,48
20250707,gas,14.28,48
20250707,hydro,0.02,48
20250707,imports,12.74,48
20250707,nuclear,14.53,48
20250707,other,0.0,48
20250707,solar,11.1,48
20250707,wind,41.19,48
20250708,biomass,10.32,48
20250708,coal,0.0,48
20250708,gas,18.0,48
20250708,hydro,0.02,48
20250708,imports,14.67,48
20250708,nuclear,15.23,48
20250708,other,0.0,48
20250708,solar,15.05,48
20250708,wind,26.7,48
20250709,biomass,9.81,48
20250709,coal,0.0,48
20250709,gas,32.71,48
20250709,hydro,0.0,48
20250709,imports,16.49,48
20250709,nuclear,14.98,48
20250709,other,0.0,48
20250709,solar,12.52,48
20250709,wind,13.44,48
20250710,biomass,10.92,48
20250710,coal,0.0,48
20250710,gas,33.8,48
20250710,hydro,0.0,48
20250710,imports,14.85,48
20250710,nuclear,15.99,48
20250710,other,0.0,48
20250710,solar,15.05,48
20250710,wind,9.37,48
20250711,biomass,11.25,48
20250711,coal,0.0,48
20250711,gas,34.64,48
20250711,hydro,0.0,48
20250711,imports,17.71,48
20250711,nuclear,14.73,48
20250711,other,0.0,48
20250711,solar,14.68,48
20250711,wind,6.94,48
20250712,biomass,12.1,48
20250712,coal,0.0,48
20250712,gas,24.13,48
20250712,hydro,0.02,48
20250712,imports,19.33,48
20250712,nuclear,16.26,48
20250712,other,0.0,48
20250712,solar,16.1,48
20250712,wind,12.03,48
20250713,biomass,12.52,48
20250713,coal,0.0,48
20250713,gas,21.2,48
20250713,hydro,0.04,48
20250713,imports,17.62,48
20250713,nuclear,16.98,48
20250713,other,0.0,48
20250713,solar,14.64,48
20250713,wind,17.01,48
20250714,biomass,10.05,48
20250714,coal,0.0,48
20250714,gas,17.25,48
20250714,hydro,0.0,48
20250714,imports,14.04,48
20250714,nuclear,14.28,48
20250714,other,0.0,48
20250714,solar,9.87,48
20250714,wind,34.45,48
20250715,biomass,10.75,48
20250715,coal,0.0,48
20250715,gas,12.59,48
20250715,hydro,0.01,48
20250715,imports,17.21,48
20250715,nuclear,14.85,48
20250715,other,0.0,48
20250715,solar,7.11,48
20250715,wind,37.44,48
20250716,biomass,11.07,48
20250716,coal,0.0,48
20250716,gas,29.84,48
20250716,hydro,0.0,48
20250716,imports,17.81,48
20250716,nuclear,15.39,48
20250716,other,0.0,48
20250716,solar,10.73,48
20250716,wind,15.11,48
20250717,biomass,11.56,48
20250717,coal,0.0,48
20250717,gas,37.19,48
20250717,hydro,0.02,48
20250717,imports,15.8,48
20250717,nuclear,15.49,48
20250717,other,0.0,48
20250717,solar,7.58,48
20250717,wind,12.33,48
20250718,biomass,9.11,48
20250718,coal,0.0,48
20250718,gas,33.1,48
20250718,hydro,0.0,48
20250718,imports,14.69,48
20250718,nuclear,15.39,48
20250718,other,0.0,48
20250718,solar,10.56,48
20250718,wind,17.14,48
20250719,biomass,5.29,48
20250719,coal,0.0,48
20250719,gas,32.0,48
20250719,hydro,0.0,48
20250719,imports,19.32,48
20250719,nuclear,17.88,48
20250719,other,0.0,48
20250719,solar,6.34,48
20250719,wind,19.14,48
20250720,biomass,5.02,48
20250720,coal,0.0,48
20250720,gas,24.61,48
20250720,hydro,0.03,48
20250720,imports,20.24,48
20250720,nuclear,19.74,48
20250720,other,0.0,48
20250720,solar,8.39,48
20250720,wind,21.95,48
20250721,biomass,6.86,48
20250721,coal,0.0,48
20250721,gas,33.97,48
20250721,hydro,0.01,48
20250721,imports,19.56,48
20250721,nuclear,17.83,48
20250721,other,0.0,48
20250721,solar,9.72,48
20250721,wind,12.03,48
20250722,biomass,4.54,48
20250722,coal,0.0,48
20250722,gas,33.57,48
20250722,hydro,0.0,48
20250722,imports,19.23,48
20250722,nuclear,17.34,48
20250722,other,0.0,48
20250722,solar,7.3,48
20250722,wind,17.96,48
20250723,biomass,8.45,48
20250723,coal,0.0,48
20250723,gas,32.08,48
20250723,hydro,0.03,48
20250723,imports,19.12,48
20250723,nuclear,17.53,48
20250723,other,0.0,48
20250723,solar,8.18,48
20250723,wind,14.61,48
20250724,biomass,7.31,48
20250724,coal,0.0,48
20250724,gas,30.3,48
20250724,hydro,0.0,48
20250724,imports,17.05,48
20250724,nuclear,16.35,48
20250724,other,0.0,48
20250724,solar,7.9,48
20250724,wind,21.05,48
20250725,biomass,7.94,48
20250725,coal,0.0,48
20250725,gas,31.46,48
20250725,hydro,0.0,48
20250725,imports,15.8,48
20250725,nuclear,17.32,48
20250725,other,0.0,48
20250725,solar,12.16,48
20250725,wind,15.27,48
20250726,biomass,8.51,48
20250726,coal,0.0,48
20250726,gas,25.16,48
20250726,hydro,0.03,48
20250726,imports,20.49,48
20250726,nuclear,19.04,48
20250726,other,0.0,48
20250726,solar,9.4,48
20250726,wind,17.35,48
20250727,biomass,4.63,48
20250727,coal,0.0,48
20250727,gas,24.7,48
20250727,hydro,0.01,48
20250727,imports,21.68,48
20250727,nuclear,18.96,48
20250727,other,0.0,48
20250727,solar,7.84,48
20250727,wind,22.18,48
20250728,biomass,8.71,48
20250728,coal,0.0,48
20250728,gas,25.53,48
20250728,hydro,0.01,48
20250728,imports,20.84,48
20250728,nuclear,16.2,48
20250728,other,0.0,48
20250728,solar,10.44,48
20250728,wind,18.23,48
20250729,biomass,11.35,48
20250729,coal,0.0,48
20250729,gas,38.6,48
20250729,hydro,0.03,48
20250729,imports,19.86,48
20250729,nuclear,16.62,48
20250729,other,0.0,48
20250729,solar,7.49,48
20250729,wind,6.03,48
20250730,biomass,11.74,48
20250730,coal,0.0,48
20250730,gas,31.63,48
20250730,hydro,0.02,48
20250730,imports,17.01,48
20250730,nuclear,15.92,48
20250730,other,0.0,48
20250730,solar,9.7,48
20250730,wind,13.96,48
20250731,biomass,11.22,48
20250731,coal,0.0,48
20250731,gas,24.22,48
20250731,hydro,0.01,48
20250731,imports,16.22,48
20250731,nuclear,15.4,48
20250731,other,0.0,48
20250731,solar,8.31,48
20250731,wind,24.59,48
20250801,biomass,9.42,48
20250801,coal,0.0,48
20250801,gas,13.69,48
20250801,hydro,0.0,48
20250801,imports,16.99,48
20250801,nuclear,14.21,48
20250801,other,0.0,48
20250801,solar,8.45,48
20250801,wind,37.2,48
20250802,biomass,9.74,48
20250802,coal,0.0,48
20250802,gas,13.59,48
20250802,hydro,0.02,48
20250802,imports,22.05,48
20250802,nuclear,15.09,48
20250802,other,0.0,48
20250802,solar,12.33,48
20250802,wind,27.18,48
20250803,biomass,3.94,48
20250803,coal,0.0,48
20250803,gas,16.97,48
20250803,hydro,0.05,48
20250803,imports,20.94,48
20250803,nuclear,15.74,48
20250803,other,0.0,48
20250803,solar,8.76,48
20250803,wind,33.61,48
20250804,biomass,3.74,48
20250804,coal,0.0,48
20250804,gas,16.36,48
20250804,hydro,0.03,48
20250804,imports,10.25,48
20250804,nuclear,13.45,48
20250804,other,0.0,48
20250804,solar,6.2,48
20250804,wind,49.96,48
20250805,biomass,2.43,48
20250805,coal,0.0,48
20250805,gas,15.11,48
20250805,hydro,0.0,48
20250805,imports,5.6,48
20250805,nuclear,12.41,48
20250805,other,0.0,48
20250805,solar,10.56,48
20250805,wind,53.86,48
20250806,biomass,6.72,48
20250806,coal,0.0,48
20250806,gas,17.69,48
20250806,hydro,0.0,48
20250806,imports,17.8,48
20250806,nuclear,13.77,48
20250806,other,0.0,48
20250806,solar,12.49,48
20250806,wind,31.49,48
20250807,biomass,6.1,48
20250807,coal,0.0,48
20250807,gas,17.3,48
20250807,hydro,0.0,48
20250807,imports,13.11,48
20250807,nuclear,11.35,48
20250807,other,0.0,48
20250807,solar,8.0,48
20250807,wind,44.1,48
20250808,biomass,6.74,48
20250808,coal,0.0,48
20250808,gas,18.85,48
20250808,hydro,0.01,48
20250808,imports,13.93,48
20250808,nuclear,11.07,48
20250808,other,0.0,48
20250808,solar,11.67,48
20250808,wind,37.7,48
20250809,biomass,4.6,48
20250809,coal,0.0,48
20250809,gas,17.14,48
20250809,hydro,0.0,48
20250809,imports,10.33,48
20250809,nuclear,13.48,48
20250809,other,0.0,48
20250809,solar,12.21,48
20250809,wind,42.21,48
20250810,biomass,5.6,48
20250810,coal,0.0,48
20250810,gas,19.61,48
20250810,hydro,0.0,48
20250810,imports,19.56,48
20250810,nuclear,16.39,48
20250810,other,0.0,48
20250810,solar,16.82,48
20250810,wind,22.0,48
20250811,biomass,9.53,40
20250811,coal,0.0,40
20250811,gas,34.97,40
20250811,hydro,0.0,40
20250811,imports,18.0,40
20250811,nuclear,10.52,40
20250811,other,0.0,40
20250811,solar,11.62,40
20250811,wind,15.3,40
20250812,biomass,10.15,48
20250812,coal,0.0,48
20250812,gas,39.61,48
20250812,hydro,0.0,48
20250812,imports,16.84,48
20250812,nuclear,10.72,48
20250812,other,0.0,48
20250812,solar,11.36,48
20250812,wind,11.28,48
20250813,biomass,9.98,48
20250813,coal,0.0,48
20250813,gas,43.37,48
20250813,hydro,0.03,48
20250813,imports,14.45,48
20250813,nuclear,10.63,48
20250813,other,0.0,48
20250813,solar,8.95,48
20250813,wind,12.58,48
20250814,biomass,10.03,48
20250814,coal,0.0,48
20250814,gas,37.46,48
20250814,hydro,0.0,48
20250814,imports,15.7,48
20250814,nuclear,10.37,48
20250814,other,0.0,48
20250814,solar,8.72,48
20250814,wind,17.68,48
20250815,biomass,10.89,48
20250815,coal,0.0,48
20250815,gas,30.93,48
20250815,hydro,0.0,48
20250815,imports,18.2,48
20250815,nuclear,11.03,48
20250815,other,0.0,48
20250815,solar,12.16,48
20250815,wind,16.76,48
20250816,biomass,10.52,48
20250816,coal,0.0,48
20250816,gas,26.73,48
20250816,hydro,0.04,48
20250816,imports,23.54,48
20250816,nuclear,12.86,48
20250816,other,0.0,48
20250816,solar,9.45,48
20250816,wind,16.87,48
20250817,biomass,11.49,48
20250817,coal,0.0,48
20250817,gas,23.5,48
20250817,hydro,0.04,48
20250817,imports,22.35,48
20250817,nuclear,13.13,48
20250817,other,0.0,48
20250817,solar,14.85,48
20250817,wind,14.63,48
20250818,biomass,12.26,48
20250818,coal,0.0,48
20250818,gas,41.64,48
20250818,hydro,0.01,48
20250818,imports,16.83,48
20250818,nuclear,11.2,48
20250818,other,0.0,48
20250818,solar,5.05,48
20250818,wind,12.99,48
20250819,biomass,11.06,48
20250819,coal,0.0,48
20250819,gas,31.7,48
20250819,hydro,0.0,48
20250819,imports,15.89,48
20250819,nuclear,10.58,48
20250819,other,0.0,48
20250819,solar,5.69,48
20250819,wind,25.03,48
20250820,biomass,8.72,48
20250820,coal,0.0,48
20250820,gas,30.24,48
20250820,hydro,0.0,48
20250820,imports,14.01,48
20250820,nuclear,10.82,48
20250820,other,0.0,48
20250820,solar,5.99,48
20250820,wind,30.17,48
20250821,biomass,9.63,48
20250821,coal,0.0,48
20250821,gas,33.45,48
20250821,hydro,0.0,48
20250821,imports,18.1,48
20250821,nuclear,11.1,48
20250821,other,0.0,48
20250821,solar,8.17,48
20250821,wind,19.53,48
20250822,biomass,12.2,48
20250822,coal,0.0,48
20250822,gas,37.59,48
20250822,hydro,0.01,48
20250822,imports,19.92,48
20250822,nuclear,11.91,48
20250822,other,0.0,48
20250822,solar,9.55,48
20250822,wind,8.77,48
20250823,biomass,12.6,48
20250823,coal,0.0,48
20250823,gas,36.1,48
20250823,hydro,0.03,48
20250823,imports,23.33,48
20250823,nuclear,13.86,48
20250823,other,0.0,48
20250823,solar,8.3,48
20250823,wind,5.76,48
20250824,biomass,8.44,48
20250824,coal,0.0,48
20250824,gas,31.78,48
20250824,hydro,0.03,48
20250824,imports,25.69,48
20250824,nuclear,15.18,48
20250824,other,0.0,48
20250824,solar,11.21,48
20250824,wind,7.64,48
20250825,biomass,7.86,48
20250825,coal,0.0,48
20250825,gas,21.2,48
20250825,hydro,0.0,48
20250825,imports,14.24,48
20250825,nuclear,13.7,48
20250825,other,0.0,48
20250825,solar,14.05,48
20250825,wind,28.93,48
20250826,biomass,7.92,48
20250826,coal,0.0,48
20250826,gas,26.81,48
20250826,hydro,0.0,48
20250826,imports,11.34,48
20250826,nuclear,11.84,48
20250826,other,0.0,48
20250826,solar,8.95,48
20250826,wind,33.11,48
20250827,biomass,10.75,48
20250827,coal,0.0,48
20250827,gas,25.35,48
20250827,hydro,0.03,48
20250827,imports,11.25,48
20250827,nuclear,11.17,48
20250827,other,0.0,48
20250827,solar,7.83,48
20250827,wind,33.6,48
20250828,biomass,11.3,48
20250828,coal,0.0,48
20250828,gas,24.68,48
20250828,hydro,0.01,48
20250828,imports,11.86,48
20250828,nuclear,11.53,48
20250828,other,0.0,48
20250828,solar,8.06,48
20250828,wind,32.51,48
20250829,biomass,9.25,48
20250829,coal,0.0,48
20250829,gas,24.48,48
20250829,hydro,0.01,48
20250829,imports,14.31,48
20250829,nuclear,13.21,48
20250829,other,0.0,48
20250829,solar,8.25,48
20250829,wind,30.47,48
20250830,biomass,7.14,48
20250830,coal,0.0,48
20250830,gas,15.27,48
20250830,hydro,0.04,48
20250830,imports,11.33,48
20250830,nuclear,14.76,48
20250830,other,0.0,48
20250830,solar,7.01,48
20250830,wind,44.45,48
20250831,biomass,2.63,48
20250831,coal,0.0,48
20250831,gas,12.47,48
20250831,hydro,0.0,48
20250831,imports,3.59,48
20250831,nuclear,13.44,48
20250831,other,0.0,48
20250831,solar,10.05,48
20250831,wind,57.78,48
20250901,biomass,3.38,48
20250901,coal,0.0,48
20250901,gas,14.15,48
20250901,hydro,0.0,48
20250901,imports,7.44,48
20250901,nuclear,12.43,48
20250901,other,0.0,48
20250901,solar,7.48,48
20250901,wind,55.08,48
20250902,biomass,8.17,48
20250902,coal,0.0,48
20250902,gas,29.88,48
20250902,hydro,0.0,48
20250902,imports,12.23,48
20250902,nuclear,13.88,48
20250902,other,0.0,48
20250902,solar,6.53,48
20250902,wind,29.29,48
20250903,biomass,10.69,48
20250903,coal,0.0,48
20250903,gas,18.54,48
20250903,hydro,0.02,48
20250903,imports,11.62,48
20250903,nuclear,15.09,48
20250903,other,0.0,48
20250903,solar,5.55,48
20250903,wind,38.48,48
20250904,biomass,8.81,48
20250904,coal,0.0,48
20250904,gas,25.69,48
20250904,hydro,0.02,48
20250904,imports,11.35,48
20250904,nuclear,14.6,48
20250904,other,0.0,48
20250904,solar,7.62,48
20250904,wind,31.9,48
20250905,biomass,11.31,48
20250905,coal,0.0,48
20250905,gas,29.74,48
20250905,hydro,0.0,48
20250905,imports,15.2,48
20250905,nuclear,13.06,48
20250905,other,0.0,48
20250905,solar,9.76,48
20250905,wind,20.88,48
20250906,biomass,7.02,48
20250906,coal,0.0,48
20250906,gas,13.94,48
20250906,hydro,0.01,48
20250906,imports,15.94,48
20250906,nuclear,12.99,48
20250906,other,0.0,48
20250906,solar,9.83,48
20250906,wind,40.24,48
20250907,biomass,4.53,48
20250907,coal,0.0,48
20250907,gas,12.17,48
20250907,hydro,0.01,48
20250907,imports,8.89,48
20250907,nuclear,11.65,48
20250907,other,0.0,48
20250907,solar,5.2,48
20250907,wind,57.51,48
20250908,biomass,9.21,48
20250908,coal,0.0,48
20250908,gas,28.24,48
20250908,hydro,0.03,48
20250908,imports,11.74,48
20250908,nuclear,12.95,48
20250908,other,0.0,48
20250908,solar,10.79,48
20250908,wind,27.03,48
20250909,biomass,8.8,48
20250909,coal,0.0,48
20250909,gas,33.74,48
20250909,hydro,0.0,48
20250909,imports,9.64,48
20250909,nuclear,11.54,48
20250909,other,0.0,48
20250909,solar,8.27,48
20250909,wind,27.97,48
20250910,biomass,7.59,48
20250910,coal,0.0,48
20250910,gas,12.13,48
20250910,hydro,0.0,48
20250910,imports,7.74,48
20250910,nuclear,11.19,48
20250910,other,0.0,48
20250910,solar,4.8,48
20250910,wind,56.49,48
20250911,biomass,3.03,48
20250911,coal,0.0,48
20250911,gas,11.16,48
20250911,hydro,0.0,48
20250911,imports,8.2,48
20250911,nuclear,10.88,48
20250911,other,0.0,48
20250911,solar,7.63,48
20250911,wind,59.05,48
20250912,biomass,3.45,48
20250912,coal,0.0,48
20250912,gas,13.31,48
20250912,hydro,0.01,48
20250912,imports,6.44,48
20250912,nuclear,11.32,48
20250912,other,0.0,48
20250912,solar,8.38,48
20250912,wind,57.03,48
20250913,biomass,4.37,48
20250913,coal,0.0,48
20250913,gas,14.85,48
20250913,hydro,0.01,48
20250913,imports,12.23,48
20250913,nuclear,13.06,48
20250913,other,0.0,48
20250913,solar,9.18,48
20250913,wind,46.25,48
20250914,biomass,7.23,48
20250914,coal,0.0,48
20250914,gas,17.9,48
20250914,hydro,0.04,48
20250914,imports,15.46,48
20250914,nuclear,13.62,48
20250914,other,0.0,48
20250914,solar,3.67,48
20250914,wind,42.08,48
20250915,biomass,3.17,48
20250915,coal,0.0,48
20250915,gas,10.83,48
20250915,hydro,0.01,48
20250915,imports,5.95,48
20250915,nuclear,9.05,48
20250915,other,0.0,48
20250915,solar,6.42,48
20250915,wind,64.55,48
20250916,biomass,4.44,48
20250916,coal,0.0,48
20250916,gas,15.6,48
20250916,hydro,0.01,48
20250916,imports,7.62,48
20250916,nuclear,8.68,48
20250916,other,0.0,48
20250916,solar,7.39,48
20250916,wind,56.22,48
20250917,biomass,8.55,48
20250917,coal,0.0,48
20250917,gas,14.05,48
20250917,hydro,0.03,48
20250917,imports,10.53,48
20250917,nuclear,9.36,48
20250917,other,0.0,48
20250917,solar,3.1,48
20250917,wind,54.35,48
20250918,biomass,5.78,48
20250918,coal,0.0,48
20250918,gas,18.45,48
20250918,hydro,0.01,48
20250918,imports,5.58,48
20250918,nuclear,8.48,48
20250918,other,0.0,48
20250918,solar,4.37,48
20250918,wind,57.29,48
20250919,biomass,8.64,48
20250919,coal,0.0,48
20250919,gas,24.96,48
20250919,hydro,0.01,48
20250919,imports,11.75,48
20250919,nuclear,8.97,48
20250919,other,0.0,48
20250919,solar,7.0,48
20250919,wind,38.62,48
20250920,biomass,11.24,48
20250920,coal,0.0,48
20250920,gas,25.7,48
20250920,hydro,0.04,48
20250920,imports,14.11,48
20250920,nuclear,9.76,48
20250920,other,0.0,48
20250920,solar,2.99,48
20250920,wind,36.14,48
20250921,biomass,6.26,48
20250921,coal,0.0,48
20250921,gas,15.47,48
20250921,hydro,0.01,48
20250921,imports,10.06,48
20250921,nuclear,9.18,48
20250921,other,0.0,48
20250921,solar,9.65,48
20250921,wind,49.32,48
20250922,biomass,9.9,48
20250922,coal,0.0,48
20250922,gas,25.5,48
20250922,hydro,0.0,48
20250922,imports,14.12,48
20250922,nuclear,8.86,48
20250922,other,0.0,48
20250922,solar,9.99,48
20250922,wind,31.6,48
20250923,biomass,11.65,48
20250923,coal,0.0,48
20250923,gas,41.26,48
20250923,hydro,0.01,48
20250923,imports,13.13,48
20250923,nuclear,8.94,48
20250923,other,0.0,48
20250923,solar,8.3,48
20250923,wind,16.66,48
20250924,biomass,11.62,48
20250924,coal,0.0,48
20250924,gas,34.02,48
20250924,hydro,0.02,48
20250924,imports,14.48,48
20250924,nuclear,8.95,48
20250924,other,0.0,48
20250924,solar,7.33,48
20250924,wind,23.56,48
20250925,biomass,11.38,48
20250925,coal,0.0,48
20250925,gas,24.15,48
20250925,hydro,0.03,48
20250925,imports,14.43,48
20250925,nuclear,9.13,48
20250925,other,0.0,48
20250925,solar,9.83,48
20250925,wind,31.02,48
20250926,biomass,11.88,48
20250926,coal,0.0,48
20250926,gas,30.39,48
20250926,hydro,0.01,48
20250926,imports,12.28,48
20250926,nuclear,9.15,48
20250926,other,0.0,48
20250926,solar,4.72,48
20250926,wind,31.55,48
20250927,biomass,9.93,48
20250927,coal,0.0,48
20250927,gas,26.46,48
20250927,hydro,0.01,48
20250927,imports,12.96,48
20250927,nuclear,9.22,48
20250927,other,0.0,48
20250927,solar,4.48,48
20250927,wind,36.94,48
20250928,biomass,11.74,48
20250928,coal,0.0,48
20250928,gas,41.09,48
20250928,hydro,0.01,48
20250928,imports,17.86,48
20250928,nuclear,9.83,48
20250928,other,0.0,48
20250928,solar,7.82,48
20250928,wind,11.61,48
20250929,biomass,11.28,48
20250929,coal,0.0,48
20250929,gas,51.47,48
20250929,hydro,0.0,48
20250929,imports,12.51,48
20250929,nuclear,8.74,48
20250929,other,0.0,48
20250929,solar,6.95,48
20250929,wind,9.0,48
20250930,biomass,10.63,48
20250930,coal,0.0,48
20250930,gas,42.76,48
20250930,hydro,0.0,48
20250930,imports,11.14,48
20250930,nuclear,8.45,48
20250930,other,0.0,48
20250930,solar,7.21,48
20250930,wind,19.76,48
20251001,biomass,10.56,48
20251001,coal,0.0,48
20251001,gas,34.03,48
20251001,hydro,0.0,48
20251001,imports,10.51,48
20251001,nuclear,8.35,48
20251001,other,0.0,48
20251001,solar,4.0,48
20251001,wind,32.52,48
20251002,biomass,8.96,48
20251002,coal,0.0,48
20251002,gas,21.76,48
20251002,hydro,0.0,48
20251002,imports,12.0,48
20251002,nuclear,8.56,48
20251002,other,0.0,48
20251002,solar,3.58,48
20251002,wind,45.12,48
20251003,biomass,2.91,48
20251003,coal,0.0,48
20251003,gas,17.29,48
20251003,hydro,0.01,48
20251003,imports,7.28,48
20251003,nuclear,8.74,48
20251003,other,0.0,48
20251003,solar,1.02,48
20251003,wind,62.71,48
20251004,biomass,1.79,48
20251004,coal,0.0,48
20251004,gas,12.24,48
20251004,hydro,0.02,48
20251004,imports,2.37,48
20251004,nuclear,8.89,48
20251004,other,0.0,48
20251004,solar,5.13,48
20251004,wind,69.56,48
20251005,biomass,1.25,48
20251005,coal,0.0,48
20251005,gas,11.46,48
20251005,hydro,0.0,48
20251005,imports,7.62,48
20251005,nuclear,8.72,48
20251005,other,0.0,48
20251005,solar,6.03,48
20251005,wind,64.89,48
20251006,biomass,5.35,48
20251006,coal,0.0,48
20251006,gas,27.23,48
20251006,hydro,0.02,48
20251006,imports,8.65,48
20251006,nuclear,8.65,48
20251006,other,0.0,48
20251006,solar,6.94,48
20251006,wind,43.15,48
20251007,biomass,7.16,48
20251007,coal,0.0,48
20251007,gas,42.24,48
20251007,hydro,0.0,48
20251007,imports,7.03,48
20251007,nuclear,8.23,48
20251007,other,0.0,48
20251007,solar,3.17,48
20251007,wind,32.13,48
20251008,biomass,7.68,48
20251008,coal,0.0,48
20251008,gas,48.91,48
20251008,hydro,0.0,48
20251008,imports,7.11,48
20251008,nuclear,9.03,48
20251008,other,0.0,48
20251008,solar,3.44,48
20251008,wind,23.81,48
20251009,biomass,8.18,48
20251009,coal,0.0,48
20251009,gas,34.97,48
20251009,hydro,0.01,48
20251009,imports,10.89,48
20251009,nuclear,9.85,48
20251009,other,0.0,48
20251009,solar,4.18,48
20251009,wind,31.89,48
20251010,biomass,7.51,48
20251010,coal,0.0,48
20251010,gas,43.04,48
20251010,hydro,0.01,48
20251010,imports,14.31,48
20251010,nuclear,10.21,48
20251010,other,0.0,48
20251010,solar,2.61,48
20251010,wind,22.28,48
20251011,biomass,6.05,48
20251011,coal,0.0,48
20251011,gas,46.87,48
20251011,hydro,0.0,48
20251011,imports,18.2,48
20251011,nuclear,11.79,48
20251011,other,0.0,48
20251011,solar,4.29,48
20251011,wind,12.78,48
20251012,biomass,6.0,48
20251012,coal,0.0,48
20251012,gas,54.76,48
20251012,hydro,0.03,48
20251012,imports,17.65,48
20251012,nuclear,12.81,48
20251012,other,0.0,48
20251012,solar,3.94,48
20251012,wind,4.81,48
20251013,biomass,5.89,48
20251013,coal,0.0,48
20251013,gas,64.19,48
20251013,hydro,0.0,48
20251013,imports,10.75,48
20251013,nuclear,11.28,48
20251013,other,0.0,48
20251013,solar,1.78,48
20251013,wind,6.1,48
20251014,biomass,6.88,48
20251014,coal,0.0,48
20251014,gas,62.53,48
20251014,hydro,0.0,48
20251014,imports,9.85,48
20251014,nuclear,10.88,48
20251014,other,0.0,48
20251014,solar,1.49,48
20251014,wind,8.35,48
20251015,biomass,7.27,48
20251015,coal,0.0,48
20251015,gas,58.65,48
20251015,hydro,0.0,48
20251015,imports,10.57,48
20251015,nuclear,11.42,48
20251015,other,0.0,48
20251015,solar,1.69,48
20251015,wind,10.37,48
20251016,biomass,7.36,48
20251016,coal,0.0,48
20251016,gas,55.3,48
20251016,hydro,0.0,48
20251016,imports,12.17,48
20251016,nuclear,12.7,48
20251016,other,0.0,48
20251016,solar,2.51,48
20251016,wind,9.93,48
20251017,biomass,7.61,48
20251017,coal,0.0,48
20251017,gas,58.79,48
20251017,hydro,0.0,48
20251017,imports,12.12,48
20251017,nuclear,13.39,48
20251017,other,0.0,48
20251017,solar,2.06,48
20251017,wind,5.99,48
20251018,biomass,7.96,48
20251018,coal,0.0,48
20251018,gas,32.3,48
20251018,hydro,0.02,48
20251018,imports,14.39,48
20251018,nuclear,14.87,48
20251018,other,0.0,48
20251018,solar,1.98,48
20251018,wind,28.45,48
20251019,biomass,4.26,48
20251019,coal,0.0,48
20251019,gas,11.59,48
20251019,hydro,0.0,48
20251019,imports,11.37,48
20251019,nuclear,13.89,48
20251019,other,0.0,48
20251019,solar,1.37,48
20251019,wind,57.51,48
20251020,biomass,7.56,48
20251020,coal,0.0,48
20251020,gas,30.65,48
20251020,hydro,0.01,48
20251020,imports,16.19,48
20251020,nuclear,13.92,48
20251020,other,0.0,48
20251020,solar,2.43,48
20251020,wind,29.21,48
20251021,biomass,9.41,48
20251021,coal,0.0,48
20251021,gas,18.35,48
20251021,hydro,0.03,48
20251021,imports,14.26,48
20251021,nuclear,14.59,48
20251021,other,0.0,48
20251021,solar,3.22,48
20251021,wind,40.11,48
20251022,biomass,8.25,48
20251022,coal,0.0,48
20251022,gas,39.65,48
20251022,hydro,0.0,48
20251022,imports,10.42,48
20251022,nuclear,12.66,48
20251022,other,0.0,48
20251022,solar,4.03,48
20251022,wind,24.97,48
20251023,biomass,9.28,48
20251023,coal,0.0,48
20251023,gas,11.1,48
20251023,hydro,0.0,48
20251023,imports,16.19,48
20251023,nuclear,12.88,48
20251023,other,0.0,48
20251023,solar,2.7,48
20251023,wind,47.83,48
20251024,biomass,4.86,48
20251024,coal,0.0,48
20251024,gas,9.38,48
20251024,hydro,0.0,48
20251024,imports,12.01,48
20251024,nuclear,12.31,48
20251024,other,0.0,48
20251024,solar,4.68,48
20251024,wind,56.71,48
20251025,biomass,1.71,48
20251025,coal,0.0,48
20251025,gas,11.26,48
20251025,hydro,0.0,48
20251025,imports,5.56,48
20251025,nuclear,11.88,48
20251025,other,0.0,48
20251025,solar,4.61,48
20251025,wind,64.94,48
20251026,biomass,3.43,50
20251026,coal,0.0,50
20251026,gas,9.29,50
20251026,hydro,0.0,50
20251026,imports,11.97,50
20251026,nuclear,12.74,50
20251026,other,0.0,50
20251026,solar,1.21,50
20251026,wind,61.33,50
20251027,biomass,6.62,48
20251027,coal,0.0,48
20251027,gas,16.3,48
20251027,hydro,0.01,48
20251027,imports,10.68,48
20251027,nuclear,12.56,48
20251027,other,0.0,48
20251027,solar,4.13,48
20251027,wind,49.68,48
20251028,biomass,5.2,48
20251028,coal,0.0,48
20251028,gas,10.63,48
20251028,hydro,0.02,48
20251028,imports,8.32,48
20251028,nuclear,12.15,48
20251028,other,0.0,48
20251028,solar,4.01,48
20251028,wind,59.66,48
20251029,biomass,8.61,48
20251029,coal,0.0,48
20251029,gas,27.02,48
20251029,hydro,0.0,48
20251029,imports,8.94,48
20251029,nuclear,12.81,48
20251029,other,0.0,48
20251029,solar,2.09,48
20251029,wind,40.5,48
20251030,biomass,8.67,48
20251030,coal,0.0,48
20251030,gas,25.59,48
20251030,hydro,0.0,48
20251030,imports,11.58,48
20251030,nuclear,12.54,48
20251030,other,0.0,48
20251030,solar,2.78,48
20251030,wind,38.78,48
20251031,biomass,6.1,48
20251031,coal,0.0,48
20251031,gas,13.5,48
20251031,hydro,0.0,48
20251031,imports,6.04,48
20251031,nuclear,11.57,48
20251031,other,0.0,48
20251031,solar,1.6,48
20251031,wind,61.16,48
20251101,biomass,5.5,48
20251101,coal,0.0,48
20251101,gas,11.64,48
20251101,hydro,0.0,48
20251101,imports,7.04,48
20251101,nuclear,12.72,48
20251101,other,0.0,48
20251101,solar,3.87,48
20251101,wind,59.19,48
20251102,biomass,9.06,48
20251102,coal,0.0,48
20251102,gas,15.34,48
20251102,hydro,0.01,48
20251102,imports,9.04,48
20251102,nuclear,13.27,48
20251102,other,0.0,48
20251102,solar,4.75,48
20251102,wind,48.51,48
20251103,biomass,5.46,48
20251103,coal,0.0,48
20251103,gas,13.36,48
20251103,hydro,0.0,48
20251103,imports,5.48,48
20251103,nuclear,11.66,48
20251103,other,0.0,48
20251103,solar,1.88,48
20251103,wind,62.1,48
20251104,biomass,8.22,48
20251104,coal,0.0,48
20251104,gas,15.34,48
20251104,hydro,0.0,48
20251104,imports,9.68,48
20251104,nuclear,12.08,48
20251104,other,0.0,48
20251104,solar,1.7,48
20251104,wind,52.95,48
20251105,biomass,9.5,48
20251105,coal,0.0,48
20251105,gas,22.9,48
20251105,hydro,0.0,48
20251105,imports,11.89,48
20251105,nuclear,12.44,48
20251105,other,0.0,48
20251105,solar,1.47,48
20251105,wind,41.75,48
20251106,biomass,9.83,48
20251106,coal,0.0,48
20251106,gas,49.33,48
20251106,hydro,0.0,48
20251106,imports,11.61,48
20251106,nuclear,12.44,48
20251106,other,0.0,48
20251106,solar,1.72,48
20251106,wind,15.03,48
20251107,biomass,9.69,48
20251107,coal,0.0,48
20251107,gas,49.23,48
20251107,hydro,0.0,48
20251107,imports,10.12,48
20251107,nuclear,11.62,48
20251107,other,0.0,48
20251107,solar,1.31,48
20251107,wind,18.01,48
20251108,biomass,10.16,48
20251108,coal,0.0,48
20251108,gas,44.45,48
20251108,hydro,0.0,48
20251108,imports,12.33,48
20251108,nuclear,11.26,48
20251108,other,0.0,48
20251108,solar,3.99,48
20251108,wind,17.77,48
20251109,biomass,11.21,48
20251109,coal,0.0,48
20251109,gas,33.29,48
20251109,hydro,0.02,48
20251109,imports,10.92,48
20251109,nuclear,11.03,48
20251109,other,0.0,48
20251109,solar,1.89,48
20251109,wind,31.6,48
20251110,biomass,9.74,48
20251110,coal,0.0,48
20251110,gas,28.93,48
20251110,hydro,0.0,48
20251110,imports,11.38,48
20251110,nuclear,9.64,48
20251110,other,0.0,48
20251110,solar,1.45,48
20251110,wind,38.83,48
20251111,biomass,9.66,48
20251111,coal,0.0,48
20251111,gas,18.41,48
20251111,hydro,0.0,48
20251111,imports,11.86,48
20251111,nuclear,10.03,48
20251111,other,0.0,48
20251111,solar,0.88,48
20251111,wind,49.13,48
20251112,biomass,7.59,48
20251112,coal,0.0,48
20251112,gas,21.24,48
20251112,hydro,0.0,48
20251112,imports,10.92,48
20251112,nuclear,10.28,48
20251112,other,0.0,48
20251112,solar,1.33,48
20251112,wind,48.6,48
20251113,biomass,8.07,48
20251113,coal,0.0,48
20251113,gas,24.85,48
20251113,hydro,0.0,48
20251113,imports,9.09,48
20251113,nuclear,10.26,48
20251113,other,0.0,48
20251113,solar,2.91,48
20251113,wind,44.79,48
20251114,biomass,8.95,48
20251114,coal,0.0,48
20251114,gas,16.05,48
20251114,hydro,0.0,48
20251114,imports,7.45,48
20251114,nuclear,9.75,48
20251114,other,0.0,48
20251114,solar,0.42,48
20251114,wind,57.35,48
20251115,biomass,10.18,48
20251115,coal,0.0,48
20251115,gas,21.7,48
20251115,hydro,0.0,48
20251115,imports,9.82,48
20251115,nuclear,10.9,48
20251115,other,0.0,48
20251115,solar,1.1,48
20251115,wind,46.27,48
20251116,biomass,11.08,48
20251116,coal,0.0,48
20251116,gas,33.49,48
20251116,hydro,0.0,48
20251116,imports,10.6,48
20251116,nuclear,11.22,48
20251116,other,0.0,48
20251116,solar,1.67,48
20251116,wind,31.91,48
20251117,biomass,9.54,48
20251117,coal,0.0,48
20251117,gas,32.1,48
20251117,hydro,0.0,48
20251117,imports,8.84,48
20251117,nuclear,10.31,48
20251117,other,0.0,48
20251117,solar,3.78,48
20251117,wind,35.37,48
20251118,biomass,9.44,48
20251118,coal,0.0,48
20251118,gas,42.59,48
20251118,hydro,0.0,48
20251118,imports,6.62,48
20251118,nuclear,10.59,48
20251118,other,0.0,48
20251118,solar,1.77,48
20251118,wind,28.96,48
20251119,biomass,8.34,48
20251119,coal,0.0,48
20251119,gas,29.91,48
20251119,hydro,0.0,48
20251119,imports,4.27,48
20251119,nuclear,9.53,48
20251119,other,0.0,48
20251119,solar,1.95,48
20251119,wind,45.99,48
20251120,biomass,8.1,48
20251120,coal,0.0,48
20251120,gas,41.06,48
20251120,hydro,0.0,48
20251120,imports,2.63,48
20251120,nuclear,9.2,48
20251120,other,0.0,48
20251120,solar,2.5,48
20251120,wind,36.46,48
20251121,biomass,8.72,48
20251121,coal,0.0,48
20251121,gas,50.45,48
20251121,hydro,0.0,48
20251121,imports,3.95,48
20251121,nuclear,10.03,48
20251121,other,0.0,48
20251121,solar,3.42,48
20251121,wind,23.41,48
20251122,biomass,9.88,48
20251122,coal,0.0,48
20251122,gas,29.17,48
20251122,hydro,0.0,48
20251122,imports,10.66,48
20251122,nuclear,12.04,48
20251122,other,0.0,48
20251122,solar,0.83,48
20251122,wind,37.38,48
20251123,biomass,9.26,48
20251123,coal,0.0,48
20251123,gas,11.0,48
20251123,hydro,0.02,48
20251123,imports,11.55,48
20251123,nuclear,13.63,48
20251123,other,0.0,48
20251123,solar,2.58,48
20251123,wind,51.95,48
20251124,biomass,9.11,48
20251124,coal,0.0,48
20251124,gas,33.98,48
20251124,hydro,0.01,48
20251124,imports,4.61,48
20251124,nuclear,11.25,48
20251124,other,0.0,48
20251124,solar,1.13,48
20251124,wind,39.89,48
20251125,biomass,8.76,48
20251125,coal,0.0,48
20251125,gas,44.56,48
20251125,hydro,0.0,48
20251125,imports,5.78,48
20251125,nuclear,11.05,48
20251125,other,0.0,48
20251125,solar,2.9,48
20251125,wind,26.91,48
20251126,biomass,8.14,48
20251126,coal,0.0,48
20251126,gas,44.72,48
20251126,hydro,0.0,48
20251126,imports,3.87,48
20251126,nuclear,10.5,48
20251126,other,0.0,48
20251126,solar,2.03,48
20251126,wind,30.69,48
20251127,biomass,8.42,48
20251127,coal,0.0,48
20251127,gas,18.63,48
20251127,hydro,0.0,48
20251127,imports,3.95,48
20251127,nuclear,11.61,48
20251127,other,0.0,48
20251127,solar,0.7,48
20251127,wind,56.66,48
20251128,biomass,7.58,48
20251128,coal,0.0,48
20251128,gas,17.68,48
20251128,hydro,0.0,48
20251128,imports,4.62,48
20251128,nuclear,11.72,48
20251128,other,0.0,48
20251128,solar,2.09,48
20251128,wind,56.28,48
20251129,biomass,10.06,48
20251129,coal,0.0,48
20251129,gas,14.68,48
20251129,hydro,0.01,48
20251129,imports,11.3,48
20251129,nuclear,13.82,48
20251129,other,0.0,48
20251129,solar,1.2,48
20251129,wind,48.92,48
20251130,biomass,9.79,48
20251130,coal,0.0,48
20251130,gas,30.87,48
20251130,hydro,0.0,48
20251130,imports,10.42,48
20251130,nuclear,13.02,48
20251130,other,0.0,48
20251130,solar,2.39,48
20251130,wind,33.5,48
20251201,biomass,7.48,48
20251201,coal,0.0,48
20251201,gas,21.31,48
20251201,hydro,0.0,48
20251201,imports,11.25,48
20251201,nuclear,12.23,48
20251201,other,0.0,48
20251201,solar,0.28,48
20251201,wind,47.42,48
20251202,biomass,6.7,48
20251202,coal,0.0,48
20251202,gas,31.43,48
20251202,hydro,0.0,48
20251202,imports,8.67,48
20251202,nuclear,11.75,48
20251202,other,0.0,48
20251202,solar,2.41,48
20251202,wind,39.0,48
20251203,biomass,7.63,48
20251203,coal,0.0,48
20251203,gas,43.07,48
20251203,hydro,0.0,48
20251203,imports,6.82,48
20251203,nuclear,10.86,48
20251203,other,0.0,48
20251203,solar,2.29,48
20251203,wind,29.29,48
20251204,biomass,7.81,48
20251204,coal,0.0,48
20251204,gas,33.72,48
20251204,hydro,0.0,48
20251204,imports,8.02,48
20251204,nuclear,10.94,48
20251204,other,0.0,48
20251204,solar,0.64,48
20251204,wind,38.83,48
20251205,biomass,7.48,48
20251205,coal,0.0,48
20251205,gas,34.01,48
20251205,hydro,0.0,48
20251205,imports,6.36,48
20251205,nuclear,9.9,48
20251205,other,0.0,48
20251205,solar,1.07,48
20251205,wind,41.14,48
20251206,biomass,7.21,48
20251206,coal,0.0,48
20251206,gas,14.84,48
20251206,hydro,0.0,48
20251206,imports,15.41,48
20251206,nuclear,11.37,48
20251206,other,0.0,48
20251206,solar,1.14,48
20251206,wind,49.99,48
20251207,biomass,9.19,48
20251207,coal,0.0,48
20251207,gas,16.59,48
20251207,hydro,0.0,48
20251207,imports,18.39,48
20251207,nuclear,12.86,48
20251207,other,0.0,48
20251207,solar,0.4,48
20251207,wind,42.54,48
20251208,biomass,7.89,48
20251208,coal,0.0,48
20251208,gas,14.52,48
20251208,hydro,0.0,48
20251208,imports,13.1,48
20251208,nuclear,11.73,48
20251208,other,0.0,48
20251208,solar,0.99,48
20251208,wind,51.73,48
20251209,biomass,6.67,48
20251209,coal,0.0,48
20251209,gas,13.39,48
20251209,hydro,0.0,48
20251209,imports,9.64,48
20251209,nuclear,10.29,48
20251209,other,0.0,48
20251209,solar,0.33,48
20251209,wind,59.64,48
20251210,biomass,6.3,48
20251210,coal,0.0,48
20251210,gas,15.21,48
20251210,hydro,0.0,48
20251210,imports,6.27,48
20251210,nuclear,10.15,48
20251210,other,0.0,48
20251210,solar,2.01,48
20251210,wind,60.01,48
20251211,biomass,7.18,48
20251211,coal,0.0,48
20251211,gas,23.95,48
20251211,hydro,0.0,48
20251211,imports,7.08,48
20251211,nuclear,9.83,48
20251211,other,0.0,48
20251211,solar,1.5,48
20251211,wind,50.42,48
20251212,biomass,8.98,48
20251212,coal,0.0,48
20251212,gas,41.09,48
20251212,hydro,0.0,48
20251212,imports,9.44,48
20251212,nuclear,10.48,48
20251212,other,0.0,48
20251212,solar,1.21,48
20251212,wind,28.77,48
20251213,biomass,9.02,48
20251213,coal,0.0,48
20251213,gas,22.13,48
20251213,hydro,0.0,48
20251213,imports,10.46,48
20251213,nuclear,11.18,48
20251213,other,0.0,48
20251213,solar,2.5,48
20251213,wind,44.68,48
20251214,biomass,3.27,48
20251214,coal,0.0,48
20251214,gas,13.9,48
20251214,hydro,0.01,48
20251214,imports,5.77,48
20251214,nuclear,11.44,48
20251214,other,0.0,48
20251214,solar,1.68,48
20251214,wind,63.89,48
20251215,biomass,6.93,48
20251215,coal,0.0,48
20251215,gas,33.32,48
20251215,hydro,0.0,48
20251215,imports,10.24,48
20251215,nuclear,10.96,48
20251215,other,0.0,48
20251215,solar,0.57,48
20251215,wind,37.95,48
20251216,biomass,8.47,48
20251216,coal,0.0,48
20251216,gas,48.1,48
20251216,hydro,0.0,48
20251216,imports,11.03,48
20251216,nuclear,10.43,48
20251216,other,0.0,48
20251216,solar,1.13,48
20251216,wind,20.8,48
20251217,biomass,7.15,48
20251217,coal,0.0,48
20251217,gas,32.38,48
20251217,hydro,0.0,48
20251217,imports,6.87,48
20251217,nuclear,9.47,48
20251217,other,0.0,48
20251217,solar,0.41,48
20251217,wind,43.69,48
20251218,biomass,5.82,48
20251218,coal,0.0,48
20251218,gas,17.68,48
20251218,hydro,0.0,48
20251218,imports,13.17,48
20251218,nuclear,9.97,48
20251218,other,0.0,48
20251218,solar,0.19,48
20251218,wind,53.11,48
20251219,biomass,6.65,48
20251219,coal,0.0,48
20251219,gas,22.58,48
20251219,hydro,0.0,48
20251219,imports,7.7,48
20251219,nuclear,10.6,48
20251219,other,0.0,48
20251219,solar,2.37,48
20251219,wind,50.09,48
20251220,biomass,7.59,48
20251220,coal,0.0,48
20251220,gas,29.42,48
20251220,hydro,0.02,48
20251220,imports,13.03,48
20251220,nuclear,11.62,48
20251220,other,0.0,48
20251220,solar,2.04,48
20251220,wind,36.26,48
20251221,biomass,8.54,48
20251221,coal,0.0,48
20251221,gas,26.62,48
20251221,hydro,0.0,48
20251221,imports,16.29,48
20251221,nuclear,11.37,48
20251221,other,0.0,48
20251221,solar,0.52,48
20251221,wind,36.62,48
20251222,biomass,6.3,48
20251222,coal,0.0,48
20251222,gas,28.6,48
20251222,hydro,0.0,48
20251222,imports,15.2,48
20251222,nuclear,10.89,48
20251222,other,0.0,48
20251222,solar,1.12,48
20251222,wind,37.86,48
20251223,biomass,6.64,48
20251223,coal,0.0,48
20251223,gas,23.16,48
20251223,hydro,0.0,48
20251223,imports,17.61,48
20251223,nuclear,11.05,48
20251223,other,0.0,48
20251223,solar,0.19,48
20251223,wind,41.34,48
20251224,biomass,6.1,48
20251224,coal,0.0,48
20251224,gas,17.2,48
20251224,hydro,0.0,48
20251224,imports,17.11,48
20251224,nuclear,11.65,48
20251224,other,0.0,48
20251224,solar,2.27,48
20251224,wind,45.65,48
20251225,biomass,3.8,48
20251225,coal,0.0,48
20251225,gas,13.37,48
20251225,hydro,0.0,48
20251225,imports,13.31,48
20251225,nuclear,13.3,48
20251225,other,0.0,48
20251225,solar,2.91,48
20251225,wind,53.27,48
20251226,biomass,8.28,48
20251226,coal,0.0,48
20251226,gas,24.74,48
20251226,hydro,0.03,48
20251226,imports,13.02,48
20251226,nuclear,13.54,48
20251226,other,0.0,48
20251226,solar,2.29,48
20251226,wind,38.1,48
20251227,biomass,7.07,48
20251227,coal,0.0,48
20251227,gas,20.03,48
20251227,hydro,0.0,48
20251227,imports,16.72,48
20251227,nuclear,12.85,48
20251227,other,0.0,48
20251227,solar,2.03,48
20251227,wind,41.26,48
20251228,biomass,9.55,48
20251228,coal,0.0,48
20251228,gas,39.72,48
20251228,hydro,0.01,48
20251228,imports,18.64,48
20251228,nuclear,13.48,48
20251228,other,0.0,48
20251228,solar,0.5,48
20251228,wind,18.09,48
20251229,biomass,9.3,48
20251229,coal,0.0,48
20251229,gas,40.61,48
20251229,hydro,0.0,48
20251229,imports,13.4,48
20251229,nuclear,12.7,48
20251229,other,0.0,48
20251229,solar,0.59,48
20251229,wind,23.35,48
20251230,biomass,9.52,48
20251230,coal,0.0,48
20251230,gas,34.96,48
20251230,hydro,0.0,48
20251230,imports,14.56,48
20251230,nuclear,12.91,48
20251230,other,0.0,48
20251230,solar,1.77,48
20251230,wind,26.24,48
20251231,biomass,8.6,48
20251231,coal,0.0,48
20251231,gas,23.21,48
20251231,hydro,0.0,48
20251231,imports,11.57,48
20251231,nuclear,12.43,48
20251231,other,0.0,48
20251231,solar,2.54,48
20251231,wind,41.64,48
20260101,biomass,3.72,48
20260101,coal,0.0,48
20260101,gas,13.81,48
20260101,hydro,0.0,48
20260101,imports,8.9,48
20260101,nuclear,12.78,48
20260101,other,0.0,48
20260101,solar,1.61,48
20260101,wind,59.15,48
20260102,biomass,5.55,48
20260102,coal,0.0,48
20260102,gas,14.74,48
20260102,hydro,0.0,48
20260102,imports,10.95,48
20260102,nuclear,12.27,48
20260102,other,0.0,48
20260102,solar,2.97,48
20260102,wind,53.49,48
20260103,biomass,7.51,48
20260103,coal,0.0,48
20260103,gas,15.52,48
20260103,hydro,0.0,48
20260103,imports,8.86,48
20260103,nuclear,12.08,48
20260103,other,0.0,48
20260103,solar,3.0,48
20260103,wind,53.0,48
20260104,biomass,8.16,48
20260104,coal,0.0,48
20260104,gas,28.62,48
20260104,hydro,0.0,48
20260104,imports,6.54,48
20260104,nuclear,11.68,48
20260104,other,0.0,48
20260104,solar,2.68,48
20260104,wind,42.3,48
20260105,biomass,7.76,48
20260105,coal,0.0,48
20260105,gas,52.33,48
20260105,hydro,0.0,48
20260105,imports,1.3,48
20260105,nuclear,10.24,48
20260105,other,0.0,48
20260105,solar,2.37,48
20260105,wind,25.98,48
20260106,biomass,8.1,48
20260106,coal,0.0,48
20260106,gas,51.66,48
20260106,hydro,0.0,48
20260106,imports,1.18,48
20260106,nuclear,9.64,48
20260106,other,0.0,48
20260106,solar,1.29,48
20260106,wind,28.1,48
20260107,biomass,8.23,48
20260107,coal,0.0,48
20260107,gas,38.56,48
20260107,hydro,0.0,48
20260107,imports,4.99,48
20260107,nuclear,9.43,48
20260107,other,0.0,48
20260107,solar,1.97,48
20260107,wind,36.78,48
20260108,biomass,8.62,48
20260108,coal,0.0,48
20260108,gas,54.23,48
20260108,hydro,0.0,48
20260108,imports,10.38,48
20260108,nuclear,10.21,48
20260108,other,0.0,48
20260108,solar,0.46,48
20260108,wind,16.08,48
20260109,biomass,6.72,48
20260109,coal,0.0,48
20260109,gas,32.16,48
20260109,hydro,0.0,48
20260109,imports,15.02,48
20260109,nuclear,10.08,48
20260109,other,0.0,48
20260109,solar,0.66,48
20260109,wind,35.33,48
20260110,biomass,6.11,48
20260110,coal,0.0,48
20260110,gas,39.36,48
20260110,hydro,0.0,48
20260110,imports,11.64,48
20260110,nuclear,10.92,48
20260110,other,0.0,48
20260110,solar,2.54,48
20260110,wind,29.42,48
20260111,biomass,3.86,48
20260111,coal,0.0,48
20260111,gas,28.54,48
20260111,hydro,0.0,48
20260111,imports,5.02,48
20260111,nuclear,10.65,48
20260111,other,0.0,48
20260111,solar,0.36,48
20260111,wind,51.52,48
20260112,biomass,5.1,48
20260112,coal,0.0,48
20260112,gas,28.6,48
20260112,hydro,0.0,48
20260112,imports,5.26,48
20260112,nuclear,10.26,48
20260112,other,0.0,48
20260112,solar,0.86,48
20260112,wind,49.86,48
20260113,biomass,6.77,48
20260113,coal,0.0,48
20260113,gas,37.06,48
20260113,hydro,0.0,48
20260113,imports,11.35,48
20260113,nuclear,10.86,48
20260113,other,0.0,48
20260113,solar,0.54,48
20260113,wind,33.37,48
20260114,biomass,6.58,48
20260114,coal,0.0,48
20260114,gas,40.38,48
20260114,hydro,0.0,48
20260114,imports,7.68,48
20260114,nuclear,10.7,48
20260114,other,0.0,48
20260114,solar,1.94,48
20260114,wind,32.68,48
20260115,biomass,3.78,48
20260115,coal,0.0,48
20260115,gas,35.86,48
20260115,hydro,0.0,48
20260115,imports,13.13,48
20260115,nuclear,11.11,48
20260115,other,0.0,48
20260115,solar,0.68,48
20260115,wind,35.42,48
20260116,biomass,6.7,48
20260116,coal,0.0,48
20260116,gas,43.49,48
20260116,hydro,0.0,48
20260116,imports,10.83,48
20260116,nuclear,11.35,48
20260116,other,0.0,48
20260116,solar,2.21,48
20260116,wind,25.41,48
20260117,biomass,9.55,48
20260117,coal,0.0,48
20260117,gas,42.2,48
20260117,hydro,0.0,48
20260117,imports,13.3,48
20260117,nuclear,12.24,48
20260117,other,0.0,48
20260117,solar,1.8,48
20260117,wind,20.89,48
20260118,biomass,8.78,48
20260118,coal,0.0,48
20260118,gas,42.17,48
20260118,hydro,0.0,48
20260118,imports,16.72,48
20260118,nuclear,12.98,48
20260118,other,0.0,48
20260118,solar,0.77,48
20260118,wind,18.53,48
20260119,biomass,7.7,48
20260119,coal,0.0,48
20260119,gas,50.75,48
20260119,hydro,0.0,48
20260119,imports,7.43,48
20260119,nuclear,11.25,48
20260119,other,0.0,48
20260119,solar,0.91,48
20260119,wind,21.91,48
20260120,biomass,7.18,48
20260120,coal,0.0,48
20260120,gas,30.24,48
20260120,hydro,0.0,48
20260120,imports,3.67,48
20260120,nuclear,8.87,48
20260120,other,0.0,48
20260120,solar,1.36,48
20260120,wind,48.66,48
20260121,biomass,8.12,48
20260121,coal,0.0,48
20260121,gas,17.91,48
20260121,hydro,0.0,48
20260121,imports,8.9,48
20260121,nuclear,9.51,48
20260121,other,0.0,48
20260121,solar,0.51,48
20260121,wind,54.99,48
20260122,biomass,8.31,48
20260122,coal,0.0,48
20260122,gas,18.25,48
20260122,hydro,0.0,48
20260122,imports,8.68,48
20260122,nuclear,9.08,48
20260122,other,0.0,48
20260122,solar,0.58,48
20260122,wind,55.08,48
20260123,biomass,7.15,48
20260123,coal,0.0,48
20260123,gas,15.26,48
20260123,hydro,0.0,48
20260123,imports,9.01,48
20260123,nuclear,9.09,48
20260123,other,0.0,48
20260123,solar,0.95,48
20260123,wind,58.49,48
20260124,biomass,8.54,48
20260124,coal,0.0,48
20260124,gas,12.07,48
20260124,hydro,0.0,48
20260124,imports,6.87,48
20260124,nuclear,9.72,48
20260124,other,0.0,48
20260124,solar,2.15,48
20260124,wind,60.6,48
20260125,biomass,9.27,48
20260125,coal,0.0,48
20260125,gas,24.28,48
20260125,hydro,0.0,48
20260125,imports,6.68,48
20260125,nuclear,10.28,48
20260125,other,0.0,48
20260125,solar,1.03,48
20260125,wind,48.4,48
20260126,biomass,7.2,48
20260126,coal,0.0,48
20260126,gas,43.08,48
20260126,hydro,0.0,48
20260126,imports,4.76,48
20260126,nuclear,10.09,48
20260126,other,0.0,48
20260126,solar,0.6,48
20260126,wind,34.26,48
20260127,biomass,6.23,48
20260127,coal,0.0,48
20260127,gas,22.43,48
20260127,hydro,0.0,48
20260127,imports,5.91,48
20260127,nuclear,9.86,48
20260127,other,0.0,48
20260127,solar,0.81,48
20260127,wind,54.71,48
20260128,biomass,7.51,48
20260128,coal,0.0,48
20260128,gas,50.28,48
20260128,hydro,0.01,48
20260128,imports,6.56,48
20260128,nuclear,11.63,48
20260128,other,0.0,48
20260128,solar,2.99,48
20260128,wind,21.01,48
20260129,biomass,7.11,48
20260129,coal,0.0,48
20260129,gas,43.43,48
20260129,hydro,0.0,48
20260129,imports,3.01,48
20260129,nuclear,11.09,48
20260129,other,0.0,48
20260129,solar,0.87,48
20260129,wind,34.45,48
20260130,biomass,7.91,48
20260130,coal,0.0,48
20260130,gas,17.28,48
20260130,hydro,0.0,48
20260130,imports,7.81,48
20260130,nuclear,11.33,48
20260130,other,0.0,48
20260130,solar,1.44,48
20260130,wind,54.21,48
20260131,biomass,8.54,48
20260131,coal,0.0,48
20260131,gas,22.72,48
20260131,hydro,0.01,48
20260131,imports,12.96,48
20260131,nuclear,12.68,48
20260131,other,0.0,48
20260131,solar,2.38,48
20260131,wind,40.68,48
20260201,biomass,10.04,48
20260201,coal,0.0,48
20260201,gas,34.03,48
20260201,hydro,0.01,48
20260201,imports,16.81,48
20260201,nuclear,13.61,48
20260201,other,0.0,48
20260201,solar,1.4,48
20260201,wind,24.07,48
20260202,biomass,8.85,48
20260202,coal,0.0,48
20260202,gas,26.96,48
20260202,hydro,0.01,48
20260202,imports,8.06,48
20260202,nuclear,12.08,48
20260202,other,0.0,48
20260202,solar,0.74,48
20260202,wind,43.28,48
20260203,biomass,7.83,48
20260203,coal,0.0,48
20260203,gas,26.05,48
20260203,hydro,0.0,48
20260203,imports,7.5,48
20260203,nuclear,10.97,48
20260203,other,0.0,48
20260203,solar,0.47,48
20260203,wind,47.15,48
20260204,biomass,8.53,48
20260204,coal,0.0,48
20260204,gas,34.14,48
20260204,hydro,0.0,48
20260204,imports,6.15,48
20260204,nuclear,10.7,48
20260204,other,0.0,48
20260204,solar,2.42,48
20260204,wind,38.03,48
20260205,biomass,6.43,48
20260205,coal,0.0,48
20260205,gas,23.87,48
20260205,hydro,0.0,48
20260205,imports,5.44,48
20260205,nuclear,9.9,48
20260205,other,0.0,48
20260205,solar,0.58,48
20260205,wind,53.74,48
20260206,biomass,7.08,48
20260206,coal,0.0,48
20260206,gas,31.45,48
20260206,hydro,0.0,48
20260206,imports,6.53,48
20260206,nuclear,10.35,48
20260206,other,0.0,48
20260206,solar,0.89,48
20260206,wind,43.67,48
20260207,biomass,7.55,48
20260207,coal,0.0,48
20260207,gas,31.79,48
20260207,hydro,0.0,48
20260207,imports,8.99,48
20260207,nuclear,12.21,48
20260207,other,0.0,48
20260207,solar,1.21,48
20260207,wind,38.19,48
20260208,biomass,8.98,48
20260208,coal,0.0,48
20260208,gas,37.78,48
20260208,hydro,0.0,48
20260208,imports,9.2,48
20260208,nuclear,12.98,48
20260208,other,0.0,48
20260208,solar,1.81,48
20260208,wind,29.21,48
20260209,biomass,8.54,48
20260209,coal,0.0,48
20260209,gas,44.24,48
20260209,hydro,0.0,48
20260209,imports,6.02,48
20260209,nuclear,11.21,48
20260209,other,0.0,48
20260209,solar,1.41,48
20260209,wind,28.53,48
20260210,biomass,8.46,48
20260210,coal,0.0,48
20260210,gas,38.6,48
20260210,hydro,0.0,48
20260210,imports,6.58,48
20260210,nuclear,11.21,48
20260210,other,0.0,48
20260210,solar,0.87,48
20260210,wind,34.27,48
20260211,biomass,8.4,48
20260211,coal,0.0,48
20260211,gas,38.35,48
20260211,hydro,0.0,48
20260211,imports,7.88,48
20260211,nuclear,11.52,48
20260211,other,0.0,48
20260211,solar,1.57,48
20260211,wind,32.24,48
20260212,biomass,8.49,48
20260212,coal,0.0,48
20260212,gas,38.73,48
20260212,hydro,0.0,48
20260212,imports,9.57,48
20260212,nuclear,11.81,48
20260212,other,0.0,48
20260212,solar,1.5,48
20260212,wind,29.87,48
20260213,biomass,8.03,48
20260213,coal,0.0,48
20260213,gas,44.32,48
20260213,hydro,0.0,48
20260213,imports,6.53,48
20260213,nuclear,10.73,48
20260213,other,0.0,48
20260213,solar,1.67,48
20260213,wind,28.69,48
20260214,biomass,8.13,48
20260214,coal,0.0,48
20260214,gas,46.67,48
20260214,hydro,0.0,48
20260214,imports,7.31,48
20260214,nuclear,10.89,48
20260214,other,0.0,48
20260214,solar,5.46,48
20260214,wind,21.51,48
20260215,biomass,7.76,48
20260215,coal,0.0,48
20260215,gas,23.17,48
20260215,hydro,0.0,48
20260215,imports,8.5,48
20260215,nuclear,11.57,48
20260215,other,0.0,48
20260215,solar,1.16,48
20260215,wind,47.79,48
20260216,biomass,6.45,48
20260216,coal,0.0,48
20260216,gas,25.36,48
20260216,hydro,0.0,48
20260216,imports,8.61,48
20260216,nuclear,10.8,48
20260216,other,0.0,48
20260216,solar,3.4,48
20260216,wind,45.34,48
20260217,biomass,7.6,48
20260217,coal,0.0,48
20260217,gas,38.17,48
20260217,hydro,0.0,48
20260217,imports,8.0,48
20260217,nuclear,10.24,48
20260217,other,0.0,48
20260217,solar,3.78,48
20260217,wind,32.16,48
20260218,biomass,7.94,48
20260218,coal,0.0,48
20260218,gas,25.35,48
20260218,hydro,0.0,48
20260218,imports,7.8,48
20260218,nuclear,9.85,48
20260218,other,0.0,48
20260218,solar,1.2,48
20260218,wind,47.83,48
20260219,biomass,7.88,48
20260219,coal,0.0,48
20260219,gas,40.07,48
20260219,hydro,0.0,48
20260219,imports,8.92,48
20260219,nuclear,10.26,48
20260219,other,0.0,48
20260219,solar,1.08,48
20260219,wind,31.76,48
20260220,biomass,7.41,48
20260220,coal,0.0,48
20260220,gas,25.01,48
20260220,hydro,0.0,48
20260220,imports,7.34,48
20260220,nuclear,10.95,48
20260220,other,0.0,48
20260220,solar,1.7,48
20260220,wind,47.56,48
20260221,biomass,3.69,48
20260221,coal,0.0,48
20260221,gas,12.94,48
20260221,hydro,0.0,48
20260221,imports,12.02,48
20260221,nuclear,13.21,48
20260221,other,0.0,48
20260221,solar,2.59,48
20260221,wind,55.52,48
20260222,biomass,3.41,48
20260222,coal,0.0,48
20260222,gas,9.41,48
20260222,hydro,0.0,48
20260222,imports,10.76,48
20260222,nuclear,12.28,48
20260222,other,0.0,48
20260222,solar,4.3,48
20260222,wind,59.8,48
20260223,biomass,3.88,48
20260223,coal,0.0,48
20260223,gas,21.27,48
20260223,hydro,0.0,48
20260223,imports,10.83,48
20260223,nuclear,11.66,48
20260223,other,0.0,48
20260223,solar,2.58,48
20260223,wind,49.75,48
20260224,biomass,4.71,48
20260224,coal,0.0,48
20260224,gas,32.03,48
20260224,hydro,0.0,48
20260224,imports,8.22,48
20260224,nuclear,11.37,48
20260224,other,0.0,48
20260224,solar,4.55,48
20260224,wind,39.1,48
20260225,biomass,4.24,48
20260225,coal,0.0,48
20260225,gas,28.74,48
20260225,hydro,0.0,48
20260225,imports,10.35,48
20260225,nuclear,11.83,48
20260225,other,0.0,48
20260225,solar,4.44,48
20260225,wind,40.37,48
20260226,biomass,5.71,48
20260226,coal,0.0,48
20260226,gas,9.85,48
20260226,hydro,0.0,48
20260226,imports,11.54,48
20260226,nuclear,12.03,48
20260226,other,0.0,48
20260226,solar,1.58,48
20260226,wind,59.24,48
20260227,biomass,7.85,48
20260227,coal,0.0,48
20260227,gas,32.5,48
20260227,hydro,0.0,48
20260227,imports,15.0,48
20260227,nuclear,12.74,48
20260227,other,0.0,48
20260227,solar,2.67,48
20260227,wind,29.21,48
20260228,biomass,8.32,48
20260228,coal,0.0,48
20260228,gas,30.46,48
20260228,hydro,0.01,48
20260228,imports,16.3,48
20260228,nuclear,13.88,48
20260228,other,0.0,48
20260228,solar,5.19,48
20260228,wind,25.8,48
20260301,biomass,3.93,48
20260301,coal,0.0,48
20260301,gas,9.0,48
20260301,hydro,0.02,48
20260301,imports,10.31,48
20260301,nuclear,12.68,48
20260301,other,0.0,48
20260301,solar,2.93,48
20260301,wind,61.11,48
20260302,biomass,6.26,48
20260302,coal,0.0,48
20260302,gas,17.36,48
20260302,hydro,0.0,48
20260302,imports,10.01,48
20260302,nuclear,10.7,48
20260302,other,0.0,48
20260302,solar,5.82,48
20260302,wind,49.81,48
20260303,biomass,8.67,48
20260303,coal,0.0,48
20260303,gas,42.65,48
20260303,hydro,0.0,48
20260303,imports,13.29,48
20260303,nuclear,10.75,48
20260303,other,0.0,48
20260303,solar,6.21,48
20260303,wind,18.4,48
20260304,biomass,8.75,48
20260304,coal,0.0,48
20260304,gas,31.51,48
20260304,hydro,0.0,48
20260304,imports,14.1,48
20260304,nuclear,10.65,48
20260304,other,0.0,48
20260304,solar,6.31,48
20260304,wind,28.64,48
20260305,biomass,8.9,48
20260305,coal,0.0,48
20260305,gas,25.56,48
20260305,hydro,0.0,48
20260305,imports,15.53,48
20260305,nuclear,10.51,48
20260305,other,0.0,48
20260305,solar,6.43,48
20260305,wind,33.04,48
20260306,biomass,8.55,48
20260306,coal,0.0,48
20260306,gas,49.13,48
20260306,hydro,0.0,48
20260306,imports,15.26,48
20260306,nuclear,10.43,48
20260306,other,0.0,48
20260306,solar,2.14,48
20260306,wind,14.45,48
20260307,biomass,8.86,48
20260307,coal,0.0,48
20260307,gas,39.52,48
20260307,hydro,0.0,48
20260307,imports,18.86,48
20260307,nuclear,11.4,48
20260307,other,0.0,48
20260307,solar,2.8,48
20260307,wind,18.51,48
20260308,biomass,9.62,48
20260308,coal,0.0,48
20260308,gas,42.49,48
20260308,hydro,0.03,48
20260308,imports,20.89,48
20260308,nuclear,11.61,48
20260308,other,0.0,48
20260308,solar,2.13,48
20260308,wind,13.24,48
20260309,biomass,9.0,48
20260309,coal,0.0,48
20260309,gas,45.86,48
20260309,hydro,0.0,48
20260309,imports,15.75,48
20260309,nuclear,8.98,48
20260309,other,0.0,48
20260309,solar,2.38,48
20260309,wind,18.01,48
20260310,biomass,8.23,48
20260310,coal,0.0,48
20260310,gas,22.01,48
20260310,hydro,0.0,48
20260310,imports,10.43,48
20260310,nuclear,8.58,48
20260310,other,0.0,48
20260310,solar,4.59,48
20260310,wind,46.13,48
20260311,biomass,5.43,48
20260311,coal,0.0,48
20260311,gas,12.5,48
20260311,hydro,0.0,48
20260311,imports,7.0,48
20260311,nuclear,8.53,48
20260311,other,0.0,48
20260311,solar,6.95,48
20260311,wind,59.55,48
20260312,biomass,4.59,48
20260312,coal,0.0,48
20260312,gas,12.22,48
20260312,hydro,0.0,48
20260312,imports,8.6,48
20260312,nuclear,9.5,48
20260312,other,0.0,48
20260312,solar,2.02,48
20260312,wind,63.04,48
20260313,biomass,5.15,48
20260313,coal,0.0,48
20260313,gas,16.6,48
20260313,hydro,0.0,48
20260313,imports,8.81,48
20260313,nuclear,10.18,48
20260313,other,0.0,48
20260313,solar,5.43,48
20260313,wind,53.79,48
20260314,biomass,7.4,48
20260314,coal,0.0,48
20260314,gas,29.84,48
20260314,hydro,0.0,48
20260314,imports,17.16,48
20260314,nuclear,11.76,48
20260314,other,0.0,48
20260314,solar,10.19,48
20260314,wind,23.61,48
20260315,biomass,4.84,48
20260315,coal,0.0,48
20260315,gas,12.28,48
20260315,hydro,0.0,48
20260315,imports,10.75,48
20260315,nuclear,11.45,48
20260315,other,0.0,48
20260315,solar,5.2,48
20260315,wind,55.46,48
20260316,biomass,4.52,48
20260316,coal,0.0,48
20260316,gas,17.75,48
20260316,hydro,0.0,48
20260316,imports,9.11,48
20260316,nuclear,10.06,48
20260316,other,0.0,48
20260316,solar,3.61,48
20260316,wind,54.93,48
20260317,biomass,5.56,48
20260317,coal,0.0,48
20260317,gas,14.44,48
20260317,hydro,0.0,48
20260317,imports,9.71,48
20260317,nuclear,10.23,48
20260317,other,0.0,48
20260317,solar,7.41,48
20260317,wind,52.64,48
20260318,biomass,8.59,48
20260318,coal,0.0,48
20260318,gas,26.57,48
20260318,hydro,0.0,48
20260318,imports,19.7,48
20260318,nuclear,12.59,48
20260318,other,0.0,48
20260318,solar,10.43,48
20260318,wind,22.09,48
20260319,biomass,9.02,48
20260319,coal,0.0,48
20260319,gas,39.7,48
20260319,hydro,0.0,48
20260319,imports,17.13,48
20260319,nuclear,13.21,48
20260319,other,0.0,48
20260319,solar,10.67,48
20260319,wind,10.23,48
20260320,biomass,9.74,48
20260320,coal,0.0,48
20260320,gas,36.9,48
20260320,hydro,0.0,48
20260320,imports,18.98,48
20260320,nuclear,13.35,48
20260320,other,0.0,48
20260320,solar,8.25,48
20260320,wind,12.76,48
20260321,biomass,10.89,48
20260321,coal,0.0,48
20260321,gas,31.29,48
20260321,hydro,0.0,48
20260321,imports,19.46,48
20260321,nuclear,15.06,48
20260321,other,0.0,48
20260321,solar,11.59,48
20260321,wind,11.68,48
20260322,biomass,9.98,48
20260322,coal,0.0,48
20260322,gas,22.73,48
20260322,hydro,0.0,48
20260322,imports,21.76,48
20260322,nuclear,16.06,48
20260322,other,0.0,48
20260322,solar,8.38,48
20260322,wind,21.05,48
20260323,biomass,8.61,48
20260323,coal,0.0,48
20260323,gas,33.43,48
20260323,hydro,0.0,48
20260323,imports,13.06,48
20260323,nuclear,13.9,48
20260323,other,0.0,48
20260323,solar,6.25,48
20260323,wind,24.73,48
20260324,biomass,4.02,48
20260324,coal,0.0,48
20260324,gas,9.36,48
20260324,hydro,0.0,48
20260324,imports,8.63,48
20260324,nuclear,12.89,48
20260324,other,0.0,48
20260324,solar,2.7,48
20260324,wind,62.37,48
20260325,biomass,3.54,48
20260325,coal,0.0,48
20260325,gas,6.98,48
20260325,hydro,0.0,48
20260325,imports,8.29,48
20260325,nuclear,12.81,48
20260325,other,0.0,48
20260325,solar,7.18,48
20260325,wind,61.18,48
20260326,biomass,4.8,48
20260326,coal,0.0,48
20260326,gas,24.13,48
20260326,hydro,0.0,48
20260326,imports,13.73,48
20260326,nuclear,14.13,48
20260326,other,0.0,48
20260326,solar,9.45,48
20260326,wind,33.72,48
20260327,biomass,5.06,48
20260327,coal,0.0,48
20260327,gas,21.62,48
20260327,hydro,0.0,48
20260327,imports,10.04,48
20260327,nuclear,13.89,48
20260327,other,0.0,48
20260327,solar,3.47,48
20260327,wind,45.87,48
20260328,biomass,2.91,48
20260328,coal,0.0,48
20260328,gas,11.73,48
20260328,hydro,0.0,48
20260328,imports,6.86,48
20260328,nuclear,13.5,48
20260328,other,0.0,48
20260328,solar,8.91,48
20260328,wind,56.04,48
20260329,biomass,3.26,46
20260329,coal,0.0,46
20260329,gas,12.37,46
20260329,hydro,0.01,46
20260329,imports,8.57,46
20260329,nuclear,14.9,46
20260329,other,0.0,46
20260329,solar,3.42,46
20260329,wind,57.44,46
20260330,biomass,4.07,48
20260330,coal,0.0,48
20260330,gas,12.15,48
20260330,hydro,0.0,48
20260330,imports,9.3,48
20260330,nuclear,14.35,48
20260330,other,0.0,48
20260330,solar,7.06,48
20260330,wind,53.04,48
20260331,biomass,6.43,48
20260331,coal,0.0,48
20260331,gas,31.21,48
20260331,hydro,0.01,48
20260331,imports,13.14,48
20260331,nuclear,16.21,48
20260331,other,0.0,48
20260331,solar,6.57,48
20260331,wind,26.41,48
20260401,biomass,8.78,48
20260401,coal,0.0,48
20260401,gas,35.74,48
20260401,hydro,0.0,48
20260401,imports,11.76,48
20260401,nuclear,15.93,48
20260401,other,0.0,48
20260401,solar,2.17,48
20260401,wind,25.58,48
20260402,biomass,9.54,48
20260402,coal,0.0,48
20260402,gas,27.5,48
20260402,hydro,0.0,48
20260402,imports,10.02,48
20260402,nuclear,16.32,48
20260402,other,0.0,48
20260402,solar,10.35,48
20260402,wind,26.23,48
20260403,biomass,4.14,48
20260403,coal,0.0,48
20260403,gas,11.55,48
20260403,hydro,0.0,48
20260403,imports,5.02,48
20260403,nuclear,16.66,48
20260403,other,0.0,48
20260403,solar,3.64,48
20260403,wind,58.95,48
20260404,biomass,3.7,48
20260404,coal,0.0,48
20260404,gas,11.38,48
20260404,hydro,0.03,48
20260404,imports,11.88,48
20260404,nuclear,18.45,48
20260404,other,0.0,48
20260404,solar,5.83,48
20260404,wind,48.7,48
20260405,biomass,3.2,48
20260405,coal,0.0,48
20260405,gas,8.26,48
20260405,hydro,0.03,48
20260405,imports,8.07,48
20260405,nuclear,17.01,48
20260405,other,0.0,48
20260405,solar,10.23,48
20260405,wind,53.19,48
20260406,biomass,3.94,48
20260406,coal,0.0,48
20260406,gas,12.47,48
20260406,hydro,0.04,48
20260406,imports,20.3,48
20260406,nuclear,19.92,48
20260406,other,0.0,48
20260406,solar,14.29,48
20260406,wind,29.04,48
20260407,biomass,4.36,48
20260407,coal,0.0,48
20260407,gas,9.64,48
20260407,hydro,0.01,48
20260407,imports,11.46,48
20260407,nuclear,17.28,48
20260407,other,0.0,48
20260407,solar,11.88,48
20260407,wind,45.35,48
20260408,biomass,7.03,48
20260408,coal,0.0,48
20260408,gas,24.26,48
20260408,hydro,0.01,48
20260408,imports,14.11,48
20260408,nuclear,18.52,48
20260408,other,0.0,48
20260408,solar,12.91,48
20260408,wind,23.14,48
20260409,biomass,7.0,48
20260409,coal,0.0,48
20260409,gas,15.68,48
20260409,hydro,0.03,48
20260409,imports,11.64,48
20260409,nuclear,18.7,48
20260409,other,0.0,48
20260409,solar,6.64,48
20260409,wind,40.28,48
20260410,biomass,5.88,48
20260410,coal,0.0,48
20260410,gas,18.35,48
20260410,hydro,0.0,48
20260410,imports,8.98,48
20260410,nuclear,17.2,48
20260410,other,0.0,48
20260410,solar,10.0,48
20260410,wind,39.55,48
20260411,biomass,2.49,48
20260411,coal,0.0,48
20260411,gas,10.71,48
20260411,hydro,0.0,48
20260411,imports,3.22,48
20260411,nuclear,15.36,48
20260411,other,0.0,48
20260411,solar,8.21,48
20260411,wind,59.96,48
20260412,biomass,4.3,48
20260412,coal,0.0,48
20260412,gas,17.15,48
20260412,hydro,0.0,48
20260412,imports,3.45,48
20260412,nuclear,15.87,48
20260412,other,0.0,48
20260412,solar,8.76,48
20260412,wind,50.42,48
20260413,biomass,7.05,48
20260413,coal,0.0,48
20260413,gas,37.63,48
20260413,hydro,0.0,48
20260413,imports,11.82,48
20260413,nuclear,17.13,48
20260413,other,0.0,48
20260413,solar,10.05,48
20260413,wind,16.27,48
20260414,biomass,8.73,48
20260414,coal,0.0,48
20260414,gas,30.94,48
20260414,hydro,0.0,48
20260414,imports,8.26,48
20260414,nuclear,16.83,48
20260414,other,0.0,48
20260414,solar,7.26,48
20260414,wind,27.95,48
20260415,biomass,6.71,48
20260415,coal,0.0,48
20260415,gas,15.41,48
20260415,hydro,0.0,48
20260415,imports,5.26,48
20260415,nuclear,15.11,48
20260415,other,0.0,48
20260415,solar,5.04,48
20260415,wind,52.44,48
20260416,biomass,7.66,48
20260416,coal,0.0,48
20260416,gas,20.13,48
20260416,hydro,0.0,48
20260416,imports,6.92,48
20260416,nuclear,15.56,48
20260416,other,0.0,48
20260416,solar,8.3,48
20260416,wind,41.39,48
20260417,biomass,8.63,48
20260417,coal,0.0,48
20260417,gas,16.42,48
20260417,hydro,0.0,48
20260417,imports,8.38,48
20260417,nuclear,16.49,48
20260417,other,0.0,48
20260417,solar,6.19,48
20260417,wind,43.86,48
20260418,biomass,9.43,48
20260418,coal,0.0,48
20260418,gas,16.75,48
20260418,hydro,0.01,48
20260418,imports,9.29,48
20260418,nuclear,18.6,48
20260418,other,0.0,48
20260418,solar,11.62,48
20260418,wind,34.29,48
20260419,biomass,8.54,48
20260419,coal,0.0,48
20260419,gas,18.56,48
20260419,hydro,0.04,48
20260419,imports,16.95,48
20260419,nuclear,21.73,48
20260419,other,0.0,48
20260419,solar,13.72,48
20260419,wind,20.45,48
20260420,biomass,8.83,48
20260420,coal,0.0,48
20260420,gas,27.69,48
20260420,hydro,0.03,48
20260420,imports,14.25,48
20260420,nuclear,20.23,48
20260420,other,0.0,48
20260420,solar,11.07,48
20260420,wind,17.87,48
20260421,biomass,8.1,48
20260421,coal,0.0,48
20260421,gas,11.78,48
20260421,hydro,0.0,48
20260421,imports,9.21,48
20260421,nuclear,18.66,48
20260421,other,0.0,48
20260421,solar,11.37,48
20260421,wind,40.83,48
20260422,biomass,8.64,48
20260422,coal,0.0,48
20260422,gas,8.48,48
20260422,hydro,0.0,48
20260422,imports,12.49,48
20260422,nuclear,19.71,48
20260422,other,0.0,48
20260422,solar,13.66,48
20260422,wind,36.98,48
20260423,biomass,9.09,48
20260423,coal,0.0,48
20260423,gas,15.9,48
20260423,hydro,1.67,48
20260423,imports,19.73,48
20260423,nuclear,20.14,48
20260423,other,1.66,48
20260423,solar,14.62,48
20260423,wind,17.2,48
20260424,biomass,10.39,48
20260424,coal,0.0,48
20260424,gas,23.19,48
20260424,hydro,2.81,48
20260424,imports,20.97,48
20260424,nuclear,18.71,48
20260424,other,2.85,48
20260424,solar,15.08,48
20260424,wind,6.02,48
20260425,biomass,9.64,48
20260425,coal,0.0,48
20260425,gas,19.17,48
20260425,hydro,2.16,48
20260425,imports,23.27,48
20260425,nuclear,19.54,48
20260425,other,2.47,48
20260425,solar,15.53,48
20260425,wind,8.23,48
20260426,biomass,10.38,48
20260426,coal,0.0,48
20260426,gas,17.56,48
20260426,hydro,1.91,48
20260426,imports,21.94,48
20260426,nuclear,19.6,48
20260426,other,2.21,48
20260426,solar,12.83,48
20260426,wind,13.58,48
20260427,biomass,10.11,48
20260427,coal,0.0,48
20260427,gas,27.66,48
20260427,hydro,2.1,48
20260427,imports,18.55,48
20260427,nuclear,17.38,48
20260427,other,2.06,48
20260427,solar,12.13,48
20260427,wind,10.0,48
20260428,biomass,9.56,48
20260428,coal,0.0,48
20260428,gas,11.3,48
20260428,hydro,2.06,48
20260428,imports,19.99,48
20260428,nuclear,17.19,48
20260428,other,2.41,48
20260428,solar,7.99,48
20260428,wind,29.51,48
20260429,biomass,5.37,48
20260429,coal,0.0,48
20260429,gas,5.14,48
20260429,hydro,2.48,48
20260429,imports,16.0,48
20260429,nuclear,16.56,48
20260429,other,2.49,48
20260429,solar,13.6,48
20260429,wind,38.36,48
20260430,biomass,3.78,48
20260430,coal,0.0,48
20260430,gas,5.89,48
20260430,hydro,1.11,48
20260430,imports,10.91,48
20260430,nuclear,15.49,48
20260430,other,2.52,48
20260430,solar,12.95,48
20260430,wind,47.33,48
20260501,biomass,8.09,48
20260501,coal,0.0,48
20260501,gas,14.55,48
20260501,hydro,2.17,48
20260501,imports,19.1,48
20260501,nuclear,16.89,48
20260501,other,2.63,48
20260501,solar,11.45,48
20260501,wind,25.09,48
20260502,biomass,8.9,48
20260502,coal,0.0,48
20260502,gas,21.62,48
20260502,hydro,1.91,48
20260502,imports,21.93,48
20260502,nuclear,18.2,48
20260502,other,2.35,48
20260502,solar,10.95,48
20260502,wind,14.16,48
20260503,biomass,9.2,48
20260503,coal,0.0,48
20260503,gas,26.85,48
20260503,hydro,1.45,48
20260503,imports,21.76,48
20260503,nuclear,18.37,48
20260503,other,1.89,48
20260503,solar,7.09,48
20260503,wind,13.4,48
20260504,biomass,8.62,48
20260504,coal,0.0,48
20260504,gas,35.35,48
20260504,hydro,1.68,48
20260504,imports,17.26,48
20260504,nuclear,16.56,48
20260504,other,2.1,48
20260504,solar,7.7,48
20260504,wind,10.73,48
20260505,biomass,9.37,48
20260505,coal,0.0,48
20260505,gas,34.94,48
20260505,hydro,1.21,48
20260505,imports,12.78,48
20260505,nuclear,15.06,48
20260505,other,2.18,48
20260505,solar,9.08,48
20260505,wind,15.37,48
20260506,biomass,9.18,48
20260506,coal,0.0,48
20260506,gas,29.8,48
20260506,hydro,1.15,48
20260506,imports,16.23,48
20260506,nuclear,13.32,48
20260506,other,1.99,48
20260506,solar,8.68,48
20260506,wind,19.64,48
20260507,biomass,8.89,48
20260507,coal,0.0,48
20260507,gas,34.52,48
20260507,hydro,1.42,48
20260507,imports,10.9,48
20260507,nuclear,12.5,48
20260507,other,2.93,48
20260507,solar,8.47,48
20260507,wind,20.37,48
20260508,biomass,8.45,48
20260508,coal,0.0,48
20260508,gas,35.35,48
20260508,hydro,1.16,48
20260508,imports,15.89,48
20260508,nuclear,12.09,48
20260508,other,2.36,48
20260508,solar,10.3,48
20260508,wind,14.4,48
20260509,biomass,9.7,48
20260509,coal,0.0,48
20260509,gas,20.75,48
20260509,hydro,1.84,48
20260509,imports,19.66,48
20260509,nuclear,13.46,48
20260509,other,2.67,48
20260509,solar,13.96,48
20260509,wind,17.99,48
20260510,biomass,7.3,48
20260510,coal,0.0,48
20260510,gas,13.66,48
20260510,hydro,0.93,48
20260510,imports,16.52,48
20260510,nuclear,13.03,48
20260510,other,2.13,48
20260510,solar,11.96,48
20260510,wind,34.47,48
20260511,biomass,7.97,48
20260511,coal,0.0,48
20260511,gas,21.18,48
20260511,hydro,1.52,48
20260511,imports,13.12,48
20260511,nuclear,11.56,48
20260511,other,2.13,48
20260511,solar,9.0,48
20260511,wind,33.51,48
20260512,biomass,7.58,48
20260512,coal,0.0,48
20260512,gas,12.93,48
20260512,hydro,1.16,48
20260512,imports,14.5,48
20260512,nuclear,11.65,48
20260512,other,2.69,48
20260512,solar,10.46,48
20260512,wind,39.04,48
20260513,biomass,8.58,48
20260513,coal,0.0,48
20260513,gas,18.94,48
20260513,hydro,1.32,48
20260513,imports,15.88,48
20260513,nuclear,11.6,48
20260513,other,2.83,48
20260513,solar,9.49,48
20260513,wind,31.38,48
20260514,biomass,7.63,48
20260514,coal,0.0,48
20260514,gas,19.44,48
20260514,hydro,0.89,48
20260514,imports,17.76,48
20260514,nuclear,11.44,48
20260514,other,2.51,48
20260514,solar,9.42,48
20260514,wind,30.93,48
20260515,biomass,6.21,48
20260515,coal,0.0,48
20260515,gas,19.55,48
20260515,hydro,0.83,48
20260515,imports,16.08,48
20260515,nuclear,10.66,48
20260515,other,2.03,48
20260515,solar,10.08,48
20260515,wind,34.56,48
20260516,biomass,7.08,48
20260516,coal,0.0,48
20260516,gas,26.42,48
20260516,hydro,1.29,48
20260516,imports,24.98,48
20260516,nuclear,11.86,48
20260516,other,1.84,48
20260516,solar,9.77,48
20260516,wind,16.76,48
20260517,biomass,6.82,48
20260517,coal,0.0,48
20260517,gas,19.67,48
20260517,hydro,1.51,48
20260517,imports,23.5,48
20260517,nuclear,12.21,48
20260517,other,2.05,48
20260517,solar,11.53,48
20260517,wind,22.72,48
20260518,biomass,6.56,48
20260518,coal,0.0,48
20260518,gas,37.59,48
20260518,hydro,1.4,48
20260518,imports,17.61,48
20260518,nuclear,10.6,48
20260518,other,2.1,48
20260518,solar,7.72,48
20260518,wind,16.41,48
20260519,biomass,5.52,48
20260519,coal,0.0,48
20260519,gas,10.49,48
20260519,hydro,0.99,48
20260519,imports,12.53,48
20260519,nuclear,9.67,48
20260519,other,1.87,48
20260519,solar,6.41,48
20260519,wind,52.54,48
20260520,biomass,6.65,48
20260520,coal,0.0,48
20260520,gas,11.23,48
20260520,hydro,0.59,48
20260520,imports,15.24,48
20260520,nuclear,10.26,48
20260520,other,1.26,48
20260520,solar,8.37,48
20260520,wind,46.4,48
20260521,biomass,7.13,48
20260521,coal,0.0,48
20260521,gas,21.33,48
20260521,hydro,1.57,48
20260521,imports,16.63,48
20260521,nuclear,9.57,48
20260521,other,2.27,48
20260521,solar,10.71,48
20260521,wind,30.79,48
20260522,biomass,5.55,48
20260522,coal,0.0,48
20260522,gas,20.05,48
20260522,hydro,1.37,48
20260522,imports,16.79,48
20260522,nuclear,7.63,48
20260522,other,2.45,48
20260522,solar,14.89,48
20260522,wind,31.31,48
20260523,biomass,5.32,48
20260523,coal,0.0,48
20260523,gas,21.01,48
20260523,hydro,1.22,48
20260523,imports,21.63,48
20260523,nuclear,7.96,48
20260523,other,2.41,48
20260523,solar,16.95,48
20260523,wind,23.48,48
20260524,biomass,5.92,48
20260524,coal,0.0,48
20260524,gas,23.7,48
20260524,hydro,1.08,48
20260524,imports,22.53,48
20260524,nuclear,8.58,48
20260524,other,2.05,48
20260524,solar,18.17,48
20260524,wind,17.97,48
20260525,biomass,7.75,48
20260525,coal,0.0,48
20260525,gas,22.86,48
20260525,hydro,1.51,48
20260525,imports,21.06,48
20260525,nuclear,9.68,48
20260525,other,2.5,48
20260525,solar,17.1,48
20260525,wind,17.55,48
20260526,biomass,7.56,48
20260526,coal,0.0,48
20260526,gas,32.86,48
20260526,hydro,1.33,48
20260526,imports,17.27,48
20260526,nuclear,9.05,48
20260526,other,2.35,48
20260526,solar,14.7,48
20260526,wind,14.89,48
20260527,biomass,7.39,48
20260527,coal,0.0,48
20260527,gas,20.24,48
20260527,hydro,0.84,48
20260527,imports,18.13,48
20260527,nuclear,7.89,48
20260527,other,2.21,48
20260527,solar,15.42,48
20260527,wind,27.88,48
20260528,biomass,5.72,48
20260528,coal,0.0,48
20260528,gas,15.35,48
20260528,hydro,0.99,48
20260528,imports,14.7,48
20260528,nuclear,7.24,48
20260528,other,2.28,48
20260528,solar,14.03,48
20260528,wind,39.68,48
20260529,biomass,7.37,48
20260529,coal,0.0,48
20260529,gas,21.42,48
20260529,hydro,1.07,48
20260529,imports,17.21,48
20260529,nuclear,7.56,48
20260529,other,2.72,48
20260529,solar,12.32,48
20260529,wind,30.34,48
20260530,biomass,6.69,48
20260530,coal,0.0,48
20260530,gas,26.17,48
20260530,hydro,1.24,48
20260530,imports,23.24,48
20260530,nuclear,8.49,48
20260530,other,2.01,48
20260530,solar,17.7,48
20260530,wind,14.48,48
20260531,biomass,8.23,48
20260531,coal,0.0,48
20260531,gas,24.95,48
20260531,hydro,1.32,48
20260531,imports,21.91,48
20260531,nuclear,8.86,48
20260531,other,2.09,48
20260531,solar,12.06,48
20260531,wind,20.56,48
20260601,biomass,7.83,48
20260601,coal,0.0,48
20260601,gas,32.64,48
20260601,hydro,1.44,48
20260601,imports,16.51,48
20260601,nuclear,7.51,48
20260601,other,2.04,48
20260601,solar,7.75,48
20260601,wind,24.28,48
20260602,biomass,8.21,48
20260602,coal,0.0,48
20260602,gas,34.96,48
20260602,hydro,1.15,48
20260602,imports,16.58,48
20260602,nuclear,7.83,48
20260602,other,2.39,48
20260602,solar,9.68,48
20260602,wind,19.24,48
20260603,biomass,7.14,48
20260603,coal,0.0,48
20260603,gas,12.12,48
20260603,hydro,1.41,48
20260603,imports,17.08,48
20260603,nuclear,8.1,48
20260603,other,2.42,48
20260603,solar,7.44,48
20260603,wind,44.3,48
20260604,biomass,2.63,48
20260604,coal,0.0,48
20260604,gas,9.7,48
20260604,hydro,1.02,48
20260604,imports,14.58,48
20260604,nuclear,7.93,48
20260604,other,2.74,48
20260604,solar,9.09,48
20260604,wind,52.33,48
20260605,biomass,6.78,48
20260605,coal,0.0,48
20260605,gas,18.7,48
20260605,hydro,2.41,48
20260605,imports,15.62,48
20260605,nuclear,8.68,48
20260605,other,2.18,48
20260605,solar,10.59,48
20260605,wind,35.06,48
20260606,biomass,5.29,48
20260606,coal,0.0,48
20260606,gas,14.33,48
20260606,hydro,2.48,48
20260606,imports,18.29,48
20260606,nuclear,9.7,48
20260606,other,2.44,48
20260606,solar,6.98,48
20260606,wind,40.5,48
20260607,biomass,3.43,48
20260607,coal,0.0,48
20260607,gas,14.13,48
20260607,hydro,0.91,48
20260607,imports,11.55,48
20260607,nuclear,10.09,48
20260607,other,2.45,48
20260607,solar,9.85,48
20260607,wind,47.59,48
20260608,biomass,5.87,48
20260608,coal,0.0,48
20260608,gas,27.01,48
20260608,hydro,1.46,48
20260608,imports,15.26,48
20260608,nuclear,10.16,48
20260608,other,2.22,48
20260608,solar,9.61,48
20260608,wind,28.42,48
20260609,biomass,6.83,48
20260609,coal,0.0,48
20260609,gas,14.18,48
20260609,hydro,1.94,48
20260609,imports,19.13,48
20260609,nuclear,10.89,48
20260609,other,2.33,48
20260609,solar,12.15,48
20260609,wind,32.55,48
20260610,biomass,8.21,48
20260610,coal,0.0,48
20260610,gas,29.04,48
20260610,hydro,1.69,48
20260610,imports,16.1,48
20260610,nuclear,10.25,48
20260610,other,2.28,48
20260610,solar,10.19,48
20260610,wind,22.25,48
20260611,biomass,7.55,48
20260611,coal,0.0,48
20260611,gas,24.4,48
20260611,hydro,1.59,48
20260611,imports,14.72,48
20260611,nuclear,9.94,48
20260611,other,1.91,48
20260611,solar,5.35,48
20260611,wind,34.54,48
20260612,biomass,2.53,48
20260612,coal,0.0,48
20260612,gas,12.78,48
20260612,hydro,1.03,48
20260612,imports,10.6,48
20260612,nuclear,9.85,48
20260612,other,2.73,48
20260612,solar,9.94,48
20260612,wind,50.55,48
20260613,biomass,2.91,48
20260613,coal,0.0,48
20260613,gas,10.12,48
20260613,hydro,0.84,48
20260613,imports,9.08,48
20260613,nuclear,10.06,48
20260613,other,2.15,48
20260613,solar,14.13,48
20260613,wind,50.69,48
20260614,biomass,4.43,48
20260614,coal,0.0,48
20260614,gas,15.62,48
20260614,hydro,1.54,48
20260614,imports,23.27,48
20260614,nuclear,11.67,48
20260614,other,2.35,48
20260614,solar,15.96,48
20260614,wind,25.15,48
20260615,biomass,6.08,48
20260615,coal,0.0,48
20260615,gas,28.81,48
20260615,hydro,2.13,48
20260615,imports,21.64,48
20260615,nuclear,10.85,48
20260615,other,2.57,48
20260615,solar,12.75,48
20260615,wind,15.16,48
20260616,biomass,5.79,48
20260616,coal,0.0,48
20260616,gas,37.0,48
20260616,hydro,1.41,48
20260616,imports,15.03,48
20260616,nuclear,9.93,48
20260616,other,2.74,48
20260616,solar,10.13,48
20260616,wind,17.99,48
20260617,biomass,5.65,48
20260617,coal,0.0,48
20260617,gas,26.69,48
20260617,hydro,2.18,48
20260617,imports,14.77,48
20260617,nuclear,9.68,48
20260617,other,2.18,48
20260617,solar,8.72,48
20260617,wind,30.11,48
20260618,biomass,5.67,48
20260618,coal,0.0,48
20260618,gas,31.7,48
20260618,hydro,1.7,48
20260618,imports,14.66,48
20260618,nuclear,9.57,48
20260618,other,2.25,48
20260618,solar,10.46,48
20260618,wind,23.97,48
20260619,biomass,4.45,48
20260619,coal,0.0,48
20260619,gas,24.39,48
20260619,hydro,1.51,48
20260619,imports,15.44,48
20260619,nuclear,9.28,48
20260619,other,2.47,48
20260619,solar,12.3,48
20260619,wind,30.17,48
20260620,biomass,5.86,48
20260620,coal,0.0,48
20260620,gas,29.8,48
20260620,hydro,1.65,48
20260620,imports,20.73,48
20260620,nuclear,10.83,48
20260620,other,2.63,48
20260620,solar,11.77,48
20260620,wind,16.7,48
20260621,biomass,6.81,48
20260621,coal,0.0,48
20260621,gas,30.8,48
20260621,hydro,1.71,48
20260621,imports,21.0,48
20260621,nuclear,11.7,48
20260621,other,1.93,48
20260621,solar,15.39,48
20260621,wind,10.64,48
20260622,biomass,6.04,48
20260622,coal,0.0,48
20260622,gas,32.9,48
20260622,hydro,1.42,48
20260622,imports,13.47,48
20260622,nuclear,10.36,48
20260622,other,2.3,48
20260622,solar,13.72,48
20260622,wind,19.8,48
20260623,biomass,5.72,48
20260623,coal,0.0,48
20260623,gas,39.66,48
20260623,hydro,1.75,48
20260623,imports,9.81,48
20260623,nuclear,10.53,48
20260623,other,3.04,48
20260623,solar,13.86,48
20260623,wind,15.63,48
20260624,biomass,5.1,48
20260624,coal,0.0,48
20260624,gas,42.19,48
20260624,hydro,1.89,48
20260624,imports,12.73,48
20260624,nuclear,10.43,48
20260624,other,3.0,48
20260624,solar,14.1,48
20260624,wind,10.57,48
20260625,biomass,5.38,48
20260625,coal,0.0,48
20260625,gas,37.01,48
20260625,hydro,1.22,48
20260625,imports,9.67,48
20260625,nuclear,10.44,48
20260625,other,2.3,48
20260625,solar,14.34,48
20260625,wind,19.61,48
20260626,biomass,5.58,48
20260626,coal,0.0,48
20260626,gas,37.79,48
20260626,hydro,1.87,48
20260626,imports,8.25,48
20260626,nuclear,9.48,48
20260626,other,2.35,48
20260626,solar,13.46,48
20260626,wind,21.2,48
20260627,biomass,4.6,48
20260627,coal,0.0,48
20260627,gas,30.0,48
20260627,hydro,1.38,48
20260627,imports,10.37,48
20260627,nuclear,9.71,48
20260627,other,3.05,48
20260627,solar,13.46,48
20260627,wind,27.4,48
20260628,biomass,3.17,48
20260628,coal,0.0,48
20260628,gas,22.22,48
20260628,hydro,1.06,48
20260628,imports,7.85,48
20260628,nuclear,10.64,48
20260628,other,2.6,48
20260628,solar,12.33,48
20260628,wind,40.11,48
20260629,biomass,3.88,48
20260629,coal,0.0,48
20260629,gas,35.17,48
20260629,hydro,2.18,48
20260629,imports,12.9,48
20260629,nuclear,9.83,48
20260629,other,2.84,48
20260629,solar,11.8,48
20260629,wind,21.41,48
20260630,biomass,6.04,48
20260630,coal,0.0,48
20260630,gas,47.56,48
20260630,hydro,2.14,48
20260630,imports,12.18,48
20260630,nuclear,9.69,48
20260630,other,2.36,48
20260630,solar,9.56,48
20260630,wind,10.48,48
20260701,biomass,6.22,48
20260701,coal,0.0,48
20260701,gas,38.85,48
20260701,hydro,1.51,48
20260701,imports,14.58,48
20260701,nuclear,9.66,48
20260701,other,2.7,48
20260701,solar,11.02,48
20260701,wind,15.46,48
20260702,biomass,3.65,48
20260702,coal,0.0,48
20260702,gas,14.31,48
20260702,hydro,1.42,48
20260702,imports,7.78,48
20260702,nuclear,9.19,48
20260702,other,2.81,48
20260702,solar,13.22,48
20260702,wind,47.63,48
20260703,biomass,6.28,48
20260703,coal,0.0,48
20260703,gas,14.16,48
20260703,hydro,2.15,48
20260703,imports,20.88,48
20260703,nuclear,10.92,48
20260703,other,3.03,48
20260703,solar,15.83,48
20260703,wind,26.74,48
20260704,biomass,3.39,48
20260704,coal,0.0,48
20260704,gas,9.9,48
20260704,hydro,1.35,48
20260704,imports,14.28,48
20260704,nuclear,10.26,48
20260704,other,2.54,48
20260704,solar,11.86,48
20260704,wind,46.45,48
20260705,biomass,4.85,48
20260705,coal,0.0,48
20260705,gas,13.99,48
20260705,hydro,1.81,48
20260705,imports,21.52,48
20260705,nuclear,11.19,48
20260705,other,3.07,48
20260705,solar,14.03,48
20260705,wind,29.52,48
20260706,biomass,5.15,48
20260706,coal,0.0,48
20260706,gas,13.5,48
20260706,hydro,1.26,48
20260706,imports,15.34,48
20260706,nuclear,9.55,48
20260706,other,2.66,48
20260706,solar,13.83,48
20260706,wind,38.69,48
20260707,biomass,6.11,48
20260707,coal,0.0,48
20260707,gas,18.91,48
20260707,hydro,1.54,48
20260707,imports,19.29,48
20260707,nuclear,9.74,48
20260707,other,2.53,48
20260707,solar,14.73,48
20260707,wind,27.16,48
20260708,biomass,6.42,48
20260708,coal,0.0,48
20260708,gas,37.0,48
20260708,hydro,1.74,48
20260708,imports,18.55,48
20260708,nuclear,9.64,48
20260708,other,2.34,48
20260708,solar,14.81,48
20260708,wind,9.5,48
20260709,biomass,6.12,48
20260709,coal,0.0,48
20260709,gas,39.44,48
20260709,hydro,1.84,48
20260709,imports,18.41,48
20260709,nuclear,9.39,48
20260709,other,2.51,48
20260709,solar,15.1,48
20260709,wind,7.19,48
20260710,biomass,6.37,48
20260710,coal,0.0,48
20260710,gas,40.45,48
20260710,hydro,1.33,48
20260710,imports,16.96,48
20260710,nuclear,9.51,48
20260710,other,2.03,48
20260710,solar,14.91,48
20260710,wind,8.45,48
20260711,biomass,5.78,48
20260711,coal,0.0,48
20260711,gas,25.84,48
20260711,hydro,1.71,48
20260711,imports,19.36,48
20260711,nuclear,10.68,48
20260711,other,2.24,48
20260711,solar,17.19,48
20260711,wind,17.2,48
20260712,biomass,6.0,48
20260712,coal,0.0,48
20260712,gas,13.56,48
20260712,hydro,1.31,48
20260712,imports,17.44,48
20260712,nuclear,10.98,48
20260712,other,1.98,48
20260712,solar,17.41,48
20260712,wind,31.33,48
20260713,biomass,8.02,48
20260713,coal,0.0,48
20260713,gas,19.13,48
20260713,hydro,1.75,48
20260713,imports,14.32,48
20260713,nuclear,10.05,48
20260713,other,2.34,48
20260713,solar,14.83,48
20260713,wind,29.56,48
20260714,biomass,8.12,48
20260714,coal,0.0,48
20260714,gas,23.9,48
20260714,hydro,1.89,48
20260714,imports,13.14,48
20260714,nuclear,10.16,48
20260714,other,2.42,48
20260714,solar,14.54,48
20260714,wind,25.85,48
20260715,biomass,8.4,48
20260715,coal,0.0,48
20260715,gas,33.3,48
20260715,hydro,1.37,48
20260715,imports,12.01,48
20260715,nuclear,11.14,48
20260715,other,2.34,48
20260715,solar,14.94,48
20260715,wind,16.5,48
20260716,biomass,8.46,48
20260716,coal,0.0,48
20260716,gas,37.81,48
20260716,hydro,1.87,48
20260716,imports,12.39,48
20260716,nuclear,11.15,48
20260716,other,3.07,48
20260716,solar,14.85,48
20260716,wind,10.39,48
20260717,biomass,8.57,48
20260717,coal,0.0,48
20260717,gas,34.13,48
20260717,hydro,1.28,48
20260717,imports,12.88,48
20260717,nuclear,11.59,48
20260717,other,2.67,48
20260717,solar,15.2,48
20260717,wind,13.69,48
20260718,biomass,6.77,48
20260718,coal,0.0,48
20260718,gas,12.02,48
20260718,hydro,1.13,48
20260718,imports,21.23,48
20260718,nuclear,13.14,48
20260718,other,2.75,48
20260718,solar,13.54,48
20260718,wind,29.39,48
20260719,biomass,5.55,48
20260719,coal,0.0,48
20260719,gas,11.51,48
20260719,hydro,0.96,48
20260719,imports,23.07,48
20260719,nuclear,13.34,48
20260719,other,2.42,48
20260719,solar,15.96,48
20260719,wind,27.19,48
20260720,biomass,8.17,48
20260720,coal,0.0,48
20260720,gas,19.99,48
20260720,hydro,1.33,48
20260720,imports,24.56,48
20260720,nuclear,12.7,48
20260720,other,2.85,48
20260720,solar,15.18,48
20260720,wind,15.21,48
20260721,biomass,8.56,48
20260721,coal,0.0,48
20260721,gas,25.92,48
20260721,hydro,1.47,48
20260721,imports,20.57,48
20260721,nuclear,12.08,48
20260721,other,2.4,48
20260721,solar,12.72,48
20260721,wind,16.27,48
20260722,biomass,8.74,48
20260722,coal,0.0,48
20260722,gas,24.12,48
20260722,hydro,1.75,48
20260722,imports,21.11,48
20260722,nuclear,12.14,48
20260722,other,2.34,48
20260722,solar,12.48,48
20260722,wind,17.32,48
20260723,biomass,8.95,48
20260723,coal,0.0,48
20260723,gas,23.77,48
20260723,hydro,1.46,48
20260723,imports,20.93,48
20260723,nuclear,12.08,48
20260723,other,2.24,48
20260723,solar,11.68,48
20260723,wind,18.87,48
20260724,biomass,7.84,48
20260724,coal,0.0,48
20260724,gas,20.97,48
20260724,hydro,1.19,48
20260724,imports,17.7,48
20260724,nuclear,11.74,48
20260724,other,2.78,48
20260724,solar,14.02,48
20260724,wind,23.76,48
20260725,biomass,6.75,48
20260725,coal,0.0,48
20260725,gas,12.43,48
20260725,hydro,1.19,48
20260725,imports,13.37,48
20260725,nuclear,11.29,48
20260725,other,2.43,48
20260725,solar,13.36,48
20260725,wind,39.2,48
20260726,biomass,5.78,48
20260726,coal,0.0,48
20260726,gas,9.21,48
20260726,hydro,1.37,48
20260726,imports,16.75,48
20260726,nuclear,11.51,48
20260726,other,2.45,48
20260726,solar,10.44,48
20260726,wind,42.5,48
20260727,biomass,8.57,48
20260727,coal,0.0,48
20260727,gas,15.19,48
20260727,hydro,1.59,48
20260727,imports,22.06,48
20260727,nuclear,10.82,48
20260727,other,2.92,48
20260727,solar,11.23,48
20260727,wind,27.61,48
20260728,biomass,7.75,48
20260728,coal,0.0,48
20260728,gas,18.18,48
20260728,hydro,1.25,48
20260728,imports,18.34,48
20260728,nuclear,10.13,48
20260728,other,3.19,48
20260728,solar,11.51,48
20260728,wind,29.68,48
20260729,biomass,8.44,48
20260729,coal,0.0,48
20260729,gas,30.83,48
20260729,hydro,1.36,48
20260729,imports,17.43,48
20260729,nuclear,9.72,48
20260729,other,2.34,48
20260729,solar,12.51,48
20260729,wind,17.38,48
20260730,biomass,8.96,48
20260730,coal,0.0,48
20260730,gas,29.07,48
20260730,hydro,1.09,48
20260730,imports,18.0,48
20260730,nuclear,12.21,48
20260730,other,2.44,48
20260730,solar,9.68,48
20260730,wind,18.54,48
20260731,biomass,8.14,48
20260731,coal,0.0,48
20260731,gas,30.29,48
20260731,hydro,1.1,48
20260731,imports,14.55,48
20260731,nuclear,12.09,48
20260731,other,2.87,48
20260731,solar,13.56,48
20260731,wind,17.44,48
20260801,biomass,6.97,48
20260801,coal,0.0,48
20260801,gas,20.68,48
20260801,hydro,1.04,48
20260801,imports,19.36,48
20260801,nuclear,12.72,48
20260801,other,2.69,48
20260801,solar,13.79,48
20260801,wind,22.74,48
20260802,biomass,10.09,48
20260802,coal,0.0,48
20260802,gas,21.77,48
20260802,hydro,1.5,48
20260802,imports,23.66,48
20260802,nuclear,13.51,48
20260802,other,2.26,48
20260802,solar,16.23,48
20260802,wind,10.97,48
20260803,biomass,9.13,48
20260803,coal,0.0,48
20260803,gas,22.48,48
20260803,hydro,1.28,48
20260803,imports,14.8,48
20260803,nuclear,12.19,48
20260803,other,2.5,48
20260803,solar,13.55,48
20260803,wind,24.08,48
20260804,biomass,8.94,48
20260804,coal,0.0,48
20260804,gas,25.99,48
20260804,hydro,0.92,48
20260804,imports,10.95,48
20260804,nuclear,12.59,48
20260804,other,2.56,48
20260804,solar,9.38,48
20260804,wind,28.66,48
20260805,biomass,7.27,48
20260805,coal,0.0,48
20260805,gas,10.92,48
20260805,hydro,0.85,48
20260805,imports,7.09,48
20260805,nuclear,12.94,48
20260805,other,2.16,48
20260805,solar,9.73,48
20260805,wind,49.03,48
20260806,biomass,9.42,48
20260806,coal,0.0,48
20260806,gas,18.16,48
20260806,hydro,0.29,48
20260806,imports,13.01,48
20260806,nuclear,13.92,48
20260806,other,0.95,48
20260806,solar,10.17,48
20260806,wind,34.06,48
20260807,biomass,7.34,48
20260807,coal,0.0,48
20260807,gas,23.45,48
20260807,hydro,1.08,48
20260807,imports,14.63,48
20260807,nuclear,13.6,48
20260807,other,1.98,48
20260807,solar,13.41,48
20260807,wind,24.5,48
20260808,biomass,6.8,48
20260808,coal,0.0,48
20260808,gas,16.88,48
20260808,hydro,1.73,48
20260808,imports,13.89,48
20260808,nuclear,14.26,48
20260808,other,2.79,48
20260808,solar,14.94,48
20260808,wind,28.73,48
20260809,biomass,7.25,48
20260809,coal,0.0,48
20260809,gas,16.42,48
20260809,hydro,1.58,48
20260809,imports,16.98,48
20260809,nuclear,14.64,48
20260809,other,2.5,48
20260809,solar,14.17,48
20260809,wind,26.47,48
20260810,biomass,8.11,48
20260810,coal,0.0,48
20260810,gas,26.02,48
20260810,hydro,1.89,48
20260810,imports,16.39,48
20260810,nuclear,13.34,48
20260810,other,2.41,48
20260810,solar,13.54,48
20260810,wind,18.31,48
20260811,biomass,8.23,48
20260811,coal,0.0,48
20260811,gas,22.26,48
20260811,hydro,1.55,48
20260811,imports,18.56,48
20260811,nuclear,13.64,48
20260811,other,2.69,48
20260811,solar,14.5,48
20260811,wind,18.56,48
20260812,biomass,7.87,48
20260812,coal,0.0,48
20260812,gas,24.61,48
20260812,hydro,1.28,48
20260812,imports,12.47,48
20260812,nuclear,12.36,48
20260812,other,1.98,48
20260812,solar,13.31,48
20260812,wind,26.12,48
20260813,biomass,5.54,48
20260813,coal,0.0,48
20260813,gas,38.53,48
20260813,hydro,2.0,48
20260813,imports,17.09,48
20260813,nuclear,12.47,48
20260813,other,2.46,48
20260813,solar,12.96,48
20260813,wind,8.95,48
20260814,biomass,7.16,48
20260814,coal,0.0,48
20260814,gas,34.62,48
20260814,hydro,1.94,48
20260814,imports,14.76,48
20260814,nuclear,12.68,48
20260814,other,2.65,48
20260814,solar,11.58,48
20260814,wind,14.59,48
20260815,biomass,8.49,48
20260815,coal,0.0,48
20260815,gas,23.29,48
20260815,hydro,2.12,48
20260815,imports,17.67,48
20260815,nuclear,14.6,48
20260815,other,2.26,48
20260815,solar,12.44,48
20260815,wind,19.13,48
20260816,biomass,9.83,48
20260816,coal,0.0,48
20260816,gas,33.84,48
20260816,hydro,2.04,48
20260816,imports,19.56,48
20260816,nuclear,15.94,48
20260816,other,2.34,48
20260816,solar,11.59,48
20260816,wind,4.85,48
20260817,biomass,8.76,48
20260817,coal,0.0,48
20260817,gas,45.44,48
20260817,hydro,2.01,48
20260817,imports,10.78,48
20260817,nuclear,14.53,48
20260817,other,2.75,48
20260817,solar,8.13,48
20260817,wind,7.62,48
20260818,biomass,7.99,48
20260818,coal,0.0,48
20260818,gas,33.51,48
20260818,hydro,1.54,48
20260818,imports,3.7,48
20260818,nuclear,13.69,48
20260818,other,2.44,48
20260818,solar,7.19,48
20260818,wind,29.91,48
20260819,biomass,8.14,48
20260819,coal,0.0,48
20260819,gas,38.12,48
20260819,hydro,1.62,48
20260819,imports,8.65,48
20260819,nuclear,15.48,48
20260819,other,2.46,48
20260819,solar,8.48,48
20260819,wind,17.04,48
20260820,biomass,6.32,48
20260820,coal,0.0,48
20260820,gas,31.6,48
20260820,hydro,1.45,48
20260820,imports,10.1,48
20260820,nuclear,15.41,48
20260820,other,2.31,48
20260820,solar,7.78,48
20260820,wind,25.01,48
20260821,biomass,7.36,48
20260821,coal,0.0,48
20260821,gas,26.49,48
20260821,hydro,1.18,48
20260821,imports,13.11,48
20260821,nuclear,15.66,48
20260821,other,2.51,48
20260821,solar,8.94,48
20260821,wind,24.74,48
20260822,biomass,9.43,48
20260822,coal,0.0,48
20260822,gas,10.14,48
20260822,hydro,1.09,48
20260822,imports,23.66,48
20260822,nuclear,17.21,48
20260822,other,2.39,48
20260822,solar,11.46,48
20260822,wind,24.63,48
20260823,biomass,11.6,48
20260823,coal,0.0,48
20260823,gas,15.11,48
20260823,hydro,1.21,48
20260823,imports,28.87,48
20260823,nuclear,18.17,48
20260823,other,2.58,48
20260823,solar,14.12,48
20260823,wind,8.33,48
20260824,biomass,10.77,48
20260824,coal,0.0,48
20260824,gas,18.59,48
20260824,hydro,1.42,48
20260824,imports,16.72,48
20260824,nuclear,16.2,48
20260824,other,2.51,48
20260824,solar,12.06,48
20260824,wind,21.76,48
20260825,biomass,10.87,48
20260825,coal,0.0,48
20260825,gas,12.14,48
20260825,hydro,0.84,48
20260825,imports,8.08,48
20260825,nuclear,16.14,48
20260825,other,2.48,48
20260825,solar,10.71,48
20260825,wind,38.73,48
20260826,biomass,10.47,48
20260826,coal,0.0,48
20260826,gas,19.4,48
20260826,hydro,0.96,48
20260826,imports,8.16,48
20260826,nuclear,15.64,48
20260826,other,2.15,48
20260826,solar,8.83,48
20260826,wind,34.37,48
20260827,biomass,11.2,48
20260827,coal,0.0,48
20260827,gas,27.22,48
20260827,hydro,1.83,48
20260827,imports,9.59,48
20260827,nuclear,16.62,48
20260827,other,2.62,48
20260827,solar,6.27,48
20260827,wind,24.63,48
20260828,biomass,11.41,48
20260828,coal,0.0,48
20260828,gas,16.11,48
20260828,hydro,0.86,48
20260828,imports,12.21,48
20260828,nuclear,17.45,48
20260828,other,2.62,48
20260828,solar,7.57,48
20260828,wind,31.77,48
20260829,biomass,10.94,48
20260829,coal,0.0,48
20260829,gas,15.89,48
20260829,hydro,1.2,48
20260829,imports,17.88,48
20260829,nuclear,18.27,48
20260829,other,2.29,48
20260829,solar,5.6,48
20260829,wind,27.91,48
20260830,biomass,12.63,48
20260830,coal,0.0,48
20260830,gas,16.6,48
20260830,hydro,0.41,48
20260830,imports,19.23,48
20260830,nuclear,20.5,48
20260830,other,0.71,48
20260830,solar,8.24,48
20260830,wind,21.66,48
20260831,biomass,7.48,48
20260831,coal,0.0,48
20260831,gas,26.38,48
20260831,hydro,0.0,48
20260831,imports,4.91,48
20260831,nuclear,16.25,48
20260831,other,0.0,48
20260831,solar,8.36,48
20260831,wind,36.59,48
20260901,biomass,8.4,48
20260901,coal,0.0,48
20260901,gas,20.13,48
20260901,hydro,0.09,48
20260901,imports,4.63,48
20260901,nuclear,16.71,48
20260901,other,0.8,48
20260901,solar,9.29,48
20260901,wind,39.92,48
20260902,biomass,9.83,48
20260902,coal,0.0,48
20260902,gas,24.34,48
20260902,hydro,0.71,48
20260902,imports,5.56,48
20260902,nuclear,18.29,48
20260902,other,1.11,48
20260902,solar,5.6,48
20260902,wind,34.56,48
20260903,biomass,8.59,48
20260903,coal,0.0,48
20260903,gas,11.1,48
20260903,hydro,1.5,48
20260903,imports,6.65,48
20260903,nuclear,15.5,48
20260903,other,2.77,48
20260903,solar,6.89,48
20260903,wind,47.0,48
20260904,biomass,9.26,48
20260904,coal,0.0,48
20260904,gas,13.23,48
20260904,hydro,0.63,48
20260904,imports,3.11,48
20260904,nuclear,14.2,48
20260904,other,2.2,48
20260904,solar,6.05,48
20260904,wind,51.31,48
20260905,biomass,9.17,48
20260905,coal,0.0,48
20260905,gas,16.26,48
20260905,hydro,0.0,48
20260905,imports,0.59,48
20260905,nuclear,17.63,48
20260905,other,0.0,48
20260905,solar,10.81,48
20260905,wind,45.55,48
20260906,biomass,9.94,48
20260906,coal,0.0,48
20260906,gas,14.41,48
20260906,hydro,0.82,48
20260906,imports,4.32,48
20260906,nuclear,17.08,48
20260906,other,1.2,48
20260906,solar,9.74,48
20260906,wind,42.48,48
20260907,biomass,9.04,48
20260907,coal,0.0,48
20260907,gas,12.93,48
20260907,hydro,0.95,48
20260907,imports,8.79,48
20260907,nuclear,12.58,48
20260907,other,1.63,48
20260907,solar,7.22,48
20260907,wind,46.84,48
20260908,biomass,6.86,48
20260908,coal,0.0,48
20260908,gas,14.69,48
20260908,hydro,0.47,48
20260908,imports,4.5,48
20260908,nuclear,11.49,48
20260908,other,0.99,48
20260908,solar,6.79,48
20260908,wind,54.21,48
20260909,biomass,10.1,48
20260909,coal,0.0,48
20260909,gas,20.84,48
20260909,hydro,2.42,48
20260909,imports,12.79,48
20260909,nuclear,11.46,48
20260909,other,2.28,48
20260909,solar,7.5,48
20260909,wind,32.61,48
20260910,biomass,9.91,48
20260910,coal,0.0,48
20260910,gas,22.99,48
20260910,hydro,1.47,48
20260910,imports,10.91,48
20260910,nuclear,10.07,48
20260910,other,2.17,48
20260910,solar,6.64,48
20260910,wind,35.85,48
20260911,biomass,10.48,48
20260911,coal,0.0,48
20260911,gas,26.26,48
20260911,hydro,2.64,48
20260911,imports,11.75,48
20260911,nuclear,12.23,48
20260911,other,2.67,48
20260911,solar,7.58,48
20260911,wind,26.41,48
20260912,biomass,8.47,48
20260912,coal,0.0,48
20260912,gas,15.0,48
20260912,hydro,1.54,48
20260912,imports,8.08,48
20260912,nuclear,12.68,48
20260912,other,2.62,48
20260912,solar,6.24,48
20260912,wind,45.39,48
20260913,biomass,10.43,48
20260913,coal,0.0,48
20260913,gas,34.09,48
20260913,hydro,3.32,48
20260913,imports,19.77,48
20260913,nuclear,14.34,48
20260913,other,2.24,48
20260913,solar,5.65,48
20260913,wind,10.16,48
20260914,biomass,8.49,48
20260914,coal,0.0,48
20260914,gas,33.19,48
20260914,hydro,1.94,48
20260914,imports,8.62,48
20260914,nuclear,11.35,48
20260914,other,2.48,48
20260914,solar,5.91,48
20260914,wind,28.02,48
20260915,biomass,8.74,48
20260915,coal,0.0,48
20260915,gas,14.5,48
20260915,hydro,1.57,48
20260915,imports,8.08,48
20260915,nuclear,10.66,48
20260915,other,2.42,48
20260915,solar,7.23,48
20260915,wind,46.8,48
20260916,biomass,11.04,48
20260916,coal,0.0,48
20260916,gas,21.96,48
20260916,hydro,2.31,48
20260916,imports,11.58,48
20260916,nuclear,11.36,48
20260916,other,2.44,48
20260916,solar,6.2,48
20260916,wind,33.11,48
20260917,biomass,7.95,48
20260917,coal,0.0,48
20260917,gas,12.17,48
20260917,hydro,1.63,48
20260917,imports,4.11,48
20260917,nuclear,10.33,48
20260917,other,2.37,48
20260917,solar,6.14,48
20260917,wind,55.3,48
20260918,biomass,5.19,48
20260918,coal,0.0,48
20260918,gas,11.68,48
20260918,hydro,2.16,48
20260918,imports,3.83,48
20260918,nuclear,10.58,48
20260918,other,2.44,48
20260918,solar,5.96,48
20260918,wind,58.16,48
20260919,biomass,2.47,48
20260919,coal,0.0,48
20260919,gas,12.86,48
20260919,hydro,1.79,48
20260919,imports,1.46,48
20260919,nuclear,10.76,48
20260919,other,2.08,48
20260919,solar,5.46,48
20260919,wind,63.11,48
20260920,biomass,4.81,48
20260920,coal,0.0,48
20260920,gas,15.36,48
20260920,hydro,1.45,48
20260920,imports,6.97,48
20260920,nuclear,11.39,48
20260920,other,2.23,48
20260920,solar,9.19,48
20260920,wind,48.59,48
20260921,biomass,10.58,48
20260921,coal,0.0,48
20260921,gas,31.1,48
20260921,hydro,2.26,48
20260921,imports,16.03,48
20260921,nuclear,12.23,48
20260921,other,3.31,48
20260921,solar,8.34,48
20260921,wind,16.14,48
20260922,biomass,9.96,48
20260922,coal,0.0,48
20260922,gas,40.76,48
20260922,hydro,2.47,48
20260922,imports,12.33,48
20260922,nuclear,12.35,48
20260922,other,2.8,48
20260922,solar,7.21,48
20260922,wind,12.14,48
20260923,biomass,9.21,48
20260923,coal,0.01,48
20260923,gas,25.71,48
20260923,hydro,2.72,48
20260923,imports,10.66,48
20260923,nuclear,12.69,48
20260923,other,2.58,48
20260923,solar,6.4,48
20260923,wind,30.0,48
20260924,biomass,10.04,48
20260924,coal,0.0,48
20260924,gas,25.43,48
20260924,hydro,1.91,48
20260924,imports,12.01,48
20260924,nuclear,13.65,48
20260924,other,2.85,48
20260924,solar,8.49,48
20260924,wind,25.6,48
20260925,biomass,9.53,45
20260925,coal,0.0,45
20260925,gas,29.32,45
20260925,hydro,1.95,45
20260925,imports,10.43,45
20260925,nuclear,12.94,45
20260925,other,2.83,45
20260925,solar,7.28,45
20260925,wind,25.7,45
