date_key,mean_actual_gco2_kwh,min_actual_gco2_kwh,max_actual_gco2_kwh,mean_forecast_gco2_kwh,api_forecast_mae_gco2_kwh,mean_low_carbon_pct,periods_with_actual
20170926,306.1,236,337,303.3,8.54,,46
20170927,246.3,186,276,235.3,17.33,,48
20170928,257.1,196,305,264.3,14.73,,48
20170929,234.3,199,261,229.3,16.77,,48
20170930,240.2,184,296,248.4,14.96,,48
20171001,155.0,92,216,177.9,23.29,,48
20171002,162.7,73,212,161.0,21.98,,48
20171003,175.9,84,250,171.6,13.69,,48
20171004,208.8,132,251,193.8,24.04,,48
20171005,168.7,100,235,168.0,17.44,,48
20171006,231.5,142,294,231.0,16.48,,48
20171007,170.1,128,221,165.2,20.73,,48
20171008,262.8,195,319,263.2,12.44,,48
20171009,313.8,196,343,299.8,18.81,,48
20171010,255.6,157,314,232.3,23.85,,48
20171011,218.9,109,279,201.5,22.0,,48
20171012,218.5,112,310,203.7,18.44,,48
20171013,201.6,137,247,189.3,15.19,,48
20171014,184.6,115,252,188.2,14.83,,48
20171015,186.3,138,277,183.9,15.44,,48
20171016,255.2,174,303,242.2,23.44,,48
20171017,259.2,134,369,230.6,29.77,,48
20171018,359.0,278,414,337.5,27.46,,48
20171019,325.6,240,369,296.7,34.44,,48
20171020,285.3,164,338,277.0,14.9,,48
20171021,171.4,146,234,173.9,22.81,,48
20171022,156.1,107,251,163.0,11.31,,48
20171023,301.6,182,366,289.2,19.27,,48
20171024,258.5,190,301,253.6,20.25,,48
20171025,259.4,146,335,247.5,18.81,,48
20171026,321.7,231,371,317.7,19.69,,48
20171027,281.1,207,339,284.6,14.63,,48
20171028,148.1,106,207,154.0,18.23,,48
20171029,173.6,92,275,194.1,31.66,,50
20171030,298.1,219,351,326.9,37.69,,48
20171031,260.9,176,307,266.1,10.98,,48
20171101,241.1,172,304,258.2,21.73,,48
20171102,342.6,219,407,328.0,17.67,,48
20171103,356.4,258,397,333.8,23.94,,48
20171104,235.9,180,270,246.1,23.42,,48
20171105,221.2,149,317,220.2,15.54,,48
20171106,315.8,217,381,294.6,23.96,,48
20171107,325.3,194,419,302.5,24.5,,48
20171108,360.2,261,397,331.7,30.5,,48
20171109,328.6,256,382,292.8,35.81,,48
20171110,277.8,183,336,238.4,41.29,,48
20171111,313.3,258,374,309.6,18.67,,48
20171112,181.9,127,245,191.3,22.31,,48
20171113,318.7,197,383,312.4,19.31,,48
20171114,368.7,228,466,351.7,27.08,,48
20171115,412.1,310,464,389.9,23.85,,48
20171116,328.8,283,395,307.7,26.56,,48
20171117,347.0,286,390,322.9,24.17,,48
20171118,301.9,258,343,275.5,28.94,,48
20171119,346.3,291,419,346.4,23.58,,48
20171120,328.9,282,376,329.1,21.38,,48
20171121,316.5,213,353,312.6,10.85,,48
20171122,306.9,200,362,303.3,14.23,,48
20171123,308.1,213,382,294.1,20.08,,48
20171124,375.5,304,436,366.3,19.56,,48
20171125,288.6,189,344,280.9,18.06,,48
20171126,262.0,182,342,256.6,19.6,,48
20171127,298.7,186,370,285.0,18.38,,48
20171128,349.1,245,404,325.5,25.96,,48
20171129,368.9,295,422,342.2,31.21,,48
20171130,362.9,307,395,333.2,29.9,,48
20171201,399.1,312,458,377.8,21.42,,48
20171202,390.9,345,418,391.2,8.77,,48
20171203,376.5,309,440,369.9,19.96,,48
20171204,418.4,377,462,408.6,20.88,,48
20171205,383.2,298,407,369.8,20.13,,48
20171206,326.4,221,362,313.0,19.15,,48
20171207,282.6,170,363,280.9,21.73,,48
20171208,303.1,183,372,295.9,22.04,,48
20171209,378.8,263,457,372.0,18.63,,48
20171210,382.6,335,428,398.5,31.46,,48
20171211,398.2,319,449,399.3,25.83,,48
20171212,425.7,363,482,407.4,28.08,,48
20171213,354.3,308,372,354.8,19.73,,48
20171214,359.6,280,410,371.9,25.29,,48
20171215,321.0,239,382,370.5,49.48,,48
20171216,349.8,293,398,389.3,39.54,,48
20171217,322.0,283,369,364.4,42.38,,48
20171218,401.0,319,455,407.1,12.65,,48
20171219,404.1,288,448,399.8,15.58,,48
20171220,380.3,277,433,402.2,23.71,,48
20171221,390.9,295,438,427.8,36.9,,48
20171222,329.0,190,393,408.4,79.35,,48
20171223,179.6,120,222,301.7,122.08,,48
20171224,150.3,92,197,196.4,46.58,,48
20171225,163.6,92,237,195.5,31.98,,48
20171226,189.8,102,286,218.7,29.38,,48
20171227,224.1,158,276,233.9,17.73,,48
20171228,263.2,181,345,278.0,21.46,,48
20171229,251.9,180,306,278.8,27.02,,48
20171230,223.2,175,255,230.5,25.38,,48
20171231,169.8,124,239,162.0,16.56,,48
20180101,205.6,154,261,180.9,26.35,,48
20180102,250.9,175,305,274.2,33.83,,48
20180103,219.3,167,271,247.6,30.15,,48
20180104,283.3,221,326,293.1,15.27,,48
20180105,345.1,263,405,309.8,35.33,,48
20180106,251.9,216,298,258.1,12.77,,48
20180107,263.6,204,351,277.4,16.6,,48
20180108,267.3,199,328,272.5,9.63,,48
20180109,308.4,234,368,294.8,15.54,,48
20180110,370.3,268,443,324.1,46.17,,48
20180111,385.2,312,429,351.2,34.48,,48
20180112,306.9,216,334,318.0,12.88,,48
20180113,245.9,194,309,244.0,10.4,,48
20180114,232.0,148,287,244.6,12.58,,48
20180115,227.8,132,299,231.6,8.96,,48
20180116,207.8,142,274,214.3,13.17,,48
20180117,211.3,129,282,229.7,22.81,,48
20180118,252.8,175,324,267.4,22.54,,48
20180119,229.7,188,276,252.1,23.08,,48
20180120,307.4,194,369,331.2,23.81,,48
20180121,263.4,159,297,275.9,13.6,,48
20180122,230.0,161,302,249.0,20.54,,48
20180123,186.8,124,235,210.4,24.29,,48
20180124,194.6,125,272,186.0,13.94,,48
20180125,255.1,144,354,247.6,10.81,,48
20180126,341.8,225,402,305.5,40.65,,48
20180127,188.4,144,224,206.7,19.08,,48
20180128,154.2,126,194,183.3,31.31,,48
20180129,215.3,121,291,210.1,13.0,,48
20180130,267.1,168,318,250.6,16.63,,48
20180131,204.7,134,273,190.7,17.96,,48
20180201,185.9,140,242,187.6,11.0,,48
20180202,274.5,146,393,266.0,10.27,,48
20180203,306.4,240,342,310.0,13.92,,48
20180204,273.0,240,344,268.9,8.1,,48
20180205,326.3,267,383,308.1,18.48,,48
20180206,324.6,244,360,300.5,24.23,,48
20180207,317.8,251,366,307.3,12.44,,48
20180208,306.0,214,367,299.9,11.96,,48
20180209,261.5,199,327,243.0,19.4,,48
20180210,223.5,148,289,228.1,14.29,,48
20180211,181.8,137,273,165.5,23.92,,48
20180212,239.8,166,314,232.3,15.85,,48
20180213,259.3,157,335,240.5,19.71,,48
20180214,263.2,174,311,234.6,28.63,,48
20180215,207.8,164,286,204.2,9.94,,48
20180216,244.8,162,332,258.5,14.46,,48
20180217,274.7,192,355,287.0,16.85,,48
20180218,305.3,255,353,309.5,9.94,,48
20180219,325.1,232,393,336.3,14.48,,48
20180220,289.4,220,375,278.1,13.73,,48
20180221,371.5,317,412,334.6,36.92,,48
20180222,356.4,328,391,301.9,54.5,,48
20180223,332.1,266,386,262.8,69.33,,48
20180224,277.2,227,340,208.4,68.83,,48
20180225,281.5,222,370,235.8,45.67,,48
20180226,380.8,270,433,292.4,88.44,,48
20180227,435.4,406,476,317.8,117.67,,48
20180228,385.7,334,432,277.8,107.92,,48
20180301,352.2,325,373,274.8,77.4,,48
20180302,345.8,324,355,279.5,66.29,,48
20180303,377.1,355,392,304.4,72.73,,48
20180304,383.8,347,415,345.2,38.54,,48
20180305,392.0,228,437,387.3,31.0,,48
20180306,344.4,226,431,388.1,45.0,,48
20180307,347.9,266,405,403.3,55.42,,48
20180308,316.4,269,384,378.6,62.21,,48
20180309,358.5,258,419,396.7,38.17,,48
20180310,258.3,207,310,338.7,80.4,,48
20180311,339.9,291,382,393.0,53.13,,48
20180312,359.7,287,424,403.9,50.4,,48
20180313,421.1,381,453,393.9,27.58,,48
20180314,311.0,210,378,303.0,38.58,,48
20180315,290.7,202,358,317.8,62.48,,48
20180316,318.3,205,369,276.8,43.02,,48
20180317,241.7,191,299,255.8,17.67,,48
20180318,262.8,203,320,260.6,12.73,,48
20180319,330.5,272,388,308.4,27.15,,48
20180320,349.7,265,428,344.5,16.52,,48
20180321,320.5,215,396,319.5,18.94,,48
20180322,300.4,178,370,302.6,35.83,,48
20180323,254.0,160,363,293.2,40.04,,48
20180324,330.0,292,369,381.9,51.96,,48
20180325,310.7,292,334,342.2,36.67,,46
20180326,322.5,225,365,363.3,40.75,,48
20180327,246.1,209,281,301.0,54.92,,48
20180328,306.0,245,348,346.4,40.69,,48
20180329,309.7,217,352,329.5,21.54,,48
20180330,244.3,190,267,301.8,57.5,,48
20180331,233.0,182,280,282.1,49.13,,48
20180401,287.6,214,317,314.6,27.0,,48
20180402,183.8,154,217,221.4,37.63,,48
20180403,225.6,147,276,231.9,7.73,,48
20180404,221.2,134,267,239.9,20.02,,48
20180405,229.0,134,300,242.2,16.63,,48
20180406,161.6,128,186,183.4,21.94,,48
20180407,241.2,176,274,252.0,16.02,,48
20180408,279.4,261,305,297.2,17.96,,48
20180409,308.0,194,345,302.1,11.85,,48
20180410,235.0,170,274,231.3,10.21,,48
20180411,277.3,240,304,254.2,23.15,,48
20180412,275.2,226,323,243.7,31.5,,48
20180413,344.0,271,393,288.4,55.6,,48
20180414,271.5,218,304,259.7,14.29,,48
20180415,215.0,178,249,198.4,16.63,,48
20180416,192.6,134,219,185.9,11.19,,48
20180417,151.0,105,191,166.5,20.31,,48
20180418,165.2,132,193,160.1,11.13,,48
20180419,230.4,132,310,212.3,19.02,,48
20180420,246.5,180,293,248.3,5.5,,48
20180421,222.3,155,285,225.3,9.23,,48
20180422,159.0,118,193,187.6,34.23,,48
20180423,146.1,102,182,153.8,7.75,,48
20180424,197.7,104,269,209.0,13.85,,48
20180425,174.3,135,207,176.7,7.13,,48
20180426,155.9,113,257,155.8,8.0,,48
20180427,306.1,249,344,301.4,9.71,,48
20180428,274.0,228,302,266.6,16.48,,48
20180429,230.7,175,247,221.8,14.4,,48
20180430,220.5,166,270,213.7,11.42,,48
20180501,194.7,128,255,181.1,16.08,,48
20180502,184.3,106,260,175.7,13.96,,48
20180503,225.9,185,280,226.9,11.38,,48
20180504,243.0,204,279,244.5,7.21,,48
20180505,184.6,122,231,190.8,8.75,,48
20180506,197.0,125,247,202.2,9.54,,48
20180507,216.7,150,255,210.6,13.19,,48
20180508,224.3,192,249,231.3,12.52,,48
20180509,211.3,169,244,216.6,7.83,,48
20180510,196.4,151,256,207.8,12.83,,48
20180511,162.4,123,220,160.0,17.23,62.1,48
20180512,238.0,188,268,237.8,10.0,49.1,48
20180513,223.7,183,260,221.5,8.29,46.9,48
20180514,207.2,165,253,209.6,6.48,49.7,48
20180515,216.9,176,247,207.4,13.06,50.0,48
20180516,203.4,140,244,198.0,5.88,52.0,48
20180517,232.9,200,289,211.0,21.9,45.8,48
20180518,261.6,228,298,243.3,18.69,39.0,48
20180519,219.4,148,295,198.9,21.42,50.3,48
20180520,184.4,134,264,173.6,25.23,57.0,48
20180521,248.3,224,270,217.6,30.69,43.7,48
20180522,199.9,164,233,191.2,8.88,52.2,48
20180523,209.8,175,247,202.1,8.35,49.7,48
20180524,254.6,214,277,225.3,29.6,43.4,48
20180525,251.4,229,279,236.4,15.42,43.1,48
20180526,181.4,119,232,184.8,34.38,60.9,48
20180527,141.8,99,215,167.0,35.23,69.0,48
20180528,239.9,194,266,219.5,29.73,49.9,48
20180529,208.7,185,230,201.5,13.33,52.4,48
20180530,259.8,197,296,245.7,23.1,41.5,48
20180531,279.5,246,302,262.8,23.9,39.7,48
20180601,272.9,250,299,263.2,16.23,39.9,48
20180602,250.6,238,263,243.8,15.1,44.3,48
20180603,243.8,225,259,232.1,21.23,47.3,48
20180604,257.5,217,281,240.9,21.15,42.5,48
20180605,247.9,188,274,223.7,26.98,46.2,48
20180606,254.2,226,274,233.6,25.04,44.9,48
20180607,270.2,250,284,239.4,30.79,40.8,48
20180608,269.6,229,293,248.6,21.0,40.9,48
20180609,253.8,238,265,233.2,22.77,44.8,48
20180610,241.2,218,263,222.7,23.77,49.1,48
20180611,243.5,226,263,222.7,23.25,47.7,48
20180612,260.2,232,280,235.1,25.08,42.8,48
20180613,227.5,122,288,218.8,29.35,49.8,48
20180614,147.1,107,212,178.6,42.08,65.9,48
20180615,222.2,176,245,194.0,28.21,50.2,48
20180616,201.5,169,241,193.8,10.73,51.9,48
20180617,189.8,160,217,186.0,13.23,54.4,48
20180618,193.2,155,216,149.8,43.4,58.5,48
20180619,236.7,143,284,205.5,31.73,49.3,48
20180620,207.4,169,242,175.4,32.02,54.9,48
20180621,184.9,138,226,142.7,42.23,62.5,48
20180622,223.9,172,266,186.2,37.71,55.6,48
20180623,236.9,209,266,205.8,31.1,52.8,48
20180624,255.1,228,275,220.1,35.04,50.0,48
20180625,281.8,265,295,238.8,43.0,43.8,48
20180626,288.5,256,299,248.4,40.27,43.1,48
20180627,268.8,243,284,237.9,31.79,45.3,48
20180628,262.9,226,292,236.4,35.27,46.0,48
20180629,244.9,189,271,222.1,31.67,50.2,48
20180630,211.2,186,238,191.1,26.19,54.9,48
20180701,193.7,168,211,174.1,20.54,57.9,48
20180702,232.4,190,260,211.8,26.08,49.7,48
20180703,239.0,174,271,218.6,36.17,47.7,48
20180704,280.1,227,297,249.8,30.77,39.5,48
20180705,270.5,237,288,244.8,30.65,41.0,48
20180706,289.4,276,307,254.3,35.21,38.6,48
20180707,267.9,251,295,232.3,37.23,46.0,48
20180708,256.8,236,275,226.7,34.65,49.3,48
20180709,263.5,227,284,244.2,21.19,43.4,48
20180710,243.5,217,261,234.9,13.35,46.3,48
20180711,266.6,211,301,251.8,25.83,44.2,48
20180712,300.1,256,322,261.6,40.54,42.0,48
20180713,294.4,266,312,264.5,30.42,38.3,48
20180714,257.1,229,286,210.2,46.9,,48
20180715,239.5,222,253,196.5,43.02,,48
20180716,277.6,226,309,251.0,28.48,39.1,48
20180717,286.8,251,315,255.0,32.67,38.8,48
20180718,298.0,252,328,265.0,33.6,37.0,48
20180719,286.6,253,314,256.3,31.02,39.2,48
20180720,283.1,250,308,258.8,25.0,39.1,48
20180721,271.3,233,287,251.5,22.15,40.2,48
20180722,230.2,199,268,230.1,21.9,48.7,48
20180723,241.8,212,263,246.4,20.19,45.4,48
20180724,260.2,201,283,262.3,17.79,42.4,48
20180725,255.5,225,275,252.7,19.81,44.6,48
20180726,235.4,215,252,232.4,11.38,47.0,48
20180727,236.9,188,271,237.5,21.71,47.3,48
20180728,128.9,93,172,209.3,80.48,70.2,48
20180729,133.8,110,171,145.4,18.83,64.1,48
20180730,183.6,106,232,180.2,17.69,58.8,48
20180731,187.3,172,207,170.8,22.31,53.0,48
20180801,201.8,175,220,179.5,23.71,47.3,48
20180802,231.0,179,260,205.9,26.23,44.9,48
20180803,260.0,224,289,229.0,31.9,42.4,48
20180804,216.9,182,235,192.6,26.13,35.8,48
20180805,222.3,200,236,195.4,28.65,,48
20180806,237.1,182,278,208.7,28.67,50.0,48
20180807,261.6,210,288,228.4,33.58,45.4,48
20180808,223.5,198,242,205.7,19.5,49.9,48
20180809,232.2,182,263,218.7,17.1,48.8,48
20180810,205.1,174,229,197.3,11.48,53.3,48
20180811,208.1,158,237,190.5,18.94,54.8,48
20180812,193.9,128,252,176.4,17.52,55.1,48
20180813,264.8,231,280,231.4,33.42,40.5,48
20180814,241.4,179,265,214.2,29.42,46.4,48
20180815,168.9,124,195,167.5,9.19,58.8,48
20180816,174.8,123,214,167.8,12.98,57.9,48
20180817,173.7,139,212,159.5,14.75,58.3,48
20180818,158.0,105,211,160.3,11.15,61.7,48
20180819,179.3,126,266,170.9,25.23,57.1,48
20180820,308.3,267,337,244.7,63.56,36.9,48
20180821,287.3,187,335,241.7,45.52,41.0,48
20180822,230.0,161,285,206.4,24.02,49.9,48
20180823,229.0,115,261,196.1,33.85,53.2,48
20180824,145.2,79,192,136.4,19.06,66.2,48
20180825,175.5,84,271,161.7,24.69,61.6,48
20180826,141.8,96,225,171.4,29.58,65.4,48
20180827,148.8,78,250,136.4,20.06,67.4,48
20180828,247.7,183,286,243.5,18.08,47.8,48
20180829,262.6,224,299,231.0,31.71,47.6,48
20180830,294.4,233,329,264.4,30.04,41.2,48
20180831,266.8,202,289,241.9,25.96,45.0,48
20180901,233.5,198,259,213.2,23.15,53.1,48
20180902,191.4,162,242,185.7,21.54,56.9,48
20180903,278.5,204,316,262.4,23.83,43.7,48
20180904,294.5,243,324,264.2,30.35,42.3,48
20180905,289.7,241,325,246.8,42.83,46.3,48
20180906,285.7,189,322,253.9,31.9,48.0,48
20180907,222.0,152,264,190.7,32.1,60.7,48
20180908,251.6,201,280,213.9,38.13,51.8,48
20180909,156.6,113,194,139.8,18.13,68.0,48
20180910,170.5,109,222,177.5,15.35,65.0,48
20180911,194.0,116,247,174.7,19.69,66.2,48
20180912,242.5,142,306,215.3,29.83,55.3,48
20180913,233.2,165,287,208.4,29.69,57.8,48
20180914,203.3,149,249,205.8,12.5,59.5,48
20180915,239.8,153,294,223.4,22.73,53.4,48
20180916,178.1,122,260,167.0,24.17,66.9,48
20180917,214.3,104,266,219.7,14.23,58.5,48
20180918,139.7,89,184,170.8,32.65,69.1,48
20180919,141.6,107,171,152.2,30.98,70.4,48
20180920,215.5,103,284,194.8,25.17,55.4,48
20180921,146.7,84,195,136.4,18.92,70.6,48
20180922,231.7,149,321,205.5,26.71,55.3,48
20180923,231.0,162,293,206.6,30.31,55.3,48
20180924,290.4,176,369,231.3,59.1,49.7,48
20180925,244.5,145,314,220.3,34.02,55.5,48
20180926,220.9,126,309,193.6,27.77,62.1,48
20180927,256.5,168,315,226.6,36.1,53.8,48
20180928,256.9,177,330,258.1,9.1,48.1,48
20180929,229.6,180,284,211.1,25.21,52.2,48
20180930,203.0,139,241,175.2,27.85,55.2,48
20181001,215.0,136,261,223.1,25.79,54.3,48
20181002,194.5,134,229,173.4,29.48,61.1,48
20181003,248.4,156,298,259.5,15.9,49.2,48
20181004,237.9,173,288,249.9,19.46,51.2,48
20181005,284.3,222,330,292.9,10.48,41.1,48
20181006,253.6,199,293,261.9,19.73,44.7,48
20181007,189.5,141,235,204.4,19.9,55.5,48
20181008,207.8,145,253,199.1,18.29,55.9,48
20181009,217.9,161,269,194.8,32.96,54.8,48
20181010,205.7,143,256,216.3,12.73,53.6,48
20181011,204.1,137,275,195.3,11.88,55.8,48
20181012,160.6,133,191,167.6,9.98,61.6,48
20181013,160.9,124,216,186.6,30.1,60.7,48
20181014,229.6,133,286,257.7,28.08,45.5,48
20181015,292.6,210,349,271.0,28.73,39.3,48
20181016,269.9,216,324,246.8,23.19,48.0,48
20181017,330.4,217,391,289.3,41.1,38.2,48
20181018,341.7,273,407,301.3,40.38,33.8,48
20181019,303.1,254,363,293.4,13.29,39.7,48
20181020,236.4,176,283,254.1,17.85,44.6,48
20181021,178.9,117,212,199.2,21.42,55.3,48
20181022,174.9,104,240,196.3,22.79,58.3,48
20181023,156.0,105,206,152.7,11.25,63.9,48
20181024,200.6,103,269,195.7,10.83,60.4,48
20181025,242.3,156,299,248.4,19.0,50.8,48
20181026,185.5,118,234,197.6,14.88,61.1,48
20181027,162.9,100,214,179.4,16.56,60.7,48
20181028,218.0,140,340,248.5,32.9,48.7,50
20181029,299.8,197,379,293.5,22.38,41.7,48
20181030,320.7,230,384,301.8,20.73,38.4,48
20181031,324.3,274,368,307.7,19.52,38.2,48
20181101,302.1,217,359,304.1,7.08,37.0,48
20181102,285.6,187,347,286.9,11.94,42.4,48
20181103,166.5,123,210,168.5,9.4,62.2,48
20181104,224.4,116,335,222.2,11.71,51.0,48
20181105,293.9,198,355,295.4,13.0,39.7,48
20181106,217.8,108,275,220.4,10.42,53.8,48
20181107,208.4,110,293,206.0,11.56,55.5,48
20181108,225.0,115,286,228.3,12.56,52.9,48
20181109,173.2,109,229,174.1,9.9,61.4,48
20181110,213.3,108,311,210.8,9.08,52.8,48
20181111,207.6,151,283,211.1,11.02,52.1,48
20181112,213.1,138,273,214.7,12.81,54.9,48
20181113,214.1,127,307,218.1,12.06,54.8,48
20181114,220.3,134,295,209.4,20.04,58.1,48
20181115,295.4,187,355,290.3,12.25,45.9,48
20181116,357.0,282,401,355.6,9.63,35.5,48
20181117,255.1,176,311,254.2,11.13,52.0,48
20181118,252.0,188,307,237.6,18.92,51.1,48
20181119,306.1,200,367,268.9,44.1,48.5,48
20181120,283.1,176,340,280.0,10.88,50.1,48
20181121,325.3,208,387,320.7,13.06,45.1,48
20181122,407.1,328,437,402.8,8.98,32.3,48
20181123,409.8,373,432,393.1,8.6,31.3,30
20181124,328.8,263,374,335.1,34.1,36.8,20
20181125,266.0,213,328,305.9,42.71,44.6,48
20181126,367.6,229,436,364.7,13.04,35.1,48
20181127,280.2,197,309,286.5,11.67,47.9,48
20181128,214.4,126,264,227.1,24.79,59.9,48
20181129,203.1,124,274,215.3,19.6,61.7,48
20181130,214.5,137,263,204.2,20.92,61.8,48
20181201,240.3,172,299,241.9,9.58,47.9,48
20181202,219.0,131,267,222.4,9.77,50.1,48
20181203,262.0,127,347,259.4,10.85,46.4,48
20181204,345.0,267,390,347.8,10.42,32.4,48
20181205,288.6,220,342,292.0,11.83,41.7,48
20181206,216.1,146,259,220.9,11.65,52.0,48
20181207,154.6,101,205,157.8,11.0,63.5,48
20181208,150.1,99,230,151.1,10.44,63.4,48
20181209,167.2,104,259,166.4,9.08,59.8,48
20181210,305.5,175,389,304.0,13.04,39.7,48
20181211,307.2,221,354,310.6,14.67,38.2,48
20181212,259.0,128,323,269.5,18.1,48.1,48
20181213,229.9,119,287,229.2,12.08,54.3,48
20181214,272.9,171,326,286.8,22.13,46.3,48
20181215,187.1,141,234,195.5,8.46,57.4,48
20181216,253.1,136,344,251.1,9.67,47.8,48
20181217,266.8,119,335,265.9,16.69,45.8,48
20181218,213.8,107,288,212.4,11.4,55.4,48
20181219,253.7,181,300,255.4,10.27,45.8,48
20181220,234.0,179,274,234.8,9.06,47.3,48
20181221,265.8,188,313,267.3,11.02,42.6,48
20181222,205.5,149,274,205.0,9.15,52.7,48
20181223,303.5,240,351,302.0,10.19,35.8,48
20181224,316.8,252,360,317.9,11.65,33.5,48
20181225,258.2,188,312,260.9,8.54,41.6,48
20181226,242.5,184,310,243.0,9.27,45.0,48
20181227,301.4,219,369,299.8,8.88,36.3,48
20181228,255.8,154,346,268.3,28.92,43.1,48
20181229,172.3,94,285,192.7,29.83,58.8,48
20181230,208.7,164,275,211.5,10.69,50.5,48
20181231,188.1,112,235,189.7,8.58,57.4,48
20190101,201.8,107,299,198.9,9.48,52.6,48
20190102,330.4,242,394,328.6,10.88,32.2,48
20190103,371.6,314,414,370.5,8.63,27.3,48
20190104,336.1,272,366,339.2,7.85,30.3,48
20190105,304.2,264,349,305.5,7.83,32.2,48
20190106,321.9,229,398,323.4,13.1,30.4,48
20190107,197.6,92,235,201.4,10.44,55.2,48
20190108,203.1,92,275,200.8,11.17,52.6,48
20190109,312.7,213,379,311.4,10.29,35.8,48
20190110,344.8,245,408,347.3,11.83,33.8,48
20190111,299.3,151,366,301.6,14.27,38.8,48
20190112,153.2,104,193,154.1,8.88,61.9,48
20190113,143.0,92,203,142.9,9.17,64.7,48
20190114,273.3,124,365,273.7,16.42,43.3,48
20190115,224.5,149,268,223.2,8.02,52.0,48
20190116,253.1,148,313,249.2,17.92,46.9,48
20190117,286.8,169,381,282.8,11.33,42.8,48
20190118,301.0,213,339,304.9,8.25,37.8,48
20190119,304.8,204,370,302.5,9.44,34.8,48
20190120,317.9,285,356,319.0,7.58,31.5,48
20190121,323.1,229,381,324.0,10.52,36.9,48
20190122,330.9,205,396,326.6,12.23,36.0,48
20190123,383.6,307,439,380.3,10.75,28.9,48
20190124,389.8,265,447,391.3,15.33,27.4,48
20190125,240.2,119,307,242.9,11.06,39.6,48
20190126,160.8,114,214,161.7,8.38,46.8,48
20190127,148.4,111,207,149.1,6.98,49.8,48
20190128,260.7,149,339,259.0,8.94,36.2,48
20190129,312.8,251,356,307.6,13.83,29.4,48
20190130,348.4,272,401,347.0,12.25,28.8,48
20190131,323.6,224,381,325.5,7.98,28.7,48
20190201,295.2,218,346,310.0,38.04,29.8,48
20190202,247.1,194,321,249.3,8.73,33.9,48
20190203,227.7,140,278,280.8,57.83,35.0,41
20190204,251.7,133,323,272.5,35.44,34.7,48
20190205,271.4,141,342,277.3,9.02,30.2,48
20190206,228.0,146,286,231.4,24.15,36.3,48
20190207,220.8,138,264,224.0,10.77,37.5,48
20190208,154.4,106,193,156.3,9.77,46.4,48
20190209,135.6,74,196,137.4,9.67,51.7,48
20190210,212.3,166,241,214.6,9.1,43.0,48
20190211,279.2,199,332,280.7,12.58,37.6,48
20190212,215.8,168,260,217.7,10.08,47.8,48
20190213,195.9,156,246,197.9,9.67,52.6,48
20190214,223.7,163,282,225.0,9.46,46.7,48
20190215,213.0,120,270,216.7,11.25,50.3,48
20190216,162.4,118,206,166.8,12.59,56.8,48
20190217,119.7,95,176,117.3,20.48,66.6,48
20190218,170.5,101,235,179.4,31.71,58.6,48
20190219,203.4,128,270,204.6,11.44,50.9,48
20190220,171.8,128,228,172.3,8.58,55.9,48
20190221,204.2,136,267,208.3,10.6,50.7,48
20190222,199.5,132,241,192.2,17.98,50.8,48
20190223,168.1,113,245,166.3,8.4,57.4,48
20190224,226.9,170,261,228.9,7.54,43.3,48
20190225,257.5,221,295,256.4,7.19,39.2,48
20190226,267.1,226,317,278.2,16.67,38.9,48
20190227,279.2,244,319,270.7,16.0,36.7,48
20190228,288.9,240,314,289.7,7.98,33.2,48
20190301,277.9,211,317,278.4,6.92,34.1,48
20190302,168.1,85,224,171.8,9.54,53.4,48
20190303,158.6,86,216,157.9,9.17,57.3,48
20190304,164.0,110,216,164.2,8.65,55.5,48
20190305,214.9,156,279,215.9,10.38,46.9,48
20190306,177.2,112,235,178.6,9.56,55.2,48
20190307,167.5,136,204,165.7,8.71,59.1,48
20190308,207.7,119,279,209.5,9.02,50.0,48
20190309,144.0,90,238,142.6,6.38,63.0,48
20190310,169.6,96,243,173.4,10.42,55.9,48
20190311,168.3,96,249,168.4,11.85,58.8,48
20190312,178.9,107,219,178.5,10.33,55.6,48
20190313,162.3,111,223,162.6,11.23,59.5,48
20190314,164.9,112,221,164.5,9.06,58.6,48
20190315,153.9,104,201,153.2,8.0,60.6,48
20190316,162.0,105,201,162.0,10.54,57.1,48
20190317,131.4,92,195,130.7,7.1,65.0,48
20190318,267.1,182,326,265.9,7.52,37.5,48
20190319,253.0,193,301,254.7,6.17,40.6,48
20190320,221.4,173,263,222.6,8.6,45.0,48
20190321,243.7,178,300,243.5,7.88,42.5,48
20190322,209.6,179,241,209.0,8.08,51.3,48
20190323,217.7,168,281,216.5,7.75,47.7,48
20190324,145.4,88,227,149.8,9.1,62.3,48
20190325,196.1,84,286,193.0,10.44,54.4,48
20190326,245.0,218,295,246.0,9.13,43.7,48
20190327,254.2,216,304,253.2,7.73,41.2,48
20190328,243.5,194,285,245.1,9.52,43.1,48
20190329,227.0,183,292,226.1,8.31,46.7,48
20190330,215.5,169,249,231.0,4.76,45.7,34
20190331,186.7,159,226,201.4,24.87,52.2,30
20190401,214.4,158,279,214.0,16.19,50.8,48
20190402,261.9,204,294,262.4,8.27,40.4,48
20190403,238.3,195,283,236.8,10.83,46.2,48
20190404,210.6,114,263,214.0,9.98,51.6,48
20190405,189.7,112,245,189.6,10.52,57.1,48
20190406,232.1,189,258,231.3,5.81,44.3,48
20190407,218.7,192,255,219.4,7.35,47.8,48
20190408,244.9,192,283,244.6,8.27,46.2,48
20190409,226.5,186,258,226.4,7.06,49.7,48
20190410,246.9,186,293,246.2,9.27,43.6,48
20190411,274.1,243,309,274.2,6.85,39.0,48
20190412,253.3,190,291,254.5,7.81,41.1,48
20190413,181.3,140,213,182.6,7.19,55.1,48
20190414,164.6,119,204,165.9,7.88,59.6,48
20190415,163.1,121,219,163.5,11.42,63.6,48
20190416,219.6,117,270,218.5,7.13,50.3,48
20190417,239.0,188,286,239.4,9.19,46.7,48
20190418,208.3,168,250,209.2,8.75,53.5,48
20190419,190.6,147,223,203.7,4.94,51.1,34
20190420,,,,204.7,,52.1,0
20190421,178.8,113,228,190.0,37.76,53.2,21
20190422,165.3,112,202,159.7,18.1,60.1,48
20190423,194.7,132,237,193.0,9.38,56.7,48
20190424,206.1,173,238,205.5,7.08,52.1,48
20190425,200.2,132,243,203.6,14.42,50.5,48
20190426,164.7,100,207,171.1,12.5,59.0,48
20190427,133.6,99,168,133.8,9.23,65.6,48
20190428,201.2,102,279,198.0,7.6,50.7,48
20190429,263.1,221,304,263.2,7.29,37.4,48
20190430,249.2,212,285,250.2,5.98,40.5,48
20190501,270.0,225,293,271.0,6.83,35.8,48
20190502,233.2,210,263,234.0,6.94,43.7,48
20190503,223.3,137,265,225.3,6.94,45.1,48
20190504,126.8,85,184,127.5,7.19,67.7,48
20190505,181.8,156,222,181.8,5.96,53.8,48
20190506,239.9,179,291,238.5,7.65,41.9,48
20190507,266.1,192,302,269.2,8.69,35.8,48
20190508,188.5,154,211,189.9,7.1,51.5,48
20190509,239.8,153,297,237.1,8.29,42.4,48
20190510,267.5,241,292,268.5,5.08,36.0,48
20190511,224.0,170,257,225.2,6.06,46.0,48
20190512,220.6,173,262,222.0,6.73,46.7,48
20190513,220.9,171,258,222.5,9.08,46.0,48
20190514,224.2,179,272,225.8,10.23,45.9,48
20190515,219.5,179,263,221.6,10.0,45.4,48
20190516,182.1,154,222,184.1,6.52,54.9,48
20190517,210.5,148,245,209.8,8.04,47.9,48
20190518,237.6,194,277,237.2,5.04,41.4,48
20190519,238.6,215,267,239.7,5.1,41.3,48
20190520,245.9,224,270,246.9,7.19,39.6,48
20190521,239.1,212,277,237.9,10.23,42.4,48
20190522,222.3,129,259,231.1,17.35,44.3,48
20190523,191.6,155,228,194.3,7.54,52.7,48
20190524,195.0,139,252,194.7,7.13,52.0,48
20190525,197.4,144,226,201.1,6.44,50.9,48
20190526,105.4,75,139,107.7,6.4,73.1,48
20190527,159.0,92,240,157.3,7.54,60.8,48
20190528,218.0,178,273,217.2,7.81,45.7,48
20190529,209.3,128,241,213.4,7.17,46.2,48
20190530,145.3,107,197,145.6,6.42,62.3,48
20190531,160.2,134,194,161.6,6.15,58.6,48
20190601,183.0,132,237,183.8,7.96,54.9,48
20190602,123.0,96,149,124.4,6.04,70.1,48
20190603,167.2,134,214,164.9,4.77,60.5,48
20190604,253.9,219,281,253.4,5.71,38.5,48
20190605,232.3,210,276,231.9,7.0,44.1,48
20190606,229.5,195,263,231.4,9.56,44.6,48
20190607,213.5,161,249,214.8,6.23,47.1,48
20190608,166.3,138,210,165.1,6.56,57.9,48
20190609,228.5,174,303,225.3,7.6,45.1,48
20190610,257.4,180,290,259.3,5.1,37.7,48
20190611,197.3,146,225,197.9,9.27,51.8,48
20190612,207.6,149,244,206.2,8.98,48.8,48
20190613,214.5,169,264,180.6,37.42,46.6,48
20190614,230.2,189,261,231.5,7.58,43.1,48
20190615,210.1,168,231,209.9,6.33,47.5,48
20190616,186.4,127,239,189.5,9.85,52.5,48
20190617,181.5,132,246,179.8,9.73,54.8,48
20190618,242.1,193,295,241.3,8.46,41.7,48
20190619,280.6,255,305,278.1,5.65,33.0,48
20190620,236.5,194,274,230.6,11.0,42.8,48
20190621,255.1,212,311,248.3,12.1,40.0,48
20190622,250.8,189,298,251.2,7.96,41.6,48
20190623,209.3,174,247,209.9,8.94,48.7,48
20190624,260.3,174,310,256.6,7.31,39.9,48
20190625,264.5,136,300,265.7,12.73,38.1,48
20190626,247.8,221,275,247.1,7.15,40.7,48
20190627,225.7,194,259,226.4,7.06,45.6,48
20190628,199.1,150,245,200.3,10.19,50.8,48
20190629,196.6,149,227,199.4,6.38,50.6,48
20190630,106.4,77,135,108.8,8.15,72.7,48
20190701,147.7,110,222,144.5,6.6,63.2,48
20190702,226.8,196,267,226.6,7.21,44.8,48
20190703,248.0,219,281,247.7,7.58,40.8,48
20190704,219.3,169,260,220.4,8.69,46.2,48
20190705,226.0,184,268,227.1,6.48,44.4,48
20190706,226.3,170,275,222.8,6.46,44.9,48
20190707,243.3,204,287,243.0,7.0,41.5,48
20190708,274.1,255,311,275.0,6.81,35.0,48
20190709,269.6,248,292,269.9,6.94,34.2,48
20190710,258.9,239,282,260.8,6.73,35.4,48
20190711,267.3,244,303,268.3,8.85,35.7,48
20190712,222.2,188,257,222.8,6.38,44.2,48
20190713,212.7,194,229,213.1,5.54,45.4,48
20190714,226.4,209,256,226.7,5.88,44.1,48
20190715,258.5,229,300,258.0,7.02,36.8,48
20190716,257.5,227,288,258.9,8.08,37.3,48
20190717,220.9,184,262,224.5,7.29,46.0,48
20190718,219.7,186,257,219.4,7.56,47.4,48
20190719,223.6,163,267,225.4,8.96,45.9,48
20190720,145.9,91,188,146.5,7.48,62.8,48
20190721,154.6,114,198,156.0,6.54,61.9,48
20190722,156.6,115,201,156.8,7.48,64.3,48
20190723,214.4,149,265,214.4,10.27,50.0,48
20190724,239.8,167,309,217.1,26.07,47.2,48
20190725,245.8,200,314,248.5,11.23,47.2,48
20190726,246.4,211,281,246.1,10.67,43.3,48
20190727,232.1,187,263,234.0,7.73,43.8,48
20190728,191.4,148,257,191.1,8.29,52.7,48
20190729,236.4,194,281,237.7,11.35,44.1,48
20190730,205.8,135,234,208.5,8.94,49.4,48
20190731,177.5,118,228,176.5,8.5,56.6,48
20190801,233.3,177,274,232.3,7.42,44.2,48
20190802,253.9,218,293,253.6,7.48,41.2,48
20190803,241.2,219,267,243.6,5.56,40.4,48
20190804,215.7,177,249,218.9,7.29,46.0,48
20190805,179.6,137,214,181.9,8.88,54.7,48
20190806,173.7,117,215,174.6,11.04,58.0,48
20190807,160.3,100,209,159.9,8.94,61.5,48
20190808,216.5,131,256,218.7,8.67,49.8,48
20190809,123.9,82,161,125.9,7.92,70.0,48
20190810,91.4,77,106,92.6,4.44,75.6,48
20190811,113.6,86,153,113.5,5.44,71.8,48
20190812,225.9,133,285,223.7,7.83,45.9,48
20190813,231.5,205,269,233.2,6.98,44.6,48
20190814,232.3,136,276,235.2,9.23,44.2,48
20190815,148.3,98,229,149.6,5.9,63.9,48
20190816,138.4,127,158,148.3,3.5,63.0,10
20190817,,,,116.3,,73.6,0
20190818,,,,116.9,,74.4,0
20190819,155.8,127,206,155.7,20.45,65.4,29
20190820,207.5,134,268,222.7,20.33,50.0,48
20190821,173.2,121,235,176.6,7.88,56.0,48
20190822,136.4,48,166,137.2,14.54,64.7,48
20190823,168.9,116,227,171.2,11.58,59.4,48
20190824,196.2,155,258,194.8,6.65,52.3,48
20190825,218.1,175,244,218.6,5.63,45.4,48
20190826,230.2,192,271,231.4,6.06,46.5,48
20190827,262.5,227,288,259.3,9.67,41.3,48
20190828,236.6,188,287,230.0,14.58,47.7,48
20190829,174.3,88,232,177.3,9.88,62.4,48
20190830,136.6,94,193,136.6,11.27,70.5,48
20190831,117.1,86,160,117.4,8.33,72.2,48
20190901,134.0,95,199,134.7,7.4,67.7,48
20190902,160.3,89,204,163.5,10.13,61.7,48
20190903,159.6,89,206,161.5,9.0,61.9,48
20190904,122.4,78,161,122.8,9.0,72.0,48
20190905,131.3,79,188,132.4,9.74,69.4,48
20190906,131.5,95,167,131.4,9.38,69.2,48
20190907,164.5,108,213,163.8,7.21,59.6,48
20190908,189.0,148,242,190.4,5.46,53.6,48
20190909,251.1,194,287,250.5,9.42,42.1,48
20190910,218.5,120,282,222.6,9.52,47.5,48
20190911,129.1,96,183,130.1,8.58,68.6,48
20190912,150.7,111,201,152.8,8.88,61.1,48
20190913,194.4,124,257,193.5,10.83,54.7,48
20190914,142.2,92,182,143.7,10.1,64.6,48
20190915,175.7,133,245,174.2,8.02,58.7,48
20190916,235.0,163,272,238.5,6.21,45.4,48
20190917,207.9,155,263,195.1,17.23,51.8,48
20190918,248.4,217,291,248.2,7.4,41.3,48
20190919,261.1,211,296,262.9,8.46,39.2,48
20190920,207.1,88,272,212.4,10.81,52.0,48
20190921,102.1,72,139,102.5,5.19,75.3,48
20190922,172.7,95,231,172.1,6.67,56.5,48
20190923,202.9,115,255,205.0,9.65,53.8,48
20190924,202.6,121,251,201.8,11.6,52.0,48
20190925,227.1,125,261,230.5,10.46,45.9,48
20190926,154.9,102,203,157.5,11.25,63.0,48
20190927,151.4,98,189,152.4,9.63,61.5,48
20190928,138.5,100,203,138.1,8.13,64.7,48
20190929,142.0,97,182,143.0,8.94,63.0,48
20190930,229.6,102,288,231.9,12.94,47.3,48
20191001,194.3,94,253,193.8,12.92,56.9,48
20191002,207.1,115,266,204.9,11.0,53.7,48
20191003,224.5,89,290,227.0,9.88,48.2,48
20191004,191.9,84,251,188.9,8.56,55.6,48
20191005,183.0,116,224,184.8,5.69,54.3,48
20191006,127.5,104,173,127.8,6.88,68.3,48
20191007,185.3,92,242,183.8,9.5,59.4,48
20191008,141.1,87,193,144.5,11.48,68.7,48
20191009,135.5,82,181,138.4,18.0,68.5,48
20191010,137.9,75,179,137.3,8.33,68.4,48
20191011,140.4,88,173,140.9,8.29,66.7,48
20191012,191.1,93,250,188.2,6.83,51.0,48
20191013,218.3,194,235,218.7,5.44,44.5,48
20191014,252.7,196,287,252.0,7.08,39.5,48
20191015,259.8,181,299,260.0,9.42,41.3,48
20191016,217.9,138,285,215.6,7.77,49.2,48
20191017,249.0,192,281,250.8,9.08,44.1,48
20191018,228.0,145,264,201.2,35.5,48.4,48
20191019,161.9,126,200,162.8,7.98,58.1,48
20191020,160.0,116,209,159.6,7.23,57.6,48
20191021,234.9,134,286,233.4,12.63,48.5,48
20191022,231.6,186,268,232.6,9.02,48.9,48
20191023,227.8,172,274,228.1,8.25,47.7,48
20191024,216.7,146,255,220.6,16.13,48.0,48
20191025,197.8,133,249,198.5,8.52,52.0,48
20191026,172.7,96,223,173.1,8.6,57.2,48
20191027,152.9,85,244,150.5,9.22,62.6,50
20191028,270.8,225,311,270.8,8.33,38.6,48
20191029,254.6,209,281,254.9,6.5,42.6,48
20191030,249.5,185,285,251.5,7.63,46.1,48
20191031,233.1,162,269,234.6,9.1,47.2,48
20191101,201.7,99,238,203.6,8.04,50.3,48
20191102,157.2,83,207,155.6,7.35,61.3,48
20191103,207.9,141,261,205.4,8.81,52.0,48
20191104,245.0,176,283,245.0,9.02,45.8,48
20191105,245.2,156,287,242.5,9.06,46.5,48
20191106,290.2,213,333,290.2,10.08,35.4,48
20191107,208.9,156,244,210.3,9.33,52.6,48
20191108,248.9,164,311,247.7,11.81,45.1,48
20191109,224.9,171,271,224.9,6.85,45.7,48
20191110,225.8,131,288,229.5,8.83,46.5,48
20191111,180.0,120,229,180.0,11.85,60.1,48
20191112,194.4,116,249,191.3,9.42,57.3,48
20191113,297.6,180,356,299.5,12.58,37.8,48
20191114,254.6,152,307,252.7,11.02,47.8,48
20191115,263.3,198,298,260.9,7.54,47.1,48
20191116,295.4,229,347,293.4,7.42,33.5,48
20191117,292.9,244,313,292.9,6.1,34.3,48
20191118,295.3,225,333,293.7,8.33,40.1,48
20191119,318.0,229,372,318.9,8.58,37.1,48
20191120,248.1,156,295,250.1,8.71,49.8,48
20191121,220.1,154,270,221.2,8.58,53.0,48
20191122,214.6,136,261,216.1,9.92,51.5,48
20191123,186.9,109,251,185.1,7.1,56.7,48
20191124,248.2,200,287,249.2,7.1,44.0,48
20191125,250.1,183,293,250.2,9.79,45.9,48
20191126,215.2,174,254,215.2,8.15,52.6,48
20191127,240.9,144,286,241.7,9.21,47.8,48
20191128,209.3,132,265,207.6,8.81,54.0,48
20191129,270.9,201,317,270.8,8.25,41.5,48
20191130,258.7,227,290,261.0,6.31,40.6,48
20191201,231.5,189,256,233.4,6.33,47.2,48
20191202,262.5,189,314,264.3,9.21,44.6,48
20191203,258.5,189,311,259.2,9.83,46.6,48
20191204,252.6,212,298,254.3,8.08,50.3,48
20191205,228.4,148,275,229.2,9.4,57.1,48
20191206,180.3,119,209,180.7,8.5,64.8,48
20191207,150.7,105,197,150.7,7.73,68.6,48
20191208,119.4,97,154,119.7,5.79,76.6,48
20191209,195.4,116,279,194.8,9.9,59.9,48
20191210,178.1,119,215,181.4,10.71,63.1,48
20191211,219.0,115,267,218.4,10.27,57.2,48
20191212,252.8,166,300,250.5,9.46,47.2,48
20191213,216.8,138,252,217.3,10.75,50.9,48
20191214,147.3,103,192,147.8,6.73,65.3,48
20191215,176.4,126,230,173.9,10.21,59.6,48
20191216,252.3,141,306,248.4,8.71,45.4,48
20191217,318.0,242,356,318.3,8.1,34.9,48
20191218,220.9,98,286,225.6,8.06,50.4,48
20191219,182.9,96,237,182.8,10.73,60.0,48
20191220,223.3,122,288,220.8,10.06,51.8,48
20191221,198.8,148,252,206.0,7.39,51.6,38
20191222,226.2,141,250,248.7,34.69,46.1,29
20191223,158.2,106,215,165.9,16.69,61.2,48
20191224,199.9,133,226,202.7,6.94,52.0,48
20191225,211.2,126,278,212.7,10.02,50.2,48
20191226,148.4,119,186,149.6,7.25,63.6,48
20191227,180.7,132,218,180.7,6.81,56.0,48
20191228,148.1,116,172,149.4,5.08,64.6,48
20191229,131.9,109,175,132.1,6.38,69.0,48
20191230,172.1,100,227,172.0,6.69,60.5,48
20191231,240.3,180,275,241.3,7.0,46.6,48
20200101,192.1,131,225,193.1,5.98,56.7,48
20200102,175.4,111,227,172.1,10.38,66.8,48
20200103,166.0,104,223,166.0,9.65,66.3,48
20200104,179.3,124,249,178.2,9.73,63.1,48
20200105,172.3,134,214,171.0,7.0,65.1,48
20200106,186.6,113,219,185.9,8.85,64.4,48
20200107,171.4,101,231,168.2,11.52,65.8,48
20200108,239.0,96,329,236.0,12.46,53.1,48
20200109,255.7,185,315,254.9,10.83,48.9,48
20200110,233.1,132,290,235.1,11.23,52.1,48
20200111,142.8,107,175,142.5,8.31,71.2,48
20200112,165.8,121,232,163.8,8.02,64.2,48
20200113,184.9,137,235,188.5,11.56,64.0,48
20200114,183.3,122,236,167.7,29.5,63.5,48
20200115,165.1,111,207,149.1,21.0,65.6,48
20200116,167.1,113,207,166.5,8.48,65.8,48
20200117,189.5,119,236,192.6,11.96,59.2,48
20200118,209.2,128,276,206.8,9.56,58.8,48
20200119,245.9,213,290,245.8,8.08,49.3,48
20200120,290.0,219,338,288.6,9.23,43.9,48
20200121,323.9,260,371,323.3,8.35,35.4,48
20200122,325.4,293,349,324.5,6.79,34.9,48
20200123,332.0,313,354,327.8,7.79,39.1,47
20200124,341.5,238,370,301.2,49.42,37.2,48
20200125,227.8,157,256,229.4,7.83,53.2,48
20200126,175.4,139,230,177.3,8.38,61.8,48
20200127,206.0,130,258,203.3,11.08,55.1,48
20200128,173.8,102,209,177.3,9.27,58.6,48
20200129,152.9,92,192,153.9,8.31,65.9,48
20200130,153.2,93,197,153.0,7.54,65.4,48
20200131,141.0,101,171,140.2,5.56,67.3,48
20200201,119.5,93,140,127.6,4.38,70.8,24
20200202,156.9,99,204,159.7,22.57,60.9,30
20200203,152.1,103,198,150.9,15.79,67.6,48
20200204,181.5,112,251,180.1,9.56,59.7,48
20200205,275.7,213,314,275.8,9.29,40.7,48
20200206,298.3,249,337,299.8,8.88,36.4,48
20200207,218.6,112,267,222.2,8.38,54.9,48
20200208,134.7,100,177,135.0,8.42,67.9,48
20200209,152.0,102,211,150.3,7.63,65.9,48
20200210,150.6,101,197,150.7,8.4,66.8,48
20200211,148.9,104,195,149.4,7.83,66.0,48
20200212,182.0,105,280,180.2,14.81,60.0,48
20200213,227.3,124,292,225.9,10.29,48.3,48
20200214,221.0,147,267,223.6,8.65,53.0,48
20200215,151.4,112,189,151.0,7.13,67.9,48
20200216,129.3,109,161,128.8,6.46,72.0,48
20200217,146.4,99,194,146.9,8.44,67.8,48
20200218,139.1,97,181,139.2,6.85,66.6,48
20200219,175.1,108,221,174.7,8.38,60.8,48
20200220,154.0,99,191,154.4,8.33,66.2,48
20200221,148.1,104,178,147.1,7.69,68.3,48
20200222,119.3,98,161,117.1,8.77,71.1,48
20200223,167.7,101,249,164.7,8.94,60.3,48
20200224,193.6,113,254,196.9,10.15,53.8,48
20200225,199.5,120,264,199.3,10.13,52.7,48
20200226,189.0,138,248,188.6,7.94,55.6,48
20200227,216.3,177,250,217.5,9.4,48.5,48
20200228,205.5,123,244,207.8,7.96,48.9,48
20200229,124.8,95,169,125.9,8.69,68.9,48
20200301,123.5,85,192,122.5,6.83,69.9,48
20200302,221.9,156,275,220.6,11.96,49.2,48
20200303,249.7,167,306,245.8,9.15,45.4,48
20200304,333.4,269,360,330.8,8.27,29.1,48
20200305,322.3,287,363,325.5,6.83,31.5,48
20200306,308.1,276,347,309.9,9.75,34.5,48
20200307,176.1,89,284,180.3,7.73,57.4,48
20200308,116.6,75,197,117.5,8.5,67.7,48
20200309,159.7,93,206,157.5,14.73,57.6,48
20200310,141.3,96,193,139.9,7.88,63.5,48
20200311,141.8,89,192,141.9,11.56,61.2,48
20200312,121.6,80,172,121.8,8.0,65.9,48
20200313,211.4,95,275,208.9,13.85,48.4,48
20200314,135.1,77,156,137.0,5.63,64.3,48
20200315,140.3,78,231,135.6,7.44,63.7,48
20200316,210.8,118,277,214.9,10.52,49.3,48
20200317,154.7,100,200,154.4,9.04,60.3,48
20200318,213.2,122,261,210.3,8.19,49.6,48
20200319,269.9,225,295,271.0,5.75,36.0,48
20200320,201.2,129,233,205.5,7.6,49.5,48
20200321,117.5,78,168,118.3,6.65,67.8,48
20200322,148.0,121,197,147.8,6.68,60.7,48
20200323,141.3,111,198,146.3,11.69,63.5,48
20200324,130.3,99,182,136.9,14.54,66.7,48
20200325,222.5,125,303,216.7,11.5,50.3,48
20200326,264.1,207,304,265.5,7.35,42.9,48
20200327,205.0,131,259,210.3,9.52,53.4,48
20200328,113.1,84,147,114.8,8.31,70.1,48
20200329,130.5,94,192,129.6,7.0,66.8,46
20200330,198.1,151,230,198.8,8.38,50.8,48
20200331,230.0,187,272,229.6,7.31,44.6,48
20200401,231.6,181,253,232.1,6.5,42.1,48
20200402,171.4,126,208,170.5,7.29,59.0,48
20200403,242.7,191,281,236.9,13.85,41.4,48
20200404,179.1,119,225,183.2,9.69,55.2,48
20200405,102.5,78,127,104.8,5.6,76.7,48
20200406,139.9,92,245,138.3,7.75,66.6,48
20200407,200.0,137,251,202.7,8.45,54.4,48
20200408,238.7,179,309,238.0,10.63,46.1,48
20200409,221.6,167,271,223.4,8.33,47.7,48
20200410,191.5,164,240,192.4,10.52,50.8,48
20200411,159.4,107,224,160.2,7.56,58.8,48
20200412,162.9,90,203,166.4,5.98,56.0,48
20200413,129.8,83,207,128.2,6.4,64.2,48
20200414,189.8,139,231,191.7,7.81,52.2,48
20200415,175.1,127,226,176.7,6.9,56.9,48
20200416,173.9,117,219,176.7,8.21,56.2,48
20200417,119.5,93,137,120.9,5.67,68.8,48
20200418,175.1,103,236,174.0,6.98,54.8,48
20200419,124.7,91,184,128.7,6.77,67.9,48
20200420,92.8,72,108,93.8,4.71,76.9,48
20200421,93.7,75,124,92.9,4.96,76.1,48
20200422,118.2,81,168,120.2,11.0,68.0,48
20200423,177.5,111,225,161.7,25.4,52.8,48
20200424,198.9,162,245,171.0,31.25,48.0,48
20200425,185.1,143,241,170.6,17.04,50.9,48
20200426,172.6,122,223,158.6,16.75,54.9,48
20200427,200.1,170,218,185.7,16.83,47.6,48
20200428,194.4,150,229,187.4,13.71,45.9,48
20200429,156.2,113,183,158.7,7.46,55.2,48
20200430,123.3,85,177,125.3,9.38,62.6,48
20200501,135.6,115,172,135.5,6.75,59.1,48
20200502,147.8,112,218,143.8,8.44,57.8,48
20200503,196.8,182,225,203.1,9.52,45.1,48
20200504,154.1,99,183,162.7,10.31,55.8,48
20200505,117.2,88,165,119.6,9.06,64.0,48
20200506,162.9,119,217,158.2,9.42,53.5,48
20200507,182.3,160,214,178.8,7.42,50.5,48
20200508,193.6,151,238,192.1,7.81,44.8,48
20200509,168.5,121,207,174.5,9.13,50.6,48
20200510,89.2,71,114,91.6,6.79,75.5,48
20200511,108.2,74,157,110.7,10.88,70.6,48
20200512,147.5,117,196,145.5,8.4,57.3,48
20200513,150.8,124,194,149.3,7.94,57.1,48
20200514,150.1,107,193,154.5,10.81,57.1,48
20200515,144.1,103,186,147.1,10.94,58.5,48
20200516,127.7,99,176,130.9,8.29,62.8,48
20200517,125.3,79,161,127.6,9.56,62.5,48
20200518,119.7,86,180,118.1,9.1,67.1,48
20200519,152.9,115,221,149.0,9.38,56.9,48
20200520,160.8,117,200,164.9,8.0,55.3,48
20200521,153.2,103,208,157.1,12.75,56.8,48
20200522,97.6,81,123,97.2,7.71,75.1,48
20200523,81.7,65,106,81.3,5.25,79.3,48
20200524,85.5,46,150,84.0,7.42,76.2,48
20200525,142.6,94,182,142.6,6.65,62.3,48
20200526,171.4,137,229,173.2,7.77,51.8,48
20200527,196.4,161,227,200.1,8.06,44.6,48
20200528,157.4,126,206,163.3,11.21,55.3,48
20200529,145.8,109,192,150.3,12.1,57.6,48
20200530,116.4,92,145,117.6,7.21,67.1,48
20200531,123.6,94,161,121.4,8.79,65.5,48
20200601,166.1,120,212,160.1,9.15,54.1,48
20200602,196.8,168,223,195.7,7.9,45.3,48
20200603,155.0,122,182,159.7,10.88,58.0,48
20200604,161.1,112,209,157.5,12.1,56.0,48
20200605,98.9,70,132,101.4,10.35,72.2,48
20200606,96.8,69,119,96.0,5.83,72.4,48
20200607,128.6,97,163,123.2,9.79,65.2,48
20200608,198.2,121,265,189.6,10.56,48.5,48
20200609,241.5,223,275,225.6,18.69,36.5,48
20200610,223.5,116,248,228.4,12.98,40.4,48
20200611,110.3,91,130,114.3,7.88,69.3,48
20200612,143.3,107,186,136.7,10.19,59.5,48
20200613,181.9,152,221,177.3,10.94,49.9,48
20200614,203.7,173,248,201.2,7.54,44.0,48
20200615,236.1,210,270,232.8,7.9,36.2,48
20200616,263.0,239,294,258.1,7.77,34.5,48
20200617,258.5,211,281,260.0,8.67,35.5,48
20200618,237.9,178,269,238.6,13.29,39.4,48
20200619,182.5,152,222,184.2,9.52,51.3,48
20200620,154.0,101,188,157.0,10.83,54.3,48
20200621,97.8,64,142,99.5,8.06,72.4,48
20200622,133.6,101,173,124.5,13.92,61.0,48
20200623,190.6,134,247,179.4,13.4,53.1,48
20200624,203.6,168,236,201.9,9.9,50.5,48
20200625,188.3,155,225,186.5,9.25,54.7,48
20200626,201.2,162,233,201.2,10.85,51.6,48
20200627,115.4,73,184,122.9,10.04,68.8,48
20200628,99.3,67,123,94.2,8.77,75.3,48
20200629,107.6,91,131,96.3,13.27,72.2,48
20200630,191.4,92,249,183.3,10.6,53.7,48
20200701,219.0,185,255,218.9,7.27,47.4,48
20200702,232.6,212,266,233.5,8.25,44.2,48
20200703,141.0,94,214,147.6,8.71,64.4,48
20200704,106.9,74,134,115.1,9.31,72.4,48
20200705,78.5,68,90,79.6,5.79,79.8,48
20200706,126.7,72,210,116.9,13.1,68.7,48
20200707,229.3,153,276,210.8,19.33,47.8,48
20200708,258.2,206,278,234.5,23.75,40.7,48
20200709,219.1,172,253,220.3,8.67,49.6,48
20200710,200.3,171,239,178.4,23.88,57.5,48
20200711,180.2,147,244,170.3,16.02,59.5,48
20200712,178.0,139,212,186.9,9.06,55.4,48
20200713,197.3,151,230,183.1,16.42,55.0,48
20200714,222.6,185,268,216.6,9.71,47.6,48
20200715,235.9,194,257,236.8,6.25,42.0,48
20200716,209.3,178,234,206.1,7.63,49.4,48
20200717,197.5,154,230,197.5,9.96,52.1,48
20200718,157.8,131,205,158.4,8.1,58.1,48
20200719,148.3,113,198,150.6,10.56,59.3,48
20200720,205.1,159,257,201.5,9.17,49.5,48
20200721,238.3,217,283,235.4,6.79,42.8,48
20200722,212.4,173,248,215.3,8.46,48.9,48
20200723,213.7,193,253,213.9,6.52,48.4,48
20200724,222.5,134,252,223.0,10.5,45.0,48
20200725,142.7,106,197,147.2,8.88,59.8,48
20200726,123.2,90,148,126.7,9.0,64.5,48
20200727,147.8,121,181,142.5,10.21,62.2,48
20200728,135.5,113,171,127.5,11.48,65.4,48
20200729,190.1,119,262,186.4,8.92,53.2,48
20200730,207.5,158,249,214.5,8.67,47.4,48
20200731,150.4,113,194,149.7,7.63,63.1,48
20200801,174.3,144,200,177.9,8.63,52.9,48
20200802,176.2,137,223,179.0,7.88,52.2,48
20200803,217.4,193,245,224.9,9.1,44.0,48
20200804,160.2,93,207,164.2,10.21,58.2,48
20200805,137.1,85,200,134.1,7.63,67.3,48
20200806,217.0,175,241,219.9,6.42,46.0,48
20200807,217.6,173,248,217.1,9.63,44.8,48
20200808,181.1,149,210,184.6,8.23,48.1,48
20200809,149.5,124,184,153.8,8.81,57.8,48
20200810,213.5,141,260,207.8,10.75,45.2,48
20200811,242.0,210,281,238.7,10.06,37.4,48
20200812,250.5,212,281,253.2,7.85,33.8,48
20200813,247.4,229,271,239.5,11.19,37.7,48
20200814,254.6,232,269,238.9,15.79,35.2,48
20200815,241.9,214,263,227.8,14.42,36.3,48
20200816,235.5,198,274,220.4,15.94,38.2,48
20200817,254.4,229,280,246.3,10.38,33.7,48
20200818,243.0,212,266,235.3,10.13,37.0,48
20200819,219.9,98,282,225.9,12.69,41.5,48
20200820,131.4,100,177,130.4,10.83,65.0,48
20200821,106.5,87,134,107.0,7.33,69.5,48
20200822,114.3,80,170,112.9,9.56,69.3,48
20200823,189.1,116,252,180.6,12.71,50.3,48
20200824,244.1,197,285,247.4,9.31,37.4,48
20200825,146.0,101,224,148.7,9.1,61.0,48
20200826,211.0,95,324,193.7,17.73,48.1,48
20200827,301.1,191,335,292.4,12.25,27.7,48
20200828,199.8,169,226,176.3,20.58,54.1,36
20200829,161.8,131,181,145.6,12.05,64.2,19
20200830,192.0,141,258,198.4,11.81,47.9,48
20200831,275.1,253,322,266.6,13.88,31.5,48
20200901,271.2,218,318,267.5,10.15,34.2,48
20200902,198.1,118,223,199.0,7.13,49.9,48
20200903,157.4,103,194,152.5,13.06,58.5,48
20200904,155.3,110,193,156.6,10.92,59.4,48
20200905,139.1,96,227,139.9,7.63,61.9,48
20200906,239.5,182,289,240.1,7.77,34.6,48
20200907,206.9,140,241,200.5,12.81,47.4,48
20200908,200.2,137,239,187.4,16.5,49.7,48
20200909,191.0,120,262,190.1,7.58,52.8,48
20200910,249.4,189,286,252.4,8.19,38.2,48
20200911,180.1,106,211,176.8,9.92,55.0,48
20200912,101.5,76,144,110.8,11.6,73.3,48
20200913,105.2,63,170,103.8,7.48,71.8,48
20200914,240.3,144,315,235.6,9.1,42.6,48
20200915,298.6,275,332,291.2,10.27,32.7,48
20200916,241.6,182,276,245.2,8.04,41.0,48
20200917,213.7,159,250,219.3,8.81,46.5,48
20200918,181.3,109,232,183.9,10.81,54.6,48
20200919,124.0,82,178,125.3,6.56,65.6,48
20200920,171.6,113,254,169.5,7.0,52.9,48
20200921,258.5,216,303,260.7,8.15,39.4,48
20200922,204.1,161,250,204.1,8.08,49.8,48
20200923,232.6,147,276,236.5,10.98,43.3,48
20200924,199.4,142,261,204.4,12.23,46.7,48
20200925,134.1,104,179,120.3,20.6,67.1,48
20200926,106.1,70,151,100.3,10.63,71.5,48
20200927,145.6,85,216,148.3,14.0,60.0,48
20200928,235.4,157,282,221.9,14.85,43.0,48
20200929,270.3,153,326,283.3,19.56,32.6,48
20200930,183.9,136,221,182.0,16.29,52.5,48
20201001,243.4,159,308,242.2,18.71,40.3,48
20201002,164.4,104,193,168.1,9.81,54.6,48
20201003,148.0,82,202,154.8,11.73,57.6,48
20201004,142.4,78,197,142.0,7.54,58.7,48
20201005,181.8,108,229,184.3,10.17,50.2,48
20201006,158.2,72,209,160.2,12.0,57.7,48
20201007,143.7,66,239,142.5,11.67,62.3,48
20201008,178.8,100,261,179.8,15.56,52.8,48
20201009,153.4,84,201,153.6,8.83,58.8,48
20201010,116.7,78,173,112.5,9.23,68.0,48
20201011,153.7,87,229,158.7,11.83,59.6,48
20201012,205.8,118,251,210.5,12.44,48.1,48
20201013,175.3,97,228,174.8,9.08,55.3,48
20201014,179.4,100,225,176.5,9.5,54.6,48
20201015,223.5,147,270,220.9,7.67,44.7,48
20201016,259.9,201,290,262.0,12.02,35.9,48
20201017,222.5,185,248,228.4,10.19,37.5,48
20201018,226.2,172,255,228.3,7.63,36.6,48
20201019,151.8,63,200,158.6,11.46,56.2,48
20201020,119.7,67,154,121.9,7.13,65.9,48
20201021,162.4,88,228,165.1,11.75,55.2,48
20201022,158.3,77,229,156.4,11.15,59.5,48
20201023,161.4,92,202,165.8,12.27,55.0,48
20201024,109.9,84,155,108.4,9.27,68.8,48
20201025,105.2,73,155,101.8,10.48,70.0,50
20201026,131.7,89,204,131.9,10.4,64.2,48
20201027,142.3,82,190,145.8,9.79,59.2,48
20201028,114.9,69,166,114.8,7.98,66.1,48
20201029,126.8,63,178,115.0,17.13,65.1,48
20201030,152.9,75,234,151.3,10.04,57.8,48
20201031,101.6,73,130,97.2,10.25,70.5,48
20201101,94.0,67,137,90.2,9.27,72.3,48
20201102,126.2,63,193,110.6,17.96,67.0,48
20201103,166.1,104,229,161.5,12.69,55.3,48
20201104,232.9,144,299,220.1,16.17,44.0,48
20201105,242.7,174,292,239.3,10.4,39.7,48
20201106,234.2,180,271,231.4,10.63,42.0,48
20201107,215.9,177,250,222.5,8.08,41.8,48
20201108,201.3,141,251,200.4,8.04,46.6,48
20201109,240.0,189,278,235.8,8.31,37.8,48
20201110,228.4,142,272,228.0,6.79,40.7,48
20201111,140.9,67,175,140.9,7.75,58.9,48
20201112,120.1,55,168,118.3,9.31,66.2,48
20201113,132.2,91,194,133.3,8.0,62.8,48
20201114,107.3,83,124,108.2,5.88,66.6,48
20201115,94.9,61,163,98.1,7.77,71.4,48
20201116,121.4,64,182,117.7,8.38,66.7,48
20201117,117.6,82,151,116.3,6.4,68.8,48
20201118,109.0,73,141,106.2,8.08,70.3,48
20201119,162.7,92,232,159.5,14.79,57.6,48
20201120,172.9,107,212,175.8,16.81,55.6,48
20201121,111.4,92,143,107.7,6.44,69.8,48
20201122,152.3,89,228,146.5,11.98,61.7,48
20201123,180.5,121,237,178.0,13.52,56.5,48
20201124,162.3,115,198,162.0,8.04,60.5,48
20201125,227.8,118,276,225.4,10.29,45.2,48
20201126,279.1,229,320,278.2,8.75,33.7,48
20201127,281.9,193,329,278.4,12.9,33.2,48
20201128,226.6,185,260,231.5,7.42,38.6,48
20201129,236.9,151,288,239.4,8.0,37.3,48
20201130,184.8,113,234,180.0,12.21,54.8,48
20201201,204.9,112,254,204.4,9.79,49.2,48
20201202,238.5,141,292,228.9,16.08,45.8,48
20201203,218.0,116,279,221.3,14.92,45.7,48
20201204,163.4,93,204,160.0,14.0,59.2,48
20201205,200.0,94,264,201.3,14.23,48.3,48
20201206,258.9,197,298,258.4,11.06,34.9,48
20201207,264.5,195,305,264.5,8.38,37.6,48
20201208,248.8,182,287,247.5,9.81,42.5,48
20201209,244.8,135,295,248.2,10.29,44.0,48
20201210,210.4,116,263,205.1,12.5,53.9,48
20201211,229.5,101,295,228.5,14.88,48.3,48
20201212,218.0,164,268,220.1,6.19,42.8,48
20201213,142.5,81,191,149.0,11.27,60.7,48
20201214,147.6,85,183,145.6,11.88,63.4,48
20201215,178.0,96,229,181.0,15.75,55.4,48
20201216,150.5,94,186,147.6,11.33,62.1,48
20201217,160.0,61,210,161.9,14.6,61.2,48
20201218,122.1,62,159,119.2,10.98,68.2,48
20201219,95.4,62,131,98.6,7.46,73.5,48
20201220,112.9,64,167,112.6,7.96,70.5,48
20201221,164.2,49,229,166.0,10.73,55.4,48
20201222,229.0,91,307,221.1,15.96,43.4,48
20201223,172.4,95,214,175.2,9.98,53.9,48
20201224,122.6,57,184,117.6,10.35,65.8,48
20201225,136.6,68,173,137.9,9.6,60.0,48
20201226,86.3,63,109,87.2,6.65,76.5,48
20201227,131.0,66,206,129.0,7.19,64.8,48
20201228,229.6,155,282,232.0,7.85,38.3,48
20201229,212.7,167,245,214.1,4.94,41.9,48
20201230,227.8,164,281,229.6,6.65,41.1,48
20201231,223.8,178,261,225.2,6.35,41.6,48
20210101,202.7,152,256,206.0,6.69,45.5,48
20210102,221.9,171,276,221.2,8.73,41.5,48
20210103,187.2,123,240,187.0,6.48,49.9,48
20210104,195.1,115,249,191.3,10.13,51.2,48
20210105,226.2,140,271,221.5,11.27,45.5,48
20210106,265.3,179,300,269.4,16.48,37.9,48
20210107,286.6,219,317,283.2,14.96,35.1,48
20210108,290.1,240,312,287.1,9.96,34.2,48
20210109,255.0,199,280,253.7,8.65,36.9,48
20210110,225.0,98,278,225.7,10.42,43.0,48
20210111,178.0,99,222,170.4,10.79,58.2,48
20210112,251.5,123,303,248.8,11.75,42.0,48
20210113,289.6,265,316,286.0,6.54,33.3,48
20210114,267.4,207,299,264.8,8.92,39.2,48
20210115,274.5,159,330,273.5,9.06,36.4,48
20210116,144.9,92,212,140.2,12.85,63.0,48
20210117,151.8,78,228,150.5,8.31,60.8,48
20210118,182.0,104,233,185.1,9.67,54.6,48
20210119,186.3,112,239,188.4,11.21,53.2,48
20210120,190.4,116,240,188.7,8.67,50.6,48
20210121,141.7,85,213,139.6,8.04,61.9,48
20210122,202.3,88,268,200.1,8.85,50.4,48
20210123,258.8,232,284,263.6,6.14,36.3,37
20210124,256.4,156,286,286.7,37.71,37.2,31
20210125,222.4,136,277,255.4,36.08,49.5,48
20210126,243.1,160,308,243.0,13.9,40.9,48
20210127,259.9,164,316,258.9,12.81,38.6,48
20210128,210.4,136,274,207.4,8.67,49.2,48
20210129,189.4,121,255,195.1,10.1,52.9,48
20210130,143.1,81,197,143.1,6.94,57.4,48
20210131,188.0,150,230,185.9,5.08,47.5,48
20210201,258.4,177,295,258.6,7.54,36.0,48
20210202,166.6,97,208,165.9,9.02,54.7,48
20210203,194.1,111,251,192.0,7.77,52.3,48
20210204,187.9,145,221,187.5,4.15,50.1,48
20210205,204.5,146,251,203.4,7.02,48.3,48
20210206,156.1,101,186,155.2,8.27,56.8,48
20210207,123.3,83,176,125.9,10.38,66.2,48
20210208,168.2,83,225,166.4,9.67,56.0,48
20210209,222.0,158,258,217.1,10.19,45.8,48
20210210,259.7,191,297,260.2,8.06,41.1,48
20210211,248.3,137,292,250.9,8.9,41.0,48
20210212,168.5,103,215,170.6,11.33,60.1,48
20210213,127.7,96,178,129.5,8.19,68.1,48
20210214,129.5,101,169,127.6,7.77,67.7,48
20210215,175.4,114,222,173.8,7.75,56.5,48
20210216,166.1,117,211,161.9,10.9,61.2,48
20210217,157.9,110,205,146.8,14.44,64.6,48
20210218,154.8,110,190,145.1,16.06,65.8,48
20210219,138.5,89,170,126.5,17.69,63.9,48
20210220,108.3,75,150,106.9,12.54,68.8,48
20210221,168.2,100,229,162.5,9.25,54.9,48
20210222,216.2,150,264,221.7,11.02,43.9,48
20210223,128.7,96,160,124.9,8.27,64.6,48
20210224,122.3,78,171,120.5,7.75,66.2,48
20210225,175.2,70,249,173.4,11.02,54.7,48
20210226,205.5,175,242,207.2,6.6,43.1,48
20210227,238.6,200,296,229.3,11.29,37.5,48
20210228,247.0,200,287,248.8,8.23,31.4,48
20210301,276.4,244,313,273.5,8.35,30.3,48
20210302,292.0,242,329,288.1,7.17,28.8,48
20210303,311.2,264,344,311.3,6.44,25.0,48
20210304,257.8,208,299,259.7,7.4,33.7,48
20210305,279.6,207,345,275.2,10.17,32.8,48
20210306,277.5,257,314,276.1,8.56,28.9,48
20210307,263.0,241,302,256.0,13.15,32.2,48
20210308,252.1,212,280,248.9,7.58,36.9,48
20210309,209.5,105,260,212.3,11.27,45.9,48
20210310,134.7,82,181,133.4,10.23,64.3,48
20210311,109.4,82,146,109.4,10.21,69.2,48
20210312,105.1,80,147,106.0,6.88,69.9,48
20210313,94.9,64,147,95.6,8.54,70.7,48
20210314,98.1,65,162,98.2,9.02,72.4,48
20210315,187.6,88,269,186.9,8.02,51.4,48
20210316,173.9,117,212,169.0,11.71,54.4,48
20210317,193.2,123,258,192.8,6.77,50.5,48
20210318,210.4,164,237,210.9,8.98,46.5,48
20210319,237.0,167,276,246.3,10.71,39.5,48
20210320,205.7,159,238,206.3,5.25,41.4,48
20210321,196.2,152,256,198.0,7.23,44.9,48
20210322,225.6,193,263,221.1,7.81,40.4,48
20210323,163.6,109,215,162.4,10.83,56.9,48
20210324,150.3,113,194,149.5,8.25,60.4,48
20210325,121.3,73,171,122.2,8.6,65.1,48
20210326,98.3,63,151,101.1,7.75,71.2,48
20210327,82.8,59,117,82.8,7.08,76.7,48
20210328,72.0,58,94,70.9,5.8,80.7,46
20210329,89.4,56,122,84.4,10.56,76.3,48
20210330,156.2,96,230,154.5,8.69,57.3,48
20210331,197.0,131,230,197.8,6.92,44.6,48
20210401,158.1,101,197,154.4,7.83,54.0,48
20210402,160.9,121,191,162.7,5.15,51.3,48
20210403,165.0,119,216,164.4,5.23,50.8,48
20210404,114.6,49,192,114.4,9.67,64.8,48
20210405,74.6,38,123,72.0,10.85,77.5,48
20210406,109.7,70,158,102.4,9.52,68.6,48
20210407,187.8,115,261,182.0,7.75,50.3,48
20210408,160.4,103,225,155.0,12.4,59.6,48
20210409,193.4,109,235,192.9,5.6,48.0,48
20210410,214.7,194,229,215.6,2.88,39.5,48
20210411,196.9,168,243,194.2,13.21,44.1,48
20210412,248.2,202,285,247.5,10.27,37.6,48
20210413,268.8,242,303,264.5,13.13,33.7,48
20210414,267.7,233,304,268.7,9.13,33.6,48
20210415,245.5,206,288,244.6,5.92,37.1,48
20210416,244.7,202,279,243.9,9.25,37.9,48
20210417,218.2,145,264,224.7,9.21,38.1,48
20210418,226.8,172,303,220.2,9.73,37.5,48
20210419,262.6,204,303,259.1,10.67,36.0,45
20210420,261.9,218,308,264.6,10.94,34.3,48
20210421,213.6,180,247,212.0,7.23,45.2,48
20210422,225.6,172,273,226.0,8.67,40.1,48
20210423,222.0,168,264,221.0,9.33,38.0,48
20210424,174.7,124,198,178.1,6.77,47.6,48
20210425,161.0,135,200,162.4,5.67,51.2,48
20210426,198.7,165,240,199.3,7.04,43.7,48
20210427,209.6,158,249,208.5,9.48,43.6,48
20210428,181.6,155,210,180.3,4.77,49.6,48
20210429,207.1,175,260,204.4,5.5,43.4,48
20210430,242.1,226,270,243.0,5.4,35.4,48
20210501,237.0,204,274,238.9,5.85,33.4,48
20210502,228.0,196,259,227.0,4.77,35.6,48
20210503,141.4,79,229,148.2,9.75,59.3,48
20210504,97.5,59,151,94.9,7.35,72.1,48
20210505,171.0,101,245,165.9,7.94,53.0,48
20210506,213.7,184,245,209.9,7.35,42.6,48
20210507,223.4,185,262,221.5,8.1,39.7,48
20210508,125.8,90,214,126.9,9.71,60.1,48
20210509,110.9,80,162,106.6,7.9,65.8,48
20210510,116.1,85,152,112.9,11.56,64.0,48
20210511,173.6,105,225,169.1,6.85,49.3,48
20210512,211.7,166,253,209.9,4.88,40.2,48
20210513,234.1,220,253,224.1,10.0,34.9,48
20210514,244.0,206,273,238.1,6.63,32.6,48
20210515,227.6,198,259,225.6,6.65,33.9,48
20210516,210.5,195,234,211.2,3.52,36.9,48
20210517,230.5,210,262,228.5,4.88,35.8,48
20210518,228.4,206,264,225.8,5.85,37.2,48
20210519,222.5,188,253,220.7,5.21,37.1,48
20210520,142.3,58,222,150.2,9.25,57.2,48
20210521,90.3,61,107,88.7,5.81,72.6,48
20210522,142.5,65,219,137.0,6.69,56.9,48
20210523,113.6,68,193,114.9,5.67,63.1,48
20210524,144.6,95,189,142.4,7.33,55.5,48
20210525,147.2,81,203,144.3,5.15,55.0,48
20210526,182.5,162,214,180.8,4.17,45.6,48
20210527,198.8,174,235,198.0,4.42,41.1,48
20210528,219.7,200,240,222.1,4.75,37.0,48
20210529,193.0,150,227,195.8,7.19,41.1,48
20210530,160.0,105,208,160.4,5.98,50.3,48
20210531,140.6,96,171,140.2,5.58,56.2,48
20210601,145.3,112,179,136.9,10.52,57.9,48
20210602,134.4,104,176,118.3,23.1,62.9,48
20210603,158.0,119,186,156.6,5.75,51.8,48
20210604,170.8,144,209,170.1,4.23,47.8,48
20210605,163.5,127,198,164.9,5.19,50.1,48
20210606,183.6,162,222,181.0,4.67,44.0,48
20210607,187.9,145,219,185.1,6.1,45.2,48
20210608,161.8,131,198,154.6,8.5,53.5,48
20210609,142.1,116,167,134.6,8.79,59.0,48
20210610,135.1,97,161,128.5,9.69,60.8,48
20210611,113.2,89,164,106.1,8.31,66.4,48
20210612,121.7,81,182,118.2,7.35,62.6,48
20210613,124.3,82,158,119.2,7.02,61.8,48
20210614,125.4,78,187,118.7,10.08,62.5,48
20210615,166.9,114,211,158.6,11.42,53.9,48
20210616,155.6,89,217,153.3,8.5,54.3,48
20210617,210.0,154,235,199.0,13.88,42.4,48
20210618,176.5,148,197,163.5,13.27,50.7,48
20210619,172.7,136,204,162.8,11.5,49.0,48
20210620,174.3,117,206,166.1,11.06,46.9,48
20210621,165.0,120,188,164.3,9.17,49.5,48
20210622,184.0,139,232,172.8,12.42,48.6,48
20210623,224.3,201,262,201.3,22.98,39.7,48
20210624,207.7,168,233,192.3,16.08,42.4,48
20210625,177.2,146,217,150.1,27.15,52.8,48
20210626,199.0,181,232,192.2,7.29,42.8,48
20210627,190.6,166,220,181.9,9.48,44.8,48
20210628,230.1,174,258,216.5,14.81,37.3,48
20210629,216.4,189,243,215.3,4.98,39.0,48
20210630,202.9,161,240,198.8,6.88,42.4,48
20210701,210.9,178,266,202.0,10.94,40.2,48
20210702,236.5,210,255,229.1,8.63,35.2,48
20210703,190.2,162,216,186.7,7.83,44.9,48
20210704,181.7,139,204,177.8,5.23,46.8,48
20210705,177.7,121,238,169.7,9.13,49.6,48
20210706,157.3,122,179,150.9,9.48,55.7,48
20210707,176.4,114,226,167.9,10.29,51.1,48
20210708,220.7,185,261,214.6,7.81,37.3,48
20210709,247.4,231,272,234.0,13.63,33.1,48
20210710,251.8,238,274,240.3,11.52,32.4,48
20210711,237.5,216,260,227.9,10.08,36.6,48
20210712,248.0,226,269,241.2,8.92,33.6,48
20210713,212.5,191,242,209.3,5.19,41.0,48
20210714,161.3,125,184,159.5,6.98,52.8,48
20210715,162.5,110,214,155.4,8.52,52.9,48
20210716,181.1,140,229,175.4,7.73,48.9,48
20210717,169.4,125,225,164.7,7.92,51.4,48
20210718,203.6,173,264,196.5,8.02,42.7,48
20210719,231.3,202,263,226.1,6.92,37.2,48
20210720,235.6,202,275,228.5,8.19,37.0,48
20210721,243.4,216,279,236.8,7.08,34.0,48
20210722,254.2,219,283,244.8,9.98,32.5,48
20210723,233.1,194,265,220.8,13.6,36.9,48
20210724,208.4,159,255,203.7,7.48,40.7,48
20210725,238.7,212,279,230.4,8.27,33.6,48
20210726,242.6,218,266,235.7,7.33,34.5,48
20210727,239.3,209,260,235.8,5.94,35.4,48
20210728,168.2,104,206,168.9,8.5,52.8,48
20210729,126.2,83,220,118.4,9.92,62.6,48
20210730,206.7,153,234,204.2,6.23,42.2,48
20210731,190.2,125,250,180.2,11.98,46.1,48
20210801,218.6,200,252,212.0,7.77,38.5,48
20210802,240.4,217,275,229.0,11.52,33.8,48
20210803,238.6,217,268,231.9,7.33,36.0,48
20210804,224.8,198,249,221.1,5.6,40.1,48
20210805,149.5,107,204,149.3,6.25,55.4,48
20210806,128.7,96,165,123.9,11.4,60.6,48
20210807,128.7,82,171,121.4,11.1,63.1,48
20210808,109.8,85,154,105.2,8.35,66.9,48
20210809,182.8,114,240,172.5,10.79,48.2,48
20210810,221.4,177,269,210.1,11.85,38.7,48
20210811,202.6,152,240,196.8,8.06,44.9,48
20210812,162.3,113,222,159.7,6.58,53.7,48
20210813,107.8,69,140,101.9,8.4,69.3,48
20210814,163.0,118,235,155.9,8.77,55.4,48
20210815,175.6,87,227,177.8,6.25,48.2,48
20210816,133.0,73,209,125.5,9.5,59.5,48
20210817,142.6,90,190,132.4,12.1,57.4,48
20210818,163.1,113,228,155.9,8.27,50.8,48
20210819,240.3,195,267,229.5,10.98,33.5,48
20210820,228.3,187,252,218.9,9.75,34.9,48
20210821,211.9,173,244,205.3,7.27,37.7,48
20210822,207.0,182,227,202.7,4.58,38.0,48
20210823,212.0,182,241,206.2,6.5,38.0,48
20210824,216.8,194,241,207.3,9.98,38.8,48
20210825,200.4,147,233,196.6,5.1,41.3,48
20210826,154.7,117,199,146.8,8.5,53.2,48
20210827,200.1,159,225,194.0,7.5,41.1,48
20210828,157.8,130,215,151.6,7.77,51.1,48
20210829,159.9,136,197,152.3,8.63,52.4,48
20210830,165.5,126,197,154.4,11.52,50.8,48
20210831,186.5,134,223,175.6,12.15,45.8,48
20210901,204.9,158,235,196.5,8.38,41.0,48
20210902,233.4,198,259,226.6,7.67,35.5,48
20210903,237.7,214,260,229.9,8.71,34.4,48
20210904,214.4,200,230,207.8,7.33,38.7,48
20210905,207.4,160,265,194.0,14.67,40.6,48
20210906,250.4,227,282,223.4,27.08,35.3,48
20210907,229.2,194,270,224.5,6.58,37.6,48
20210908,215.6,185,250,210.5,7.17,40.2,48
20210909,247.0,212,271,239.3,8.83,34.2,48
20210910,243.6,205,272,239.9,6.52,35.5,48
20210911,189.7,142,219,188.1,10.75,47.9,48
20210912,241.9,191,279,238.3,6.65,35.2,48
20210913,241.3,216,267,239.5,9.48,36.3,48
20210914,255.1,206,283,248.4,8.63,34.8,48
20210915,266.4,232,302,260.3,7.98,35.1,48
20210916,258.9,199,297,254.6,7.73,36.9,48
20210917,212.3,166,272,206.4,8.44,46.6,48
20210918,239.0,188,268,239.0,4.98,37.7,48
20210919,223.4,167,281,217.1,8.4,42.0,48
20210920,240.8,204,284,237.8,6.38,40.5,48
20210921,229.6,167,274,226.4,6.58,44.5,48
20210922,160.4,103,191,157.9,8.25,59.0,48
20210923,138.6,64,230,133.5,10.77,66.7,48
20210924,135.7,93,184,131.0,10.17,65.8,48
20210925,211.2,161,237,204.4,8.65,44.5,48
20210926,125.8,84,165,123.2,6.92,67.2,48
20210927,104.0,64,158,103.8,9.65,73.7,48
20210928,137.3,66,194,134.1,7.83,64.1,48
20210929,126.0,81,184,124.8,8.4,65.0,48
20210930,115.6,72,150,115.7,7.77,68.3,48
20211001,93.1,62,147,87.2,9.42,75.4,48
20211002,125.0,96,164,116.0,10.85,66.9,48
20211003,83.5,61,115,79.8,8.73,78.0,48
20211004,152.9,68,228,143.3,12.35,61.6,48
20211005,123.0,82,156,118.9,7.9,67.5,48
20211006,170.6,83,237,162.2,9.06,58.0,48
20211007,193.3,149,221,180.5,15.29,53.3,48
20211008,223.5,159,262,223.1,7.02,42.5,48
20211009,215.9,175,263,214.4,6.94,41.0,48
20211010,174.5,132,203,178.6,7.92,50.5,48
20211011,193.0,115,248,193.2,10.27,47.8,48
20211012,213.8,121,269,211.8,8.04,44.4,48
20211013,212.1,149,248,212.4,6.04,43.2,48
20211014,145.6,86,183,146.8,6.56,59.5,48
20211015,221.8,86,289,213.9,11.19,44.1,48
20211016,239.6,161,277,240.6,4.79,36.3,48
20211017,167.2,119,236,168.5,8.46,53.8,48
20211018,158.2,103,198,158.7,6.27,55.8,48
20211019,119.0,63,158,123.2,7.17,65.0,48
20211020,122.8,55,176,119.5,11.75,65.6,48
20211021,99.2,60,142,91.5,10.42,73.0,48
20211022,160.4,61,266,151.1,15.08,57.6,48
20211023,151.3,86,213,155.5,7.42,57.2,48
20211024,87.6,58,128,85.9,6.35,76.1,48
20211025,152.2,75,218,148.4,9.04,61.6,48
20211026,128.6,66,172,131.4,7.75,65.2,48
20211027,105.4,53,149,102.4,8.5,72.9,48
20211028,127.0,50,183,121.2,10.56,65.6,48
20211029,127.9,81,179,128.2,8.21,63.3,48
20211030,104.5,56,159,103.3,7.31,68.4,48
20211031,75.7,46,109,74.4,7.26,78.0,50
20211101,108.5,52,172,104.7,5.98,69.0,48
20211102,234.9,151,286,232.4,9.17,38.9,48
20211103,217.7,76,271,213.8,10.0,46.8,48
20211104,154.4,73,221,142.1,17.46,58.9,48
20211105,189.0,108,241,189.6,9.02,50.5,48
20211106,90.1,68,111,89.5,7.02,73.8,48
20211107,90.2,58,144,87.6,7.33,74.9,48
20211108,214.5,130,267,210.2,7.94,47.1,48
20211109,182.8,99,237,170.8,18.38,57.4,48
20211110,241.5,150,282,240.2,7.27,42.0,48
20211111,221.5,104,267,222.8,6.5,44.7,48
20211112,118.5,71,155,112.2,10.75,71.4,48
20211113,187.1,84,254,177.9,13.69,54.6,48
20211114,195.3,126,242,190.9,7.35,49.8,48
20211115,254.0,206,286,248.4,10.23,38.6,48
20211116,213.0,106,257,205.9,9.65,50.6,48
20211117,155.9,100,200,141.6,14.65,65.5,48
20211118,158.1,102,196,144.3,17.33,64.7,48
20211119,178.0,100,232,173.0,7.38,57.6,48
20211120,171.0,104,201,159.0,15.69,60.5,48
20211121,126.9,77,189,122.0,9.54,68.6,48
20211122,216.3,116,275,206.3,12.5,51.9,48
20211123,252.3,229,275,245.0,15.27,41.2,48
20211124,244.8,174,264,243.1,6.25,44.1,48
20211125,187.3,128,226,184.0,6.96,56.0,48
20211126,150.6,94,184,145.9,8.31,64.0,48
20211127,151.6,102,176,146.7,9.19,61.9,48
20211128,173.5,101,241,166.1,9.69,53.1,48
20211129,223.7,101,276,224.8,6.71,47.5,48
20211130,165.4,75,230,164.4,10.58,60.1,48
20211201,143.8,65,201,139.6,7.69,66.1,48
20211202,191.8,81,259,187.8,10.27,54.2,48
20211203,213.2,123,273,213.6,9.15,48.8,48
20211204,143.0,96,176,147.7,8.27,62.2,48
20211205,171.7,88,264,170.8,8.04,57.1,48
20211206,207.4,135,238,201.3,9.42,51.7,48
20211207,188.3,80,264,189.2,10.23,55.0,48
20211208,177.1,74,238,173.8,7.25,59.4,48
20211209,215.8,98,271,211.1,10.31,50.7,48
20211210,183.0,90,231,180.8,7.94,57.3,48
20211211,202.5,94,252,203.1,9.79,51.3,48
20211212,150.0,79,210,147.8,9.21,62.2,48
20211213,204.0,76,261,220.5,28.21,53.3,48
20211214,210.5,117,243,211.5,6.35,51.9,48
20211215,195.9,111,250,194.8,8.54,53.4,48
20211216,271.1,241,301,270.6,6.75,34.2,48
20211217,278.3,219,312,280.8,7.33,30.6,48
20211218,258.3,218,291,257.7,5.58,31.4,48
20211219,250.9,229,268,257.9,12.73,34.1,48
20211220,281.5,229,310,281.0,6.19,32.9,48
20211221,296.3,258,316,293.8,6.71,32.0,48
20211222,250.2,191,271,249.9,5.92,42.7,48
20211223,198.3,137,227,198.9,6.71,50.2,48
20211224,166.9,132,210,172.3,6.96,55.2,23
20211225,,,,131.0,,66.9,0
20211226,,,,134.3,,65.8,0
20211227,155.5,120,179,166.9,11.42,53.9,12
20211228,152.8,110,192,159.4,7.92,58.6,48
20211229,105.1,49,159,111.9,10.46,70.5,48
20211230,75.5,43,118,73.7,4.98,79.9,48
20211231,87.9,58,127,86.4,6.42,76.7,48
20220101,62.3,45,86,60.6,4.54,84.9,48
20220102,66.7,44,104,65.4,4.88,83.8,48
20220103,89.3,41,139,89.1,8.06,76.1,48
20220104,113.1,61,154,109.9,9.58,68.2,48
20220105,141.4,49,216,137.2,7.81,61.5,48
20220106,160.7,72,198,162.3,7.46,56.2,48
20220107,136.5,69,186,132.9,7.23,62.2,48
20220108,119.7,68,149,119.1,7.1,66.3,48
20220109,157.4,72,239,151.0,7.21,56.1,48
20220110,224.6,175,254,213.2,12.69,47.8,48
20220111,235.4,159,274,215.6,19.77,45.7,48
20220112,238.6,199,264,228.7,10.79,43.3,48
20220113,236.9,197,266,237.3,5.77,43.5,48
20220114,277.1,225,319,277.8,7.23,33.1,48
20220115,253.8,157,275,256.0,9.85,36.2,48
20220116,173.8,137,210,174.1,7.15,55.2,48
20220117,239.4,159,284,242.4,10.21,41.9,48
20220118,236.3,145,266,237.9,5.65,42.4,48
20220119,166.9,121,203,166.0,6.85,57.2,48
20220120,213.7,136,258,210.1,7.92,46.3,48
20220121,226.8,177,252,223.7,6.5,43.6,48
20220122,208.1,172,251,206.3,5.92,45.1,48
20220123,218.5,186,250,218.0,5.42,44.1,48
20220124,272.3,196,309,265.1,7.71,36.0,48
20220125,283.1,224,303,281.1,6.08,34.9,48
20220126,201.0,96,251,199.9,7.29,54.6,48
20220127,177.3,85,260,163.8,14.67,58.8,48
20220128,199.2,59,263,199.0,14.13,52.4,48
20220129,90.3,51,141,88.5,7.52,74.5,48
20220130,168.9,61,250,169.1,11.77,55.5,48
20220131,132.6,55,202,126.2,17.4,66.5,48
20220201,113.5,74,153,115.6,9.48,70.8,48
20220202,170.9,81,235,165.2,12.35,57.5,48
20220203,151.3,67,188,152.6,11.13,64.0,48
20220204,113.7,61,150,115.4,8.35,70.7,48
20220205,81.9,61,107,83.3,6.13,75.1,48
20220206,80.2,59,117,75.0,6.98,76.5,48
20220207,152.5,71,206,150.6,9.96,63.0,48
20220208,126.0,61,189,124.2,8.27,68.5,48
20220209,143.4,59,206,139.8,9.48,64.8,48
20220210,162.5,117,197,158.2,8.48,63.0,48
20220211,211.4,88,263,215.8,10.15,50.1,48
20220212,89.6,58,132,92.7,10.54,73.6,48
20220213,120.2,59,183,117.4,8.83,64.9,48
20220214,152.7,87,210,146.9,9.67,60.6,48
20220215,152.3,69,197,155.5,11.52,62.1,48
20220216,90.7,46,136,91.5,8.21,71.1,48
20220217,92.1,45,180,87.3,10.08,72.2,48
20220218,108.8,50,165,109.1,12.31,66.8,48
20220219,129.9,47,210,128.5,9.54,62.1,48
20220220,91.5,57,133,79.7,18.5,75.0,48
20220221,136.0,58,226,127.6,16.06,65.0,48
20220222,121.7,82,170,120.1,11.4,68.1,48
20220223,127.2,86,162,121.9,7.65,70.4,48
20220224,115.4,84,149,105.6,13.17,71.4,48
20220225,162.7,68,230,157.4,11.65,60.0,48
20220226,112.7,71,146,115.1,10.9,69.0,48
20220227,76.1,42,131,70.9,9.69,77.2,48
20220228,157.2,64,215,150.6,10.56,62.5,48
20220301,214.7,142,248,214.0,7.65,46.1,48
20220302,172.2,120,204,169.8,9.04,58.8,48
20220303,195.1,131,240,195.4,6.65,52.0,48
20220304,221.4,171,257,222.6,6.58,43.8,48
20220305,173.5,130,210,176.1,8.04,53.2,48
20220306,178.2,126,233,178.0,6.88,51.2,48
20220307,185.1,82,234,186.4,7.17,51.9,48
20220308,125.2,74,179,117.4,14.9,71.0,48
20220309,134.7,90,193,131.3,11.38,67.1,48
20220310,125.4,67,180,127.7,11.71,67.0,48
20220311,99.2,59,143,96.4,9.88,72.7,48
20220312,88.7,50,137,85.3,10.42,74.1,48
20220313,94.4,50,173,86.0,10.13,74.1,48
20220314,186.9,137,248,182.3,12.44,53.7,48
20220315,198.7,165,232,197.6,8.31,51.0,48
20220316,224.9,123,261,229.1,8.83,42.8,48
20220317,156.6,112,218,156.0,11.96,60.3,48
20220318,171.6,80,230,179.4,12.42,53.3,48
20220319,63.5,39,94,68.1,8.31,77.6,48
20220320,127.4,57,235,120.8,11.92,64.5,48
20220321,233.6,192,264,238.5,9.9,39.8,48
20220322,225.8,175,270,225.7,10.71,44.0,48
20220323,256.6,219,307,255.3,5.98,38.5,48
20220324,264.2,231,313,263.0,7.38,34.4,48
20220325,264.1,233,295,266.4,11.33,32.6,48
20220326,215.8,170,258,225.0,11.97,38.0,38
20220327,240.1,206,289,232.0,17.52,37.9,46
20220328,283.7,256,312,280.7,8.31,30.1,48
20220329,283.4,229,309,283.8,8.33,32.1,48
20220330,232.2,127,266,228.7,11.5,45.4,48
20220331,155.0,107,198,157.1,11.02,62.1,48
20220401,206.0,130,267,202.4,7.85,49.6,48
20220402,259.4,235,293,257.7,9.35,35.6,48
20220403,204.3,84,260,212.3,10.83,49.2,48
20220404,131.0,82,176,133.2,9.92,68.3,48
20220405,130.2,84,179,132.8,14.75,66.7,48
20220406,108.6,63,155,113.1,13.23,71.5,48
20220407,111.6,71,176,108.5,9.31,71.6,48
20220408,187.6,132,247,187.7,10.92,53.0,48
20220409,173.2,117,279,173.3,12.63,55.0,48
20220410,212.5,135,258,217.9,12.42,41.0,48
20220411,120.2,66,170,122.5,12.85,66.4,48
20220412,181.8,87,241,178.9,10.35,53.4,48
20220413,216.7,171,264,216.1,6.92,46.0,48
20220414,254.3,233,281,256.0,7.65,36.2,48
20220415,198.5,135,246,206.5,9.6,49.6,48
20220416,120.2,65,170,124.6,13.65,66.6,48
20220417,89.9,46,117,91.0,8.67,74.1,48
20220418,150.4,81,235,146.6,9.15,60.9,48
20220419,243.6,233,258,244.8,5.25,39.4,48
20220420,213.2,177,247,211.9,7.63,47.1,48
20220421,177.2,127,221,177.1,7.44,55.9,48
20220422,136.1,76,161,139.4,8.38,64.2,48
20220423,67.0,40,93,70.1,7.42,78.4,48
20220424,96.4,50,180,90.9,9.17,72.3,48
20220425,215.8,186,247,210.0,6.5,46.8,48
20220426,238.8,210,253,231.9,10.75,41.7,48
20220427,240.1,224,259,239.8,2.98,40.1,48
20220428,254.0,239,270,254.2,3.17,37.2,48
20220429,254.1,219,278,255.4,4.0,36.8,48
20220430,234.9,192,267,234.7,4.04,41.5,48
20220501,245.7,227,268,244.3,4.46,39.1,48
20220502,257.1,243,275,257.3,3.52,36.1,48
20220503,250.1,223,270,250.9,3.06,36.9,48
20220504,227.7,194,255,226.4,5.08,44.5,48
20220505,228.3,200,251,225.3,3.73,44.1,48
20220506,207.8,173,259,205.1,7.27,48.5,48
20220507,252.8,227,280,251.3,4.88,36.4,48
20220508,202.9,137,241,200.2,6.67,48.1,48
20220509,160.2,99,199,162.1,6.79,60.1,48
20220510,117.3,77,171,119.6,12.96,70.9,48
20220511,143.6,94,194,140.3,10.02,65.1,48
20220512,158.3,98,194,154.3,7.33,61.5,48
20220513,108.1,51,198,101.7,12.5,73.4,48
20220514,217.1,170,263,216.7,6.06,45.1,48
20220515,175.3,96,263,181.1,13.56,54.6,48
20220516,166.0,90,215,164.4,6.6,58.2,48
20220517,177.3,111,217,177.8,6.71,55.0,48
20220518,147.8,82,193,147.4,11.4,62.7,48
20220519,194.8,136,240,192.4,7.1,51.0,48
20220520,194.6,120,223,194.8,7.27,50.7,48
20220521,163.5,99,235,160.2,8.81,58.4,48
20220522,175.5,116,214,171.4,9.42,55.9,48
20220523,225.7,195,253,228.2,7.1,42.1,48
20220524,188.4,155,226,189.1,9.31,53.1,48
20220525,119.4,68,211,123.6,9.23,68.9,48
20220526,97.6,68,136,99.4,7.6,72.4,48
20220527,89.9,57,164,88.1,10.85,73.5,48
20220528,145.4,113,184,147.8,9.75,59.2,48
20220529,141.3,91,243,140.8,9.6,60.9,48
20220530,244.5,228,260,243.4,4.77,38.0,48
20220531,241.3,211,267,240.6,5.83,40.3,48
20220601,252.3,226,275,248.1,8.65,37.3,48
20220602,242.7,211,280,244.6,3.98,39.8,48
20220603,193.8,133,240,196.6,6.77,52.3,48
20220604,144.5,116,175,142.1,7.54,64.7,48
20220605,164.5,127,223,167.0,20.29,60.0,48
20220606,201.3,168,235,202.7,9.4,49.2,48
20220607,226.9,200,247,228.1,5.27,44.4,48
20220608,190.4,163,228,190.4,6.83,52.9,48
20220609,176.9,124,214,178.7,7.04,56.0,48
20220610,115.1,84,144,113.6,8.13,70.9,48
20220611,82.2,53,118,78.6,6.94,79.5,48
20220612,96.4,63,143,90.5,8.25,75.4,48
20220613,171.4,105,237,165.8,8.42,56.9,48
20220614,215.0,187,236,216.9,7.31,45.8,48
20220615,226.0,196,252,222.4,8.81,45.4,48
20220616,219.3,169,242,218.8,9.13,43.5,48
20220617,134.2,85,174,130.3,7.96,66.4,48
20220618,163.8,132,176,165.5,6.92,58.0,48
20220619,130.4,83,189,125.1,13.6,65.2,48
20220620,204.5,175,247,197.0,9.88,49.4,48
20220621,241.7,210,275,239.8,7.38,39.4,48
20220622,233.9,194,274,232.8,4.69,42.6,48
20220623,245.4,233,271,239.9,7.13,40.4,48
20220624,212.5,121,254,214.0,6.92,45.9,48
20220625,93.4,64,136,93.1,10.56,75.9,48
20220626,90.5,50,141,86.1,7.21,77.6,48
20220627,192.1,139,222,188.1,7.31,51.9,48
20220628,161.7,130,188,157.1,6.31,59.3,48
20220629,207.3,161,251,194.8,12.79,49.3,48
20220630,260.2,235,288,248.6,12.71,36.6,48
20220701,233.6,189,282,225.3,10.04,44.4,48
20220702,173.5,133,212,169.7,6.27,56.4,48
20220703,190.0,154,219,187.1,6.77,52.3,48
20220704,157.0,133,186,155.9,6.98,62.1,48
20220705,217.8,168,257,210.7,9.67,47.7,48
20220706,153.4,99,202,152.1,10.29,63.2,48
20220707,186.6,107,251,177.6,9.63,54.7,48
20220708,213.1,176,242,210.8,5.31,47.1,48
20220709,180.9,143,239,179.4,7.38,51.3,48
20220710,206.3,137,288,208.0,13.44,45.6,48
20220711,239.4,187,303,231.0,11.27,44.8,48
20220712,208.4,169,254,201.4,9.0,52.2,48
20220713,214.5,180,262,209.2,8.63,49.7,48
20220714,228.8,174,274,224.3,14.29,43.4,48
20220715,217.7,179,254,220.5,9.92,45.4,48
20220716,218.5,167,258,218.5,7.15,42.1,48
20220717,190.8,134,226,187.5,7.6,51.7,48
20220718,221.5,195,258,220.8,6.44,45.4,48
20220719,210.3,175,248,207.9,8.15,50.2,48
20220720,194.8,172,223,192.2,8.13,52.5,48
20220721,228.5,191,271,226.0,5.67,45.2,48
20220722,254.9,227,281,253.7,5.23,38.1,48
20220723,196.7,107,284,191.1,12.15,53.4,48
20220724,104.6,70,168,98.5,12.48,74.8,48
20220725,167.2,143,201,149.2,17.98,63.9,48
20220726,228.8,181,281,221.8,10.0,45.1,48
20220727,258.9,232,284,258.2,4.63,36.6,48
20220728,259.5,226,286,257.4,6.23,40.0,48
20220729,260.5,220,298,258.0,7.02,40.0,48
20220730,233.3,202,293,228.7,6.0,46.2,48
20220731,244.8,182,307,240.3,10.19,42.0,48
20220801,250.3,126,322,254.3,9.33,41.3,48
20220802,118.9,75,157,116.0,13.81,71.7,48
20220803,166.5,102,268,158.4,8.83,59.9,48
20220804,232.9,187,277,230.7,5.9,43.0,48
20220805,214.7,170,257,213.5,5.79,47.1,48
20220806,172.3,99,222,176.7,14.4,53.6,48
20220807,150.8,88,249,151.8,11.67,61.4,48
20220808,234.0,193,264,233.2,6.29,43.0,48
20220809,231.8,185,266,229.6,6.31,42.5,48
20220810,229.5,181,269,226.6,7.58,43.1,48
20220811,243.2,188,282,243.4,9.44,39.9,48
20220812,236.3,193,282,239.3,7.17,39.0,48
20220813,229.1,182,265,230.5,6.94,41.5,48
20220814,216.2,153,269,216.6,8.15,43.0,48
20220815,249.4,225,274,260.8,11.9,36.8,48
20220816,239.4,221,265,237.0,5.25,41.7,48
20220817,228.1,203,258,222.3,7.04,45.0,48
20220818,210.0,174,258,214.5,10.21,47.8,48
20220819,186.8,156,228,178.5,10.96,56.7,48
20220820,150.3,90,232,149.1,11.63,63.3,48
20220821,185.5,140,271,185.9,8.63,50.9,48
20220822,228.5,192,270,229.2,7.0,43.8,48
20220823,245.2,214,269,241.0,8.75,40.5,48
20220824,236.2,201,271,221.8,15.42,44.9,48
20220825,250.1,233,281,242.3,10.38,40.5,48
20220826,264.9,217,300,254.4,12.48,36.1,48
20220827,267.6,222,308,256.1,13.56,34.8,48
20220828,261.2,207,294,250.2,13.46,35.2,48
20220829,246.2,217,279,242.4,7.33,41.7,48
20220830,239.2,216,255,235.2,6.5,43.9,48
20220831,227.6,205,255,231.8,10.83,44.3,48
20220901,231.6,202,258,229.7,5.79,46.6,48
20220902,229.3,154,268,227.3,5.29,46.3,48
20220903,171.5,135,211,163.9,9.63,60.4,48
20220904,178.3,132,221,173.1,13.88,59.5,48
20220905,194.2,96,247,191.0,12.38,55.8,48
20220906,216.8,156,258,212.4,10.08,50.2,48
20220907,221.1,181,263,217.8,9.65,48.6,48
20220908,243.2,224,279,241.4,7.0,44.2,48
20220909,232.8,200,263,220.2,14.35,48.3,48
20220910,264.4,235,312,262.8,6.96,39.5,48
20220911,231.0,171,278,233.5,5.69,45.8,48
20220912,212.4,169,238,211.8,7.67,52.5,48
20220913,250.3,205,287,250.3,5.94,43.6,48
20220914,251.1,217,292,253.9,5.4,43.9,48
20220915,204.6,134,247,207.5,9.6,54.6,48
20220916,122.6,85,158,124.2,11.94,73.7,48
20220917,112.8,63,191,114.7,14.29,69.9,48
20220918,128.7,76,197,134.1,10.1,67.1,48
20220919,253.6,179,307,251.1,6.33,40.8,48
20220920,290.8,264,314,290.3,4.29,33.6,48
20220921,246.6,130,294,249.7,6.96,43.8,48
20220922,220.7,125,273,214.0,11.38,50.0,48
20220923,275.2,245,308,274.9,9.08,39.2,48
20220924,233.0,199,260,228.2,10.54,46.6,48
20220925,164.6,69,218,167.8,11.02,61.7,48
20220926,112.4,75,163,109.3,15.46,74.2,48
20220927,156.5,74,214,146.8,17.19,63.1,48
20220928,231.9,196,267,228.5,10.31,46.4,48
20220929,261.6,217,297,261.6,10.4,39.2,48
20220930,174.8,69,248,168.9,19.46,59.0,48
20221001,73.6,47,119,74.4,9.98,80.0,48
20221002,139.6,61,254,140.6,13.4,62.9,48
20221003,233.1,133,284,240.4,11.29,42.6,48
20221004,144.5,71,196,146.3,12.1,65.6,48
20221005,100.7,58,131,100.1,13.5,74.1,48
20221006,104.7,63,155,96.3,16.6,71.9,48
20221007,85.8,56,136,81.0,16.67,76.6,48
20221008,128.4,61,222,127.3,11.21,64.6,48
20221009,93.2,54,135,97.9,15.08,74.7,48
20221010,128.9,63,208,123.0,11.29,66.8,48
20221011,221.1,159,265,221.4,8.48,44.8,48
20221012,197.1,148,240,197.0,5.98,51.5,48
20221013,243.9,196,290,248.7,8.81,38.5,48
20221014,230.2,188,264,228.6,8.98,44.0,48
20221015,114.6,62,209,115.1,13.56,71.9,48
20221016,106.7,58,208,101.9,11.42,72.3,48
20221017,122.3,61,183,116.0,16.9,70.4,48
20221018,236.0,190,268,239.6,8.67,40.4,48
20221019,156.4,94,198,150.8,9.06,60.3,48
20221020,207.5,103,268,202.2,10.6,48.1,48
20221021,215.1,153,247,208.1,10.06,45.4,48
20221022,178.9,125,237,174.5,15.67,55.0,48
20221023,171.5,121,201,183.0,14.67,53.7,48
20221024,163.0,111,199,160.6,11.15,57.8,48
20221025,192.9,112,238,185.6,11.77,52.4,48
20221026,119.9,87,154,113.5,13.02,70.4,48
20221027,171.7,120,216,166.1,10.25,58.2,48
20221028,143.5,93,193,140.3,12.83,64.3,48
20221029,165.8,89,212,164.9,17.29,58.2,48
20221030,108.1,85,137,105.6,8.52,73.4,50
20221031,137.4,69,187,142.0,17.56,65.4,48
20221101,101.2,59,159,101.3,9.96,73.3,48
20221102,106.9,61,142,97.0,11.17,74.0,48
20221103,185.0,67,245,191.6,18.98,48.5,48
20221104,169.8,122,216,177.3,17.88,54.0,48
20221105,158.8,120,195,154.0,12.5,56.1,48
20221106,110.4,73,144,113.8,6.9,66.7,48
20221107,102.1,65,133,99.0,6.23,72.0,48
20221108,98.5,64,138,96.0,7.88,72.1,48
20221109,113.0,65,165,107.2,13.23,67.8,48
20221110,101.9,63,137,98.9,17.38,72.4,48
20221111,113.1,64,171,109.4,8.08,71.0,48
20221112,197.7,170,216,195.9,8.73,47.7,48
20221113,171.6,145,191,166.9,10.1,54.9,48
20221114,210.8,121,249,203.5,11.29,46.4,48
20221115,163.0,83,221,155.9,11.63,59.4,48
20221116,176.0,88,223,176.2,12.38,54.7,48
20221117,147.9,87,191,138.1,15.21,61.2,48
20221118,168.7,84,225,160.9,11.46,56.9,48
20221119,198.9,162,233,195.0,8.23,50.0,48
20221120,203.3,158,254,198.1,7.54,50.6,48
20221121,214.4,153,267,208.3,12.46,49.6,48
20221122,226.1,162,258,224.7,6.4,42.4,48
20221123,160.5,84,213,162.6,7.29,60.9,48
20221124,136.7,74,169,122.8,19.08,67.6,48
20221125,145.1,76,186,155.5,14.54,63.5,48
20221126,145.5,71,177,135.7,12.44,65.4,48
20221127,169.6,67,240,157.0,14.79,60.0,48
20221128,277.1,218,311,272.7,12.27,32.5,48
20221129,292.4,277,304,292.9,4.44,25.9,48
20221130,289.6,269,303,292.5,8.75,31.2,48
20221201,290.4,272,307,290.3,6.94,31.8,48
20221202,245.9,163,281,244.7,5.29,41.2,48
20221203,189.2,127,217,170.8,19.56,54.8,48
20221204,173.3,125,197,163.0,12.21,59.7,48
20221205,219.3,165,245,216.3,6.35,50.3,48
20221206,230.5,203,251,226.7,8.17,46.3,48
20221207,229.8,195,251,212.2,17.56,47.1,48
20221208,245.9,213,276,245.2,15.31,42.2,48
20221209,254.2,241,271,263.3,7.09,37.7,35
20221210,277.8,265,300,294.1,22.45,29.7,20
20221211,290.1,278,311,299.5,10.65,25.4,48
20221212,284.9,265,308,286.1,6.02,30.2,48
20221213,279.6,263,304,279.3,4.38,33.0,48
20221214,249.3,226,264,244.5,8.29,42.9,48
20221215,245.3,195,270,248.0,8.85,41.4,48
20221216,256.6,194,288,261.1,6.35,39.2,48
20221217,190.2,156,213,194.3,7.38,55.5,48
20221218,121.9,68,168,127.7,8.42,70.6,48
20221219,91.2,54,111,93.2,8.13,76.8,48
20221220,107.0,59,140,111.6,9.85,73.2,48
20221221,109.4,77,131,111.4,8.1,73.0,48
20221222,188.7,78,238,189.8,13.71,46.1,48
20221223,154.5,79,219,161.1,9.81,56.6,48
20221224,81.8,68,102,87.6,9.19,77.1,48
20221225,82.6,63,115,81.8,6.71,76.4,48
20221226,59.0,41,78,60.4,6.85,83.5,48
20221227,78.5,47,125,79.6,5.67,78.0,48
20221228,72.8,50,106,71.6,7.0,78.6,48
20221229,57.4,45,77,60.7,10.33,84.4,48
20221230,57.9,47,78,53.2,6.48,84.3,48
20221231,114.7,65,174,115.1,11.08,66.2,48
20230101,107.9,65,164,106.6,7.02,68.9,48
20230102,157.1,106,207,164.1,9.88,55.2,48
20230103,101.6,61,134,100.5,8.27,73.9,48
20230104,65.5,51,92,65.2,7.21,79.0,48
20230105,105.2,49,167,103.8,7.48,70.7,48
20230106,85.0,49,137,84.2,6.83,75.3,48
20230107,64.5,51,79,61.3,7.73,80.9,48
20230108,69.7,53,102,69.1,6.08,79.2,48
20230109,83.8,52,111,78.0,13.21,75.9,48
20230110,81.1,58,110,78.5,6.79,77.2,48
20230111,71.5,54,94,67.7,8.5,80.0,48
20230112,76.8,58,111,75.8,7.13,76.2,48
20230113,85.0,54,131,82.1,6.69,76.2,48
20230114,63.0,48,76,64.2,6.19,79.8,48
20230115,117.9,54,210,114.7,8.02,67.8,48
20230116,179.5,135,206,181.5,10.73,50.4,48
20230117,207.4,111,251,208.7,9.42,46.1,48
20230118,166.6,93,207,160.1,9.94,59.9,48
20230119,207.1,161,243,204.8,7.38,49.6,48
20230120,210.0,144,239,211.5,8.33,47.7,48
20230121,192.2,152,215,197.4,9.38,48.2,48
20230122,191.3,135,239,192.7,6.98,47.8,48
20230123,242.9,218,264,242.5,4.98,38.3,48
20230124,243.6,60,273,246.0,10.02,38.0,48
20230125,214.1,151,235,210.2,11.58,47.5,48
20230126,204.8,146,241,196.5,13.44,51.6,43
20230127,237.3,173,270,227.0,11.35,39.6,48
20230128,249.2,164,273,255.4,8.5,34.8,48
20230129,104.2,72,139,106.3,9.98,72.2,48
20230130,144.3,70,206,142.3,9.44,64.0,48
20230131,114.2,68,161,110.1,13.19,72.5,47
20230201,87.5,56,120,88.1,8.85,75.3,48
20230202,96.9,63,132,83.9,13.98,75.5,48
20230203,116.3,58,179,114.3,10.33,64.1,48
20230204,127.6,71,163,134.4,14.23,57.6,48
20230205,131.5,66,217,132.6,11.1,57.5,48
20230206,212.0,170,247,208.2,7.71,45.3,48
20230207,248.1,221,281,255.7,10.79,35.8,48
20230208,183.5,124,230,182.8,8.88,55.4,48
20230209,183.1,123,222,182.1,9.46,55.5,48
20230210,152.0,77,201,149.7,10.65,62.4,48
20230211,174.3,73,257,169.4,10.6,51.9,48
20230212,216.1,176,259,215.3,5.35,38.1,48
20230213,242.7,212,276,239.3,8.69,37.6,48
20230214,226.5,140,266,216.5,12.94,41.9,48
20230215,160.7,131,185,133.4,27.4,62.3,48
20230216,158.8,72,236,150.4,26.9,54.9,48
20230217,101.8,61,181,105.5,11.04,67.1,48
20230218,94.2,70,133,93.3,6.5,66.5,48
20230219,105.1,82,124,96.5,11.02,64.6,48
20230220,113.8,82,158,100.9,15.27,68.4,48
20230221,201.5,157,244,172.5,32.19,46.2,48
20230222,220.4,154,255,218.4,9.21,40.5,48
20230223,178.0,102,224,177.0,11.73,50.5,48
20230224,131.2,82,161,136.2,11.42,60.7,48
20230225,120.2,88,164,123.0,7.58,59.1,48
20230226,170.3,116,232,167.3,7.27,44.2,48
20230227,241.1,192,271,239.5,5.54,33.3,48
20230228,250.5,223,271,250.1,5.17,35.2,48
20230301,229.9,216,248,231.8,7.33,39.0,48
20230302,247.4,230,270,247.5,4.98,34.7,48
20230303,249.3,229,262,251.3,4.67,32.4,48
20230304,238.0,221,267,240.0,5.27,33.9,48
20230305,243.9,216,277,243.9,7.63,31.9,48
20230306,223.3,190,256,224.0,7.19,43.1,48
20230307,257.1,203,301,250.8,11.06,35.1,48
20230308,235.1,175,261,241.6,9.5,36.0,48
20230309,187.5,77,258,192.7,12.58,47.2,48
20230310,159.4,77,227,159.4,8.79,51.9,48
20230311,185.5,65,217,197.4,12.25,41.6,48
20230312,70.3,49,108,70.8,6.42,75.8,48
20230313,63.2,46,82,61.3,5.54,77.0,48
20230314,129.5,70,216,123.1,9.98,59.7,48
20230315,193.4,61,252,201.6,12.4,43.7,48
20230316,100.1,58,147,102.2,8.98,67.4,48
20230317,167.7,82,221,163.4,14.35,45.7,48
20230318,159.2,95,190,169.0,14.15,47.2,48
20230319,159.7,78,226,159.8,9.19,48.5,48
20230320,181.1,90,213,180.6,11.42,47.1,48
20230321,97.9,65,128,96.9,9.5,70.6,48
20230322,67.0,40,99,66.3,8.48,76.4,48
20230323,73.8,49,121,68.9,8.06,74.3,48
20230324,61.8,42,83,74.1,12.48,72.3,48
20230325,97.1,47,190,98.1,10.58,66.7,48
20230326,128.3,96,160,137.8,15.63,55.5,46
20230327,188.1,125,244,193.6,11.98,45.2,48
20230328,144.9,108,166,148.2,7.42,57.6,48
20230329,128.3,64,188,131.4,8.67,61.3,48
20230330,105.7,69,170,108.7,13.6,64.6,48
20230331,120.1,69,160,121.1,11.96,59.4,48
20230401,115.2,73,154,119.4,7.15,57.9,48
20230402,153.3,100,200,150.7,7.19,48.5,48
20230403,163.0,112,201,162.8,7.46,53.2,48
20230404,186.5,113,238,179.6,16.19,49.5,48
20230405,210.6,169,255,205.7,11.17,43.5,48
20230406,169.3,103,219,164.8,9.23,54.2,48
20230407,188.1,138,248,188.4,8.46,47.5,48
20230408,185.0,128,232,186.2,7.46,48.7,48
20230409,118.3,64,160,121.1,11.04,65.6,48
20230410,60.8,32,83,64.8,9.46,80.6,48
20230411,99.6,62,135,95.1,12.83,72.1,48
20230412,97.1,65,133,91.8,13.0,72.0,48
20230413,115.3,63,208,109.9,12.81,67.3,48
20230414,231.4,203,261,232.5,7.88,38.2,48
20230415,182.9,135,221,188.7,9.33,43.7,48
20230416,191.3,157,256,190.0,7.65,44.7,48
20230417,229.9,180,265,232.7,7.21,38.8,48
20230418,140.5,78,193,144.3,11.17,60.9,48
20230419,102.2,54,147,107.0,18.17,68.7,48
20230420,119.0,58,170,119.3,14.71,66.6,48
20230421,160.0,126,202,159.3,9.17,53.7,48
20230422,158.9,118,200,163.6,9.08,47.4,48
20230423,126.2,81,164,131.8,8.96,56.4,48
20230424,143.5,75,196,141.0,9.19,56.8,48
20230425,196.6,145,266,194.8,9.46,43.2,48
20230426,244.9,212,285,244.2,6.54,31.4,48
20230427,190.5,124,253,194.1,10.06,48.6,48
20230428,189.9,128,226,191.2,6.73,44.0,48
20230429,208.3,166,244,216.7,14.31,32.6,48
20230430,146.5,114,196,155.2,11.46,47.3,48
20230501,145.3,112,215,146.4,8.6,47.1,48
20230502,219.1,200,253,217.9,11.69,33.5,48
20230503,161.2,69,238,171.2,12.27,51.8,48
20230504,94.9,50,170,92.0,13.56,72.1,48
20230505,159.1,95,215,151.8,11.31,52.0,48
20230506,193.0,128,241,183.5,22.27,37.8,48
20230507,142.8,108,168,146.4,7.1,44.8,48
20230508,133.5,104,163,134.0,8.85,54.9,48
20230509,193.6,126,239,197.0,10.08,36.9,48
20230510,196.2,151,252,193.0,8.81,38.3,48
20230511,229.1,196,265,232.1,8.33,31.0,48
20230512,155.4,107,214,159.8,10.5,53.0,48
20230513,142.1,103,200,141.8,7.56,47.7,48
20230514,155.4,104,194,158.2,10.06,42.2,48
20230515,126.1,70,172,127.4,8.67,58.5,48
20230516,143.1,97,212,144.0,10.5,48.3,48
20230517,197.7,160,239,197.9,10.54,35.7,48
20230518,180.1,141,213,178.6,14.58,40.3,48
20230519,183.1,126,215,198.0,16.73,36.4,48
20230520,103.1,54,147,112.6,13.98,52.4,48
20230521,103.2,76,138,106.1,10.13,54.2,48
20230522,116.9,76,140,116.9,9.48,62.0,48
20230523,133.7,82,203,133.6,13.94,51.8,48
20230524,153.0,109,207,153.7,10.56,50.1,48
20230525,155.6,124,190,162.1,9.54,43.1,48
20230526,144.7,93,198,149.6,17.58,46.6,48
20230527,98.1,59,158,106.8,14.46,59.7,48
20230528,85.1,56,123,93.7,11.73,60.3,48
20230529,76.1,45,110,79.4,7.69,62.9,48
20230530,118.0,76,158,117.0,6.96,54.0,48
20230531,142.0,116,174,142.7,7.69,50.0,48
20230601,129.4,89,154,129.2,8.4,54.5,48
20230602,133.8,75,184,131.4,9.71,55.1,48
20230603,124.7,76,171,124.4,8.54,54.3,48
20230604,131.9,89,175,131.8,6.79,54.0,48
20230605,175.9,148,195,176.8,4.71,46.4,48
20230606,191.0,171,208,190.3,4.4,43.2,48
20230607,181.1,59,217,162.1,34.48,55.1,44
20230608,147.1,98,179,122.5,28.52,62.2,48
20230609,113.7,77,157,112.7,11.42,67.0,48
20230610,86.3,58,117,84.8,6.08,72.3,48
20230611,165.9,108,234,160.8,8.42,48.4,48
20230612,215.2,182,237,214.4,10.13,36.2,48
20230613,185.0,131,233,184.5,7.63,45.2,48
20230614,170.1,125,218,165.9,12.98,49.9,48
20230615,208.0,153,257,204.6,11.73,39.1,48
20230616,226.3,167,265,221.5,13.15,34.8,48
20230617,205.6,134,255,203.4,11.85,38.8,48
20230618,169.2,115,220,159.2,16.65,47.2,48
20230619,181.8,141,241,178.2,9.6,51.5,48
20230620,211.7,164,246,211.7,8.1,41.9,48
20230621,217.9,158,269,216.3,8.23,42.3,48
20230622,233.9,190,280,237.6,9.27,34.5,48
20230623,183.1,114,233,185.1,9.67,48.2,48
20230624,122.1,75,181,122.9,8.69,61.6,48
20230625,103.7,69,144,98.4,10.71,70.4,48
20230626,117.0,83,182,120.8,9.46,60.6,48
20230627,172.3,131,204,175.2,10.85,48.1,48
20230628,205.4,176,241,207.8,7.67,41.9,48
20230629,184.5,141,218,182.6,8.77,49.0,48
20230630,126.2,82,179,125.6,6.81,62.1,48
20230701,76.9,55,95,68.1,9.6,81.8,48
20230702,79.0,60,95,74.1,7.5,79.7,48
20230703,72.6,55,101,70.7,7.1,77.6,48
20230704,130.9,62,208,130.6,10.13,57.8,48
20230705,124.5,84,186,123.5,8.19,57.8,48
20230706,149.2,111,175,146.6,9.5,56.8,48
20230707,111.1,65,153,110.2,11.67,69.3,48
20230708,118.8,79,190,111.5,8.96,62.3,48
20230709,158.9,109,209,159.9,8.08,48.6,48
20230710,178.7,142,226,175.8,8.21,53.2,48
20230711,154.6,123,190,149.8,10.54,60.1,48
20230712,154.4,115,193,142.0,14.54,61.6,48
20230713,184.4,147,219,182.6,4.96,48.5,48
20230714,154.7,69,240,158.3,8.75,55.6,48
20230715,61.3,39,88,58.9,4.77,84.4,48
20230716,81.5,59,124,79.0,8.13,78.9,48
20230717,130.3,76,215,122.7,12.1,61.2,48
20230718,221.6,187,260,218.2,9.56,36.6,48
20230719,210.3,174,246,208.5,5.94,42.5,48
20230720,213.3,178,241,211.8,6.19,41.0,48
20230721,209.7,179,242,204.5,8.71,44.2,48
20230722,122.4,83,200,123.0,10.54,59.9,48
20230723,88.0,54,132,82.6,7.69,76.1,48
20230724,167.8,104,219,165.5,8.46,47.1,48
20230725,208.1,171,253,209.1,5.83,38.6,48
20230726,189.5,120,230,188.0,7.4,44.8,48
20230727,165.9,107,212,167.5,7.5,51.8,48
20230728,198.5,125,237,198.5,7.54,43.1,48
20230729,95.2,57,124,94.1,6.56,68.9,48
20230730,97.1,79,130,91.0,10.48,73.4,48
20230731,112.2,88,132,114.3,6.48,67.0,48
20230801,147.1,89,219,146.6,7.83,56.3,48
20230802,106.7,73,137,108.8,6.96,63.5,48
20230803,115.5,82,156,113.6,5.42,60.8,48
20230804,183.8,121,258,182.0,6.81,44.4,48
20230805,172.0,93,247,174.8,10.27,42.8,48
20230806,100.9,66,154,98.8,5.94,60.1,48
20230807,145.4,104,183,145.3,10.35,50.0,48
20230808,149.1,99,199,147.4,11.48,52.8,48
20230809,188.4,120,264,187.8,9.17,44.4,48
20230810,201.0,150,237,200.3,8.67,42.1,48
20230811,116.3,60,173,109.0,15.15,66.9,48
20230812,99.9,62,166,91.5,10.19,69.5,48
20230813,114.4,70,182,105.9,9.75,62.9,48
20230814,164.2,137,188,164.6,6.96,50.2,48
20230815,195.5,154,283,195.4,6.92,41.9,48
20230816,232.2,191,276,238.5,9.65,34.2,48
20230817,160.8,111,197,160.7,8.81,55.7,48
20230818,135.6,101,163,130.3,10.77,63.2,48
20230819,90.1,40,149,88.5,8.94,76.3,48
20230820,127.1,72,204,122.5,8.48,59.3,48
20230821,148.6,119,177,139.8,11.88,58.8,48
20230822,175.5,134,249,167.2,8.73,54.2,48
20230823,241.3,208,282,233.0,13.35,36.8,48
20230824,233.1,212,260,222.8,15.0,40.1,48
20230825,217.7,187,248,211.3,10.08,41.6,48
20230826,176.1,130,212,176.6,11.79,47.2,48
20230827,134.1,107,182,135.1,9.17,54.6,48
20230828,171.3,105,220,167.8,9.42,50.2,48
20230829,175.4,133,209,175.6,6.48,51.1,48
20230830,166.8,124,222,163.0,6.25,52.9,48
20230831,215.6,186,245,219.0,6.35,37.8,48
20230901,218.6,199,249,220.8,4.54,38.3,48
20230902,189.0,123,225,193.2,11.15,43.9,48
20230903,126.1,78,194,131.0,11.06,58.6,48
20230904,170.5,125,232,174.1,10.65,49.1,48
20230905,194.4,135,234,193.7,9.1,47.1,48
20230906,218.0,171,276,217.5,8.52,41.1,48
20230907,228.8,173,270,231.0,8.23,36.6,48
20230908,251.8,206,280,253.5,5.58,32.2,48
20230909,202.9,125,275,206.2,11.02,41.3,48
20230910,212.9,186,252,217.3,7.48,38.8,48
20230911,213.6,146,262,213.1,7.67,44.1,48
20230912,235.6,137,271,233.3,10.0,40.1,48
20230913,182.1,132,229,178.6,10.73,52.3,48
20230914,183.5,94,244,180.0,13.1,52.1,48
20230915,198.2,127,237,205.6,11.77,42.4,48
20230916,143.0,116,183,144.4,8.54,53.8,48
20230917,127.0,90,176,128.1,8.96,58.8,48
20230918,68.6,29,111,70.9,7.88,75.6,48
20230919,60.7,40,74,60.0,5.9,79.7,48
20230920,71.1,50,112,76.9,16.21,76.3,48
20230921,144.5,70,214,148.2,13.79,58.2,48
20230922,134.3,101,186,138.0,11.4,58.2,48
20230923,138.6,68,189,140.4,11.0,58.8,48
20230924,59.1,37,68,56.9,4.31,82.2,48
20230925,113.9,63,205,103.8,12.13,72.3,48
20230926,145.0,72,189,126.9,19.94,66.7,48
20230927,143.0,55,228,143.4,13.69,62.5,48
20230928,105.0,50,177,94.4,19.65,73.2,48
20230929,103.6,53,162,99.7,10.27,72.0,48
20230930,164.5,71,217,165.6,10.33,52.9,48
20231001,114.4,68,197,108.8,8.25,66.8,48
20231002,200.3,86,239,207.3,11.08,45.3,48
20231003,67.4,34,101,67.3,10.13,77.5,48
20231004,83.5,42,141,79.2,13.71,76.6,48
20231005,120.7,61,190,117.5,10.81,67.1,48
20231006,77.1,45,134,74.9,7.81,77.6,48
20231007,88.9,57,158,87.1,8.46,70.0,48
20231008,134.2,87,197,128.8,12.4,57.7,48
20231009,202.8,111,261,203.0,9.83,46.7,48
20231010,125.0,55,186,122.4,10.6,66.1,48
20231011,115.0,55,185,109.7,11.0,66.2,48
20231012,227.4,133,281,223.0,11.27,41.1,48
20231013,91.3,51,128,75.5,18.44,75.0,48
20231014,68.7,53,111,62.1,7.65,79.6,48
20231015,120.7,64,221,115.3,8.83,63.9,48
20231016,233.9,185,264,236.4,8.56,40.2,48
20231017,140.8,64,219,141.2,12.94,64.2,48
20231018,67.6,52,85,64.1,6.06,82.3,48
20231019,117.7,54,177,85.5,33.44,76.3,48
20231020,85.8,64,113,69.1,20.98,79.5,46
20231021,,,,,,,0
20231022,246.1,235,261,256.9,10.71,36.8,7
20231023,218.2,107,264,224.1,7.98,46.8,48
20231024,197.1,105,241,198.7,9.94,49.1,48
20231025,219.8,178,252,225.7,8.4,42.1,48
20231026,196.3,136,236,199.4,7.79,50.5,48
20231027,181.9,102,219,184.2,9.21,51.0,48
20231028,109.3,62,144,109.4,7.63,68.2,48
20231029,88.9,62,141,88.9,7.28,74.6,50
20231030,157.3,67,226,162.6,14.65,60.4,48
20231031,161.1,100,208,170.0,12.23,55.5,48
20231101,74.6,49,108,80.4,10.35,73.9,48
20231102,85.3,50,122,88.1,6.92,68.3,48
20231103,101.6,57,168,94.4,10.25,69.7,48
20231104,166.1,122,194,157.5,15.58,48.3,48
20231105,154.3,109,196,151.6,8.29,51.1,48
20231106,131.1,78,181,133.4,10.71,62.1,48
20231107,140.1,74,211,139.5,15.71,60.2,48
20231108,123.2,69,181,115.0,13.35,64.6,48
20231109,154.4,82,206,155.5,13.25,55.5,48
20231110,170.2,104,230,171.5,9.19,51.5,48
20231111,187.6,96,267,181.0,11.54,47.9,48
20231112,181.4,102,206,184.5,5.9,49.2,48
20231113,90.0,65,111,91.9,7.71,72.2,48
20231114,139.9,67,196,136.3,9.04,59.4,48
20231115,172.5,62,268,167.9,8.35,58.3,48
20231116,283.6,249,299,285.1,4.33,27.8,48
20231117,263.8,97,307,272.2,14.98,33.6,48
20231118,81.3,56,102,84.9,9.79,76.0,48
20231119,92.9,60,150,88.3,7.83,73.3,48
20231120,178.8,70,247,172.9,11.56,55.8,48
20231121,212.9,114,260,207.0,12.79,50.5,48
20231122,151.2,56,197,151.8,8.69,64.0,48
20231123,77.9,56,103,77.8,8.06,78.8,48
20231124,104.7,58,161,102.7,6.15,70.8,48
20231125,168.1,97,229,166.7,7.85,51.3,48
20231126,230.3,181,257,236.0,7.33,34.4,48
20231127,196.4,114,259,200.8,7.44,47.7,48
20231128,212.0,115,267,211.1,7.42,45.7,48
20231129,249.1,157,286,246.0,9.6,37.6,48
20231130,267.9,253,287,263.3,6.13,37.1,48
20231201,283.6,263,304,285.6,4.38,30.1,48
20231202,277.9,219,309,284.8,8.58,27.8,48
20231203,206.6,144,246,214.8,9.19,44.6,48
20231204,177.4,108,214,177.3,8.42,56.9,48
20231205,214.5,109,266,211.8,7.33,47.1,48
20231206,244.3,146,281,243.8,5.29,42.5,48
20231207,150.8,86,180,148.1,8.1,66.7,48
20231208,156.2,45,229,159.0,13.77,64.0,48
20231209,62.3,38,101,62.1,6.04,78.3,48
20231210,95.7,58,129,95.6,8.0,69.5,48
20231211,176.9,62,242,176.3,13.54,52.0,48
20231212,194.4,112,246,198.7,10.83,48.9,48
20231213,191.9,129,229,189.0,6.9,52.0,48
20231214,201.0,128,238,201.5,7.69,51.6,48
20231215,153.1,62,208,155.0,10.02,62.7,48
20231216,71.4,56,91,71.3,6.46,77.6,48
20231217,62.6,48,82,61.8,5.69,81.2,48
20231218,106.8,63,137,104.6,8.31,71.1,48
20231219,113.1,54,158,111.7,10.73,69.0,48
20231220,51.8,38,69,52.9,4.81,82.6,48
20231221,47.0,34,64,47.5,5.06,83.5,48
20231222,50.7,36,71,48.0,5.42,80.2,48
20231223,45.6,29,60,43.1,4.52,85.9,48
20231224,44.3,31,57,42.1,4.98,86.3,48
20231225,55.6,40,81,54.2,4.92,80.5,48
20231226,101.5,54,190,107.2,11.81,66.2,48
20231227,46.3,29,71,47.5,5.79,85.1,48
20231228,39.3,26,54,38.5,4.0,84.8,48
20231229,52.5,41,79,50.0,4.48,80.0,48
20231230,52.5,31,82,51.4,4.83,77.2,48
20231231,70.9,52,101,68.3,5.85,72.9,48
20240101,71.5,41,116,71.4,7.85,74.9,48
20240102,103.8,53,154,104.7,7.23,66.6,48
20240103,132.2,63,176,128.5,5.98,57.1,48
20240104,180.4,88,240,179.8,11.17,47.7,48
20240105,169.9,123,201,173.9,10.1,50.5,48
20240106,176.4,114,213,178.9,7.06,45.8,48
20240107,195.7,142,239,200.4,7.92,43.2,48
20240108,215.7,162,258,212.6,9.13,46.4,48
20240109,209.0,164,243,207.2,7.5,50.7,48
20240110,247.3,217,270,243.9,5.98,41.5,48
20240111,263.9,243,284,261.3,7.13,37.0,48
20240112,276.5,223,295,276.6,5.77,33.1,48
20240113,222.3,185,255,222.3,8.25,42.0,48
20240114,177.4,99,200,175.9,12.85,51.5,48
20240115,195.6,76,265,188.0,10.52,55.0,48
20240116,252.9,200,285,253.1,6.29,42.8,48
20240117,258.1,218,288,262.2,8.25,36.3,48
20240118,231.5,179,268,242.4,12.31,43.3,48
20240119,194.0,109,242,199.7,12.52,51.8,48
20240120,117.1,60,150,118.6,11.08,68.4,48
20240121,84.2,56,128,78.9,7.58,71.5,48
20240122,91.2,58,132,90.9,8.98,69.5,48
20240123,99.1,58,140,98.5,9.44,66.8,48
20240124,106.2,63,163,103.3,8.65,66.0,48
20240125,140.6,62,181,141.2,8.38,58.5,48
20240126,80.7,44,135,79.4,11.33,75.4,48
20240127,99.6,66,130,111.1,17.5,69.7,48
20240128,75.3,50,94,72.4,7.21,76.5,48
20240129,188.3,89,253,190.2,13.6,48.0,48
20240130,171.6,82,224,171.5,9.13,55.6,48
20240131,131.4,60,174,130.8,10.04,68.4,48
20240201,123.9,59,186,125.1,12.5,66.6,48
20240202,66.6,42,104,67.9,7.85,78.5,48
20240203,64.0,49,79,63.3,4.67,77.8,48
20240204,57.0,36,81,55.6,6.08,81.9,48
20240205,63.9,44,84,63.2,3.9,79.1,48
20240206,96.9,46,162,91.3,8.06,69.7,48
20240207,231.9,152,271,231.1,10.92,36.0,48
20240208,167.6,55,234,178.1,11.79,56.4,48
20240209,103.8,58,135,103.9,9.88,69.1,48
20240210,181.0,85,234,179.0,9.52,44.5,48
20240211,183.8,117,206,190.9,10.38,44.1,48
20240212,148.4,71,209,142.6,15.13,62.2,48
20240213,150.6,70,201,147.5,14.79,56.4,48
20240214,156.5,83,198,163.1,10.29,51.5,48
20240215,134.9,75,179,139.0,10.48,58.2,48
20240216,172.3,116,227,167.8,9.19,45.9,48
20240217,130.3,66,191,129.6,8.52,57.9,48
20240218,106.5,76,154,107.4,8.5,65.0,48
20240219,103.1,63,162,101.7,8.77,70.0,48
20240220,103.3,64,150,107.3,17.25,68.6,48
20240221,81.0,60,115,85.5,9.04,71.8,48
20240222,105.4,58,145,105.3,9.65,65.2,48
20240223,138.6,72,216,138.4,13.31,57.6,48
20240224,210.3,182,248,218.5,11.96,34.8,48
20240225,176.2,72,213,186.9,13.63,43.8,48
20240226,146.6,68,197,146.9,10.52,58.3,48
20240227,171.3,128,206,169.8,9.33,53.7,48
20240228,153.5,64,228,144.1,19.13,59.2,48
20240229,136.3,58,189,136.1,8.71,58.7,48
20240301,142.4,109,174,143.8,9.23,55.7,48
20240302,143.0,120,166,145.8,7.25,54.2,48
20240303,186.2,144,246,188.4,7.85,42.1,48
20240304,183.7,94,255,184.1,12.67,49.2,48
20240305,203.1,131,259,195.3,13.75,46.1,48
20240306,222.8,171,262,217.8,12.96,43.5,48
20240307,145.3,65,205,140.0,16.27,57.0,48
20240308,77.2,50,102,80.1,14.0,64.6,48
20240309,67.8,47,90,63.3,6.96,73.3,48
20240310,100.9,72,138,95.2,11.15,65.5,48
20240311,210.5,105,261,203.0,12.25,40.6,48
20240312,183.4,79,239,183.2,10.17,49.1,48
20240313,102.4,73,160,102.6,9.0,69.9,48
20240314,100.6,53,139,104.6,10.0,62.4,48
20240315,79.3,45,134,78.1,7.94,65.8,48
20240316,129.8,62,184,129.5,7.88,52.5,48
20240317,96.4,65,145,98.5,7.4,60.6,48
20240318,129.5,78,183,128.1,12.06,59.7,48
20240319,156.9,67,264,140.1,24.21,56.8,48
20240320,225.4,152,250,228.4,9.83,35.7,48
20240321,107.0,48,177,109.3,8.98,64.0,48
20240322,61.0,43,88,63.9,6.19,74.6,48
20240323,39.3,28,53,40.3,4.31,84.0,48
20240324,97.8,42,204,89.8,9.48,65.1,48
20240325,148.9,87,190,153.3,10.08,49.8,48
20240326,148.1,65,205,153.8,13.71,52.6,48
20240327,79.4,52,132,83.0,8.81,70.7,48
20240328,63.2,38,104,66.9,7.81,70.3,48
20240329,94.0,64,145,82.7,12.63,64.7,48
20240330,132.1,89,201,137.1,13.38,52.0,48
20240331,102.4,71,150,108.9,8.85,60.5,46
20240401,91.8,64,149,97.3,8.13,64.7,48
20240402,132.7,65,186,136.7,10.83,52.9,48
20240403,75.1,56,112,78.9,9.77,69.8,48
20240404,113.7,57,166,116.0,10.08,58.1,48
20240405,38.6,21,58,40.1,4.17,81.6,48
20240406,39.9,24,56,41.8,4.52,86.5,48
20240407,48.4,37,64,46.6,4.92,86.6,48
20240408,116.4,51,178,120.3,12.33,61.7,48
20240409,47.7,32,69,45.8,5.25,81.6,48
20240410,67.0,35,125,63.7,9.0,77.0,48
20240411,67.1,45,111,64.6,6.83,79.4,48
20240412,47.7,25,71,43.9,7.31,84.8,48
20240413,52.0,22,73,43.4,11.67,84.2,48
20240414,65.1,36,83,63.5,6.0,79.6,48
20240415,42.1,19,62,40.1,7.33,86.1,48
20240416,56.2,35,97,50.8,7.6,81.1,48
20240417,108.5,61,189,102.3,12.29,67.4,48
20240418,96.2,40,178,101.2,11.31,68.9,48
20240419,53.8,37,82,54.0,4.85,78.1,48
20240420,80.8,50,133,82.1,8.33,67.3,48
20240421,105.4,71,165,100.6,8.42,62.2,48
20240422,191.4,163,218,192.5,9.23,43.8,48
20240423,143.4,85,188,149.4,11.48,56.4,48
20240424,128.9,80,178,128.6,7.81,60.6,48
20240425,175.9,141,222,178.0,9.56,50.8,48
20240426,197.0,162,238,197.4,8.06,42.8,48
20240427,156.3,110,190,157.4,7.02,51.7,48
20240428,91.4,61,113,89.0,7.29,66.7,48
20240429,76.6,34,123,74.4,13.04,74.4,48
20240430,71.8,37,127,72.4,10.6,72.6,48
20240501,129.9,59,184,133.6,12.04,56.7,48
20240502,73.0,50,117,79.7,12.04,70.1,48
20240503,115.0,69,152,112.0,9.77,59.6,48
20240504,130.8,94,191,130.8,7.4,55.0,48
20240505,162.4,128,202,167.4,9.0,45.5,48
20240506,161.4,130,194,164.9,7.08,46.7,48
20240507,167.1,129,212,171.1,9.65,46.7,48
20240508,150.2,88,202,155.7,12.0,51.6,48
20240509,139.7,95,209,141.7,9.38,52.4,48
20240510,154.8,99,189,159.8,10.02,47.8,48
20240511,95.4,47,147,107.2,16.25,60.4,48
20240512,76.4,35,127,77.2,8.02,71.4,48
20240513,110.5,80,150,108.5,9.94,65.5,48
20240514,127.1,62,191,122.1,13.31,60.4,48
20240515,165.2,118,195,161.3,8.56,46.6,48
20240516,182.0,139,210,180.9,10.27,42.2,48
20240517,171.4,138,221,172.4,6.88,42.4,48
20240518,145.1,108,181,147.5,8.42,47.6,48
20240519,111.1,59,164,111.6,8.35,55.9,48
20240520,143.8,115,183,140.1,7.71,49.8,48
20240521,177.8,139,207,174.0,8.5,40.0,48
20240522,113.2,49,164,117.6,11.35,58.0,48
20240523,78.0,41,148,70.2,10.13,70.4,48
20240524,180.9,142,210,182.1,7.85,39.2,48
20240525,107.5,54,159,111.9,12.29,55.8,48
20240526,85.2,55,114,87.1,8.58,61.6,48
20240527,90.4,48,162,87.3,8.6,62.7,48
20240528,100.4,59,139,99.6,9.31,60.4,48
20240529,98.4,60,134,79.1,22.92,67.7,48
20240530,53.6,35,72,67.7,15.13,72.2,48
20240531,56.0,44,71,57.9,5.67,73.5,48
20240601,61.9,44,93,63.8,9.29,68.3,48
20240602,78.2,44,122,72.8,10.42,66.1,48
20240603,126.1,86,174,122.0,10.98,56.3,48
20240604,64.6,14,103,70.3,14.1,72.1,48
20240605,59.5,32,108,57.6,10.15,73.5,48
20240606,88.8,55,135,85.5,9.56,62.4,48
20240607,63.9,26,100,64.6,10.67,69.8,48
20240608,58.7,43,77,59.0,5.9,73.9,48
20240609,72.3,45,126,67.4,7.71,69.1,48
20240610,67.1,30,106,53.7,16.13,71.7,48
20240611,104.5,58,162,67.2,38.46,66.1,48
20240612,191.9,173,207,199.0,8.53,41.6,17
20240613,116.1,49,170,117.6,10.44,59.3,48
20240614,91.3,51,174,80.9,13.98,67.5,48
20240615,115.7,89,141,101.6,19.21,59.2,48
20240616,78.2,55,117,74.6,8.1,68.6,48
20240617,128.6,81,186,120.9,9.75,56.9,48
20240618,149.6,106,182,133.6,23.71,52.7,48
20240619,123.3,87,160,119.0,12.85,54.2,48
20240620,138.8,108,182,140.5,10.46,50.7,48
20240621,88.9,39,128,90.1,10.06,65.7,48
20240622,85.7,49,118,88.0,11.69,60.7,48
20240623,105.3,67,158,103.1,10.06,54.9,48
20240624,136.0,105,186,124.8,15.83,52.5,48
20240625,156.7,127,190,151.5,11.04,48.4,48
20240626,151.8,100,197,149.1,11.79,50.3,48
20240627,71.3,38,115,71.1,11.6,75.2,48
20240628,72.7,49,127,65.2,9.92,77.2,48
20240629,93.1,45,147,88.5,12.67,59.0,48
20240630,99.4,67,148,92.8,11.42,58.6,48
20240701,91.2,57,118,92.7,10.15,61.5,48
20240702,104.0,54,161,95.0,12.21,64.7,48
20240703,89.6,54,141,77.7,17.1,72.0,48
20240704,50.1,28,76,47.4,7.02,86.7,48
20240705,81.0,51,143,79.6,7.23,70.8,48
20240706,54.8,34,81,56.1,5.88,68.7,48
20240707,82.3,46,152,79.1,9.46,60.6,48
20240708,169.6,99,230,166.1,16.08,41.1,48
20240709,87.9,57,151,92.8,22.02,63.8,48
20240710,85.5,44,165,80.0,13.5,66.4,48
20240711,148.7,104,208,143.7,15.9,49.4,48
20240712,118.6,74,153,124.6,11.9,56.3,48
20240713,85.4,63,122,88.2,9.38,64.5,48
20240714,83.0,46,145,84.0,8.29,62.1,48
20240715,164.9,107,205,164.0,10.46,42.2,48
20240716,133.1,71,187,124.6,14.21,53.8,48
20240717,156.1,114,222,148.7,15.52,50.3,48
20240718,120.4,63,204,116.3,14.85,59.1,48
20240719,104.9,48,164,97.2,15.67,64.6,48
20240720,130.0,86,181,124.1,11.17,52.7,48
20240721,105.3,59,179,98.7,10.38,57.5,48
20240722,127.5,82,180,124.1,11.69,53.3,48
20240723,158.4,123,213,151.1,10.04,45.8,48
20240724,154.0,79,201,153.3,8.73,49.4,48
20240725,110.1,68,146,106.0,9.92,60.7,48
20240726,119.0,77,193,113.8,10.19,57.0,48
20240727,152.6,108,202,155.4,7.69,45.1,48
20240728,106.9,68,147,111.5,8.85,57.3,48
20240729,98.3,57,152,97.7,9.15,61.1,48
20240730,136.2,79,208,136.0,8.65,52.9,48
20240731,153.1,103,203,155.0,7.58,48.8,48
20240801,165.8,141,210,167.5,6.71,46.3,48
20240802,104.7,46,152,108.1,10.42,60.7,48
20240803,99.9,48,159,100.2,6.96,59.3,48
20240804,71.5,33,132,71.5,8.96,67.2,48
20240805,72.6,46,132,71.1,9.1,73.2,48
20240806,87.4,56,125,85.9,9.23,66.4,48
20240807,58.5,37,84,60.3,8.75,73.4,48
20240808,71.3,46,98,74.1,6.65,69.0,48
20240809,52.9,34,98,49.4,6.44,85.0,48
20240810,67.1,35,120,64.2,6.73,75.0,48
20240811,76.6,49,105,77.6,6.81,67.3,48
20240812,72.7,45,143,68.3,11.17,77.1,48
20240813,94.1,48,165,87.2,12.38,67.6,48
20240814,130.6,89,169,130.6,11.79,56.4,48
20240815,62.6,30,99,62.4,8.31,75.2,48
20240816,94.4,56,160,90.6,11.56,68.1,48
20240817,85.7,48,155,86.0,12.31,69.4,48
20240818,69.2,38,122,67.7,9.56,71.1,48
20240819,77.9,46,121,73.1,10.65,69.2,48
20240820,49.8,26,80,48.8,6.79,81.0,48
20240821,58.3,29,90,53.8,6.4,82.4,48
20240822,61.6,37,113,59.6,7.13,80.4,48
20240823,54.7,25,102,52.2,8.02,80.7,48
20240824,53.6,37,70,53.0,5.77,75.3,48
20240825,48.9,36,62,45.5,4.85,86.1,48
20240826,79.1,41,155,71.4,12.4,74.2,48
20240827,92.8,51,152,89.1,11.69,72.9,48
20240828,128.0,66,206,118.0,14.38,60.7,48
20240829,136.3,66,220,120.8,18.25,59.5,48
20240830,151.6,105,199,155.5,11.4,51.8,48
20240831,70.7,45,101,70.7,11.4,67.4,48
20240901,83.1,44,151,75.7,10.79,68.7,48
20240902,171.4,117,217,163.6,10.6,49.9,48
20240903,187.7,152,242,184.5,8.0,48.6,48
20240904,198.0,95,236,197.6,10.92,44.2,48
20240905,76.1,56,108,79.8,10.48,69.9,48
20240906,112.7,64,162,107.3,8.88,61.9,48
20240907,154.9,112,197,160.5,8.77,46.9,48
20240908,100.6,65,125,105.9,9.08,60.4,48
20240909,82.3,58,117,82.4,9.63,70.6,48
20240910,68.9,44,91,66.0,6.73,78.1,48
20240911,68.1,40,132,66.9,10.75,76.2,48
20240912,111.6,64,178,112.2,11.83,65.2,48
20240913,131.5,92,182,136.9,12.73,58.6,48
20240914,74.8,36,112,75.1,8.56,72.2,48
20240915,96.5,59,159,96.8,10.9,65.0,48
20240916,153.1,112,208,161.1,15.35,52.1,48
20240917,135.7,94,194,140.0,12.38,56.9,48
20240918,129.0,87,178,127.5,13.21,59.9,48
20240919,147.5,99,196,145.9,11.96,53.8,48
20240920,118.8,80,158,120.0,10.19,59.9,48
20240921,121.9,83,173,119.4,10.5,58.5,48
20240922,153.8,99,206,153.6,7.35,51.1,48
20240923,179.8,120,211,184.7,8.17,47.6,48
20240924,144.9,102,180,148.2,9.42,57.3,48
20240925,171.1,73,232,172.6,11.33,50.2,48
20240926,95.4,49,134,101.9,12.52,68.3,48
20240927,64.3,41,112,66.8,11.48,77.7,48
20240928,135.4,51,220,123.5,12.88,55.2,48
20240929,89.9,51,141,90.4,7.38,66.4,48
20240930,95.4,51,134,86.7,11.44,70.0,48
20241001,93.7,52,130,86.7,10.88,69.3,48
20241002,117.9,52,174,117.3,8.85,63.9,48
20241003,163.1,100,220,156.1,15.31,51.0,48
20241004,127.0,72,178,121.7,13.5,61.8,48
20241005,64.5,34,100,63.3,8.08,75.7,48
20241006,82.4,46,143,79.7,6.42,70.2,48
20241007,137.1,69,220,130.0,13.69,57.1,48
20241008,130.4,75,174,132.0,12.1,58.7,48
20241009,107.0,48,143,110.8,11.71,64.9,48
20241010,121.9,49,186,114.2,11.65,61.8,48
20241011,151.7,102,216,149.7,12.4,55.0,48
20241012,82.8,51,121,83.8,10.04,71.3,48
20241013,163.0,50,254,158.6,8.25,52.8,48
20241014,218.2,137,252,219.7,9.67,41.6,48
20241015,127.3,63,169,132.9,12.71,64.5,48
20241016,128.7,61,185,120.5,9.38,64.3,48
20241017,164.6,112,222,153.0,13.27,56.2,48
20241018,147.2,67,202,143.3,10.19,60.9,48
20241019,131.8,69,222,133.4,14.73,62.6,48
20241020,78.3,55,97,74.8,8.96,77.4,48
20241021,113.9,64,179,110.7,9.96,71.3,48
20241022,156.1,76,235,152.2,9.73,59.2,48
20241023,169.1,92,216,166.2,9.73,56.0,48
20241024,121.1,82,169,110.7,12.29,68.1,48
20241025,202.4,132,235,198.4,8.17,42.2,48
20241026,149.6,92,183,144.6,7.52,52.2,48
20241027,102.6,58,166,99.9,10.76,63.9,50
20241028,155.3,59,234,151.7,6.06,53.6,48
20241029,208.3,150,246,203.3,8.52,38.6,48
20241030,216.7,130,248,215.3,6.98,36.8,48
20241031,149.4,99,204,151.6,10.98,54.7,48
20241101,189.3,104,252,183.8,8.46,42.3,48
20241102,190.6,149,227,187.0,10.29,42.1,48
20241103,216.3,171,254,213.3,5.71,34.5,48
20241104,242.1,198,260,239.0,5.33,31.3,48
20241105,256.7,232,273,248.7,9.29,30.7,48
20241106,236.8,176,259,212.1,24.94,38.8,48
20241107,197.2,158,223,196.2,12.71,47.6,48
20241108,215.7,163,242,214.2,5.85,39.8,48
20241109,222.8,178,247,224.6,6.6,34.3,48
20241110,176.5,93,204,178.1,6.19,46.6,48
20241111,149.3,78,194,149.2,6.9,53.9,48
20241112,179.8,113,224,175.6,7.48,46.3,48
20241113,211.2,148,244,210.1,8.42,41.1,48
20241114,199.8,130,240,198.8,7.0,43.6,48
20241115,173.8,87,222,170.5,7.92,52.9,48
20241116,97.9,54,136,92.2,8.6,69.4,48
20241117,103.2,54,170,104.9,9.65,66.1,48
20241118,188.6,91,247,190.7,11.65,43.4,48
20241119,139.8,72,185,140.1,9.94,56.0,48
20241120,131.0,61,176,128.8,12.71,59.7,48
20241121,163.0,60,221,169.3,16.15,52.2,48
20241122,160.4,56,229,163.2,11.4,55.6,48
20241123,87.0,55,178,95.0,13.15,74.8,48
20241124,68.5,52,92,70.5,4.19,81.3,48
20241125,90.9,61,132,96.6,10.17,75.0,48
20241126,195.3,74,275,187.3,12.35,45.2,48
20241127,208.2,185,238,203.9,9.94,41.0,48
20241128,212.7,118,257,212.5,5.69,40.5,48
20241129,125.7,67,160,122.0,9.56,64.3,48
20241130,111.9,70,143,103.9,9.71,67.7,48
20241201,98.3,64,143,96.7,7.0,68.1,48
20241202,141.2,72,181,134.9,9.83,59.5,48
20241203,216.7,150,259,212.1,7.85,38.3,48
20241204,202.1,77,261,198.7,10.85,46.0,48
20241205,96.0,52,139,94.1,9.58,70.1,48
20241206,118.9,55,198,112.8,12.58,64.8,48
20241207,75.7,55,113,69.2,7.6,74.2,48
20241208,67.2,48,106,65.3,5.88,76.3,48
20241209,133.3,48,182,129.2,9.52,56.4,48
20241210,197.4,102,248,189.4,10.08,43.3,48
20241211,264.1,247,284,259.5,5.44,28.0,48
20241212,278.4,260,303,274.7,5.83,26.1,48
20241213,270.8,199,303,269.8,5.27,29.6,48
20241214,138.5,49,191,145.9,9.92,60.5,48
20241215,60.9,48,80,59.2,4.54,80.6,48
20241216,80.9,44,119,84.7,10.38,76.1,48
20241217,112.8,47,167,114.3,9.85,67.8,48
20241218,80.8,47,139,80.4,7.88,72.4,48
20241219,65.5,39,104,66.2,6.5,74.4,48
20241220,72.3,39,110,69.5,7.44,72.9,48
20241221,59.0,50,69,55.2,5.94,81.4,48
20241222,50.5,37,67,50.5,5.15,83.7,48
20241223,102.3,32,155,106.8,8.63,64.8,48
20241224,85.5,64,120,86.2,6.67,70.5,48
20241225,98.6,74,116,102.8,6.71,66.6,48
20241226,161.8,71,213,200.5,38.9,43.7,48
20241227,209.3,159,239,229.0,19.69,34.5,48
20241228,174.4,122,201,180.8,8.19,48.4,48
20241229,91.0,53,122,91.4,7.21,73.0,48
20241230,70.8,50,109,64.3,8.73,79.0,48
20241231,61.4,49,77,58.4,5.5,82.0,48
20250101,59.3,35,95,58.9,5.54,78.7,48
20250102,113.1,56,160,116.5,10.06,60.6,48
20250103,138.4,42,221,140.8,10.69,55.8,48
20250104,192.1,92,221,200.1,9.9,40.8,48
20250105,102.1,42,169,104.1,10.21,63.1,48
20250106,94.4,42,140,92.6,6.19,66.7,48
20250107,115.6,63,155,114.7,6.42,61.2,48
20250108,199.4,84,249,200.2,6.88,40.1,48
20250109,183.1,151,207,185.1,5.92,46.4,48
20250110,225.5,163,253,228.0,7.79,33.4,48
20250111,223.3,201,247,222.8,6.08,33.9,48
20250112,195.8,126,218,160.3,38.52,50.9,48
20250113,149.4,110,180,150.4,3.58,58.1,48
20250114,188.7,111,240,185.6,8.77,49.0,48
20250115,223.3,189,249,225.2,5.94,41.0,48
20250116,211.0,160,240,213.7,6.1,44.1,48
20250117,208.6,153,248,206.8,8.67,45.3,48
20250118,226.6,200,257,226.0,8.44,41.1,48
20250119,252.8,229,274,253.2,4.85,30.1,48
20250120,265.4,254,285,271.5,8.27,27.9,48
20250121,256.4,237,277,260.6,6.35,30.0,48
20250122,264.9,220,293,274.9,11.46,23.7,48
20250123,156.8,46,221,163.9,9.75,52.1,48
20250124,86.0,39,125,86.5,7.38,71.2,48
20250125,92.6,41,173,94.6,9.67,67.5,48
20250126,69.5,39,96,70.6,6.38,73.3,48
20250127,87.0,40,125,85.7,8.08,68.9,48
20250128,112.2,47,169,107.6,9.29,63.1,48
20250129,123.9,53,177,117.5,10.71,61.1,48
20250130,167.4,76,237,163.2,10.54,50.8,48
20250131,230.4,162,272,231.2,11.04,34.4,48
20250201,163.1,104,196,160.3,7.79,53.9,48
20250202,150.8,95,228,148.2,12.44,58.3,48
20250203,160.4,76,213,158.8,8.63,59.5,48
20250204,112.6,80,155,107.5,9.85,70.1,48
20250205,186.6,88,256,188.1,9.83,49.7,48
20250206,199.8,80,246,209.2,11.44,45.0,48
20250207,105.7,60,132,107.8,9.44,67.0,48
20250208,177.6,61,240,184.9,13.33,43.0,48
20250209,138.7,66,170,144.6,9.15,56.7,48
20250210,126.9,65,168,123.8,7.02,63.6,48
20250211,166.9,93,204,167.1,7.44,51.8,48
20250212,194.4,126,227,194.7,7.17,44.4,48
20250213,216.7,172,247,219.1,5.85,39.8,48
20250214,196.7,162,222,198.4,6.4,45.8,48
20250215,204.9,139,232,212.4,10.21,41.0,48
20250216,130.8,104,176,127.6,8.19,60.9,48
20250217,182.6,138,217,182.8,7.6,51.8,48
20250218,136.1,71,181,138.1,10.69,62.9,48
20250219,119.7,65,173,116.3,8.5,66.5,48
20250220,76.0,59,96,74.2,5.13,76.8,48
20250221,65.0,47,83,64.4,4.69,78.0,48
20250222,80.3,58,124,83.3,8.0,70.3,48
20250223,73.3,55,101,68.5,7.44,77.5,48
20250224,78.4,43,136,78.8,7.88,73.1,48
20250225,137.9,63,191,141.4,11.46,55.5,48
20250226,172.4,133,213,178.3,10.96,46.8,48
20250227,175.7,120,230,175.2,9.83,50.5,48
20250228,201.5,159,234,208.0,9.65,40.5,48
20250301,158.9,101,210,167.8,13.52,47.4,48
20250302,123.6,71,162,128.2,12.15,59.2,48
20250303,155.6,105,219,156.7,10.33,53.9,48
20250304,125.9,54,196,122.3,15.31,64.5,48
20250305,97.5,43,158,94.5,14.79,70.8,48
20250306,94.0,52,138,89.5,16.46,67.5,48
20250307,152.0,54,203,155.6,11.6,49.3,48
20250308,109.2,63,162,113.9,11.0,58.7,48
20250309,166.3,119,236,172.8,12.38,43.3,48
20250310,157.2,83,197,160.7,11.27,51.6,48
20250311,150.9,79,212,154.6,13.17,52.7,48
20250312,170.3,117,231,171.5,8.33,51.6,48
20250313,208.6,143,261,213.5,8.0,39.7,48
20250314,226.5,185,253,235.5,10.06,33.6,48
20250315,172.5,139,206,180.3,10.19,44.3,48
20250316,168.5,135,201,177.6,11.1,45.3,48
20250317,178.0,120,215,186.8,11.81,45.4,48
20250318,137.0,78,186,138.4,10.0,55.0,48
20250319,215.7,170,269,222.7,11.21,32.8,48
20250320,180.7,63,245,190.3,12.63,42.4,48
20250321,69.7,55,94,63.0,7.46,72.6,48
20250322,117.8,69,187,117.2,8.67,57.2,48
20250323,159.8,88,224,161.4,9.94,44.7,48
20250324,180.7,126,235,185.4,10.15,42.3,48
20250325,171.9,123,243,173.2,11.02,44.9,48
20250326,169.1,103,217,174.6,10.38,45.0,48
20250327,97.5,47,151,96.2,9.71,64.6,48
20250328,78.4,41,143,76.3,9.48,70.9,48
20250329,74.8,42,102,75.6,7.38,70.5,48
20250330,82.4,37,178,84.5,8.37,72.5,46
20250331,184.2,138,229,194.9,13.58,40.1,48
20250401,104.0,45,185,110.6,13.9,64.6,48
20250402,69.0,39,125,67.1,8.17,75.6,48
20250403,81.5,48,126,81.7,11.42,72.4,48
20250404,75.9,35,129,74.7,9.54,74.0,48
20250405,67.2,38,103,66.1,6.44,75.7,48
20250406,98.2,56,171,98.4,4.02,64.7,48
20250407,183.2,112,251,187.4,12.04,45.1,48
20250408,206.6,133,251,214.5,12.73,39.0,48
20250409,178.3,119,217,184.8,9.85,46.8,48
20250410,154.3,88,200,160.9,13.13,53.5,48
20250411,147.3,84,225,150.0,14.65,55.3,48
20250412,106.6,46,163,109.3,10.04,61.9,48
20250413,87.4,61,136,88.2,7.13,66.6,48
20250414,103.7,52,170,102.6,11.56,65.2,48
20250415,165.1,74,211,169.6,11.4,47.5,48
20250416,71.8,34,128,69.8,8.6,74.2,48
20250417,147.7,68,235,149.3,10.96,53.6,48
20250418,95.6,46,179,99.9,8.4,66.1,48
20250419,76.9,51,134,73.2,5.5,70.0,48
20250420,138.8,92,201,140.7,7.6,52.2,48
20250421,173.3,141,226,177.7,7.94,44.2,48
20250422,177.8,132,216,180.1,9.9,44.6,48
20250423,197.6,145,247,201.7,8.94,40.0,48
20250424,179.7,137,216,183.8,7.81,45.4,48
20250425,160.9,119,199,161.5,6.48,49.5,48
20250426,134.9,90,165,139.1,9.23,51.4,48
20250427,87.0,52,131,84.3,8.96,67.5,48
20250428,152.2,80,243,150.9,11.81,53.5,48
20250429,185.6,101,243,184.8,15.23,44.5,48
20250430,181.8,116,226,186.9,10.42,45.2,48
20250501,159.7,91,208,162.9,10.94,51.4,48
20250502,136.0,76,195,137.7,10.13,57.1,48
20250503,75.0,44,130,74.0,6.48,69.3,48
20250504,69.0,52,92,68.6,7.31,72.5,48
20250505,98.6,66,171,96.2,5.98,62.4,48
20250506,159.0,104,215,160.5,10.9,49.3,48
20250507,179.8,112,221,186.0,11.94,45.5,48
20250508,187.8,147,235,191.5,8.48,43.8,48
20250509,151.6,77,201,155.0,11.56,52.3,48
20250510,96.8,48,133,97.1,10.31,63.6,48
20250511,82.6,62,123,80.6,6.25,67.2,48
20250512,111.1,74,150,110.0,6.5,61.0,48
20250513,115.2,65,154,113.7,7.9,60.2,48
20250514,88.7,39,131,89.6,9.85,66.0,48
20250515,102.2,60,161,99.9,9.71,62.7,48
20250516,83.4,30,126,82.9,9.81,67.3,48
20250517,88.4,35,132,83.1,9.54,64.9,48
20250518,96.9,49,173,90.4,10.29,61.5,48
20250519,144.1,85,199,141.3,11.23,52.6,48
20250520,158.4,90,211,161.1,12.31,49.8,48
20250521,121.6,68,162,130.8,16.31,58.6,48
20250522,107.5,70,152,107.6,5.54,62.9,48
20250523,120.4,75,149,121.1,5.35,59.2,48
20250524,54.3,40,73,53.5,4.63,77.6,48
20250525,51.4,30,83,45.2,8.13,86.9,48
20250526,49.7,33,72,47.8,6.48,85.7,48
20250527,90.4,42,143,85.5,6.85,69.7,48
20250528,103.6,70,169,100.9,7.71,62.9,48
20250529,44.4,24,79,41.3,5.44,84.8,48
20250530,90.8,47,184,83.8,8.79,68.6,48
20250531,85.5,43,136,83.4,12.0,70.3,48
20250601,59.8,34,84,56.3,8.54,80.0,48
20250602,81.4,53,115,74.8,12.6,71.0,48
20250603,60.1,31,98,55.8,7.98,82.4,48
20250604,82.5,47,127,80.9,9.13,72.3,48
20250605,99.5,68,159,99.1,9.0,67.2,48
20250606,107.3,65,175,103.2,8.65,64.6,48
20250607,131.2,81,167,132.6,7.9,55.8,48
20250608,84.2,60,140,86.1,7.54,69.7,48
20250609,116.3,58,162,120.2,13.44,61.9,48
20250610,107.3,53,231,100.1,9.52,68.4,48
20250611,137.9,72,199,140.4,11.73,57.4,48
20250612,91.0,65,155,88.5,12.4,74.7,48
20250613,125.9,70,189,125.0,12.23,61.3,48
20250614,83.6,40,128,83.8,7.21,71.2,48
20250615,89.4,60,141,87.7,8.15,69.6,48
20250616,98.2,63,135,95.8,10.58,68.5,48
20250617,100.6,50,181,95.4,9.63,68.6,48
20250618,139.8,81,216,139.6,6.71,57.2,48
20250619,150.0,89,204,154.2,9.4,55.0,48
20250620,117.7,79,167,117.4,7.27,64.3,48
20250621,90.6,67,128,88.7,8.1,70.6,48
20250622,56.4,35,85,52.5,6.63,82.9,48
20250623,61.6,44,98,56.4,8.48,83.6,48
20250624,63.0,39,100,59.4,5.79,80.1,48
20250625,160.1,100,202,159.9,11.42,53.2,48
20250626,81.0,33,133,80.1,9.81,74.0,48
20250627,71.1,36,105,65.7,8.23,79.2,48
20250628,65.6,34,112,60.1,8.92,82.7,48
20250629,111.9,70,192,108.0,10.29,61.6,48
20250630,134.2,71,186,128.5,10.73,61.0,48
20250701,180.3,143,233,177.8,8.79,48.7,48
20250702,162.4,94,226,163.9,9.52,54.1,48
20250703,107.7,55,169,104.3,12.0,68.3,48
20250704,78.1,33,126,76.4,8.88,77.3,48
20250705,65.0,48,98,61.3,6.63,80.7,48
20250706,112.8,72,160,112.6,7.54,57.0,48
20250707,70.9,34,129,70.9,9.25,73.0,48
20250708,93.2,56,179,92.4,8.92,67.3,48
20250709,148.5,97,207,150.8,7.96,50.7,48
20250710,155.5,78,207,148.9,13.35,51.3,48
20250711,159.5,99,196,163.5,10.31,47.6,48
20250712,122.8,60,181,126.5,10.58,56.5,48
20250713,113.0,63,182,113.0,10.42,61.2,48
20250714,89.9,40,136,91.0,8.56,68.6,48
20250715,77.9,48,106,74.8,7.67,70.2,48
20250716,141.9,69,224,141.9,7.33,52.3,48
20250717,170.0,124,201,172.6,6.06,47.0,48
20250718,149.7,112,175,151.7,4.71,52.2,48
20250719,144.5,90,170,144.9,10.23,48.6,48
20250720,117.9,84,179,116.5,6.88,55.1,48
20250721,153.9,121,191,156.1,6.29,46.4,48
20250722,151.7,132,192,153.1,5.46,47.1,48
20250723,149.0,130,177,151.1,6.1,48.8,48
20250724,138.0,102,199,140.8,7.29,52.6,48
20250725,140.2,80,186,142.5,10.25,52.7,48
20250726,121.8,70,161,124.1,9.83,54.3,48
20250727,117.9,88,164,116.5,10.44,53.6,48
20250728,127.2,93,195,129.3,7.27,53.6,48
20250729,176.9,147,205,181.9,7.73,41.5,48
20250730,150.5,116,178,155.6,8.94,51.3,48
20250731,118.7,80,149,120.4,7.65,59.5,48
20250801,78.3,60,104,79.3,8.81,69.3,48
20250802,83.7,62,135,83.5,6.48,64.4,48
20250803,94.6,62,168,91.4,5.63,62.1,48
20250804,80.0,44,130,75.8,11.58,73.4,48
20250805,71.4,55,108,67.6,6.06,79.3,48
20250806,94.1,53,166,92.4,9.06,64.5,48
20250807,86.8,53,128,86.7,11.02,69.6,48
20250808,90.1,47,140,88.9,11.46,67.2,48
20250809,80.8,43,123,79.3,11.42,72.5,48
20250810,107.8,64,150,93.0,15.96,60.8,48
20250811,154.7,116,217,169.3,8.61,47.0,48
20250812,177.5,123,242,178.9,8.67,43.5,48
20250813,189.2,144,222,193.9,9.56,42.2,48
20250814,168.1,137,206,169.3,6.79,46.8,48
20250815,147.0,87,187,152.3,11.04,50.8,48
20250816,137.4,106,176,139.2,6.35,49.7,48
20250817,121.0,73,171,122.5,8.42,54.1,48
20250818,187.4,167,219,190.9,6.15,41.5,48
20250819,146.8,92,171,151.2,7.4,52.4,48
20250820,140.0,87,177,139.8,7.15,55.7,48
20250821,156.4,121,194,159.9,7.5,48.4,48
20250822,174.7,130,211,178.0,7.9,42.4,48
20250823,173.4,126,210,177.6,8.42,40.6,48
20250824,158.2,107,198,160.8,7.29,42.5,48
20250825,113.0,38,168,106.2,13.02,64.5,48
20250826,113.7,65,197,122.7,17.88,61.8,48
20250827,123.7,57,166,122.1,10.23,63.4,48
20250828,117.6,73,165,117.2,9.63,63.4,48
20250829,123.0,71,181,124.2,7.94,61.2,48
20250830,84.1,40,144,81.8,10.17,73.4,48
20250831,58.9,34,81,54.7,6.19,83.9,48
20250901,67.0,38,105,64.9,5.81,78.4,48
20250902,138.5,73,184,139.3,9.75,57.9,48
20250903,107.1,69,142,108.7,7.23,69.8,48
20250904,125.2,70,173,125.6,10.25,62.9,48
20250905,141.3,97,208,143.8,10.33,55.0,48
20250906,79.2,49,145,79.7,8.4,70.1,48
20250907,66.2,58,86,62.9,5.79,78.9,48
20250908,127.0,66,191,132.4,9.79,60.0,48
20250909,142.7,63,190,151.5,15.08,56.6,48
20250910,62.9,43,90,61.3,6.69,80.1,48
20250911,56.0,37,91,52.9,6.83,80.6,48
20250912,62.9,34,126,59.8,8.4,80.2,48
20250913,76.0,51,139,76.5,6.13,72.9,48
20250914,93.1,54,135,96.4,7.44,66.6,48
20250915,53.7,37,71,51.0,4.65,83.2,48
20250916,72.8,52,125,70.6,7.08,76.7,48
20250917,73.9,49,100,68.8,5.69,75.4,48
20250918,83.4,63,115,82.1,7.35,75.9,48
20250919,114.0,56,198,111.1,8.44,63.3,48
20250920,119.6,72,172,123.0,10.25,60.2,48
20250921,75.8,43,123,75.2,8.48,74.4,48
20250922,122.2,73,193,121.6,11.21,60.4,48
20250923,181.3,134,229,186.1,10.1,45.6,48
20250924,160.6,121,195,164.7,10.21,51.5,48
20250925,122.5,71,174,123.7,11.17,61.4,48
20250926,138.8,88,194,134.1,11.17,57.3,48
20250927,121.7,83,158,122.1,9.73,60.6,48
20250928,190.4,139,260,186.2,12.44,41.0,48
20250929,214.9,161,252,223.1,17.52,36.0,48
20250930,181.6,130,224,190.2,11.94,46.1,48
20251001,150.8,83,197,152.8,10.21,55.4,48
20251002,105.5,76,162,103.3,10.94,66.2,48
20251003,79.9,59,114,75.9,8.29,75.4,48
20251004,61.9,49,79,53.7,8.77,85.4,48
20251005,60.2,49,89,56.7,5.21,80.9,48
20251006,118.2,59,195,112.2,11.77,64.1,48
20251007,173.7,111,229,174.8,9.67,50.7,48
20251008,197.9,128,241,200.7,9.88,44.0,48
20251009,154.4,119,218,155.6,10.65,54.1,48
20251010,187.0,138,218,186.7,4.6,42.6,48
20251011,210.3,181,248,209.3,5.48,34.9,48
20251012,238.1,222,265,240.0,4.92,27.6,48
20251013,262.8,232,277,265.3,5.04,25.0,48
20251014,257.1,241,279,259.4,4.33,27.6,48
20251015,242.7,209,265,246.0,5.27,30.8,48
20251016,232.2,194,267,238.8,10.29,32.5,48
20251017,240.5,195,270,249.9,10.9,29.0,48
20251018,144.4,60,192,150.2,9.25,53.3,48
20251019,66.2,53,89,62.1,5.75,77.0,48
20251020,143.2,70,196,146.5,9.56,53.1,48
20251021,100.3,56,141,99.8,8.92,67.3,48
20251022,167.5,57,247,171.9,13.9,49.9,48
20251023,74.3,41,136,76.4,11.19,72.7,48
20251024,62.8,49,85,58.5,6.88,78.6,48
20251025,55.8,44,73,50.5,6.25,83.1,48
20251026,53.1,33,66,60.7,10.04,78.7,50
20251027,84.2,34,178,89.1,11.08,73.0,48
20251028,59.2,32,122,58.0,8.17,81.0,48
20251029,121.3,50,199,121.5,10.92,64.0,48
20251030,120.8,67,171,120.2,9.65,62.8,48
20251031,65.7,48,78,64.5,4.38,80.4,48
20251101,62.8,33,118,58.9,7.08,81.3,48
20251102,80.4,59,129,77.4,7.6,75.6,48
20251103,65.3,55,85,66.5,5.54,81.1,48
20251104,81.5,56,122,80.7,6.06,75.0,48
20251105,110.1,57,151,108.1,6.15,65.2,48
20251106,204.1,116,256,209.6,12.25,39.0,48
20251107,201.4,169,222,209.1,9.71,40.6,48
20251108,185.6,136,218,197.8,12.94,43.2,48
20251109,145.4,85,199,146.8,9.21,55.8,48
20251110,131.2,80,185,130.0,8.85,59.7,48
20251111,92.3,41,141,93.5,6.02,69.7,48
20251112,101.8,42,182,102.1,10.83,67.8,48
20251113,110.6,49,199,112.3,10.33,66.0,48
20251114,78.5,50,105,77.7,6.42,76.5,48
20251115,102.1,46,168,100.1,7.88,68.4,48
20251116,145.1,70,195,148.9,7.71,55.9,48
20251117,140.6,48,215,143.5,15.5,59.0,48
20251118,181.1,86,225,185.7,12.96,50.8,48
20251119,129.7,74,176,130.7,9.42,65.8,48
20251120,171.9,88,219,170.0,8.42,56.3,48
20251121,211.5,101,260,219.7,10.31,45.6,48
20251122,135.7,87,177,141.3,8.75,60.1,48
20251123,69.8,41,116,67.1,6.83,77.4,48
20251124,142.8,55,194,145.8,11.65,61.4,48
20251125,182.6,94,229,191.3,13.42,49.6,48
20251126,182.7,75,233,188.8,8.96,51.4,48
20251127,86.9,64,111,82.9,7.83,77.4,48
20251128,82.7,62,104,83.3,6.56,77.7,48
20251129,76.9,51,106,78.6,6.27,74.0,48
20251130,90.0,38,168,137.3,47.83,58.7,48
20251201,107.6,52,147,107.1,17.17,67.4,48
20251202,135.2,51,197,133.4,6.79,59.9,48
20251203,176.2,86,215,184.6,10.38,50.1,48
20251204,146.0,70,195,145.3,7.52,58.2,48
20251205,142.8,62,221,149.8,10.77,59.6,48
20251206,82.9,51,122,83.6,5.79,69.7,48
20251207,97.9,50,159,98.1,9.56,65.0,48
20251208,78.3,43,126,88.2,14.56,72.4,48
20251209,69.4,40,106,65.5,6.15,76.9,48
20251210,72.7,42,106,67.5,6.71,78.5,48
20251211,105.4,63,147,102.7,6.75,68.9,48
20251212,170.1,108,222,178.3,10.46,49.4,48
20251213,100.3,64,125,100.8,6.48,67.4,48
20251214,62.7,38,78,62.3,6.02,80.3,48
20251215,139.6,40,192,143.3,10.98,56.4,48
20251216,197.3,127,241,203.4,9.96,40.8,48
20251217,137.8,41,188,143.1,9.08,60.7,48
20251218,90.5,42,135,90.4,6.88,69.1,48
20251219,102.9,77,138,105.4,9.56,69.7,48
20251220,127.0,81,160,131.5,8.58,57.5,48
20251221,125.3,60,163,132.1,9.08,57.0,48
20251222,129.7,52,188,133.4,11.33,56.2,48
20251223,116.4,70,146,120.9,7.54,59.2,48
20251224,94.1,49,128,99.7,9.94,65.7,48
20251225,71.1,53,87,75.5,7.67,73.3,48
20251226,113.0,59,163,116.8,8.42,62.2,48
20251227,100.2,82,122,100.9,6.94,63.2,48
20251228,178.2,110,224,183.9,7.71,41.6,48
20251229,179.3,95,216,186.1,10.75,45.9,48
20251230,160.6,85,207,167.7,12.35,50.4,48
20251231,115.7,92,151,117.0,7.44,65.2,48
20260101,75.3,53,107,77.8,6.52,77.3,48
20260102,79.6,42,124,79.2,7.15,74.3,48
20260103,82.7,58,121,82.5,7.52,75.6,48
20260104,129.5,56,201,127.0,10.79,64.8,48
20260105,212.6,181,245,215.1,7.83,46.4,48
20260106,215.0,101,269,219.9,7.63,47.1,48
20260107,170.4,92,225,169.3,7.42,56.4,48
20260108,225.7,120,286,236.9,14.9,35.4,48
20260109,150.5,112,177,154.3,7.29,52.8,48
20260110,173.2,116,228,174.4,8.65,49.0,48
20260111,123.7,78,167,125.1,6.06,66.4,48
20260112,123.5,71,164,126.0,8.58,66.1,48
20260113,162.4,74,214,165.0,10.1,51.5,48
20260114,173.6,79,226,177.3,8.71,51.9,48
20260115,160.5,59,223,166.1,13.23,51.0,48
20260116,188.4,132,241,191.1,9.02,45.7,48
20260117,190.6,135,239,193.6,7.83,44.5,48
20260118,193.6,162,217,197.8,6.5,41.1,48
20260119,211.4,133,259,216.2,9.94,41.8,48
20260120,128.9,66,174,132.0,9.33,66.1,48
20260121,89.2,51,121,89.3,5.4,73.1,48
20260122,90.5,46,133,87.6,7.46,73.0,48
20260123,78.8,58,102,77.5,4.88,75.7,48
20260124,68.1,46,95,63.9,7.06,81.0,48
20260125,112.4,57,182,110.0,6.71,69.0,48
20260126,178.6,63,235,181.3,12.19,52.1,48
20260127,103.6,46,146,98.4,8.44,71.6,48
20260128,208.4,117,260,214.4,13.27,43.2,48
20260129,181.6,70,218,186.5,8.81,53.5,48
20260130,88.1,57,120,87.2,7.21,74.9,48
20260131,115.6,59,175,118.6,9.06,64.3,48
20260201,161.3,85,216,169.9,13.0,49.1,48
20260202,130.6,69,175,130.4,6.58,65.0,48
20260203,121.7,52,176,120.8,7.29,66.4,48
20260204,150.0,55,213,153.1,9.15,59.7,48
20260205,106.2,45,150,101.1,7.35,70.7,48
20260206,135.4,85,163,133.7,6.75,62.0,48
20260207,140.7,105,163,141.1,5.83,59.2,48
20260208,163.8,111,208,166.4,6.75,53.0,48
20260209,184.3,136,224,188.5,7.08,49.7,48
20260210,163.6,113,190,165.4,4.94,54.8,48
20260211,164.9,125,190,166.1,5.81,53.7,48
20260212,168.8,117,207,170.7,6.81,51.7,48
20260213,184.7,146,216,188.1,7.33,49.1,48
20260214,195.1,105,245,205.9,11.63,46.0,48
20260215,108.3,60,162,111.5,8.9,68.3,48
20260216,115.9,68,161,114.3,7.77,66.0,48
20260217,165.4,78,250,169.1,9.46,53.8,48
20260218,116.5,73,153,117.5,6.73,66.8,48
20260219,179.0,80,240,176.9,6.88,51.0,48
20260220,117.7,55,180,122.9,7.23,67.6,48
20260221,73.1,47,104,74.0,4.56,75.0,48
20260222,55.3,39,98,52.8,5.54,79.8,48
20260223,101.9,39,197,100.1,11.13,67.9,48
20260224,133.2,90,171,133.9,14.67,59.7,48
20260225,125.0,60,173,132.7,14.21,60.9,48
20260226,64.1,46,86,58.6,7.69,78.6,48
20260227,151.8,67,199,156.8,11.98,52.5,48
20260228,147.3,90,197,159.1,15.19,53.2,48
20260301,53.9,39,83,52.7,6.77,80.7,48
20260302,87.6,44,154,84.0,7.38,72.6,48
20260303,182.8,137,242,192.4,13.9,44.0,48
20260304,145.0,76,192,147.8,10.02,54.4,48
20260305,126.7,67,184,123.4,9.83,58.9,48
20260306,208.8,145,246,216.2,11.15,35.6,48
20260307,181.8,152,221,185.9,7.44,41.6,48
20260308,197.1,172,226,203.5,7.08,36.6,48
20260309,200.4,139,229,204.9,8.17,38.4,48
20260310,104.7,51,146,102.5,9.67,67.5,48
20260311,64.4,37,117,58.5,7.67,80.5,48
20260312,68.7,41,95,64.8,8.19,79.1,48
20260313,81.6,37,156,77.9,8.6,74.5,48
20260314,139.3,75,219,145.6,12.42,53.0,48
20260315,66.4,29,143,65.3,9.13,76.9,48
20260316,86.1,52,142,81.1,8.85,73.1,48
20260317,74.0,42,117,70.6,11.85,75.8,48
20260318,132.7,76,199,134.6,11.96,53.7,48
20260319,176.5,109,221,182.1,11.17,43.1,48
20260320,169.9,124,210,173.8,7.13,44.1,48
20260321,153.4,91,197,164.0,13.92,49.2,48
20260322,126.5,77,192,126.8,9.21,55.5,48
20260323,150.9,69,224,154.2,10.42,53.5,48
20260324,58.1,33,76,54.0,7.9,82.0,48
20260325,46.7,26,88,42.3,8.69,84.7,48
20260326,113.7,62,190,116.7,9.06,62.1,48
20260327,98.6,56,136,100.2,10.4,68.3,48
20260328,58.6,30,105,55.7,10.83,81.4,48
20260329,67.0,43,118,55.4,12.46,79.0,46
20260330,67.0,35,139,63.3,13.1,78.5,48
20260331,139.4,59,203,140.7,11.08,55.6,48
20260401,158.3,131,189,152.8,14.46,52.5,48
20260402,124.8,73,163,130.8,12.23,62.4,48
20260403,57.8,31,90,61.6,10.73,83.4,48
20260404,66.0,37,105,61.2,9.0,76.7,48
20260405,50.7,31,82,45.6,7.33,83.7,48
20260406,76.6,45,122,73.7,10.63,67.2,48
20260407,56.9,20,92,52.8,8.44,78.9,48
20260408,115.9,67,167,119.4,13.58,61.6,48
20260409,84.5,42,139,84.0,7.85,72.7,48
20260410,89.3,33,126,88.1,12.33,72.6,48
20260411,53.3,37,79,48.2,7.79,86.0,48
20260412,77.4,40,147,72.3,8.23,79.4,48
20260413,158.2,116,201,160.9,7.0,50.5,48
20260414,136.7,70,200,141.4,14.19,60.8,48
20260415,75.5,57,112,72.8,8.19,79.3,48
20260416,97.7,63,166,95.7,7.25,72.9,48
20260417,85.4,51,114,81.8,9.1,75.2,48
20260418,85.1,46,136,86.9,8.35,73.9,48
20260419,103.7,61,175,103.1,6.85,64.5,48
20260420,132.4,86,171,139.7,10.21,58.0,48
20260421,71.8,41,105,70.7,6.04,79.0,48
20260422,61.7,27,91,57.0,8.73,79.0,48
20260423,98.5,50,154,95.4,7.27,62.7,48
20260424,134.1,60,199,136.1,10.04,53.0,48
20260425,118.3,53,170,122.1,10.04,55.1,48
20260426,108.9,61,175,108.6,8.04,58.3,48
20260427,143.6,82,190,148.5,10.67,51.7,48
20260428,86.1,56,112,86.4,5.71,66.3,48
20260429,53.3,31,80,49.6,6.21,76.4,48
20260430,45.6,27,78,39.6,7.42,80.7,48
20260501,92.8,48,157,89.5,8.17,63.7,48
20260502,122.7,73,187,120.1,9.38,54.1,48
20260503,145.3,113,207,146.4,7.02,49.5,48
20260504,165.6,121,209,169.9,6.88,45.3,48
20260505,164.0,122,199,165.5,7.52,50.1,48
20260506,150.5,101,197,151.4,7.6,52.0,48
20260507,164.8,129,192,160.5,6.48,51.7,48
20260508,170.8,127,200,173.6,6.33,46.4,48
20260509,121.8,64,170,123.6,13.92,56.9,48
20260510,89.1,53,141,88.6,9.69,67.7,48
20260511,107.1,83,140,107.3,7.73,63.6,48
20260512,78.0,32,139,75.5,12.04,69.9,48
20260513,105.4,73,167,100.3,12.25,62.4,48
20260514,103.1,57,169,99.8,10.25,60.3,48
20260515,100.8,57,169,99.5,8.88,62.3,48
20260516,145.6,110,169,149.4,6.96,46.8,48
20260517,113.9,69,200,112.7,7.04,54.8,48
20260518,176.2,73,226,182.8,10.54,42.7,48
20260519,64.0,44,91,61.3,7.81,75.1,48
20260520,80.2,51,142,67.7,14.1,72.3,48
20260521,114.6,56,191,113.9,11.02,59.8,48
20260522,105.6,49,157,103.0,10.69,60.7,48
20260523,114.6,59,191,110.1,11.06,54.9,48
20260524,129.3,56,204,129.2,11.79,51.7,48
20260525,125.9,72,178,126.8,8.98,53.6,48
20260526,159.2,123,203,163.3,9.25,47.5,48
20260527,109.5,54,149,108.0,9.44,59.4,48
20260528,85.5,45,127,82.3,10.48,67.7,48
20260529,115.2,61,198,110.9,9.77,58.7,48
20260530,138.4,78,185,140.9,9.02,48.6,48
20260531,132.7,77,193,133.7,7.33,51.0,48
20260601,156.2,98,192,159.3,9.67,48.8,48
20260602,170.4,128,202,175.3,10.71,46.1,48
20260603,81.6,39,138,79.6,7.92,68.4,48
20260604,65.5,50,84,62.5,7.5,73.0,48
20260605,101.9,59,180,101.3,8.13,63.5,48
20260606,88.0,58,139,86.8,8.0,64.9,48
20260607,80.5,47,125,74.7,8.42,71.9,48
20260608,132.6,95,188,135.8,6.5,55.5,48
20260609,91.8,51,148,91.6,9.73,64.4,48
20260610,145.4,101,203,147.4,8.46,52.6,48
20260611,124.5,63,176,126.4,8.56,59.0,48
20260612,71.8,49,103,64.5,8.98,73.9,48
20260613,58.0,38,89,54.0,6.58,78.6,48
20260614,99.3,66,162,96.4,8.79,58.7,48
20260615,151.3,119,199,151.3,6.25,47.0,48
20260616,172.7,131,210,174.3,6.88,45.2,48
20260617,130.4,68,181,131.0,10.33,56.3,48
20260618,150.9,84,194,153.8,9.6,51.4,48
20260619,119.7,58,184,118.4,9.9,57.7,48
20260620,150.1,98,219,150.4,8.38,46.8,48
20260621,151.8,89,206,155.7,10.69,46.2,48
20260622,154.4,84,220,154.0,10.25,51.3,48
20260623,180.1,107,226,176.7,11.5,47.5,48
20260624,192.1,130,242,193.1,10.19,42.1,48
20260625,166.5,93,243,168.1,10.56,51.0,48
20260626,170.0,111,220,169.6,10.81,51.6,48
20260627,140.4,50,227,134.5,17.27,56.6,48
20260628,104.2,41,177,101.7,10.71,67.3,48
20260629,161.4,108,231,159.2,6.23,49.1,48
20260630,209.0,156,256,213.9,8.81,37.9,48
20260701,179.4,92,240,186.3,12.13,43.9,48
20260702,73.9,38,129,70.6,10.38,75.1,48
20260703,90.3,65,123,88.3,6.71,61.9,48
20260704,58.0,37,97,55.3,6.65,73.3,48
20260705,87.3,59,133,81.4,8.08,61.4,48
20260706,78.9,47,137,75.3,9.13,68.5,48
20260707,105.4,47,202,103.8,9.73,59.3,48
20260708,173.9,123,229,178.4,7.81,42.1,48
20260709,185.3,116,232,190.5,8.19,39.6,48
20260710,184.8,132,235,190.1,7.35,40.6,48
20260711,130.1,66,201,135.1,10.04,52.5,48
20260712,82.9,45,123,82.0,6.21,67.0,48
20260713,103.6,52,162,100.1,8.98,64.2,48
20260714,123.4,54,191,122.9,11.5,60.6,48
20260715,158.4,82,224,157.0,8.73,52.3,48
20260716,178.3,100,236,180.1,9.35,46.7,48
20260717,163.1,78,235,165.7,11.25,50.3,48
20260718,85.8,56,157,84.1,9.6,64.0,48
20260719,83.2,56,131,78.9,5.63,63.0,48
20260720,122.8,82,184,122.7,7.94,52.6,48
20260721,137.0,93,171,140.9,7.73,51.1,48
20260722,134.0,96,178,137.1,12.25,52.4,48
20260723,132.0,90,166,138.2,11.15,53.0,48
20260724,114.6,56,166,108.0,13.1,58.6,48
20260725,77.4,38,130,72.3,9.58,71.8,48
20260726,66.0,43,86,60.6,6.52,71.6,48
20260727,102.6,67,172,100.3,7.29,59.8,48
20260728,104.9,51,182,99.2,12.65,60.3,48
20260729,153.1,94,217,153.3,9.77,49.4,48
20260730,147.7,88,196,144.4,9.54,50.5,48
20260731,148.9,78,202,137.9,15.1,52.3,48
20260801,111.6,58,173,104.9,15.6,57.3,48
20260802,128.5,71,180,126.0,12.08,52.3,48
20260803,121.1,58,175,116.0,13.0,60.2,48
20260804,128.9,79,176,119.7,11.21,60.5,48
20260805,65.1,37,105,60.1,9.02,79.8,48
20260806,101.9,34,203,99.0,9.0,67.9,47
20260807,126.3,63,189,114.6,15.88,59.9,48
20260808,94.1,50,136,92.9,11.69,66.5,48
20260809,96.2,54,174,92.5,11.48,64.1,48
20260810,136.1,67,206,136.1,9.9,55.2,48
20260811,123.0,52,174,120.8,12.94,56.5,48
20260812,124.9,58,205,118.8,12.02,60.9,48
20260813,183.6,124,234,179.7,12.04,41.9,48
20260814,168.6,93,218,166.6,14.06,48.0,48
20260815,125.1,56,195,129.5,13.9,56.8,48
20260816,171.1,93,241,171.7,9.23,44.3,48
20260817,207.1,176,243,208.3,7.08,41.1,48
20260818,150.1,86,203,146.0,8.9,60.3,48
20260819,175.2,125,210,173.1,9.21,50.8,48
20260820,148.6,79,199,144.4,12.75,56.0,48
20260821,131.4,84,172,129.9,13.38,57.9,48
20260822,81.9,55,140,79.3,8.92,63.8,48
20260823,113.5,66,178,113.1,7.98,53.4,48
20260824,111.1,53,162,114.2,10.44,62.2,48
20260825,80.5,40,126,74.9,11.19,77.3,48
20260826,106.7,70,156,106.0,11.81,70.3,48
20260827,147.3,87,224,145.3,10.5,60.6,48
20260828,101.6,51,173,100.8,13.08,69.1,48
20260829,110.5,65,161,104.6,9.44,63.9,48
20260830,106.7,81,144,111.6,13.13,63.5,48
20260831,83.7,50,131,122.8,39.08,68.7,48
20260901,94.9,54,164,98.1,34.13,74.4,48
20260902,144.9,69,181,106.0,41.29,69.0,48
20260903,72.9,38,117,68.3,8.06,79.5,48
20260904,70.8,40,118,64.6,11.58,81.5,48
20260905,80.0,45,155,77.0,24.77,83.2,48
20260906,69.5,33,133,76.5,29.29,80.1,48
20260907,83.2,47,146,71.3,17.42,76.6,48
20260908,83.9,51,121,64.3,22.35,79.8,48
20260909,107.4,47,209,105.7,10.69,64.1,48
20260910,112.9,63,166,109.7,12.19,63.9,48
20260911,128.9,72,199,125.3,11.08,59.3,48
20260912,80.7,27,144,75.2,9.69,74.3,48
20260913,163.8,95,204,166.9,8.5,43.9,48
20260914,150.8,81,197,153.2,9.19,55.7,48
20260915,77.5,34,156,73.0,12.88,75.0,48
20260916,111.9,64,152,110.3,11.42,64.0,48
20260917,66.1,35,102,62.1,9.5,81.3,48
20260918,61.4,38,87,57.4,6.15,82.0,48
20260919,60.4,38,100,55.8,7.44,83.6,48
20260920,80.8,37,164,73.2,10.83,75.4,48
20260921,161.6,106,216,155.9,12.88,49.6,48
20260922,189.9,125,229,191.6,11.73,44.1,48
20260923,130.1,62,185,128.9,13.54,61.0,48
20260924,134.4,75,176,129.7,9.83,59.7,48
20260925,142.8,101,209,141.6,10.0,57.4,45
