period_start_utc,period_start_local,date_key,time_key,forecast_gco2_kwh,actual_gco2_kwh,forecast_error_gco2_kwh,gas_pct,wind_pct,solar_pct,nuclear_pct,low_carbon_pct
2026-06-27 21:00,2026-06-27 22:00,20260627,44,174,176,-2,40.5,36.8,0.0,9.2,51.4
2026-06-27 21:30,2026-06-27 22:30,20260627,45,173,169,4,38.2,39.5,0.0,9.3,54.9
2026-06-27 22:00,2026-06-27 23:00,20260627,46,166,159,7,35.8,41.9,0.0,9.5,57.1
2026-06-27 22:30,2026-06-27 23:30,20260627,47,158,148,10,33.4,43.1,0.0,9.7,59.5
2026-06-27 23:00,2026-06-28 00:00,20260628,0,158,144,14,31.9,43.8,0.0,9.9,60.5
2026-06-27 23:30,2026-06-28 00:30,20260628,1,157,142,15,33.0,45.0,0.0,10.4,61.5
2026-06-28 00:00,2026-06-28 01:00,20260628,2,138,142,-4,33.3,44.7,0.0,10.7,61.8
2026-06-28 00:30,2026-06-28 01:30,20260628,3,134,137,-3,31.9,45.4,0.0,11.0,63.0
2026-06-28 01:00,2026-06-28 02:00,20260628,4,143,130,13,30.2,45.8,0.0,11.4,64.2
2026-06-28 01:30,2026-06-28 02:30,20260628,5,136,114,22,25.9,46.5,0.0,11.9,65.4
2026-06-28 02:00,2026-06-28 03:00,20260628,6,126,115,11,25.5,45.6,0.0,12.3,65.3
2026-06-28 02:30,2026-06-28 03:30,20260628,7,115,110,5,23.3,44.2,0.0,12.6,65.0
2026-06-28 03:00,2026-06-28 04:00,20260628,8,117,113,4,24.2,44.4,0.0,12.7,64.6
2026-06-28 03:30,2026-06-28 04:30,20260628,9,110,109,1,23.6,44.7,0.3,13.0,65.7
2026-06-28 04:00,2026-06-28 05:00,20260628,10,107,104,3,23.2,45.1,0.6,13.2,66.7
2026-06-28 04:30,2026-06-28 05:30,20260628,11,106,84,22,17.5,46.0,1.9,13.5,69.2
2026-06-28 05:00,2026-06-28 06:00,20260628,12,108,79,29,15.3,45.6,4.1,13.4,70.4
2026-06-28 05:30,2026-06-28 06:30,20260628,13,84,75,9,14.3,45.6,6.9,13.3,70.7
2026-06-28 06:00,2026-06-28 07:00,20260628,14,73,77,-4,13.9,44.9,9.3,12.9,70.6
2026-06-28 06:30,2026-06-28 07:30,20260628,15,73,78,-5,13.5,41.2,11.8,12.5,67.9
2026-06-28 07:00,2026-06-28 08:00,20260628,16,70,76,-6,13.2,40.0,14.0,12.2,68.5
2026-06-28 07:30,2026-06-28 08:30,20260628,17,73,75,-2,12.0,39.1,16.3,11.2,68.5
2026-06-28 08:00,2026-06-28 09:00,20260628,18,69,69,0,11.3,39.2,19.4,10.6,70.4
2026-06-28 08:30,2026-06-28 09:30,20260628,19,65,60,5,10.3,39.4,21.3,10.4,72.3
2026-06-28 09:00,2026-06-28 10:00,20260628,20,60,56,4,9.1,40.2,23.0,10.1,74.5
2026-06-28 09:30,2026-06-28 10:30,20260628,21,56,51,5,9.5,40.1,25.6,10.3,77.2
2026-06-28 10:00,2026-06-28 11:00,20260628,22,51,50,1,9.2,39.4,27.5,9.9,77.9
2026-06-28 10:30,2026-06-28 11:30,20260628,23,45,46,-1,9.1,41.8,28.6,9.9,81.4
2026-06-28 11:00,2026-06-28 12:00,20260628,24,45,43,2,8.7,42.3,29.9,9.6,82.9
2026-06-28 11:30,2026-06-28 12:30,20260628,25,40,41,-1,8.7,44.3,30.5,9.7,85.6
2026-06-28 12:00,2026-06-28 13:00,20260628,26,40,43,-3,8.8,43.8,30.8,9.7,85.4
2026-06-28 12:30,2026-06-28 13:30,20260628,27,40,45,-5,9.5,45.0,31.5,9.9,87.5
2026-06-28 13:00,2026-06-28 14:00,20260628,28,39,45,-6,10.1,44.5,32.9,9.6,88.1
2026-06-28 13:30,2026-06-28 14:30,20260628,29,40,51,-11,11.2,43.7,32.2,9.6,86.6
2026-06-28 14:00,2026-06-28 15:00,20260628,30,43,56,-13,12.2,43.5,31.1,9.6,85.8
2026-06-28 14:30,2026-06-28 15:30,20260628,31,45,69,-24,14.4,41.9,28.0,9.1,80.7
2026-06-28 15:00,2026-06-28 16:00,20260628,32,54,86,-32,17.5,40.1,25.8,8.8,76.5
2026-06-28 15:30,2026-06-28 16:30,20260628,33,62,96,-34,20.3,38.5,23.0,8.7,72.8
2026-06-28 16:00,2026-06-28 17:00,20260628,34,81,112,-31,23.3,37.2,19.7,8.6,68.6
2026-06-28 16:30,2026-06-28 17:30,20260628,35,90,131,-41,26.6,36.4,16.8,8.8,65.3
2026-06-28 17:00,2026-06-28 18:00,20260628,36,114,143,-29,31.1,35.7,14.1,8.9,62.1
2026-06-28 17:30,2026-06-28 18:30,20260628,37,122,148,-26,31.8,34.3,11.3,8.8,59.1
2026-06-28 18:00,2026-06-28 19:00,20260628,38,144,156,-12,32.5,33.0,9.2,8.9,56.6
2026-06-28 18:30,2026-06-28 19:30,20260628,39,158,159,-1,34.3,31.3,6.7,9.2,53.3
2026-06-28 19:00,2026-06-28 20:00,20260628,40,159,165,-6,36.8,32.0,4.6,9.6,51.7
2026-06-28 19:30,2026-06-28 20:30,20260628,41,170,170,0,37.0,32.0,2.2,9.9,49.8
2026-06-28 20:00,2026-06-28 21:00,20260628,42,171,173,-2,38.8,32.4,0.8,10.3,49.2
2026-06-28 20:30,2026-06-28 21:30,20260628,43,167,175,-8,38.8,30.5,0.3,10.3,47.2
2026-06-28 21:00,2026-06-28 22:00,20260628,44,171,177,-6,39.8,29.3,0.0,10.6,46.5
2026-06-28 21:30,2026-06-28 22:30,20260628,45,173,165,8,38.3,30.4,0.0,11.0,47.2
2026-06-28 22:00,2026-06-28 23:00,20260628,46,176,158,18,36.2,31.9,0.0,11.1,49.4
2026-06-28 22:30,2026-06-28 23:30,20260628,47,165,158,7,35.9,33.4,0.0,11.3,50.0
2026-06-28 23:00,2026-06-29 00:00,20260629,0,163,154,9,35.6,34.3,0.0,11.3,50.5
2026-06-28 23:30,2026-06-29 00:30,20260629,1,163,152,11,35.1,33.2,0.0,11.4,50.8
2026-06-29 00:00,2026-06-29 01:00,20260629,2,155,152,3,35.2,32.6,0.0,11.4,50.6
2026-06-29 00:30,2026-06-29 01:30,20260629,3,156,156,0,35.8,32.1,0.0,11.6,50.3
2026-06-29 01:00,2026-06-29 02:00,20260629,4,157,153,4,35.4,32.6,0.0,11.6,50.8
2026-06-29 01:30,2026-06-29 02:30,20260629,5,156,148,8,34.4,33.3,0.0,11.6,51.5
2026-06-29 02:00,2026-06-29 03:00,20260629,6,153,144,9,33.3,34.9,0.0,11.5,53.0
2026-06-29 02:30,2026-06-29 03:30,20260629,7,151,144,7,33.7,36.6,0.0,11.8,55.2
2026-06-29 03:00,2026-06-29 04:00,20260629,8,150,146,4,33.8,36.9,0.0,11.8,54.9
2026-06-29 03:30,2026-06-29 04:30,20260629,9,140,154,-14,35.2,36.8,0.3,12.0,53.9
2026-06-29 04:00,2026-06-29 05:00,20260629,10,143,156,-13,35.8,35.7,0.7,12.1,53.1
2026-06-29 04:30,2026-06-29 05:30,20260629,11,149,159,-10,35.1,32.2,2.3,11.8,50.8
2026-06-29 05:00,2026-06-29 06:00,20260629,12,151,164,-13,34.7,28.4,5.2,11.1,49.2
2026-06-29 05:30,2026-06-29 06:30,20260629,13,150,160,-10,34.4,25.7,8.2,10.3,48.8
2026-06-29 06:00,2026-06-29 07:00,20260629,14,155,156,-1,33.5,24.8,10.9,9.9,50.0
2026-06-29 06:30,2026-06-29 07:30,20260629,15,148,143,5,31.1,24.2,14.0,9.9,53.3
2026-06-29 07:00,2026-06-29 08:00,20260629,16,137,139,-2,30.7,22.0,17.0,9.6,54.7
2026-06-29 07:30,2026-06-29 08:30,20260629,17,132,133,-1,28.9,20.7,19.3,9.3,54.9
2026-06-29 08:00,2026-06-29 09:00,20260629,18,128,127,1,26.6,20.2,21.4,9.4,56.4
2026-06-29 08:30,2026-06-29 09:30,20260629,19,122,125,-3,24.2,19.6,23.3,9.4,55.9
2026-06-29 09:00,2026-06-29 10:00,20260629,20,120,122,-2,23.3,18.8,25.4,9.3,56.8
2026-06-29 09:30,2026-06-29 10:30,20260629,21,120,122,-2,23.1,17.5,26.1,9.0,55.9
2026-06-29 10:00,2026-06-29 11:00,20260629,22,118,117,1,22.1,17.1,27.8,8.9,56.9
2026-06-29 10:30,2026-06-29 11:30,20260629,23,117,116,1,22.2,17.1,28.6,8.8,57.6
2026-06-29 11:00,2026-06-29 12:00,20260629,24,110,111,-1,21.5,17.1,29.4,8.9,58.5
2026-06-29 11:30,2026-06-29 12:30,20260629,25,113,109,4,20.7,16.8,29.2,9.0,58.3
2026-06-29 12:00,2026-06-29 13:00,20260629,26,112,112,0,21.0,16.3,29.3,8.9,57.9
2026-06-29 12:30,2026-06-29 13:30,20260629,27,112,117,-5,22.2,17.1,28.3,8.9,58.1
2026-06-29 13:00,2026-06-29 14:00,20260629,28,106,115,-9,21.9,17.7,27.7,8.8,58.6
2026-06-29 13:30,2026-06-29 14:30,20260629,29,108,108,0,20.5,18.8,26.5,8.9,59.2
2026-06-29 14:00,2026-06-29 15:00,20260629,30,116,117,-1,22.4,17.5,27.2,8.6,58.2
2026-06-29 14:30,2026-06-29 15:30,20260629,31,109,142,-33,30.4,16.7,25.2,8.5,55.4
2026-06-29 15:00,2026-06-29 16:00,20260629,32,132,156,-24,34.3,16.1,22.8,8.3,52.1
2026-06-29 15:30,2026-06-29 16:30,20260629,33,161,171,-10,38.8,15.4,20.3,8.3,49.6
2026-06-29 16:00,2026-06-29 17:00,20260629,34,175,186,-11,41.8,14.6,17.3,8.3,45.9
2026-06-29 16:30,2026-06-29 17:30,20260629,35,193,193,0,42.8,15.2,13.7,8.2,44.0
2026-06-29 17:00,2026-06-29 18:00,20260629,36,197,200,-3,43.9,14.7,11.7,8.3,42.2
2026-06-29 17:30,2026-06-29 18:30,20260629,37,197,209,-12,44.6,14.4,9.2,8.3,40.0
2026-06-29 18:00,2026-06-29 19:00,20260629,38,206,216,-10,46.0,14.4,7.3,8.6,38.0
2026-06-29 18:30,2026-06-29 19:30,20260629,39,215,221,-6,47.8,14.0,5.2,8.9,36.9
2026-06-29 19:00,2026-06-29 20:00,20260629,40,220,226,-6,48.9,14.9,3.2,9.1,35.6
2026-06-29 19:30,2026-06-29 20:30,20260629,41,229,229,0,50.0,14.3,1.5,9.3,34.7
2026-06-29 20:00,2026-06-29 21:00,20260629,42,229,230,-1,51.3,14.6,0.6,9.5,34.7
2026-06-29 20:30,2026-06-29 21:30,20260629,43,228,228,0,52.1,12.6,0.2,9.7,32.9
2026-06-29 21:00,2026-06-29 22:00,20260629,44,234,229,5,52.6,12.3,0.0,10.0,32.2
2026-06-29 21:30,2026-06-29 22:30,20260629,45,232,223,9,52.9,12.6,0.0,10.2,33.6
2026-06-29 22:00,2026-06-29 23:00,20260629,46,236,227,9,52.8,11.5,0.0,10.5,32.7
2026-06-29 22:30,2026-06-29 23:30,20260629,47,237,231,6,53.6,10.8,0.0,10.8,31.7
2026-06-29 23:00,2026-06-30 00:00,20260630,0,239,233,6,54.5,10.2,0.0,11.1,31.1
2026-06-29 23:30,2026-06-30 00:30,20260630,1,241,239,2,56.0,10.6,0.0,11.3,31.3
2026-06-30 00:00,2026-06-30 01:00,20260630,2,245,237,8,56.2,11.9,0.0,11.2,31.9
2026-06-30 00:30,2026-06-30 01:30,20260630,3,242,236,6,55.9,12.0,0.0,11.1,31.6
2026-06-30 01:00,2026-06-30 02:00,20260630,4,246,237,9,56.0,12.2,0.0,11.2,31.6
2026-06-30 01:30,2026-06-30 02:30,20260630,5,241,245,-4,57.9,12.3,0.0,11.6,32.3
2026-06-30 02:00,2026-06-30 03:00,20260630,6,242,245,-3,58.0,12.6,0.0,11.6,32.8
2026-06-30 02:30,2026-06-30 03:30,20260630,7,251,256,-5,60.9,12.9,0.0,12.1,34.4
2026-06-30 03:00,2026-06-30 04:00,20260630,8,249,255,-6,61.0,13.4,0.0,12.1,34.3
2026-06-30 03:30,2026-06-30 04:30,20260630,9,257,254,3,60.8,13.0,0.2,12.1,34.2
2026-06-30 04:00,2026-06-30 05:00,20260630,10,254,252,2,59.9,13.2,0.5,11.9,34.3
2026-06-30 04:30,2026-06-30 05:30,20260630,11,260,237,23,56.5,12.9,1.6,11.2,33.9
2026-06-30 05:00,2026-06-30 06:00,20260630,12,255,229,26,52.6,12.5,3.4,10.3,35.4
2026-06-30 05:30,2026-06-30 06:30,20260630,13,238,219,19,50.4,12.5,5.7,9.8,35.3
2026-06-30 06:00,2026-06-30 07:00,20260630,14,230,216,14,48.7,11.4,7.4,9.5,35.6
2026-06-30 06:30,2026-06-30 07:30,20260630,15,218,209,9,48.8,11.7,9.6,9.6,38.0
2026-06-30 07:00,2026-06-30 08:00,20260630,16,211,203,8,47.1,11.4,11.8,9.4,39.4
2026-06-30 07:30,2026-06-30 08:30,20260630,17,202,191,11,42.6,11.6,13.9,9.2,41.2
2026-06-30 08:00,2026-06-30 09:00,20260630,18,194,176,18,38.7,12.4,17.1,9.0,44.7
2026-06-30 08:30,2026-06-30 09:30,20260630,19,187,176,11,36.5,12.4,18.5,8.9,45.9
2026-06-30 09:00,2026-06-30 10:00,20260630,20,173,172,1,36.1,12.5,19.5,8.9,46.9
2026-06-30 09:30,2026-06-30 10:30,20260630,21,169,167,2,36.8,12.3,20.7,8.8,47.8
2026-06-30 10:00,2026-06-30 11:00,20260630,22,169,159,10,34.6,12.6,22.6,8.7,49.8
2026-06-30 10:30,2026-06-30 11:30,20260630,23,165,157,8,33.3,12.3,23.4,8.6,50.2
2026-06-30 11:00,2026-06-30 12:00,20260630,24,156,156,0,32.9,12.1,24.6,8.5,51.0
2026-06-30 11:30,2026-06-30 12:30,20260630,25,152,161,-9,35.5,11.9,25.1,8.6,51.5
2026-06-30 12:00,2026-06-30 13:00,20260630,26,155,158,-3,35.1,11.5,26.4,8.6,52.2
2026-06-30 12:30,2026-06-30 13:30,20260630,27,151,166,-15,37.6,11.5,25.6,8.7,51.6
2026-06-30 13:00,2026-06-30 14:00,20260630,28,156,165,-9,37.1,11.6,24.7,8.9,51.1
2026-06-30 13:30,2026-06-30 14:30,20260630,29,160,165,-5,36.6,11.5,23.1,8.9,49.5
2026-06-30 14:00,2026-06-30 15:00,20260630,30,174,170,4,37.8,10.6,22.6,9.0,48.3
2026-06-30 14:30,2026-06-30 15:30,20260630,31,173,179,-6,40.7,9.4,20.5,8.8,45.5
2026-06-30 15:00,2026-06-30 16:00,20260630,32,181,187,-6,42.8,8.8,18.9,8.6,43.6
2026-06-30 15:30,2026-06-30 16:30,20260630,33,191,187,4,43.4,8.7,16.7,8.5,41.2
2026-06-30 16:00,2026-06-30 17:00,20260630,34,198,196,2,43.5,8.6,14.0,8.5,39.1
2026-06-30 16:30,2026-06-30 17:30,20260630,35,204,211,-7,46.3,7.6,11.1,8.3,37.4
2026-06-30 17:00,2026-06-30 18:00,20260630,36,207,221,-14,47.7,7.9,8.9,8.4,34.8
2026-06-30 17:30,2026-06-30 18:30,20260630,37,219,220,-1,48.5,7.8,7.0,8.4,33.2
2026-06-30 18:00,2026-06-30 19:00,20260630,38,227,223,4,48.3,7.5,5.5,8.4,32.3
2026-06-30 18:30,2026-06-30 19:30,20260630,39,233,225,8,49.6,7.4,3.9,8.7,31.1
2026-06-30 19:00,2026-06-30 20:00,20260630,40,241,225,16,50.2,7.8,2.5,9.1,30.9
2026-06-30 19:30,2026-06-30 20:30,20260630,41,242,229,13,50.4,7.9,1.1,9.0,29.2
2026-06-30 20:00,2026-06-30 21:00,20260630,42,241,231,10,52.2,7.8,0.5,9.4,27.6
2026-06-30 20:30,2026-06-30 21:30,20260630,43,241,231,10,52.5,7.3,0.2,9.6,27.1
2026-06-30 21:00,2026-06-30 22:00,20260630,44,245,231,14,53.2,6.8,0.0,9.8,27.2
2026-06-30 21:30,2026-06-30 22:30,20260630,45,248,230,18,53.7,6.0,0.0,10.2,27.2
2026-06-30 22:00,2026-06-30 23:00,20260630,46,247,232,15,53.4,5.9,0.0,10.5,26.6
2026-06-30 22:30,2026-06-30 23:30,20260630,47,249,233,16,54.1,6.1,0.0,10.6,26.0
2026-06-30 23:00,2026-07-01 00:00,20260701,0,249,233,16,54.4,6.1,0.0,10.7,26.3
2026-06-30 23:30,2026-07-01 00:30,20260701,1,245,237,8,55.4,6.2,0.0,10.8,26.3
2026-07-01 00:00,2026-07-01 01:00,20260701,2,237,237,0,55.5,6.5,0.0,10.9,26.2
2026-07-01 00:30,2026-07-01 01:30,20260701,3,247,236,11,55.1,6.2,0.0,10.9,27.0
2026-07-01 01:00,2026-07-01 02:00,20260701,4,246,240,6,55.9,6.3,0.0,11.1,26.3
2026-07-01 01:30,2026-07-01 02:30,20260701,5,251,240,11,55.8,6.5,0.0,11.2,26.5
2026-07-01 02:00,2026-07-01 03:00,20260701,6,249,240,9,55.7,6.3,0.0,11.3,26.5
2026-07-01 02:30,2026-07-01 03:30,20260701,7,248,238,10,55.5,6.2,0.0,11.4,27.2
2026-07-01 03:00,2026-07-01 04:00,20260701,8,245,240,5,55.8,6.0,0.0,11.6,26.7
2026-07-01 03:30,2026-07-01 04:30,20260701,9,242,238,4,55.4,5.8,0.2,11.5,26.8
2026-07-01 04:00,2026-07-01 05:00,20260701,10,251,239,12,55.5,5.6,0.6,11.5,26.5
2026-07-01 04:30,2026-07-01 05:30,20260701,11,248,231,17,53.4,5.0,1.7,10.7,27.6
2026-07-01 05:00,2026-07-01 06:00,20260701,12,242,227,15,51.0,4.5,3.9,10.2,28.6
2026-07-01 05:30,2026-07-01 06:30,20260701,13,239,219,20,47.2,3.9,6.6,9.7,29.5
2026-07-01 06:00,2026-07-01 07:00,20260701,14,234,213,21,44.6,3.6,8.9,9.4,31.1
2026-07-01 06:30,2026-07-01 07:30,20260701,15,230,208,22,44.1,3.3,12.1,9.7,33.9
2026-07-01 07:00,2026-07-01 08:00,20260701,16,207,198,9,42.0,2.9,15.2,9.5,36.3
2026-07-01 07:30,2026-07-01 08:30,20260701,17,197,192,5,40.1,2.9,17.8,9.5,37.4
2026-07-01 08:00,2026-07-01 09:00,20260701,18,198,181,17,36.6,2.9,20.2,9.5,40.3
2026-07-01 08:30,2026-07-01 09:30,20260701,19,192,174,18,33.8,2.9,21.6,9.5,41.9
2026-07-01 09:00,2026-07-01 10:00,20260701,20,180,172,8,33.9,2.8,22.9,9.4,42.9
2026-07-01 09:30,2026-07-01 10:30,20260701,21,175,169,6,32.4,2.8,24.0,9.4,44.1
2026-07-01 10:00,2026-07-01 11:00,20260701,22,175,168,7,32.1,3.2,24.1,9.3,44.4
2026-07-01 10:30,2026-07-01 11:30,20260701,23,168,164,4,32.0,4.2,24.4,9.3,45.4
2026-07-01 11:00,2026-07-01 12:00,20260701,24,166,160,6,31.1,4.9,25.2,9.4,46.7
2026-07-01 11:30,2026-07-01 12:30,20260701,25,164,154,10,30.4,6.1,25.9,9.4,48.4
2026-07-01 12:00,2026-07-01 13:00,20260701,26,156,151,5,29.7,7.6,25.7,9.3,49.5
2026-07-01 12:30,2026-07-01 13:30,20260701,27,152,146,6,29.4,9.6,26.2,9.4,52.1
2026-07-01 13:00,2026-07-01 14:00,20260701,28,150,142,8,28.7,11.5,25.8,9.2,53.2
2026-07-01 13:30,2026-07-01 14:30,20260701,29,150,139,11,27.6,13.9,25.4,9.2,55.0
2026-07-01 14:00,2026-07-01 15:00,20260701,30,145,132,13,25.3,16.2,25.8,9.1,57.5
2026-07-01 14:30,2026-07-01 15:30,20260701,31,135,134,1,26.9,18.4,24.6,8.9,58.7
2026-07-01 15:00,2026-07-01 16:00,20260701,32,126,131,-5,27.0,20.8,23.3,8.6,59.3
2026-07-01 15:30,2026-07-01 16:30,20260701,33,125,143,-18,30.3,21.1,20.7,8.3,56.5
2026-07-01 16:00,2026-07-01 17:00,20260701,34,127,142,-15,30.9,22.8,18.6,8.1,55.9
2026-07-01 16:30,2026-07-01 17:30,20260701,35,129,151,-22,31.5,25.4,15.0,8.0,55.1
2026-07-01 17:00,2026-07-01 18:00,20260701,36,148,152,-4,32.1,27.3,12.9,8.3,55.1
2026-07-01 17:30,2026-07-01 18:30,20260701,37,141,158,-17,33.4,28.8,10.2,8.2,54.3
2026-07-01 18:00,2026-07-01 19:00,20260701,38,151,158,-7,34.0,30.5,8.1,8.4,53.9
2026-07-01 18:30,2026-07-01 19:30,20260701,39,154,162,-8,35.0,32.3,5.8,8.6,54.3
2026-07-01 19:00,2026-07-01 20:00,20260701,40,162,166,-4,36.4,34.0,3.4,8.8,53.2
2026-07-01 19:30,2026-07-01 20:30,20260701,41,147,168,-21,36.9,35.1,1.4,9.0,52.5
2026-07-01 20:00,2026-07-01 21:00,20260701,42,164,168,-4,37.3,35.4,0.5,9.1,52.1
2026-07-01 20:30,2026-07-01 21:30,20260701,43,162,163,-1,36.2,37.2,0.2,9.2,53.7
2026-07-01 21:00,2026-07-01 22:00,20260701,44,162,149,13,34.4,40.4,0.0,9.4,57.0
2026-07-01 21:30,2026-07-01 22:30,20260701,45,154,116,38,26.2,45.7,0.0,9.7,61.9
2026-07-01 22:00,2026-07-01 23:00,20260701,46,143,100,43,21.8,50.6,0.0,10.0,65.7
2026-07-01 22:30,2026-07-01 23:30,20260701,47,133,92,41,18.9,53.8,0.0,10.0,68.2
2026-07-01 23:00,2026-07-02 00:00,20260702,0,122,83,39,17.9,56.9,0.0,9.9,71.0
2026-07-01 23:30,2026-07-02 00:30,20260702,1,114,79,35,17.1,60.5,0.0,10.1,74.9
2026-07-02 00:00,2026-07-02 01:00,20260702,2,78,75,3,16.4,61.6,0.0,10.2,76.1
2026-07-02 00:30,2026-07-02 01:30,20260702,3,77,75,2,16.9,63.5,0.0,10.4,78.3
2026-07-02 01:00,2026-07-02 02:00,20260702,4,69,70,-1,15.9,64.7,0.0,10.4,79.4
2026-07-02 01:30,2026-07-02 02:30,20260702,5,73,69,4,14.6,65.7,0.0,10.3,80.3
2026-07-02 02:00,2026-07-02 03:00,20260702,6,63,70,-7,14.8,65.3,0.0,10.4,80.0
2026-07-02 02:30,2026-07-02 03:30,20260702,7,59,78,-19,16.4,66.2,0.0,10.4,80.8
2026-07-02 03:00,2026-07-02 04:00,20260702,8,63,80,-17,16.7,65.2,0.0,10.2,79.6
2026-07-02 03:30,2026-07-02 04:30,20260702,9,60,85,-25,18.4,64.3,0.2,10.1,79.2
2026-07-02 04:00,2026-07-02 05:00,20260702,10,75,85,-10,18.8,63.7,0.4,10.2,79.5
2026-07-02 04:30,2026-07-02 05:30,20260702,11,83,86,-3,18.6,62.6,1.2,10.0,78.7
2026-07-02 05:00,2026-07-02 06:00,20260702,12,79,87,-8,18.4,61.0,2.7,9.6,78.3
2026-07-02 05:30,2026-07-02 06:30,20260702,13,73,82,-9,17.0,56.7,5.0,9.1,74.7
2026-07-02 06:00,2026-07-02 07:00,20260702,14,76,77,-1,15.3,55.7,7.1,8.9,75.3
2026-07-02 06:30,2026-07-02 07:30,20260702,15,75,67,8,13.0,54.2,9.5,8.6,75.8
2026-07-02 07:00,2026-07-02 08:00,20260702,16,64,61,3,12.1,54.3,10.7,8.6,77.0
2026-07-02 07:30,2026-07-02 08:30,20260702,17,57,51,6,10.2,53.6,13.9,8.4,78.9
2026-07-02 08:00,2026-07-02 09:00,20260702,18,53,50,3,9.9,52.1,17.3,8.1,79.7
2026-07-02 08:30,2026-07-02 09:30,20260702,19,48,52,-4,10.3,50.1,20.2,7.9,80.3
2026-07-02 09:00,2026-07-02 10:00,20260702,20,43,50,-7,10.1,48.2,22.6,7.7,80.6
2026-07-02 09:30,2026-07-02 10:30,20260702,21,44,47,-3,8.8,47.6,26.5,7.8,84.0
2026-07-02 10:00,2026-07-02 11:00,20260702,22,43,46,-3,8.3,46.3,28.2,7.8,84.4
2026-07-02 10:30,2026-07-02 11:30,20260702,23,41,46,-5,9.1,45.3,30.5,7.7,85.6
2026-07-02 11:00,2026-07-02 12:00,20260702,24,37,47,-10,9.8,44.4,31.3,7.6,85.4
2026-07-02 11:30,2026-07-02 12:30,20260702,25,36,47,-11,9.5,43.3,32.6,7.6,85.6
2026-07-02 12:00,2026-07-02 13:00,20260702,26,45,47,-2,9.2,42.3,33.9,7.6,85.7
2026-07-02 12:30,2026-07-02 13:30,20260702,27,42,44,-2,8.7,41.9,34.5,7.7,85.8
2026-07-02 13:00,2026-07-02 14:00,20260702,28,38,42,-4,8.1,41.3,35.3,7.7,86.0
2026-07-02 13:30,2026-07-02 14:30,20260702,29,39,38,1,7.3,40.5,35.0,7.8,85.0
2026-07-02 14:00,2026-07-02 15:00,20260702,30,37,39,-2,7.3,40.9,34.3,7.8,84.8
2026-07-02 14:30,2026-07-02 15:30,20260702,31,36,48,-12,7.3,40.7,32.7,7.9,83.2
2026-07-02 15:00,2026-07-02 16:00,20260702,32,39,58,-19,7.7,38.4,31.4,8.2,80.0
2026-07-02 15:30,2026-07-02 16:30,20260702,33,44,61,-17,9.0,38.4,29.1,8.4,78.3
2026-07-02 16:00,2026-07-02 17:00,20260702,34,58,71,-13,11.0,38.5,26.2,8.5,75.7
2026-07-02 16:30,2026-07-02 17:30,20260702,35,52,84,-32,14.1,36.4,22.1,8.5,71.4
2026-07-02 17:00,2026-07-02 18:00,20260702,36,75,92,-17,15.8,35.8,17.6,8.7,69.3
2026-07-02 17:30,2026-07-02 18:30,20260702,37,89,103,-14,17.8,33.8,14.0,8.7,65.4
2026-07-02 18:00,2026-07-02 19:00,20260702,38,94,111,-17,19.3,32.3,11.5,8.9,62.9
2026-07-02 18:30,2026-07-02 19:30,20260702,39,101,124,-23,21.8,31.0,8.3,9.3,59.1
2026-07-02 19:00,2026-07-02 20:00,20260702,40,118,129,-11,23.5,30.6,5.3,9.7,56.3
2026-07-02 19:30,2026-07-02 20:30,20260702,41,130,123,7,23.1,31.7,2.5,10.1,55.0
2026-07-02 20:00,2026-07-02 21:00,20260702,42,123,117,6,21.5,32.9,0.8,10.3,55.5
2026-07-02 20:30,2026-07-02 21:30,20260702,43,116,105,11,19.6,34.7,0.3,10.6,57.8
2026-07-02 21:00,2026-07-02 22:00,20260702,44,108,103,5,19.0,35.7,0.0,11.0,58.2
2026-07-02 21:30,2026-07-02 22:30,20260702,45,102,94,8,18.3,36.5,0.0,11.5,60.7
2026-07-02 22:00,2026-07-02 23:00,20260702,46,100,87,13,17.4,39.3,0.0,12.0,62.4
2026-07-02 22:30,2026-07-02 23:30,20260702,47,99,83,16,16.0,39.8,0.0,12.3,63.7
2026-07-02 23:00,2026-07-03 00:00,20260703,0,100,82,18,15.1,40.3,0.0,12.5,63.9
2026-07-02 23:30,2026-07-03 00:30,20260703,1,98,82,16,14.7,39.9,0.0,12.7,64.6
2026-07-03 00:00,2026-07-03 01:00,20260703,2,81,83,-2,14.7,40.0,0.0,12.9,64.4
2026-07-03 00:30,2026-07-03 01:30,20260703,3,81,82,-1,14.9,40.8,0.0,13.1,64.8
2026-07-03 01:00,2026-07-03 02:00,20260703,4,81,83,-2,14.8,40.6,0.0,13.2,64.9
2026-07-03 01:30,2026-07-03 02:30,20260703,5,81,79,2,14.9,38.7,0.0,13.4,64.3
2026-07-03 02:00,2026-07-03 03:00,20260703,6,80,81,-1,15.2,39.1,0.0,13.6,63.5
2026-07-03 02:30,2026-07-03 03:30,20260703,7,84,86,-2,15.4,38.5,0.0,13.8,63.9
2026-07-03 03:00,2026-07-03 04:00,20260703,8,83,87,-4,15.7,37.3,0.0,14.0,63.3
2026-07-03 03:30,2026-07-03 04:30,20260703,9,80,88,-8,16.0,35.3,0.3,13.8,61.3
2026-07-03 04:00,2026-07-03 05:00,20260703,10,83,90,-7,16.3,34.7,0.7,13.8,60.6
2026-07-03 04:30,2026-07-03 05:30,20260703,11,89,101,-12,15.6,32.3,2.6,13.3,59.5
2026-07-03 05:00,2026-07-03 06:00,20260703,12,86,99,-13,14.5,31.0,5.9,12.7,59.7
2026-07-03 05:30,2026-07-03 06:30,20260703,13,102,103,-1,12.9,27.4,9.3,11.4,57.5
2026-07-03 06:00,2026-07-03 07:00,20260703,14,93,102,-9,11.8,25.4,12.6,11.0,57.8
2026-07-03 06:30,2026-07-03 07:30,20260703,15,93,96,-3,10.2,24.5,15.7,10.4,59.0
2026-07-03 07:00,2026-07-03 08:00,20260703,16,88,90,-2,9.4,22.5,20.0,10.2,61.0
2026-07-03 07:30,2026-07-03 08:30,20260703,17,83,83,0,8.4,21.5,24.4,10.0,63.4
2026-07-03 08:00,2026-07-03 09:00,20260703,18,75,82,-7,9.0,20.1,27.8,9.9,63.7
2026-07-03 08:30,2026-07-03 09:30,20260703,19,70,77,-7,8.9,18.6,31.1,9.9,64.2
2026-07-03 09:00,2026-07-03 10:00,20260703,20,72,77,-5,9.7,17.5,33.2,9.7,65.3
2026-07-03 09:30,2026-07-03 10:30,20260703,21,69,71,-2,8.8,17.4,35.1,9.5,66.9
2026-07-03 10:00,2026-07-03 11:00,20260703,22,73,66,7,8.1,17.3,37.0,9.4,68.3
2026-07-03 10:30,2026-07-03 11:30,20260703,23,66,68,-2,8.0,17.5,37.4,9.3,68.0
2026-07-03 11:00,2026-07-03 12:00,20260703,24,63,67,-4,8.1,17.4,38.3,9.2,68.6
2026-07-03 11:30,2026-07-03 12:30,20260703,25,63,68,-5,8.2,17.1,38.5,9.1,68.0
2026-07-03 12:00,2026-07-03 13:00,20260703,26,62,65,-3,7.8,17.4,39.1,9.0,68.8
2026-07-03 12:30,2026-07-03 13:30,20260703,27,61,65,-4,7.8,17.3,38.8,9.0,69.0
2026-07-03 13:00,2026-07-03 14:00,20260703,28,62,69,-7,7.8,16.2,38.7,9.0,67.8
2026-07-03 13:30,2026-07-03 14:30,20260703,29,64,72,-8,8.3,15.6,37.9,9.2,66.8
2026-07-03 14:00,2026-07-03 15:00,20260703,30,63,74,-11,8.9,15.9,37.1,9.2,66.4
2026-07-03 14:30,2026-07-03 15:30,20260703,31,66,75,-9,9.4,17.2,35.0,9.4,65.9
2026-07-03 15:00,2026-07-03 16:00,20260703,32,73,78,-5,10.1,17.6,32.7,9.4,65.6
2026-07-03 15:30,2026-07-03 16:30,20260703,33,79,83,-4,10.1,19.3,29.0,9.3,65.3
2026-07-03 16:00,2026-07-03 17:00,20260703,34,87,93,-6,12.4,20.3,25.1,9.2,62.7
2026-07-03 16:30,2026-07-03 17:30,20260703,35,88,105,-17,15.8,21.5,20.8,9.3,59.9
2026-07-03 17:00,2026-07-03 18:00,20260703,36,93,113,-20,18.3,22.8,16.8,9.6,57.8
2026-07-03 17:30,2026-07-03 18:30,20260703,37,113,115,-2,20.5,24.6,13.2,9.5,57.8
2026-07-03 18:00,2026-07-03 19:00,20260703,38,111,118,-7,21.6,25.7,10.6,9.7,56.8
2026-07-03 18:30,2026-07-03 19:30,20260703,39,118,123,-5,22.2,26.1,7.5,10.0,54.7
2026-07-03 19:00,2026-07-03 20:00,20260703,40,121,123,-2,23.0,27.4,4.8,10.6,54.4
2026-07-03 19:30,2026-07-03 20:30,20260703,41,129,121,8,23.7,29.1,1.9,11.0,54.1
2026-07-03 20:00,2026-07-03 21:00,20260703,42,127,123,4,24.2,30.2,0.6,11.1,54.2
2026-07-03 20:30,2026-07-03 21:30,20260703,43,126,116,10,24.2,32.3,0.2,11.4,55.4
2026-07-03 21:00,2026-07-03 22:00,20260703,44,125,112,13,23.3,33.2,0.0,11.8,56.6
2026-07-03 21:30,2026-07-03 22:30,20260703,45,117,107,10,21.6,33.4,0.0,12.1,55.3
2026-07-03 22:00,2026-07-03 23:00,20260703,46,118,107,11,19.9,33.6,0.0,12.2,53.4
2026-07-03 22:30,2026-07-03 23:30,20260703,47,117,103,14,19.5,34.1,0.0,11.4,53.0
2026-07-03 23:00,2026-07-04 00:00,20260704,0,115,97,18,19.2,36.9,0.0,11.3,54.3
2026-07-03 23:30,2026-07-04 00:30,20260704,1,113,91,22,18.0,38.9,0.0,11.5,56.3
2026-07-04 00:00,2026-07-04 01:00,20260704,2,93,83,10,16.1,41.0,0.0,11.5,58.4
2026-07-04 00:30,2026-07-04 01:30,20260704,3,88,74,14,15.0,43.7,0.0,11.4,60.8
2026-07-04 01:00,2026-07-04 02:00,20260704,4,81,67,14,13.1,45.4,0.0,11.5,62.7
2026-07-04 01:30,2026-07-04 02:30,20260704,5,73,71,2,12.7,45.5,0.0,11.6,63.3
2026-07-04 02:00,2026-07-04 03:00,20260704,6,65,66,-1,12.5,47.4,0.0,11.7,65.0
2026-07-04 02:30,2026-07-04 03:30,20260704,7,65,66,-1,12.3,49.3,0.0,12.0,66.7
2026-07-04 03:00,2026-07-04 04:00,20260704,8,62,62,0,11.8,51.5,0.0,12.1,68.8
2026-07-04 03:30,2026-07-04 04:30,20260704,9,62,63,-1,11.8,54.3,0.2,12.2,71.9
2026-07-04 04:00,2026-07-04 05:00,20260704,10,58,63,-5,11.9,54.5,0.5,12.4,72.6
2026-07-04 04:30,2026-07-04 05:30,20260704,11,60,70,-10,12.0,50.8,1.6,11.8,69.1
2026-07-04 05:00,2026-07-04 06:00,20260704,12,58,67,-9,11.5,49.8,3.8,11.8,70.1
2026-07-04 05:30,2026-07-04 06:30,20260704,13,56,64,-8,11.6,49.7,6.8,11.7,72.4
2026-07-04 06:00,2026-07-04 07:00,20260704,14,56,58,-2,9.6,49.9,9.4,11.3,74.3
2026-07-04 06:30,2026-07-04 07:30,20260704,15,54,53,1,8.9,49.2,12.1,11.0,75.5
2026-07-04 07:00,2026-07-04 08:00,20260704,16,44,48,-4,8.1,48.2,15.7,10.6,77.4
2026-07-04 07:30,2026-07-04 08:30,20260704,17,43,52,-9,7.6,46.9,17.9,9.9,77.4
2026-07-04 08:00,2026-07-04 09:00,20260704,18,40,49,-9,7.3,46.2,20.5,9.5,78.8
2026-07-04 08:30,2026-07-04 09:30,20260704,19,39,50,-11,7.0,44.6,21.8,9.1,78.0
2026-07-04 09:00,2026-07-04 10:00,20260704,20,41,48,-7,6.9,43.6,23.4,9.0,78.5
2026-07-04 09:30,2026-07-04 10:30,20260704,21,40,53,-13,8.2,43.6,24.8,9.1,80.0
2026-07-04 10:00,2026-07-04 11:00,20260704,22,44,50,-6,8.3,44.3,25.5,8.9,81.1
2026-07-04 10:30,2026-07-04 11:30,20260704,23,43,45,-2,7.3,44.9,26.5,8.7,82.5
2026-07-04 11:00,2026-07-04 12:00,20260704,24,44,42,2,6.6,45.3,27.5,8.5,83.7
2026-07-04 11:30,2026-07-04 12:30,20260704,25,40,42,-2,6.5,45.0,27.8,8.4,83.5
2026-07-04 12:00,2026-07-04 13:00,20260704,26,38,41,-3,6.4,44.2,29.1,8.3,84.0
2026-07-04 12:30,2026-07-04 13:30,20260704,27,34,37,-3,6.8,46.3,30.7,8.5,87.9
2026-07-04 13:00,2026-07-04 14:00,20260704,28,36,37,-1,6.7,46.8,30.5,8.4,88.1
2026-07-04 13:30,2026-07-04 14:30,20260704,29,32,43,-11,7.6,45.8,29.4,8.3,85.9
2026-07-04 14:00,2026-07-04 15:00,20260704,30,32,45,-13,8.2,45.5,28.4,8.3,84.6
2026-07-04 14:30,2026-07-04 15:30,20260704,31,40,41,-1,7.5,45.0,26.5,8.4,82.4
2026-07-04 15:00,2026-07-04 16:00,20260704,32,41,41,0,7.4,45.9,24.6,8.5,81.7
2026-07-04 15:30,2026-07-04 16:30,20260704,33,47,41,6,6.9,46.3,22.2,8.7,80.0
2026-07-04 16:00,2026-07-04 17:00,20260704,34,43,44,-1,7.0,46.8,20.1,8.9,79.0
2026-07-04 16:30,2026-07-04 17:30,20260704,35,41,51,-10,7.7,47.0,16.9,9.1,76.8
2026-07-04 17:00,2026-07-04 18:00,20260704,36,46,56,-10,8.4,47.2,13.5,9.5,74.6
2026-07-04 17:30,2026-07-04 18:30,20260704,37,59,60,-1,8.3,45.9,10.7,9.6,71.8
2026-07-04 18:00,2026-07-04 19:00,20260704,38,50,60,-10,8.9,45.7,8.7,10.0,71.5
2026-07-04 18:30,2026-07-04 19:30,20260704,39,51,65,-14,8.7,44.3,6.1,9.9,69.1
2026-07-04 19:00,2026-07-04 20:00,20260704,40,56,71,-15,9.7,44.0,3.7,10.2,66.4
2026-07-04 19:30,2026-07-04 20:30,20260704,41,58,68,-10,10.0,44.9,1.4,10.9,65.9
2026-07-04 20:00,2026-07-04 21:00,20260704,42,62,72,-10,10.4,44.2,0.6,11.0,64.3
2026-07-04 20:30,2026-07-04 21:30,20260704,43,61,64,-3,10.6,45.7,0.2,11.3,66.0
2026-07-04 21:00,2026-07-04 22:00,20260704,44,63,59,4,9.9,47.2,0.0,11.5,67.5
2026-07-04 21:30,2026-07-04 22:30,20260704,45,65,68,-3,11.6,48.4,0.0,11.4,68.7
2026-07-04 22:00,2026-07-04 23:00,20260704,46,58,64,-6,12.1,50.9,0.0,11.4,70.0
2026-07-04 22:30,2026-07-04 23:30,20260704,47,65,64,1,12.5,51.2,0.0,11.7,69.4
2026-07-04 23:00,2026-07-05 00:00,20260705,0,66,64,2,12.4,50.4,0.0,11.9,68.5
2026-07-04 23:30,2026-07-05 00:30,20260705,1,67,63,4,12.1,48.7,0.0,11.9,66.5
2026-07-05 00:00,2026-07-05 01:00,20260705,2,67,63,4,12.0,47.9,0.0,12.1,66.2
2026-07-05 00:30,2026-07-05 01:30,20260705,3,66,65,1,12.3,48.1,0.0,12.3,66.0
2026-07-05 01:00,2026-07-05 02:00,20260705,4,60,64,-4,12.4,48.4,0.0,12.4,66.3
2026-07-05 01:30,2026-07-05 02:30,20260705,5,60,70,-10,12.7,46.4,0.0,12.6,64.5
2026-07-05 02:00,2026-07-05 03:00,20260705,6,60,71,-11,12.9,44.8,0.0,12.8,63.2
2026-07-05 02:30,2026-07-05 03:30,20260705,7,67,75,-8,12.9,42.7,0.0,12.9,61.1
2026-07-05 03:00,2026-07-05 04:00,20260705,8,73,74,-1,13.4,41.5,0.0,13.3,60.4
2026-07-05 03:30,2026-07-05 04:30,20260705,9,77,78,-1,13.8,39.0,0.2,13.8,58.9
2026-07-05 04:00,2026-07-05 05:00,20260705,10,75,79,-4,14.0,37.8,0.6,14.0,58.4
2026-07-05 04:30,2026-07-05 05:30,20260705,11,82,87,-5,14.7,36.4,1.7,14.6,59.0
2026-07-05 05:00,2026-07-05 06:00,20260705,12,76,88,-12,14.3,33.9,4.5,14.3,58.8
2026-07-05 05:30,2026-07-05 06:30,20260705,13,76,95,-19,13.3,29.3,8.0,13.3,55.9
2026-07-05 06:00,2026-07-05 07:00,20260705,14,98,97,1,13.3,25.3,11.2,13.3,55.1
2026-07-05 06:30,2026-07-05 07:30,20260705,15,95,95,0,12.4,24.0,14.2,12.8,56.3
2026-07-05 07:00,2026-07-05 08:00,20260705,16,86,88,-2,11.3,24.2,16.8,12.2,58.7
2026-07-05 07:30,2026-07-05 08:30,20260705,17,82,91,-9,10.6,22.6,19.9,11.5,59.0
2026-07-05 08:00,2026-07-05 09:00,20260705,18,76,88,-12,9.9,20.4,23.2,11.0,59.9
2026-07-05 08:30,2026-07-05 09:30,20260705,19,75,90,-15,9.1,17.9,25.7,10.7,59.6
2026-07-05 09:00,2026-07-05 10:00,20260705,20,73,87,-14,8.9,16.8,27.7,10.7,60.5
2026-07-05 09:30,2026-07-05 10:30,20260705,21,70,82,-12,9.5,15.5,30.3,10.5,62.5
2026-07-05 10:00,2026-07-05 11:00,20260705,22,70,78,-8,9.9,16.1,32.1,10.5,64.6
2026-07-05 10:30,2026-07-05 11:30,20260705,23,69,72,-3,9.6,17.0,33.5,10.3,66.7
2026-07-05 11:00,2026-07-05 12:00,20260705,24,68,69,-1,9.3,19.3,33.8,10.2,67.9
2026-07-05 11:30,2026-07-05 12:30,20260705,25,67,63,4,8.5,20.4,34.7,10.0,69.4
2026-07-05 12:00,2026-07-05 13:00,20260705,26,60,61,-1,7.7,21.4,34.9,9.9,70.2
2026-07-05 12:30,2026-07-05 13:30,20260705,27,57,59,-2,7.6,22.5,35.0,9.7,71.1
2026-07-05 13:00,2026-07-05 14:00,20260705,28,58,59,-1,7.6,23.4,35.0,9.5,71.7
2026-07-05 13:30,2026-07-05 14:30,20260705,29,57,60,-3,7.7,23.9,34.3,9.4,71.5
2026-07-05 14:00,2026-07-05 15:00,20260705,30,57,64,-7,8.3,22.4,34.3,9.5,70.4
2026-07-05 14:30,2026-07-05 15:30,20260705,31,58,75,-17,10.1,20.1,32.5,9.6,66.7
2026-07-05 15:00,2026-07-05 16:00,20260705,32,65,81,-16,11.3,20.7,30.0,9.5,64.9
2026-07-05 15:30,2026-07-05 16:30,20260705,33,73,87,-14,13.2,21.8,26.8,9.4,63.6
2026-07-05 16:00,2026-07-05 17:00,20260705,34,90,96,-6,15.0,22.1,23.4,9.2,61.6
2026-07-05 16:30,2026-07-05 17:30,20260705,35,104,99,5,15.3,23.0,19.6,9.3,59.8
2026-07-05 17:00,2026-07-05 18:00,20260705,36,102,111,-9,17.5,23.4,15.0,9.4,57.3
2026-07-05 17:30,2026-07-05 18:30,20260705,37,113,118,-5,18.7,23.9,11.9,9.5,55.3
2026-07-05 18:00,2026-07-05 19:00,20260705,38,106,122,-16,19.8,24.4,9.3,9.8,53.8
2026-07-05 18:30,2026-07-05 19:30,20260705,39,105,119,-14,20.8,25.1,6.7,10.3,53.7
2026-07-05 19:00,2026-07-05 20:00,20260705,40,110,123,-13,21.6,25.6,4.0,10.7,52.6
2026-07-05 19:30,2026-07-05 20:30,20260705,41,105,133,-28,24.6,25.9,1.7,10.5,50.1
2026-07-05 20:00,2026-07-05 21:00,20260705,42,114,128,-14,25.2,27.8,0.6,10.8,51.3
2026-07-05 20:30,2026-07-05 21:30,20260705,43,112,130,-18,26.4,31.0,0.2,10.9,52.7
2026-07-05 21:00,2026-07-05 22:00,20260705,44,124,115,9,24.6,35.1,0.0,11.1,55.9
2026-07-05 21:30,2026-07-05 22:30,20260705,45,117,111,6,22.5,37.8,0.0,10.9,57.5
2026-07-05 22:00,2026-07-05 23:00,20260705,46,115,101,14,20.5,40.3,0.0,11.1,60.4
2026-07-05 22:30,2026-07-05 23:30,20260705,47,106,103,3,20.2,40.6,0.0,11.1,61.0
2026-07-05 23:00,2026-07-06 00:00,20260706,0,105,97,8,19.7,41.2,0.0,11.2,61.8
2026-07-05 23:30,2026-07-06 00:30,20260706,1,103,82,21,15.7,42.3,0.0,11.2,62.9
2026-07-06 00:00,2026-07-06 01:00,20260706,2,92,84,8,15.7,42.6,0.0,11.2,63.0
2026-07-06 00:30,2026-07-06 01:30,20260706,3,88,82,6,15.5,43.2,0.0,11.4,63.8
2026-07-06 01:00,2026-07-06 02:00,20260706,4,85,81,4,15.3,43.9,0.0,11.5,64.6
2026-07-06 01:30,2026-07-06 02:30,20260706,5,78,79,-1,14.7,45.4,0.0,11.5,65.9
2026-07-06 02:00,2026-07-06 03:00,20260706,6,80,70,10,12.9,47.8,0.0,11.5,68.2
2026-07-06 02:30,2026-07-06 03:30,20260706,7,81,70,11,13.0,49.0,0.0,11.8,69.7
2026-07-06 03:00,2026-07-06 04:00,20260706,8,71,67,4,12.5,49.9,0.0,11.8,70.8
2026-07-06 03:30,2026-07-06 04:30,20260706,9,74,81,-7,14.6,50.2,0.2,12.1,71.9
2026-07-06 04:00,2026-07-06 05:00,20260706,10,76,81,-5,14.7,49.2,0.5,12.0,71.0
2026-07-06 04:30,2026-07-06 05:30,20260706,11,77,69,8,12.1,47.3,1.7,11.2,69.0
2026-07-06 05:00,2026-07-06 06:00,20260706,12,76,71,5,11.4,45.5,3.9,10.7,68.4
2026-07-06 05:30,2026-07-06 06:30,20260706,13,74,61,13,10.4,44.0,7.3,10.5,70.0
2026-07-06 06:00,2026-07-06 07:00,20260706,14,64,61,3,9.1,42.6,10.4,10.0,70.7
2026-07-06 06:30,2026-07-06 07:30,20260706,15,58,58,0,8.9,42.3,13.5,9.7,72.0
2026-07-06 07:00,2026-07-06 08:00,20260706,16,52,51,1,7.9,41.7,17.5,9.5,73.6
2026-07-06 07:30,2026-07-06 08:30,20260706,17,50,52,-2,7.3,40.2,21.2,9.1,74.3
2026-07-06 08:00,2026-07-06 09:00,20260706,18,42,49,-7,7.0,39.2,24.7,8.9,75.8
2026-07-06 08:30,2026-07-06 09:30,20260706,19,42,58,-16,6.8,36.8,26.3,8.3,73.9
2026-07-06 09:00,2026-07-06 10:00,20260706,20,42,56,-14,6.4,35.4,28.5,8.1,74.3
2026-07-06 09:30,2026-07-06 10:30,20260706,21,42,53,-11,6.4,34.5,31.4,8.1,76.3
2026-07-06 10:00,2026-07-06 11:00,20260706,22,45,55,-10,6.4,33.6,32.7,8.1,76.7
2026-07-06 10:30,2026-07-06 11:30,20260706,23,40,52,-12,6.2,32.6,33.2,7.9,75.8
2026-07-06 11:00,2026-07-06 12:00,20260706,24,48,50,-2,6.1,32.4,33.8,7.8,76.1
2026-07-06 11:30,2026-07-06 12:30,20260706,25,50,50,0,5.7,32.6,34.4,7.8,76.9
2026-07-06 12:00,2026-07-06 13:00,20260706,26,42,48,-6,5.8,32.9,34.8,7.8,77.6
2026-07-06 12:30,2026-07-06 13:30,20260706,27,39,47,-8,6.2,33.5,34.9,7.8,78.3
2026-07-06 13:00,2026-07-06 14:00,20260706,28,52,48,4,6.2,33.4,34.8,7.8,78.1
2026-07-06 13:30,2026-07-06 14:30,20260706,29,40,54,-14,6.2,33.5,34.0,7.8,77.4
2026-07-06 14:00,2026-07-06 15:00,20260706,30,43,55,-12,6.2,34.5,32.7,7.7,77.0
2026-07-06 14:30,2026-07-06 15:30,20260706,31,48,56,-8,6.9,34.6,30.5,7.7,75.0
2026-07-06 15:00,2026-07-06 16:00,20260706,32,48,64,-16,8.0,34.2,28.3,7.8,72.7
2026-07-06 15:30,2026-07-06 16:30,20260706,33,52,69,-17,9.7,34.3,25.4,7.9,71.3
2026-07-06 16:00,2026-07-06 17:00,20260706,34,65,75,-10,11.1,35.5,22.0,7.8,70.7
2026-07-06 16:30,2026-07-06 17:30,20260706,35,70,93,-23,15.1,35.2,18.2,7.9,67.7
2026-07-06 17:00,2026-07-06 18:00,20260706,36,79,105,-26,18.2,34.7,14.4,8.3,64.2
2026-07-06 17:30,2026-07-06 18:30,20260706,37,96,118,-22,20.5,34.2,11.4,8.5,61.3
2026-07-06 18:00,2026-07-06 19:00,20260706,38,105,121,-16,21.5,33.8,8.8,8.6,59.4
2026-07-06 18:30,2026-07-06 19:30,20260706,39,114,119,-5,22.3,35.5,6.2,9.0,59.3
2026-07-06 19:00,2026-07-06 20:00,20260706,40,124,127,-3,23.3,35.2,3.7,9.2,57.1
2026-07-06 19:30,2026-07-06 20:30,20260706,41,129,137,-8,25.4,34.7,1.7,9.6,55.5
2026-07-06 20:00,2026-07-06 21:00,20260706,42,121,137,-16,26.4,34.9,0.6,9.9,55.0
2026-07-06 20:30,2026-07-06 21:30,20260706,43,121,128,-7,26.9,35.6,0.2,10.3,56.9
2026-07-06 21:00,2026-07-06 22:00,20260706,44,129,123,6,26.5,36.7,0.0,10.6,57.7
2026-07-06 21:30,2026-07-06 22:30,20260706,45,126,120,6,26.0,37.1,0.0,11.0,58.3
2026-07-06 22:00,2026-07-06 23:00,20260706,46,123,116,7,25.0,38.3,0.0,11.3,59.1
2026-07-06 22:30,2026-07-06 23:30,20260706,47,114,105,9,22.1,39.3,0.0,11.3,59.9
2026-07-06 23:00,2026-07-07 00:00,20260707,0,110,99,11,20.4,40.3,0.0,11.5,61.3
2026-07-06 23:30,2026-07-07 00:30,20260707,1,108,90,18,18.6,40.0,0.0,11.7,61.4
2026-07-07 00:00,2026-07-07 01:00,20260707,2,99,84,15,16.3,41.2,0.0,12.0,63.1
2026-07-07 00:30,2026-07-07 01:30,20260707,3,94,85,9,16.2,41.1,0.0,12.1,63.2
2026-07-07 01:00,2026-07-07 02:00,20260707,4,85,84,1,16.2,41.8,0.0,11.9,63.4
2026-07-07 01:30,2026-07-07 02:30,20260707,5,88,79,9,15.2,45.0,0.0,12.1,66.3
2026-07-07 02:00,2026-07-07 03:00,20260707,6,81,78,3,14.9,45.3,0.0,12.3,66.3
2026-07-07 02:30,2026-07-07 03:30,20260707,7,80,77,3,15.0,45.5,0.0,12.4,66.8
2026-07-07 03:00,2026-07-07 04:00,20260707,8,77,74,3,14.1,45.9,0.0,12.5,67.3
2026-07-07 03:30,2026-07-07 04:30,20260707,9,76,75,1,14.5,46.5,0.2,12.8,69.5
2026-07-07 04:00,2026-07-07 05:00,20260707,10,75,82,-7,15.2,43.9,0.6,12.9,67.6
2026-07-07 04:30,2026-07-07 05:30,20260707,11,73,82,-9,15.4,41.0,1.7,12.1,64.0
2026-07-07 05:00,2026-07-07 06:00,20260707,12,76,85,-9,13.9,39.3,3.8,11.4,63.3
2026-07-07 05:30,2026-07-07 06:30,20260707,13,78,92,-14,12.3,35.0,6.9,10.7,61.3
2026-07-07 06:00,2026-07-07 07:00,20260707,14,75,87,-12,10.7,33.9,9.4,10.3,61.6
2026-07-07 06:30,2026-07-07 07:30,20260707,15,74,86,-12,9.5,32.0,12.3,9.9,62.2
2026-07-07 07:00,2026-07-07 08:00,20260707,16,75,81,-6,8.9,30.3,15.7,9.6,63.4
2026-07-07 07:30,2026-07-07 08:30,20260707,17,81,74,7,8.1,29.6,19.6,9.3,65.8
2026-07-07 08:00,2026-07-07 09:00,20260707,18,71,67,4,7.7,29.5,23.6,9.0,68.3
2026-07-07 08:30,2026-07-07 09:30,20260707,19,68,62,6,7.3,29.0,27.2,8.8,70.3
2026-07-07 09:00,2026-07-07 10:00,20260707,20,59,60,-1,6.8,27.8,29.4,8.8,71.2
2026-07-07 09:30,2026-07-07 10:30,20260707,21,58,57,1,6.3,26.1,32.6,8.3,71.8
2026-07-07 10:00,2026-07-07 11:00,20260707,22,57,55,2,5.9,24.6,35.4,7.8,72.2
2026-07-07 10:30,2026-07-07 11:30,20260707,23,57,53,4,5.5,23.3,37.7,7.4,72.6
2026-07-07 11:00,2026-07-07 12:00,20260707,24,57,51,6,5.1,22.0,39.8,7.0,72.7
2026-07-07 11:30,2026-07-07 12:30,20260707,25,58,49,9,4.8,20.9,41.5,6.6,72.7
2026-07-07 12:00,2026-07-07 13:00,20260707,26,57,47,10,4.4,19.7,43.3,6.2,72.6
2026-07-07 12:30,2026-07-07 13:30,20260707,27,59,56,3,6.2,22.6,37.5,8.6,73.4
2026-07-07 13:00,2026-07-07 14:00,20260707,28,48,57,-9,6.4,23.2,36.2,8.7,73.0
2026-07-07 13:30,2026-07-07 14:30,20260707,29,56,60,-4,6.8,22.8,35.3,8.6,72.0
2026-07-07 14:00,2026-07-07 15:00,20260707,30,56,67,-11,8.3,21.4,35.0,8.5,70.5
2026-07-07 14:30,2026-07-07 15:30,20260707,31,62,78,-16,10.7,20.5,32.7,8.4,67.6
2026-07-07 15:00,2026-07-07 16:00,20260707,32,71,97,-26,14.2,19.3,29.5,8.2,63.6
2026-07-07 15:30,2026-07-07 16:30,20260707,33,82,112,-30,19.4,17.9,26.1,8.1,59.2
2026-07-07 16:00,2026-07-07 17:00,20260707,34,99,128,-29,23.5,17.1,22.9,8.1,55.2
2026-07-07 16:30,2026-07-07 17:30,20260707,35,118,145,-27,27.2,15.9,19.3,8.2,50.6
2026-07-07 17:00,2026-07-07 18:00,20260707,36,138,160,-22,30.5,15.8,15.4,8.3,47.0
2026-07-07 17:30,2026-07-07 18:30,20260707,37,146,168,-22,32.6,15.5,12.1,8.2,45.0
2026-07-07 18:00,2026-07-07 19:00,20260707,38,171,177,-6,35.2,15.6,10.0,8.6,42.4
2026-07-07 18:30,2026-07-07 19:30,20260707,39,189,184,5,37.2,14.8,7.0,8.8,39.8
2026-07-07 19:00,2026-07-07 20:00,20260707,40,194,194,0,39.4,14.3,4.4,9.3,36.9
2026-07-07 19:30,2026-07-07 20:30,20260707,41,200,196,4,40.2,15.4,1.9,9.5,35.9
2026-07-07 20:00,2026-07-07 21:00,20260707,42,206,196,10,40.4,15.2,0.6,9.8,35.7
2026-07-07 20:30,2026-07-07 21:30,20260707,43,203,199,4,41.8,14.8,0.2,10.1,35.1
2026-07-07 21:00,2026-07-07 22:00,20260707,44,213,202,11,43.5,15.3,0.0,10.3,34.7
2026-07-07 21:30,2026-07-07 22:30,20260707,45,206,196,10,44.7,15.4,0.0,10.4,35.4
2026-07-07 22:00,2026-07-07 23:00,20260707,46,209,197,12,45.1,15.2,0.0,10.7,35.2
2026-07-07 22:30,2026-07-07 23:30,20260707,47,209,195,14,45.1,15.1,0.0,10.9,34.8
2026-07-07 23:00,2026-07-08 00:00,20260708,0,212,192,20,44.4,15.7,0.0,11.0,35.6
2026-07-07 23:30,2026-07-08 00:30,20260708,1,207,188,19,43.3,16.3,0.0,11.0,36.1
2026-07-08 00:00,2026-07-08 01:00,20260708,2,204,186,18,42.3,16.0,0.0,11.2,36.4
2026-07-08 00:30,2026-07-08 01:30,20260708,3,198,184,14,41.6,16.5,0.0,11.5,36.8
2026-07-08 01:00,2026-07-08 02:00,20260708,4,187,183,4,41.6,16.5,0.0,11.5,36.9
2026-07-08 01:30,2026-07-08 02:30,20260708,5,189,185,4,41.6,16.1,0.0,11.5,36.5
2026-07-08 02:00,2026-07-08 03:00,20260708,6,191,184,7,41.7,16.2,0.0,11.6,36.8
2026-07-08 02:30,2026-07-08 03:30,20260708,7,192,184,8,42.2,17.0,0.0,11.8,37.9
2026-07-08 03:00,2026-07-08 04:00,20260708,8,188,186,2,42.4,16.7,0.0,11.8,37.6
2026-07-08 03:30,2026-07-08 04:30,20260708,9,191,189,2,42.6,16.2,0.1,11.7,37.1
2026-07-08 04:00,2026-07-08 05:00,20260708,10,194,189,5,42.5,15.3,0.5,11.8,37.0
2026-07-08 04:30,2026-07-08 05:30,20260708,11,199,187,12,41.0,13.3,1.8,11.4,35.9
2026-07-08 05:00,2026-07-08 06:00,20260708,12,194,189,5,39.4,11.6,4.5,10.9,35.8
2026-07-08 05:30,2026-07-08 06:30,20260708,13,191,188,3,37.8,9.4,8.1,10.4,36.4
2026-07-08 06:00,2026-07-08 07:00,20260708,14,183,180,3,36.4,8.7,11.1,10.1,38.7
2026-07-08 06:30,2026-07-08 07:30,20260708,15,183,174,9,35.3,8.6,14.7,9.9,41.2
2026-07-08 07:00,2026-07-08 08:00,20260708,16,176,166,10,34.2,8.0,18.2,9.7,43.7
2026-07-08 07:30,2026-07-08 08:30,20260708,17,167,159,8,31.7,7.1,22.0,9.3,46.2
2026-07-08 08:00,2026-07-08 09:00,20260708,18,161,149,12,29.5,6.5,26.0,9.2,49.0
2026-07-08 08:30,2026-07-08 09:30,20260708,19,150,140,10,28.6,6.1,29.2,9.1,51.4
2026-07-08 09:00,2026-07-08 10:00,20260708,20,142,133,9,26.9,6.0,31.7,8.9,53.5
2026-07-08 09:30,2026-07-08 10:30,20260708,21,135,129,6,25.6,5.8,33.7,8.7,55.2
2026-07-08 10:00,2026-07-08 11:00,20260708,22,131,124,7,25.0,5.5,35.6,8.4,56.3
2026-07-08 10:30,2026-07-08 11:30,20260708,23,130,125,5,24.6,5.5,36.1,8.3,57.3
2026-07-08 11:00,2026-07-08 12:00,20260708,24,124,124,0,24.6,5.6,37.0,8.3,57.6
2026-07-08 11:30,2026-07-08 12:30,20260708,25,128,124,4,23.5,5.8,36.8,8.2,57.4
2026-07-08 12:00,2026-07-08 13:00,20260708,26,121,123,-2,23.1,6.0,36.8,8.2,57.5
2026-07-08 12:30,2026-07-08 13:30,20260708,27,122,123,-1,23.0,6.0,36.4,8.1,57.3
2026-07-08 13:00,2026-07-08 14:00,20260708,28,123,125,-2,23.8,5.9,35.9,8.1,57.0
2026-07-08 13:30,2026-07-08 14:30,20260708,29,124,130,-6,25.1,6.6,35.1,8.1,55.9
2026-07-08 14:00,2026-07-08 15:00,20260708,30,127,134,-7,26.2,6.7,33.6,8.2,54.5
2026-07-08 14:30,2026-07-08 15:30,20260708,31,133,142,-9,27.4,6.7,31.9,8.2,52.7
2026-07-08 15:00,2026-07-08 16:00,20260708,32,142,153,-11,29.6,6.5,29.5,8.0,49.8
2026-07-08 15:30,2026-07-08 16:30,20260708,33,148,166,-18,33.4,6.5,26.2,7.9,46.7
2026-07-08 16:00,2026-07-08 17:00,20260708,34,156,175,-19,36.1,6.4,23.6,7.9,44.2
2026-07-08 16:30,2026-07-08 17:30,20260708,35,174,177,-3,37.8,6.9,20.1,8.0,42.6
2026-07-08 17:00,2026-07-08 18:00,20260708,36,191,186,5,39.6,7.3,16.4,8.2,40.0
2026-07-08 17:30,2026-07-08 18:30,20260708,37,209,195,14,40.0,7.1,12.9,8.2,37.2
2026-07-08 18:00,2026-07-08 19:00,20260708,38,201,202,-1,41.9,7.2,10.5,8.4,35.0
2026-07-08 18:30,2026-07-08 19:30,20260708,39,209,207,2,44.2,7.8,7.4,8.7,33.4
2026-07-08 19:00,2026-07-08 20:00,20260708,40,220,210,10,45.2,8.1,4.7,9.1,32.1
2026-07-08 19:30,2026-07-08 20:30,20260708,41,223,215,8,46.8,8.9,2.1,9.3,30.8
2026-07-08 20:00,2026-07-08 21:00,20260708,42,230,218,12,47.3,9.0,0.7,9.6,29.8
2026-07-08 20:30,2026-07-08 21:30,20260708,43,231,221,10,48.5,7.9,0.2,9.9,27.9
2026-07-08 21:00,2026-07-08 22:00,20260708,44,233,222,11,50.2,8.2,0.0,10.3,27.8
2026-07-08 21:30,2026-07-08 22:30,20260708,45,231,227,4,52.0,9.1,0.0,10.8,29.4
2026-07-08 22:00,2026-07-08 23:00,20260708,46,234,227,7,51.7,9.5,0.0,10.9,29.5
2026-07-08 22:30,2026-07-08 23:30,20260708,47,236,229,7,52.7,9.5,0.0,11.2,29.9
2026-07-08 23:00,2026-07-09 00:00,20260709,0,237,232,5,53.0,9.1,0.0,11.2,29.1
2026-07-08 23:30,2026-07-09 00:30,20260709,1,234,229,5,53.1,8.7,0.0,11.4,28.9
2026-07-09 00:00,2026-07-09 01:00,20260709,2,236,230,6,53.4,8.3,0.0,11.4,28.5
2026-07-09 00:30,2026-07-09 01:30,20260709,3,232,226,6,51.5,8.4,0.0,11.5,28.7
2026-07-09 01:00,2026-07-09 02:00,20260709,4,237,228,9,51.7,7.6,0.0,11.7,28.3
2026-07-09 01:30,2026-07-09 02:30,20260709,5,233,227,6,53.1,6.7,0.0,11.8,27.4
2026-07-09 02:00,2026-07-09 03:00,20260709,6,231,226,5,52.6,6.3,0.0,12.0,27.4
2026-07-09 02:30,2026-07-09 03:30,20260709,7,232,226,6,52.8,5.7,0.0,12.0,27.3
2026-07-09 03:00,2026-07-09 04:00,20260709,8,234,226,8,52.9,5.5,0.0,12.0,27.1
2026-07-09 03:30,2026-07-09 04:30,20260709,9,232,223,9,50.6,5.2,0.1,11.5,26.8
2026-07-09 04:00,2026-07-09 05:00,20260709,10,237,223,14,50.6,5.3,0.6,11.2,27.0
2026-07-09 04:30,2026-07-09 05:30,20260709,11,237,222,15,49.8,5.1,2.0,11.1,27.5
2026-07-09 05:00,2026-07-09 06:00,20260709,12,232,217,15,47.1,4.9,4.9,10.4,28.9
2026-07-09 05:30,2026-07-09 06:30,20260709,13,227,209,18,44.5,4.8,8.6,10.3,31.7
2026-07-09 06:00,2026-07-09 07:00,20260709,14,215,202,13,42.0,4.5,12.0,9.9,34.0
2026-07-09 06:30,2026-07-09 07:30,20260709,15,206,192,14,39.3,4.6,15.4,9.5,36.9
2026-07-09 07:00,2026-07-09 08:00,20260709,16,195,180,15,37.1,4.8,19.1,9.3,40.4
2026-07-09 07:30,2026-07-09 08:30,20260709,17,184,170,14,34.3,4.8,23.2,9.0,43.8
2026-07-09 08:00,2026-07-09 09:00,20260709,18,171,155,16,31.2,5.2,27.2,8.8,47.8
2026-07-09 08:30,2026-07-09 09:30,20260709,19,162,146,16,28.6,5.2,30.1,8.6,50.3
2026-07-09 09:00,2026-07-09 10:00,20260709,20,151,138,13,26.8,5.0,32.7,8.4,52.4
2026-07-09 09:30,2026-07-09 10:30,20260709,21,144,135,9,25.7,5.2,34.6,8.2,54.0
2026-07-09 10:00,2026-07-09 11:00,20260709,22,135,125,10,23.0,5.5,36.4,8.2,56.2
2026-07-09 10:30,2026-07-09 11:30,20260709,23,132,122,10,22.2,5.9,36.8,8.0,56.6
2026-07-09 11:00,2026-07-09 12:00,20260709,24,123,119,4,21.6,6.3,37.3,8.0,57.5
2026-07-09 11:30,2026-07-09 12:30,20260709,25,118,116,2,20.4,6.5,37.8,8.0,58.2
2026-07-09 12:00,2026-07-09 13:00,20260709,26,116,116,0,20.4,6.9,37.7,8.0,58.5
2026-07-09 12:30,2026-07-09 13:30,20260709,27,114,118,-4,21.4,7.2,37.4,8.0,58.3
2026-07-09 13:00,2026-07-09 14:00,20260709,28,115,119,-4,22.3,7.2,37.0,8.0,58.0
2026-07-09 13:30,2026-07-09 14:30,20260709,29,118,123,-5,23.2,7.5,36.0,7.9,57.2
2026-07-09 14:00,2026-07-09 15:00,20260709,30,127,130,-3,25.0,7.8,34.5,7.8,55.8
2026-07-09 14:30,2026-07-09 15:30,20260709,31,127,138,-11,28.0,8.0,32.2,7.8,53.8
2026-07-09 15:00,2026-07-09 16:00,20260709,32,132,146,-14,29.7,8.4,29.6,7.9,51.8
2026-07-09 15:30,2026-07-09 16:30,20260709,33,145,153,-8,30.8,8.7,26.2,7.7,48.9
2026-07-09 16:00,2026-07-09 17:00,20260709,34,155,162,-7,33.3,9.0,23.7,7.7,46.7
2026-07-09 16:30,2026-07-09 17:30,20260709,35,162,172,-10,36.6,9.6,19.9,7.8,44.9
2026-07-09 17:00,2026-07-09 18:00,20260709,36,185,181,4,38.2,9.8,15.7,7.9,42.1
2026-07-09 17:30,2026-07-09 18:30,20260709,37,197,195,2,40.5,9.4,12.2,7.8,38.6
2026-07-09 18:00,2026-07-09 19:00,20260709,38,196,201,-5,42.0,9.4,9.8,8.0,36.9
2026-07-09 18:30,2026-07-09 19:30,20260709,39,210,208,2,43.4,9.2,7.0,8.3,34.7
2026-07-09 19:00,2026-07-09 20:00,20260709,40,217,214,3,44.5,9.0,4.4,8.6,32.6
2026-07-09 19:30,2026-07-09 20:30,20260709,41,227,222,5,45.9,9.1,1.9,8.8,30.7
2026-07-09 20:00,2026-07-09 21:00,20260709,42,227,227,0,47.6,9.1,0.6,9.1,29.4
2026-07-09 20:30,2026-07-09 21:30,20260709,43,231,223,8,48.1,9.3,0.2,9.5,29.4
2026-07-09 21:00,2026-07-09 22:00,20260709,44,236,224,12,48.3,9.2,0.0,9.7,29.2
2026-07-09 21:30,2026-07-09 22:30,20260709,45,233,225,8,51.1,9.2,0.0,10.1,27.8
2026-07-09 22:00,2026-07-09 23:00,20260709,46,232,226,6,51.9,8.9,0.0,10.4,27.6
2026-07-09 22:30,2026-07-09 23:30,20260709,47,236,227,9,51.8,8.3,0.0,10.3,27.3
2026-07-09 23:00,2026-07-10 00:00,20260710,0,236,228,8,53.0,7.9,0.0,10.6,26.7
2026-07-09 23:30,2026-07-10 00:30,20260710,1,233,227,6,52.8,7.5,0.0,10.8,26.7
2026-07-10 00:00,2026-07-10 01:00,20260710,2,236,227,9,52.8,6.9,0.0,10.9,26.7
2026-07-10 00:30,2026-07-10 01:30,20260710,3,232,227,5,53.0,6.3,0.0,11.0,26.4
2026-07-10 01:00,2026-07-10 02:00,20260710,4,235,227,8,52.8,6.4,0.0,11.2,26.3
2026-07-10 01:30,2026-07-10 02:30,20260710,5,233,228,5,53.3,6.2,0.0,11.2,26.1
2026-07-10 02:00,2026-07-10 03:00,20260710,6,233,229,4,53.3,5.9,0.0,11.2,25.8
2026-07-10 02:30,2026-07-10 03:30,20260710,7,235,231,4,53.6,5.5,0.0,11.2,25.4
2026-07-10 03:00,2026-07-10 04:00,20260710,8,238,230,8,53.7,5.6,0.0,11.3,25.5
2026-07-10 03:30,2026-07-10 04:30,20260710,9,240,235,5,53.8,5.4,0.1,11.2,25.5
2026-07-10 04:00,2026-07-10 05:00,20260710,10,237,232,5,53.4,5.4,0.5,11.1,26.4
2026-07-10 04:30,2026-07-10 05:30,20260710,11,234,234,0,53.4,5.0,1.8,11.1,27.1
2026-07-10 05:00,2026-07-10 06:00,20260710,12,236,227,9,51.2,5.0,4.6,10.5,28.9
2026-07-10 05:30,2026-07-10 06:30,20260710,13,229,218,11,48.8,5.7,8.2,10.1,32.2
2026-07-10 06:00,2026-07-10 07:00,20260710,14,221,208,13,45.4,5.6,11.6,9.7,34.5
2026-07-10 06:30,2026-07-10 07:30,20260710,15,212,194,18,39.4,5.1,15.1,9.4,36.9
2026-07-10 07:00,2026-07-10 08:00,20260710,16,197,181,16,37.5,4.9,19.1,9.3,40.5
2026-07-10 07:30,2026-07-10 08:30,20260710,17,186,176,10,35.1,4.5,23.3,9.0,43.8
2026-07-10 08:00,2026-07-10 09:00,20260710,18,164,164,0,32.3,4.4,27.0,8.8,46.9
2026-07-10 08:30,2026-07-10 09:30,20260710,19,165,155,10,30.5,4.2,30.2,8.7,50.1
2026-07-10 09:00,2026-07-10 10:00,20260710,20,155,149,6,29.0,4.0,32.6,8.5,51.9
2026-07-10 09:30,2026-07-10 10:30,20260710,21,150,143,7,28.0,3.8,34.8,8.3,53.5
2026-07-10 10:00,2026-07-10 11:00,20260710,22,140,138,2,27.1,3.8,36.6,8.3,54.9
2026-07-10 10:30,2026-07-10 11:30,20260710,23,141,135,6,26.0,3.9,37.0,8.2,55.2
2026-07-10 11:00,2026-07-10 12:00,20260710,24,131,133,-2,25.6,4.3,37.4,8.1,55.8
2026-07-10 11:30,2026-07-10 12:30,20260710,25,138,133,5,25.4,5.0,36.8,8.1,55.8
2026-07-10 12:00,2026-07-10 13:00,20260710,26,129,133,-4,25.7,5.6,36.3,8.0,55.7
2026-07-10 12:30,2026-07-10 13:30,20260710,27,134,132,2,25.6,6.3,35.9,8.1,56.2
2026-07-10 13:00,2026-07-10 14:00,20260710,28,136,132,4,25.7,6.7,35.3,8.1,56.0
2026-07-10 13:30,2026-07-10 14:30,20260710,29,131,134,-3,25.9,7.1,34.2,8.0,55.1
2026-07-10 14:00,2026-07-10 15:00,20260710,30,136,132,4,25.7,8.2,33.1,8.1,55.4
2026-07-10 14:30,2026-07-10 15:30,20260710,31,146,133,13,25.7,9.2,31.7,8.2,55.3
2026-07-10 15:00,2026-07-10 16:00,20260710,32,141,143,-2,27.9,9.8,29.0,8.1,53.3
2026-07-10 15:30,2026-07-10 16:30,20260710,33,146,154,-8,32.6,10.5,26.1,8.1,51.3
2026-07-10 16:00,2026-07-10 17:00,20260710,34,150,163,-13,34.3,11.5,23.2,8.1,49.4
2026-07-10 16:30,2026-07-10 17:30,20260710,35,171,172,-1,36.3,12.4,19.4,8.2,47.4
2026-07-10 17:00,2026-07-10 18:00,20260710,36,174,181,-7,38.4,12.4,15.7,8.3,44.8
2026-07-10 17:30,2026-07-10 18:30,20260710,37,181,185,-4,39.4,12.3,12.6,8.3,42.4
2026-07-10 18:00,2026-07-10 19:00,20260710,38,186,191,-5,40.1,12.1,10.1,8.4,40.2
2026-07-10 18:30,2026-07-10 19:30,20260710,39,195,192,3,41.0,12.9,7.1,8.7,38.7
2026-07-10 19:00,2026-07-10 20:00,20260710,40,202,192,10,42.2,14.1,4.4,9.0,37.9
2026-07-10 19:30,2026-07-10 20:30,20260710,41,207,199,8,49.5,16.4,3.4,10.3,36.9
2026-07-10 20:00,2026-07-10 21:00,20260710,42,211,199,12,50.7,17.1,1.1,10.7,35.8
2026-07-10 20:30,2026-07-10 21:30,20260710,43,211,202,9,50.9,17.4,0.3,10.7,35.5
2026-07-10 21:00,2026-07-10 22:00,20260710,44,212,208,4,50.7,17.3,0.0,11.0,35.4
2026-07-10 21:30,2026-07-10 22:30,20260710,45,213,198,15,45.5,15.4,0.0,10.5,35.3
2026-07-10 22:00,2026-07-10 23:00,20260710,46,213,194,19,43.9,16.1,0.0,10.8,36.5
2026-07-10 22:30,2026-07-10 23:30,20260710,47,214,193,21,43.5,16.4,0.0,11.1,37.2
2026-07-10 23:00,2026-07-11 00:00,20260711,0,213,192,21,43.7,16.6,0.0,11.4,37.3
2026-07-10 23:30,2026-07-11 00:30,20260711,1,211,188,23,43.3,16.4,0.0,11.5,37.0
2026-07-11 00:00,2026-07-11 01:00,20260711,2,210,190,20,43.5,15.6,0.0,11.7,36.6
2026-07-11 00:30,2026-07-11 01:30,20260711,3,209,191,18,43.3,14.5,0.0,11.7,35.3
2026-07-11 01:00,2026-07-11 02:00,20260711,4,207,192,15,43.7,14.5,0.0,11.9,34.7
2026-07-11 01:30,2026-07-11 02:30,20260711,5,206,194,12,44.1,13.8,0.0,12.1,32.9
2026-07-11 02:00,2026-07-11 03:00,20260711,6,197,193,4,43.9,13.3,0.0,12.4,32.8
2026-07-11 02:30,2026-07-11 03:30,20260711,7,195,201,-6,44.5,12.4,0.0,12.3,31.8
2026-07-11 03:00,2026-07-11 04:00,20260711,8,197,199,-2,45.0,12.7,0.0,12.4,32.3
2026-07-11 03:30,2026-07-11 04:30,20260711,9,203,200,3,46.0,13.3,0.1,12.8,33.6
2026-07-11 04:00,2026-07-11 05:00,20260711,10,202,193,9,44.3,14.2,0.6,12.8,35.4
2026-07-11 04:30,2026-07-11 05:30,20260711,11,199,183,16,41.6,14.1,1.9,13.0,36.4
2026-07-11 05:00,2026-07-11 06:00,20260711,12,196,171,25,37.9,14.2,5.0,12.8,39.3
2026-07-11 05:30,2026-07-11 06:30,20260711,13,184,145,39,27.3,14.6,9.4,12.5,44.0
2026-07-11 06:00,2026-07-11 07:00,20260711,14,167,135,32,22.8,14.1,13.6,12.2,47.5
2026-07-11 06:30,2026-07-11 07:30,20260711,15,156,127,29,20.8,13.2,17.3,11.7,49.5
2026-07-11 07:00,2026-07-11 08:00,20260711,16,126,117,9,18.0,12.7,21.5,11.3,52.2
2026-07-11 07:30,2026-07-11 08:30,20260711,17,114,103,11,14.2,12.4,26.2,10.9,56.0
2026-07-11 08:00,2026-07-11 09:00,20260711,18,95,89,6,11.7,12.6,30.6,10.6,60.4
2026-07-11 08:30,2026-07-11 09:30,20260711,19,80,80,0,10.5,12.4,34.0,10.3,63.1
2026-07-11 09:00,2026-07-11 10:00,20260711,20,79,75,4,10.2,11.6,36.9,10.2,65.0
2026-07-11 09:30,2026-07-11 10:30,20260711,21,63,71,-8,9.5,11.7,39.4,9.9,67.2
2026-07-11 10:00,2026-07-11 11:00,20260711,22,72,67,5,8.8,11.5,41.1,9.8,68.4
2026-07-11 10:30,2026-07-11 11:30,20260711,23,65,66,-1,8.1,11.1,41.8,9.6,69.2
2026-07-11 11:00,2026-07-11 12:00,20260711,24,64,66,-2,8.3,10.7,42.8,9.7,69.2
2026-07-11 11:30,2026-07-11 12:30,20260711,25,64,68,-4,8.4,10.3,43.5,9.6,68.9
2026-07-11 12:00,2026-07-11 13:00,20260711,26,63,67,-4,8.4,10.1,43.7,9.6,68.9
2026-07-11 12:30,2026-07-11 13:30,20260711,27,66,68,-2,8.4,10.4,43.6,9.6,69.0
2026-07-11 13:00,2026-07-11 14:00,20260711,28,67,67,0,8.3,11.1,43.1,9.5,69.1
2026-07-11 13:30,2026-07-11 14:30,20260711,29,69,70,-1,8.8,11.9,41.8,9.4,68.5
2026-07-11 14:00,2026-07-11 15:00,20260711,30,73,79,-6,11.3,13.0,39.7,9.2,67.1
2026-07-11 14:30,2026-07-11 15:30,20260711,31,78,78,0,11.3,14.6,37.7,9.3,66.9
2026-07-11 15:00,2026-07-11 16:00,20260711,32,82,88,-6,13.4,15.5,34.7,9.2,64.7
2026-07-11 15:30,2026-07-11 16:30,20260711,33,83,105,-22,18.2,15.8,30.8,9.1,61.3
2026-07-11 16:00,2026-07-11 17:00,20260711,34,91,120,-29,22.3,16.2,26.4,8.9,57.7
2026-07-11 16:30,2026-07-11 17:30,20260711,35,108,127,-19,26.9,18.0,22.0,9.0,56.4
2026-07-11 17:00,2026-07-11 18:00,20260711,36,131,133,-2,27.8,19.6,17.2,9.0,54.5
2026-07-11 17:30,2026-07-11 18:30,20260711,37,136,135,1,29.2,21.5,13.5,9.0,54.1
2026-07-11 18:00,2026-07-11 19:00,20260711,38,142,136,6,30.1,24.1,10.5,9.1,53.1
2026-07-11 18:30,2026-07-11 19:30,20260711,39,152,141,11,30.6,26.5,7.2,9.3,52.8
2026-07-11 19:00,2026-07-11 20:00,20260711,40,146,141,5,30.8,28.1,4.5,9.8,52.5
2026-07-11 19:30,2026-07-11 20:30,20260711,41,149,151,-2,31.4,29.6,2.0,10.4,51.3
2026-07-11 20:00,2026-07-11 21:00,20260711,42,147,152,-5,31.4,30.5,0.6,10.6,51.2
2026-07-11 20:30,2026-07-11 21:30,20260711,43,148,148,0,32.9,31.6,0.2,10.8,51.7
2026-07-11 21:00,2026-07-11 22:00,20260711,44,149,145,4,30.8,32.1,0.0,10.9,52.2
2026-07-11 21:30,2026-07-11 22:30,20260711,45,149,137,12,29.8,33.4,0.0,11.0,53.7
2026-07-11 22:00,2026-07-11 23:00,20260711,46,141,133,8,27.6,33.8,0.0,11.4,54.6
2026-07-11 22:30,2026-07-11 23:30,20260711,47,140,127,13,27.1,33.6,0.0,11.5,55.1
2026-07-11 23:00,2026-07-12 00:00,20260712,0,127,123,4,25.9,34.8,0.0,11.7,56.0
2026-07-11 23:30,2026-07-12 00:30,20260712,1,128,116,12,24.4,34.5,0.0,12.0,56.3
2026-07-12 00:00,2026-07-12 01:00,20260712,2,124,115,9,23.2,33.5,0.0,12.3,55.5
2026-07-12 00:30,2026-07-12 01:30,20260712,3,125,114,11,23.1,33.0,0.0,12.5,55.4
2026-07-12 01:00,2026-07-12 02:00,20260712,4,110,106,4,21.1,33.0,0.0,13.0,56.2
2026-07-12 01:30,2026-07-12 02:30,20260712,5,107,98,9,17.5,32.6,0.0,13.3,56.3
2026-07-12 02:00,2026-07-12 03:00,20260712,6,104,99,5,17.9,32.1,0.0,13.5,56.0
2026-07-12 02:30,2026-07-12 03:30,20260712,7,106,94,12,16.0,32.5,0.0,13.6,56.6
2026-07-12 03:00,2026-07-12 04:00,20260712,8,98,91,7,15.3,33.2,0.0,13.7,57.5
2026-07-12 03:30,2026-07-12 04:30,20260712,9,96,100,-4,16.3,34.4,0.1,13.9,59.0
2026-07-12 04:00,2026-07-12 05:00,20260712,10,87,94,-7,15.2,35.8,0.5,14.1,59.7
2026-07-12 04:30,2026-07-12 05:30,20260712,11,85,93,-8,15.3,36.5,1.5,13.9,59.1
2026-07-12 05:00,2026-07-12 06:00,20260712,12,88,92,-4,14.5,35.4,3.6,13.5,59.3
2026-07-12 05:30,2026-07-12 06:30,20260712,13,88,89,-1,13.5,32.9,8.2,13.2,61.1
2026-07-12 06:00,2026-07-12 07:00,20260712,14,91,90,1,13.2,30.0,12.1,13.0,61.4
2026-07-12 06:30,2026-07-12 07:30,20260712,15,82,94,-12,12.7,27.1,16.8,12.5,61.4
2026-07-12 07:00,2026-07-12 08:00,20260712,16,81,86,-5,11.5,25.2,22.0,12.1,64.0
2026-07-12 07:30,2026-07-12 08:30,20260712,17,75,80,-5,9.7,24.3,27.6,11.7,68.2
2026-07-12 08:00,2026-07-12 09:00,20260712,18,79,73,6,8.5,23.1,32.4,11.1,70.9
2026-07-12 08:30,2026-07-12 09:30,20260712,19,70,68,2,8.5,23.8,35.5,10.5,73.4
2026-07-12 09:00,2026-07-12 10:00,20260712,20,62,62,0,7.9,24.9,37.5,10.0,75.8
2026-07-12 09:30,2026-07-12 10:30,20260712,21,56,59,-3,7.3,25.6,40.2,9.8,79.0
2026-07-12 10:00,2026-07-12 11:00,20260712,22,53,54,-1,6.7,25.7,42.0,9.7,80.4
2026-07-12 10:30,2026-07-12 11:30,20260712,23,47,45,2,6.3,26.1,42.5,9.5,80.9
2026-07-12 11:00,2026-07-12 12:00,20260712,24,52,45,7,6.2,25.7,42.9,9.3,80.7
2026-07-12 11:30,2026-07-12 12:30,20260712,25,56,47,9,6.1,25.5,42.6,9.2,80.0
2026-07-12 12:00,2026-07-12 13:00,20260712,26,42,47,-5,5.9,25.3,42.8,9.1,79.8
2026-07-12 12:30,2026-07-12 13:30,20260712,27,44,48,-4,5.9,25.2,42.5,9.1,79.4
2026-07-12 13:00,2026-07-12 14:00,20260712,28,47,50,-3,6.1,24.8,42.2,9.1,78.8
2026-07-12 13:30,2026-07-12 14:30,20260712,29,48,52,-4,6.1,25.1,41.3,9.1,78.1
2026-07-12 14:00,2026-07-12 15:00,20260712,30,47,53,-6,6.1,25.9,40.4,9.1,78.1
2026-07-12 14:30,2026-07-12 15:30,20260712,31,52,53,-1,6.1,27.4,38.3,9.1,78.2
2026-07-12 15:00,2026-07-12 16:00,20260712,32,53,55,-2,6.2,29.2,35.4,9.2,77.6
2026-07-12 15:30,2026-07-12 16:30,20260712,33,57,57,0,6.4,30.6,32.4,9.2,76.9
2026-07-12 16:00,2026-07-12 17:00,20260712,34,53,63,-10,7.2,32.5,28.5,9.2,75.4
2026-07-12 16:30,2026-07-12 17:30,20260712,35,57,66,-9,9.3,32.8,23.4,9.1,72.2
2026-07-12 17:00,2026-07-12 18:00,20260712,36,65,77,-12,11.8,33.6,18.6,9.2,69.4
2026-07-12 17:30,2026-07-12 18:30,20260712,37,68,91,-23,14.3,33.2,14.6,9.1,66.6
2026-07-12 18:00,2026-07-12 19:00,20260712,38,77,98,-21,15.8,33.7,11.5,9.1,64.4
2026-07-12 18:30,2026-07-12 19:30,20260712,39,91,100,-9,17.2,35.1,7.9,9.4,63.5
2026-07-12 19:00,2026-07-12 20:00,20260712,40,97,103,-6,18.8,36.4,4.9,9.7,63.1
2026-07-12 19:30,2026-07-12 20:30,20260712,41,101,107,-6,20.1,37.3,2.1,10.0,62.0
2026-07-12 20:00,2026-07-12 21:00,20260712,42,105,105,0,20.6,38.4,0.6,10.3,62.3
2026-07-12 20:30,2026-07-12 21:30,20260712,43,106,104,2,20.5,39.2,0.2,10.6,61.7
2026-07-12 21:00,2026-07-12 22:00,20260712,44,114,103,11,20.4,39.6,0.0,10.9,62.0
2026-07-12 21:30,2026-07-12 22:30,20260712,45,116,106,10,20.8,39.7,0.0,11.3,62.8
2026-07-12 22:00,2026-07-12 23:00,20260712,46,111,108,3,20.6,38.9,0.0,11.5,62.3
2026-07-12 22:30,2026-07-12 23:30,20260712,47,109,108,1,20.9,38.6,0.0,12.0,62.6
2026-07-12 23:00,2026-07-13 00:00,20260713,0,106,111,-5,21.3,37.3,0.0,12.3,61.8
2026-07-12 23:30,2026-07-13 00:30,20260713,1,108,112,-4,22.2,36.0,0.0,12.3,60.4
2026-07-13 00:00,2026-07-13 01:00,20260713,2,111,114,-3,23.1,34.8,0.0,12.5,59.5
2026-07-13 00:30,2026-07-13 01:30,20260713,3,106,115,-9,23.2,34.5,0.0,12.7,59.4
2026-07-13 01:00,2026-07-13 02:00,20260713,4,115,118,-3,23.5,33.8,0.0,12.8,58.9
2026-07-13 01:30,2026-07-13 02:30,20260713,5,116,116,0,23.6,33.9,0.0,12.9,59.2
2026-07-13 02:00,2026-07-13 03:00,20260713,6,115,113,2,23.0,34.9,0.0,13.0,60.3
2026-07-13 02:30,2026-07-13 03:30,20260713,7,115,118,-3,23.6,34.7,0.0,12.7,59.5
2026-07-13 03:00,2026-07-13 04:00,20260713,8,110,115,-5,23.7,35.5,0.0,12.7,60.4
2026-07-13 03:30,2026-07-13 04:30,20260713,9,106,119,-13,24.0,35.4,0.1,12.6,60.1
2026-07-13 04:00,2026-07-13 05:00,20260713,10,112,123,-11,24.1,34.5,0.5,12.2,58.9
2026-07-13 04:30,2026-07-13 05:30,20260713,11,109,117,-8,23.1,31.8,1.5,11.5,56.8
2026-07-13 05:00,2026-07-13 06:00,20260713,12,114,123,-9,21.9,29.7,3.5,10.7,55.2
2026-07-13 05:30,2026-07-13 06:30,20260713,13,112,120,-8,20.9,28.8,6.9,10.6,57.1
2026-07-13 06:00,2026-07-13 07:00,20260713,14,112,115,-3,18.2,27.4,9.6,10.1,57.9
2026-07-13 06:30,2026-07-13 07:30,20260713,15,112,94,18,13.1,27.1,12.6,10.1,60.3
2026-07-13 07:00,2026-07-13 08:00,20260713,16,118,84,34,11.0,27.4,16.2,9.9,63.4
2026-07-13 07:30,2026-07-13 08:30,20260713,17,115,79,36,9.0,27.5,19.6,9.6,66.0
2026-07-13 08:00,2026-07-13 09:00,20260713,18,83,68,15,7.6,27.6,23.2,9.4,69.2
2026-07-13 08:30,2026-07-13 09:30,20260713,19,74,63,11,6.8,26.9,26.4,9.2,71.3
2026-07-13 09:00,2026-07-13 10:00,20260713,20,64,58,6,6.1,26.3,29.1,9.0,72.8
2026-07-13 09:30,2026-07-13 10:30,20260713,21,60,58,2,6.3,25.5,31.8,8.9,72.8
2026-07-13 10:00,2026-07-13 11:00,20260713,22,55,55,0,6.1,25.1,33.4,8.8,72.9
2026-07-13 10:30,2026-07-13 11:30,20260713,23,54,54,0,5.8,25.2,35.0,8.6,73.6
2026-07-13 11:00,2026-07-13 12:00,20260713,24,53,53,0,5.8,24.3,36.6,8.5,73.8
2026-07-13 11:30,2026-07-13 12:30,20260713,25,53,52,1,5.4,24.1,38.3,8.6,75.5
2026-07-13 12:00,2026-07-13 13:00,20260713,26,51,53,-2,4.7,24.0,38.3,8.6,75.6
2026-07-13 12:30,2026-07-13 13:30,20260713,27,52,53,-1,4.7,24.5,39.0,8.7,76.9
2026-07-13 13:00,2026-07-13 14:00,20260713,28,48,52,-4,4.8,24.5,39.3,8.8,77.4
2026-07-13 13:30,2026-07-13 14:30,20260713,29,49,52,-3,5.1,24.9,39.1,8.9,77.8
2026-07-13 14:00,2026-07-13 15:00,20260713,30,44,57,-13,5.6,24.6,37.9,8.8,76.8
2026-07-13 14:30,2026-07-13 15:30,20260713,31,40,60,-20,7.9,25.2,35.3,8.7,76.1
2026-07-13 15:00,2026-07-13 16:00,20260713,32,53,72,-19,10.3,25.5,32.1,8.6,73.9
2026-07-13 15:30,2026-07-13 16:30,20260713,33,54,89,-35,14.4,25.4,28.6,8.5,71.0
2026-07-13 16:00,2026-07-13 17:00,20260713,34,68,104,-36,18.7,25.7,24.8,8.3,67.3
2026-07-13 16:30,2026-07-13 17:30,20260713,35,89,113,-24,23.3,26.9,20.4,8.2,65.4
2026-07-13 17:00,2026-07-13 18:00,20260713,36,109,124,-15,26.2,27.2,15.9,8.2,62.7
2026-07-13 17:30,2026-07-13 18:30,20260713,37,122,134,-12,28.5,27.8,12.6,8.2,60.2
2026-07-13 18:00,2026-07-13 19:00,20260713,38,135,138,-3,29.4,28.9,9.9,8.3,59.0
2026-07-13 18:30,2026-07-13 19:30,20260713,39,138,144,-6,31.1,30.9,7.1,8.8,59.3
2026-07-13 19:00,2026-07-13 20:00,20260713,40,142,147,-5,32.0,32.2,4.3,9.0,58.4
2026-07-13 19:30,2026-07-13 20:30,20260713,41,146,154,-8,34.0,32.6,1.9,9.2,57.0
2026-07-13 20:00,2026-07-13 21:00,20260713,42,153,162,-9,35.4,32.2,0.6,9.4,54.6
2026-07-13 20:30,2026-07-13 21:30,20260713,43,162,162,0,36.3,33.5,0.2,10.1,54.6
2026-07-13 21:00,2026-07-13 22:00,20260713,44,162,160,2,36.2,33.7,0.0,10.4,55.0
2026-07-13 21:30,2026-07-13 22:30,20260713,45,161,160,1,35.5,33.0,0.0,10.5,55.3
2026-07-13 22:00,2026-07-13 23:00,20260713,46,159,159,0,36.3,33.3,0.0,10.9,55.7
2026-07-13 22:30,2026-07-13 23:30,20260713,47,160,156,4,35.2,32.4,0.0,11.1,55.1
2026-07-13 23:00,2026-07-14 00:00,20260714,0,155,157,-2,34.1,31.4,0.0,11.4,54.7
2026-07-13 23:30,2026-07-14 00:30,20260714,1,150,160,-10,34.7,31.0,0.0,11.6,54.5
2026-07-14 00:00,2026-07-14 01:00,20260714,2,150,154,-4,34.7,32.5,0.0,11.7,56.1
2026-07-14 00:30,2026-07-14 01:30,20260714,3,144,154,-10,34.3,32.9,0.0,11.5,56.1
2026-07-14 01:00,2026-07-14 02:00,20260714,4,158,153,5,34.5,33.2,0.0,11.5,56.4
2026-07-14 01:30,2026-07-14 02:30,20260714,5,154,148,6,33.7,34.6,0.0,11.8,58.3
2026-07-14 02:00,2026-07-14 03:00,20260714,6,142,147,-5,33.2,35.1,0.0,11.8,58.7
2026-07-14 02:30,2026-07-14 03:30,20260714,7,142,145,-3,32.5,35.3,0.0,11.6,58.5
2026-07-14 03:00,2026-07-14 04:00,20260714,8,132,137,-5,31.0,36.7,0.0,11.8,60.2
2026-07-14 03:30,2026-07-14 04:30,20260714,9,145,135,10,28.8,37.4,0.1,12.0,61.3
2026-07-14 04:00,2026-07-14 05:00,20260714,10,133,136,-3,29.5,36.4,0.4,11.9,60.5
2026-07-14 04:30,2026-07-14 05:30,20260714,11,130,130,0,27.6,34.3,1.1,11.2,58.1
2026-07-14 05:00,2026-07-14 06:00,20260714,12,136,141,-5,28.0,34.1,2.7,11.2,59.5
2026-07-14 05:30,2026-07-14 06:30,20260714,13,129,123,6,26.4,34.8,6.1,11.4,65.0
2026-07-14 06:00,2026-07-14 07:00,20260714,14,130,115,15,21.0,29.6,7.7,9.9,58.2
2026-07-14 06:30,2026-07-14 07:30,20260714,15,135,104,31,17.0,27.7,10.5,9.7,59.2
2026-07-14 07:00,2026-07-14 08:00,20260714,16,150,93,57,14.1,27.0,14.3,9.6,61.9
2026-07-14 07:30,2026-07-14 08:30,20260714,17,150,85,65,11.5,26.8,18.3,9.5,65.0
2026-07-14 08:00,2026-07-14 09:00,20260714,18,96,69,27,7.5,26.0,22.7,9.5,67.8
2026-07-14 08:30,2026-07-14 09:30,20260714,19,78,63,15,5.8,24.6,26.4,9.3,69.6
2026-07-14 09:00,2026-07-14 10:00,20260714,20,62,60,2,5.9,24.3,29.5,9.2,70.7
2026-07-14 09:30,2026-07-14 10:30,20260714,21,56,58,-2,5.7,23.3,32.0,9.0,71.6
2026-07-14 10:00,2026-07-14 11:00,20260714,22,55,56,-1,5.7,22.9,33.9,8.9,72.3
2026-07-14 10:30,2026-07-14 11:30,20260714,23,53,55,-2,5.6,22.6,35.8,8.9,73.2
2026-07-14 11:00,2026-07-14 12:00,20260714,24,52,54,-2,5.4,22.6,36.5,8.9,73.3
2026-07-14 11:30,2026-07-14 12:30,20260714,25,50,56,-6,5.8,21.8,38.5,9.1,74.8
2026-07-14 12:00,2026-07-14 13:00,20260714,26,49,55,-6,5.7,21.7,38.9,9.1,75.0
2026-07-14 12:30,2026-07-14 13:30,20260714,27,50,56,-6,5.8,21.5,38.8,9.1,74.7
2026-07-14 13:00,2026-07-14 14:00,20260714,28,51,59,-8,6.5,20.8,38.4,9.0,74.3
2026-07-14 13:30,2026-07-14 14:30,20260714,29,53,61,-8,6.8,20.8,38.2,9.2,75.3
2026-07-14 14:00,2026-07-14 15:00,20260714,30,55,63,-8,7.2,21.0,37.5,9.1,75.2
2026-07-14 14:30,2026-07-14 15:30,20260714,31,60,74,-14,9.0,20.5,34.8,9.0,71.1
2026-07-14 15:00,2026-07-14 16:00,20260714,32,65,88,-23,12.4,20.0,31.7,8.8,68.0
2026-07-14 15:30,2026-07-14 16:30,20260714,33,73,121,-48,20.2,19.2,28.0,8.7,64.1
2026-07-14 16:00,2026-07-14 17:00,20260714,34,94,131,-37,23.4,18.9,24.5,8.9,60.9
2026-07-14 16:30,2026-07-14 17:30,20260714,35,112,146,-34,27.5,17.7,19.8,8.8,57.3
2026-07-14 17:00,2026-07-14 18:00,20260714,36,155,158,-3,30.0,17.4,15.5,8.7,53.9
2026-07-14 17:30,2026-07-14 18:30,20260714,37,155,172,-17,32.9,17.6,12.3,8.8,50.5
2026-07-14 18:00,2026-07-14 19:00,20260714,38,170,177,-7,33.7,18.3,9.8,8.8,48.8
2026-07-14 18:30,2026-07-14 19:30,20260714,39,174,179,-5,36.8,19.5,6.8,9.1,47.4
2026-07-14 19:00,2026-07-14 20:00,20260714,40,181,181,0,38.5,20.9,4.2,9.6,46.6
2026-07-14 19:30,2026-07-14 20:30,20260714,41,188,186,2,40.6,22.2,1.7,10.0,46.4
2026-07-14 20:00,2026-07-14 21:00,20260714,42,193,186,7,40.5,22.9,0.5,10.4,46.1
2026-07-14 20:30,2026-07-14 21:30,20260714,43,190,187,3,41.0,23.2,0.2,10.8,46.4
2026-07-14 21:00,2026-07-14 22:00,20260714,44,192,190,2,43.2,23.7,0.0,11.1,45.6
2026-07-14 21:30,2026-07-14 22:30,20260714,45,189,191,-2,44.5,24.8,0.0,11.9,47.5
2026-07-14 22:00,2026-07-14 23:00,20260714,46,189,191,-2,44.4,24.3,0.0,12.3,47.6
2026-07-14 22:30,2026-07-14 23:30,20260714,47,192,181,11,42.6,24.8,0.0,12.6,48.3
2026-07-14 23:00,2026-07-15 00:00,20260715,0,192,178,14,41.2,25.4,0.0,12.8,49.3
2026-07-14 23:30,2026-07-15 00:30,20260715,1,189,179,10,41.6,25.3,0.0,13.2,49.8
2026-07-15 00:00,2026-07-15 01:00,20260715,2,177,183,-6,42.3,24.5,0.0,13.2,49.0
2026-07-15 00:30,2026-07-15 01:30,20260715,3,173,184,-11,42.7,23.1,0.0,13.0,47.2
2026-07-15 01:00,2026-07-15 02:00,20260715,4,177,180,-3,42.0,23.4,0.0,13.2,47.7
2026-07-15 01:30,2026-07-15 02:30,20260715,5,187,178,9,41.1,23.9,0.0,13.3,48.3
2026-07-15 02:00,2026-07-15 03:00,20260715,6,175,173,2,40.0,24.9,0.0,13.4,49.5
2026-07-15 02:30,2026-07-15 03:30,20260715,7,182,177,5,40.8,24.7,0.0,13.7,49.9
2026-07-15 03:00,2026-07-15 04:00,20260715,8,163,178,-15,41.1,24.1,0.0,13.8,49.4
2026-07-15 03:30,2026-07-15 04:30,20260715,9,178,183,-5,42.0,24.1,0.0,13.8,49.4
2026-07-15 04:00,2026-07-15 05:00,20260715,10,180,184,-4,42.5,23.1,0.4,13.7,48.6
2026-07-15 04:30,2026-07-15 05:30,20260715,11,188,190,-2,42.0,21.1,1.2,13.2,46.7
2026-07-15 05:00,2026-07-15 06:00,20260715,12,194,192,2,40.8,19.5,3.0,12.5,45.7
2026-07-15 05:30,2026-07-15 06:30,20260715,13,193,183,10,37.4,17.8,6.1,11.8,45.8
2026-07-15 06:00,2026-07-15 07:00,20260715,14,193,177,16,35.3,17.0,8.8,11.2,47.1
2026-07-15 06:30,2026-07-15 07:30,20260715,15,178,161,17,31.2,16.4,11.9,10.8,48.7
2026-07-15 07:00,2026-07-15 08:00,20260715,16,165,153,12,29.8,15.4,15.6,10.6,51.0
2026-07-15 07:30,2026-07-15 08:30,20260715,17,152,134,18,24.6,14.3,19.9,10.3,53.1
2026-07-15 08:00,2026-07-15 09:00,20260715,18,135,123,12,21.6,13.1,24.4,10.1,55.9
2026-07-15 08:30,2026-07-15 09:30,20260715,19,118,106,12,16.1,14.3,28.5,8.3,58.8
2026-07-15 09:00,2026-07-15 10:00,20260715,20,107,103,4,16.6,11.6,31.0,10.0,61.1
2026-07-15 09:30,2026-07-15 10:30,20260715,21,97,96,1,15.1,11.4,33.7,9.9,63.1
2026-07-15 10:00,2026-07-15 11:00,20260715,22,89,87,2,13.2,11.4,36.2,9.9,65.3
2026-07-15 10:30,2026-07-15 11:30,20260715,23,84,83,1,12.2,11.4,37.6,9.9,66.7
2026-07-15 11:00,2026-07-15 12:00,20260715,24,78,82,-4,11.7,11.1,38.8,9.9,67.1
2026-07-15 11:30,2026-07-15 12:30,20260715,25,72,85,-13,13.1,11.1,39.8,10.0,67.7
2026-07-15 12:00,2026-07-15 13:00,20260715,26,80,84,-4,13.2,11.1,39.9,10.0,67.6
2026-07-15 12:30,2026-07-15 13:30,20260715,27,78,86,-8,13.1,11.5,39.1,9.9,67.3
2026-07-15 13:00,2026-07-15 14:00,20260715,28,79,84,-5,12.6,11.9,38.8,9.8,68.1
2026-07-15 13:30,2026-07-15 14:30,20260715,29,81,85,-4,13.2,12.0,38.0,9.9,67.7
2026-07-15 14:00,2026-07-15 15:00,20260715,30,79,88,-9,14.0,12.3,36.6,9.9,66.6
2026-07-15 14:30,2026-07-15 15:30,20260715,31,88,100,-12,18.3,12.7,34.8,10.0,65.4
2026-07-15 15:00,2026-07-15 16:00,20260715,32,104,123,-19,23.4,12.4,30.8,9.6,60.5
2026-07-15 15:30,2026-07-15 16:30,20260715,33,107,154,-47,30.6,12.5,27.5,9.5,57.6
2026-07-15 16:00,2026-07-15 17:00,20260715,34,132,167,-35,34.3,13.1,23.8,9.5,54.6
2026-07-15 16:30,2026-07-15 17:30,20260715,35,164,176,-12,36.8,13.4,19.5,9.3,51.0
2026-07-15 17:00,2026-07-15 18:00,20260715,36,188,184,4,38.6,14.3,15.3,9.3,48.5
2026-07-15 17:30,2026-07-15 18:30,20260715,37,183,192,-9,40.7,14.5,12.3,9.3,46.6
2026-07-15 18:00,2026-07-15 19:00,20260715,38,190,198,-8,42.5,14.7,10.0,9.6,45.0
2026-07-15 18:30,2026-07-15 19:30,20260715,39,198,201,-3,44.7,15.4,7.0,10.0,44.1
2026-07-15 19:00,2026-07-15 20:00,20260715,40,204,208,-4,46.9,16.1,4.4,10.6,42.3
2026-07-15 19:30,2026-07-15 20:30,20260715,41,217,215,2,48.9,16.1,1.8,11.0,41.8
2026-07-15 20:00,2026-07-15 21:00,20260715,42,220,217,3,50.1,16.7,0.5,11.4,41.6
2026-07-15 20:30,2026-07-15 21:30,20260715,43,225,217,8,50.4,16.6,0.2,11.7,40.4
2026-07-15 21:00,2026-07-15 22:00,20260715,44,226,222,4,51.7,16.0,0.0,11.8,39.1
2026-07-15 21:30,2026-07-15 22:30,20260715,45,225,224,1,52.4,15.5,0.0,12.2,38.5
2026-07-15 22:00,2026-07-15 23:00,20260715,46,226,224,2,52.2,14.9,0.0,12.4,38.3
2026-07-15 22:30,2026-07-15 23:30,20260715,47,227,221,6,51.7,14.7,0.0,12.7,38.3
2026-07-15 23:00,2026-07-16 00:00,20260716,0,230,221,9,51.4,14.3,0.0,13.0,38.4
2026-07-15 23:30,2026-07-16 00:30,20260716,1,225,217,8,50.9,14.3,0.0,13.2,38.6
2026-07-16 00:00,2026-07-16 01:00,20260716,2,223,219,4,50.3,13.4,0.0,13.3,37.9
2026-07-16 00:30,2026-07-16 01:30,20260716,3,225,218,7,50.7,12.9,0.0,13.5,37.6
2026-07-16 01:00,2026-07-16 02:00,20260716,4,222,216,6,49.9,12.9,0.0,13.8,38.1
2026-07-16 01:30,2026-07-16 02:30,20260716,5,221,220,1,51.4,13.1,0.0,13.8,38.2
2026-07-16 02:00,2026-07-16 03:00,20260716,6,219,216,3,50.3,13.7,0.0,14.0,39.1
2026-07-16 02:30,2026-07-16 03:30,20260716,7,215,219,-4,51.0,14.0,0.0,13.9,39.2
2026-07-16 03:00,2026-07-16 04:00,20260716,8,215,219,-4,51.3,13.8,0.0,14.0,39.2
2026-07-16 03:30,2026-07-16 04:30,20260716,9,217,226,-9,52.7,13.7,0.0,13.9,38.9
2026-07-16 04:00,2026-07-16 05:00,20260716,10,220,226,-6,52.4,13.5,0.5,13.7,39.0
2026-07-16 04:30,2026-07-16 05:30,20260716,11,220,223,-3,50.2,12.5,1.4,13.0,38.4
2026-07-16 05:00,2026-07-16 06:00,20260716,12,224,218,6,47.6,11.7,3.6,12.3,39.1
2026-07-16 05:30,2026-07-16 06:30,20260716,13,220,207,13,44.9,11.1,7.4,12.0,41.3
2026-07-16 06:00,2026-07-16 07:00,20260716,14,215,197,18,41.7,10.6,10.6,11.4,43.3
2026-07-16 06:30,2026-07-16 07:30,20260716,15,209,174,35,35.5,9.9,14.2,10.9,44.5
2026-07-16 07:00,2026-07-16 08:00,20260716,16,188,158,30,31.1,9.6,18.7,10.9,48.5
2026-07-16 07:30,2026-07-16 08:30,20260716,17,165,140,25,26.3,9.3,23.0,10.7,52.0
2026-07-16 08:00,2026-07-16 09:00,20260716,18,144,130,14,24.0,8.8,27.1,10.4,55.0
2026-07-16 08:30,2026-07-16 09:30,20260716,19,131,121,10,21.8,8.5,30.1,10.1,57.0
2026-07-16 09:00,2026-07-16 10:00,20260716,20,122,112,10,19.1,7.9,33.1,10.1,59.4
2026-07-16 09:30,2026-07-16 10:30,20260716,21,116,107,9,17.3,7.3,35.1,9.7,60.1
2026-07-16 10:00,2026-07-16 11:00,20260716,22,111,104,7,16.6,7.1,36.7,9.7,61.5
2026-07-16 10:30,2026-07-16 11:30,20260716,23,110,101,9,16.8,7.3,37.6,9.7,62.6
2026-07-16 11:00,2026-07-16 12:00,20260716,24,96,100,-4,16.5,7.3,37.9,9.6,62.8
2026-07-16 11:30,2026-07-16 12:30,20260716,25,94,101,-7,16.9,7.6,38.2,9.6,63.4
2026-07-16 12:00,2026-07-16 13:00,20260716,26,94,102,-8,17.0,7.7,37.8,9.5,62.9
2026-07-16 12:30,2026-07-16 13:30,20260716,27,93,104,-11,17.8,8.2,37.9,9.6,63.6
2026-07-16 13:00,2026-07-16 14:00,20260716,28,105,109,-4,19.3,8.7,36.6,9.6,62.8
2026-07-16 13:30,2026-07-16 14:30,20260716,29,114,117,-3,21.7,9.1,36.1,9.8,63.0
2026-07-16 14:00,2026-07-16 15:00,20260716,30,112,124,-12,23.2,9.2,34.5,9.8,61.5
2026-07-16 14:30,2026-07-16 15:30,20260716,31,121,132,-11,25.6,9.2,32.6,9.9,59.8
2026-07-16 15:00,2026-07-16 16:00,20260716,32,128,151,-23,30.4,9.0,28.7,9.6,55.3
2026-07-16 15:30,2026-07-16 16:30,20260716,33,140,169,-29,35.8,9.1,25.4,9.4,51.9
2026-07-16 16:00,2026-07-16 17:00,20260716,34,157,173,-16,37.3,9.0,21.6,9.3,50.4
2026-07-16 16:30,2026-07-16 17:30,20260716,35,172,183,-11,38.3,9.2,17.9,9.3,47.8
2026-07-16 17:00,2026-07-16 18:00,20260716,36,189,192,-3,39.4,9.2,14.9,9.5,45.5
2026-07-16 17:30,2026-07-16 18:30,20260716,37,192,199,-7,39.5,9.3,11.7,9.3,42.7
2026-07-16 18:00,2026-07-16 19:00,20260716,38,205,206,-1,40.6,9.3,9.3,9.4,40.5
2026-07-16 18:30,2026-07-16 19:30,20260716,39,207,207,0,42.5,9.7,6.6,9.8,38.7
2026-07-16 19:00,2026-07-16 20:00,20260716,40,219,210,9,43.7,10.2,4.1,10.1,37.8
2026-07-16 19:30,2026-07-16 20:30,20260716,41,229,211,18,45.9,10.3,1.6,10.5,36.5
2026-07-16 20:00,2026-07-16 21:00,20260716,42,223,220,3,48.3,10.0,0.4,10.9,34.0
2026-07-16 20:30,2026-07-16 21:30,20260716,43,224,220,4,49.7,10.4,0.1,11.2,35.2
2026-07-16 21:00,2026-07-16 22:00,20260716,44,231,225,6,51.1,10.7,0.0,11.5,34.3
2026-07-16 21:30,2026-07-16 22:30,20260716,45,230,231,-1,52.5,11.4,0.0,12.1,34.7
2026-07-16 22:00,2026-07-16 23:00,20260716,46,233,229,4,52.3,11.8,0.0,12.3,35.4
2026-07-16 22:30,2026-07-16 23:30,20260716,47,232,236,-4,54.6,12.0,0.0,12.6,35.5
2026-07-16 23:00,2026-07-17 00:00,20260717,0,233,235,-2,54.2,12.1,0.0,12.6,35.6
2026-07-16 23:30,2026-07-17 00:30,20260717,1,232,232,0,54.6,12.3,0.0,13.1,36.6
2026-07-17 00:00,2026-07-17 01:00,20260717,2,237,230,7,54.1,12.6,0.0,13.4,37.4
2026-07-17 00:30,2026-07-17 01:30,20260717,3,234,231,3,54.5,12.2,0.0,13.3,36.6
2026-07-17 01:00,2026-07-17 02:00,20260717,4,232,229,3,54.4,12.3,0.0,13.4,36.8
2026-07-17 01:30,2026-07-17 02:30,20260717,5,229,228,1,53.9,12.5,0.0,13.4,37.0
2026-07-17 02:00,2026-07-17 03:00,20260717,6,227,229,-2,54.0,12.3,0.0,13.4,36.8
2026-07-17 02:30,2026-07-17 03:30,20260717,7,222,232,-10,54.8,12.7,0.0,13.6,38.0
2026-07-17 03:00,2026-07-17 04:00,20260717,8,229,233,-4,55.0,12.4,0.0,13.6,37.7
2026-07-17 03:30,2026-07-17 04:30,20260717,9,231,231,0,53.7,12.3,0.0,13.4,37.2
2026-07-17 04:00,2026-07-17 05:00,20260717,10,233,228,5,52.5,12.8,0.4,13.2,37.8
2026-07-17 04:30,2026-07-17 05:30,20260717,11,235,220,15,50.7,12.7,1.3,13.2,38.6
2026-07-17 05:00,2026-07-17 06:00,20260717,12,228,216,12,48.5,12.2,3.4,12.6,39.2
2026-07-17 05:30,2026-07-17 06:30,20260717,13,225,208,17,46.2,11.8,7.1,12.1,41.7
2026-07-17 06:00,2026-07-17 07:00,20260717,14,214,200,14,43.2,11.2,10.1,11.5,43.0
2026-07-17 06:30,2026-07-17 07:30,20260717,15,210,178,32,38.1,10.7,13.5,11.1,44.7
2026-07-17 07:00,2026-07-17 08:00,20260717,16,190,158,32,31.0,10.0,17.8,11.2,48.4
2026-07-17 07:30,2026-07-17 08:30,20260717,17,167,133,34,23.9,9.8,21.8,10.8,51.3
2026-07-17 08:00,2026-07-17 09:00,20260717,18,140,119,21,20.2,9.4,26.1,10.7,54.9
2026-07-17 08:30,2026-07-17 09:30,20260717,19,120,106,14,16.7,8.6,30.2,10.7,58.2
2026-07-17 09:00,2026-07-17 10:00,20260717,20,115,99,16,15.1,8.7,32.7,10.6,60.4
2026-07-17 09:30,2026-07-17 10:30,20260717,21,98,96,2,14.4,8.7,34.9,10.4,62.2
2026-07-17 10:00,2026-07-17 11:00,20260717,22,94,88,6,12.7,8.8,36.9,10.3,64.2
2026-07-17 10:30,2026-07-17 11:30,20260717,23,88,84,4,11.9,8.9,37.8,10.3,65.1
2026-07-17 11:00,2026-07-17 12:00,20260717,24,82,82,0,11.0,9.5,38.1,10.2,65.9
2026-07-17 11:30,2026-07-17 12:30,20260717,25,76,80,-4,11.0,10.4,38.1,10.1,66.5
2026-07-17 12:00,2026-07-17 13:00,20260717,26,73,78,-5,10.3,11.2,38.0,10.1,67.2
2026-07-17 12:30,2026-07-17 13:30,20260717,27,75,79,-4,10.4,10.7,38.2,10.2,66.7
2026-07-17 13:00,2026-07-17 14:00,20260717,28,68,81,-13,10.9,10.2,38.4,10.3,66.2
2026-07-17 13:30,2026-07-17 14:30,20260717,29,73,81,-8,11.3,10.8,37.9,10.4,67.0
2026-07-17 14:00,2026-07-17 15:00,20260717,30,81,87,-6,12.6,10.9,36.5,10.5,65.7
2026-07-17 14:30,2026-07-17 15:30,20260717,31,86,93,-7,14.0,11.4,34.4,10.5,64.5
2026-07-17 15:00,2026-07-17 16:00,20260717,32,99,106,-7,17.4,12.0,30.9,10.4,61.8
2026-07-17 15:30,2026-07-17 16:30,20260717,33,97,136,-39,25.1,12.6,27.8,10.3,59.7
2026-07-17 16:00,2026-07-17 17:00,20260717,34,115,151,-36,30.8,13.5,24.0,10.2,56.2
2026-07-17 16:30,2026-07-17 17:30,20260717,35,129,169,-40,35.2,14.4,20.0,10.2,53.1
2026-07-17 17:00,2026-07-17 18:00,20260717,36,159,176,-17,36.6,15.2,16.2,10.3,50.4
2026-07-17 17:30,2026-07-17 18:30,20260717,37,184,174,10,36.5,16.6,13.0,10.4,50.0
2026-07-17 18:00,2026-07-17 19:00,20260717,38,188,180,8,37.4,17.8,10.4,10.5,48.6
2026-07-17 18:30,2026-07-17 19:30,20260717,39,182,183,-1,38.6,19.6,7.0,10.7,47.4
2026-07-17 19:00,2026-07-17 20:00,20260717,40,184,185,-1,40.1,21.3,4.3,11.2,47.3
2026-07-17 19:30,2026-07-17 20:30,20260717,41,191,190,1,41.7,22.2,1.7,11.6,46.5
2026-07-17 20:00,2026-07-17 21:00,20260717,42,192,190,2,42.8,22.6,0.5,11.9,46.6
2026-07-17 20:30,2026-07-17 21:30,20260717,43,194,194,0,43.8,22.6,0.1,12.1,45.7
2026-07-17 21:00,2026-07-17 22:00,20260717,44,195,191,4,43.3,23.2,0.0,12.4,46.2
2026-07-17 21:30,2026-07-17 22:30,20260717,45,195,174,21,39.1,23.4,0.0,12.7,47.5
2026-07-17 22:00,2026-07-17 23:00,20260717,46,195,164,31,35.4,23.5,0.0,13.4,49.8
2026-07-17 22:30,2026-07-17 23:30,20260717,47,179,160,19,34.6,23.4,0.0,13.7,49.7
2026-07-17 23:00,2026-07-18 00:00,20260718,0,178,157,21,33.8,23.4,0.0,14.1,50.3
2026-07-17 23:30,2026-07-18 00:30,20260718,1,175,152,23,31.5,22.9,0.0,14.5,49.3
2026-07-18 00:00,2026-07-18 01:00,20260718,2,157,144,13,28.7,22.9,0.0,14.9,51.0
2026-07-18 00:30,2026-07-18 01:30,20260718,3,151,132,19,26.0,23.6,0.0,15.1,51.4
2026-07-18 01:00,2026-07-18 02:00,20260718,4,140,123,17,23.6,25.7,0.0,15.2,53.6
2026-07-18 01:30,2026-07-18 02:30,20260718,5,136,123,13,22.8,27.6,0.0,15.5,54.8
2026-07-18 02:00,2026-07-18 03:00,20260718,6,121,114,7,20.7,28.8,0.0,15.9,56.5
2026-07-18 02:30,2026-07-18 03:30,20260718,7,118,109,9,18.3,30.6,0.0,16.2,58.9
2026-07-18 03:00,2026-07-18 04:00,20260718,8,108,97,11,15.0,32.4,0.0,16.8,61.6
2026-07-18 03:30,2026-07-18 04:30,20260718,9,105,90,15,14.3,34.6,0.0,17.1,64.3
2026-07-18 04:00,2026-07-18 05:00,20260718,10,99,90,9,14.2,34.8,0.5,16.9,64.6
2026-07-18 04:30,2026-07-18 05:30,20260718,11,103,95,8,14.4,33.4,1.5,16.1,63.1
2026-07-18 05:00,2026-07-18 06:00,20260718,12,94,92,2,13.4,31.8,3.9,15.7,63.3
2026-07-18 05:30,2026-07-18 06:30,20260718,13,95,87,8,12.6,29.0,8.1,14.5,61.4
2026-07-18 06:00,2026-07-18 07:00,20260718,14,93,88,5,11.8,27.5,11.7,14.2,60.0
2026-07-18 06:30,2026-07-18 07:30,20260718,15,86,92,-6,11.1,26.6,14.9,13.6,59.3
2026-07-18 07:00,2026-07-18 08:00,20260718,16,72,84,-12,10.6,27.0,18.3,13.1,61.6
2026-07-18 07:30,2026-07-18 08:30,20260718,17,77,79,-2,9.5,26.3,21.7,12.4,64.0
2026-07-18 08:00,2026-07-18 09:00,20260718,18,70,72,-2,8.6,25.0,25.5,12.1,66.1
2026-07-18 08:30,2026-07-18 09:30,20260718,19,65,71,-6,7.9,24.6,27.9,11.7,67.0
2026-07-18 09:00,2026-07-18 10:00,20260718,20,63,66,-3,7.3,25.1,29.5,11.2,68.5
2026-07-18 09:30,2026-07-18 10:30,20260718,21,62,63,-1,7.1,24.1,32.0,11.2,70.0
2026-07-18 10:00,2026-07-18 11:00,20260718,22,59,61,-2,6.8,23.4,33.3,11.2,70.6
2026-07-18 10:30,2026-07-18 11:30,20260718,23,56,57,-1,6.3,24.0,33.9,11.1,71.7
2026-07-18 11:00,2026-07-18 12:00,20260718,24,54,56,-2,6.2,24.9,33.9,10.9,72.3
2026-07-18 11:30,2026-07-18 12:30,20260718,25,51,58,-7,6.2,24.6,33.9,10.9,72.0
2026-07-18 12:00,2026-07-18 13:00,20260718,26,52,59,-7,6.3,23.8,34.0,11.0,71.4
2026-07-18 12:30,2026-07-18 13:30,20260718,27,52,58,-6,6.3,24.2,33.4,11.1,71.3
2026-07-18 13:00,2026-07-18 14:00,20260718,28,53,57,-4,6.3,25.8,32.4,11.0,71.8
2026-07-18 13:30,2026-07-18 14:30,20260718,29,54,56,-2,6.4,27.6,31.0,11.2,72.5
2026-07-18 14:00,2026-07-18 15:00,20260718,30,53,57,-4,6.5,28.9,29.3,11.3,72.3
2026-07-18 14:30,2026-07-18 15:30,20260718,31,55,58,-3,6.5,28.2,27.5,11.4,69.9
2026-07-18 15:00,2026-07-18 16:00,20260718,32,60,57,3,6.2,29.3,25.5,11.6,69.4
2026-07-18 15:30,2026-07-18 16:30,20260718,33,65,58,7,6.1,31.0,22.7,11.4,68.3
2026-07-18 16:00,2026-07-18 17:00,20260718,34,57,61,-4,6.5,33.0,19.6,11.4,68.0
2026-07-18 16:30,2026-07-18 17:30,20260718,35,59,68,-9,6.8,33.4,16.9,11.5,67.7
2026-07-18 17:00,2026-07-18 18:00,20260718,36,63,75,-12,7.6,33.0,13.8,11.6,66.2
2026-07-18 17:30,2026-07-18 18:30,20260718,37,69,82,-13,8.4,32.6,11.5,11.8,64.5
2026-07-18 18:00,2026-07-18 19:00,20260718,38,69,81,-12,8.0,33.2,9.4,12.0,65.0
2026-07-18 18:30,2026-07-18 19:30,20260718,39,73,97,-24,9.9,31.8,6.5,12.2,62.2
2026-07-18 19:00,2026-07-18 20:00,20260718,40,69,94,-25,10.7,34.6,3.8,12.6,62.6
2026-07-18 19:30,2026-07-18 20:30,20260718,41,79,104,-25,11.0,33.5,1.6,13.0,61.5
2026-07-18 20:00,2026-07-18 21:00,20260718,42,75,104,-29,12.4,34.5,0.5,13.2,61.3
2026-07-18 20:30,2026-07-18 21:30,20260718,43,81,94,-13,11.9,36.2,0.1,13.3,62.6
2026-07-18 21:00,2026-07-18 22:00,20260718,44,82,93,-11,12.0,37.2,0.0,13.4,62.8
2026-07-18 21:30,2026-07-18 22:30,20260718,45,76,89,-13,11.8,37.9,0.0,14.0,63.5
2026-07-18 22:00,2026-07-18 23:00,20260718,46,80,83,-3,10.6,38.1,0.0,14.3,64.3
2026-07-18 22:30,2026-07-18 23:30,20260718,47,75,83,-8,10.1,38.2,0.0,14.4,64.0
2026-07-18 23:00,2026-07-19 00:00,20260719,0,78,82,-4,10.2,38.2,0.0,14.6,64.0
2026-07-18 23:30,2026-07-19 00:30,20260719,1,78,85,-7,10.6,40.5,0.0,15.2,67.9
2026-07-19 00:00,2026-07-19 01:00,20260719,2,71,83,-12,10.7,41.1,0.0,15.3,68.5
2026-07-19 00:30,2026-07-19 01:30,20260719,3,70,78,-8,11.0,42.0,0.0,15.5,68.3
2026-07-19 01:00,2026-07-19 02:00,20260719,4,71,79,-8,11.8,43.1,0.0,15.6,67.1
2026-07-19 01:30,2026-07-19 02:30,20260719,5,70,68,2,11.7,43.3,0.0,15.4,65.4
2026-07-19 02:00,2026-07-19 03:00,20260719,6,69,67,2,11.5,43.7,0.0,15.2,65.6
2026-07-19 02:30,2026-07-19 03:30,20260719,7,63,70,-7,11.9,42.9,0.0,15.3,64.9
2026-07-19 03:00,2026-07-19 04:00,20260719,8,68,69,-1,12.0,43.0,0.0,15.8,65.2
2026-07-19 03:30,2026-07-19 04:30,20260719,9,71,78,-7,12.4,41.6,0.0,16.1,64.1
2026-07-19 04:00,2026-07-19 05:00,20260719,10,74,83,-9,12.4,39.5,0.5,16.1,62.5
2026-07-19 04:30,2026-07-19 05:30,20260719,11,78,88,-10,12.2,37.2,1.5,16.0,60.9
2026-07-19 05:00,2026-07-19 06:00,20260719,12,77,85,-8,12.1,35.9,3.8,15.9,61.8
2026-07-19 05:30,2026-07-19 06:30,20260719,13,84,85,-1,11.7,32.0,8.4,15.2,61.0
2026-07-19 06:00,2026-07-19 07:00,20260719,14,80,81,-1,11.3,30.8,12.2,14.8,62.2
2026-07-19 06:30,2026-07-19 07:30,20260719,15,80,82,-2,10.5,28.3,15.8,14.1,61.7
2026-07-19 07:00,2026-07-19 08:00,20260719,16,75,77,-2,9.6,26.7,19.9,13.6,63.6
2026-07-19 07:30,2026-07-19 08:30,20260719,17,74,75,-1,9.3,24.5,23.8,13.2,64.8
2026-07-19 08:00,2026-07-19 09:00,20260719,18,70,72,-2,8.9,22.2,27.6,12.8,65.8
2026-07-19 08:30,2026-07-19 09:30,20260719,19,65,72,-7,8.8,20.0,30.8,12.5,66.4
2026-07-19 09:00,2026-07-19 10:00,20260719,20,65,71,-6,8.6,18.2,33.3,12.2,66.7
2026-07-19 09:30,2026-07-19 10:30,20260719,21,65,69,-4,8.3,17.1,34.7,11.9,66.7
2026-07-19 10:00,2026-07-19 11:00,20260719,22,66,71,-5,8.1,15.7,36.1,11.7,66.4
2026-07-19 10:30,2026-07-19 11:30,20260719,23,56,64,-8,7.6,16.5,37.2,11.6,68.2
2026-07-19 11:00,2026-07-19 12:00,20260719,24,62,62,0,7.4,17.6,37.8,11.5,69.7
2026-07-19 11:30,2026-07-19 12:30,20260719,25,61,60,1,7.5,18.1,38.9,11.5,71.3
2026-07-19 12:00,2026-07-19 13:00,20260719,26,55,57,-2,7.1,18.7,40.0,11.4,72.8
2026-07-19 12:30,2026-07-19 13:30,20260719,27,53,56,-3,7.3,18.6,40.4,11.4,73.1
2026-07-19 13:00,2026-07-19 14:00,20260719,28,53,58,-5,7.6,17.8,40.2,11.7,72.5
2026-07-19 13:30,2026-07-19 14:30,20260719,29,52,58,-6,7.8,17.9,40.0,11.8,72.5
2026-07-19 14:00,2026-07-19 15:00,20260719,30,56,58,-2,8.0,18.7,38.8,11.8,72.1
2026-07-19 14:30,2026-07-19 15:30,20260719,31,55,58,-3,7.4,19.0,36.5,11.8,70.1
2026-07-19 15:00,2026-07-19 16:00,20260719,32,62,63,-1,7.4,20.6,33.6,11.6,68.6
2026-07-19 15:30,2026-07-19 16:30,20260719,33,63,68,-5,8.0,21.1,30.1,11.6,65.7
2026-07-19 16:00,2026-07-19 17:00,20260719,34,63,73,-10,8.9,22.4,26.5,11.7,64.2
2026-07-19 16:30,2026-07-19 17:30,20260719,35,74,83,-9,10.3,23.5,21.4,11.4,62.4
2026-07-19 17:00,2026-07-19 18:00,20260719,36,86,92,-6,11.9,24.0,17.1,11.6,60.6
2026-07-19 17:30,2026-07-19 18:30,20260719,37,97,100,-3,13.7,23.9,13.8,11.7,58.3
2026-07-19 18:00,2026-07-19 19:00,20260719,38,97,110,-13,15.3,23.5,10.8,11.6,55.8
2026-07-19 18:30,2026-07-19 19:30,20260719,39,105,115,-10,16.1,23.6,7.5,12.2,53.4
2026-07-19 19:00,2026-07-19 20:00,20260719,40,113,119,-6,16.4,24.0,4.6,12.6,51.9
2026-07-19 19:30,2026-07-19 20:30,20260719,41,121,129,-8,18.1,23.5,1.7,12.6,50.3
2026-07-19 20:00,2026-07-19 21:00,20260719,42,117,128,-11,19.7,24.2,0.5,13.0,49.8
2026-07-19 20:30,2026-07-19 21:30,20260719,43,118,131,-13,20.5,23.4,0.1,13.3,48.8
2026-07-19 21:00,2026-07-19 22:00,20260719,44,126,129,-3,20.8,23.7,0.0,13.6,48.7
2026-07-19 21:30,2026-07-19 22:30,20260719,45,123,123,0,19.9,24.4,0.0,14.2,50.0
2026-07-19 22:00,2026-07-19 23:00,20260719,46,124,116,8,16.7,24.8,0.0,14.4,51.0
2026-07-19 22:30,2026-07-19 23:30,20260719,47,133,115,18,15.7,24.0,0.0,14.7,50.7
2026-07-19 23:00,2026-07-20 00:00,20260720,0,138,113,25,15.3,23.5,0.0,15.1,50.7
2026-07-19 23:30,2026-07-20 00:30,20260720,1,148,108,40,14.5,24.4,0.0,15.4,51.5
2026-07-20 00:00,2026-07-20 01:00,20260720,2,106,106,0,13.6,24.8,0.0,15.5,51.7
2026-07-20 00:30,2026-07-20 01:30,20260720,3,96,107,-11,13.3,25.0,0.0,15.7,50.9
2026-07-20 01:00,2026-07-20 02:00,20260720,4,92,102,-10,12.3,25.2,0.0,16.2,51.3
2026-07-20 01:30,2026-07-20 02:30,20260720,5,92,103,-11,12.4,24.4,0.0,16.4,51.3
2026-07-20 02:00,2026-07-20 03:00,20260720,6,86,99,-13,12.5,25.6,0.0,16.5,52.9
2026-07-20 02:30,2026-07-20 03:30,20260720,7,88,104,-16,15.0,27.7,0.0,17.1,57.1
2026-07-20 03:00,2026-07-20 04:00,20260720,8,96,103,-7,15.9,27.4,0.0,17.3,58.4
2026-07-20 03:30,2026-07-20 04:30,20260720,9,83,105,-22,18.8,26.8,0.0,17.3,57.7
2026-07-20 04:00,2026-07-20 05:00,20260720,10,154,110,44,19.7,24.7,0.6,17.3,56.5
2026-07-20 04:30,2026-07-20 05:30,20260720,11,108,121,-13,20.0,23.1,1.3,15.5,52.2
2026-07-20 05:00,2026-07-20 06:00,20260720,12,122,127,-5,19.9,21.8,3.5,14.5,51.4
2026-07-20 05:30,2026-07-20 06:30,20260720,13,135,131,4,20.5,18.5,7.6,13.3,50.3
2026-07-20 06:00,2026-07-20 07:00,20260720,14,128,132,-4,20.6,16.6,11.0,12.7,50.4
2026-07-20 06:30,2026-07-20 07:30,20260720,15,132,130,2,20.0,14.8,14.5,12.2,51.2
2026-07-20 07:00,2026-07-20 08:00,20260720,16,128,123,5,18.9,13.0,19.1,11.8,53.4
2026-07-20 07:30,2026-07-20 08:30,20260720,17,118,114,4,17.7,12.0,23.4,11.5,56.1
2026-07-20 08:00,2026-07-20 09:00,20260720,18,110,108,2,16.5,11.0,27.5,11.2,58.5
2026-07-20 08:30,2026-07-20 09:30,20260720,19,98,99,-1,14.6,10.1,31.4,11.0,60.9
2026-07-20 09:00,2026-07-20 10:00,20260720,20,94,93,1,13.5,9.2,34.5,11.0,62.1
2026-07-20 09:30,2026-07-20 10:30,20260720,21,89,90,-1,12.6,8.8,36.9,10.8,62.9
2026-07-20 10:00,2026-07-20 11:00,20260720,22,84,85,-1,11.8,8.6,39.1,10.7,64.3
2026-07-20 10:30,2026-07-20 11:30,20260720,23,85,85,0,11.8,8.1,39.8,10.5,63.9
2026-07-20 11:00,2026-07-20 12:00,20260720,24,84,84,0,11.8,7.6,40.3,10.7,64.2
2026-07-20 11:30,2026-07-20 12:30,20260720,25,79,83,-4,12.0,8.1,40.3,10.7,63.9
2026-07-20 12:00,2026-07-20 13:00,20260720,26,78,82,-4,12.0,9.0,40.4,10.7,64.6
2026-07-20 12:30,2026-07-20 13:30,20260720,27,81,84,-3,12.1,9.1,39.6,10.8,64.0
2026-07-20 13:00,2026-07-20 14:00,20260720,28,78,86,-8,11.7,8.9,38.0,11.1,62.9
2026-07-20 13:30,2026-07-20 14:30,20260720,29,84,91,-7,12.4,8.7,36.0,11.1,61.8
2026-07-20 14:00,2026-07-20 15:00,20260720,30,85,95,-10,13.7,9.4,33.5,11.1,61.7
2026-07-20 14:30,2026-07-20 15:30,20260720,31,88,97,-9,14.2,10.2,30.9,11.0,60.9
2026-07-20 15:00,2026-07-20 16:00,20260720,32,116,109,7,17.5,10.4,28.7,10.6,58.2
2026-07-20 15:30,2026-07-20 16:30,20260720,33,111,126,-15,21.6,10.5,25.0,10.3,54.5
2026-07-20 16:00,2026-07-20 17:00,20260720,34,127,136,-9,24.9,10.7,21.7,10.4,51.5
2026-07-20 16:30,2026-07-20 17:30,20260720,35,149,148,1,27.4,11.3,17.7,10.4,48.4
2026-07-20 17:00,2026-07-20 18:00,20260720,36,153,153,0,28.5,12.0,14.1,10.4,46.8
2026-07-20 17:30,2026-07-20 18:30,20260720,37,158,160,-2,29.6,12.9,11.4,10.5,45.2
2026-07-20 18:00,2026-07-20 19:00,20260720,38,165,161,4,28.2,13.2,9.1,10.5,44.0
2026-07-20 18:30,2026-07-20 19:30,20260720,39,172,172,0,30.6,13.8,6.3,11.0,41.1
2026-07-20 19:00,2026-07-20 20:00,20260720,40,175,177,-2,31.6,14.0,3.6,11.4,39.4
2026-07-20 19:30,2026-07-20 20:30,20260720,41,176,182,-6,33.4,14.1,1.4,11.9,38.1
2026-07-20 20:00,2026-07-20 21:00,20260720,42,190,184,6,34.7,13.9,0.4,12.2,37.4
2026-07-20 20:30,2026-07-20 21:30,20260720,43,185,182,3,33.8,13.7,0.1,12.6,37.1
2026-07-20 21:00,2026-07-20 22:00,20260720,44,192,183,9,34.3,13.2,0.0,12.9,36.5
2026-07-20 21:30,2026-07-20 22:30,20260720,45,183,177,6,34.4,13.6,0.0,13.4,37.8
2026-07-20 22:00,2026-07-20 23:00,20260720,46,186,174,12,33.4,13.4,0.0,13.7,38.3
2026-07-20 22:30,2026-07-20 23:30,20260720,47,184,172,12,34.0,13.5,0.0,13.9,38.7
2026-07-20 23:00,2026-07-21 00:00,20260721,0,186,171,15,33.3,12.9,0.0,14.3,38.7
2026-07-20 23:30,2026-07-21 00:30,20260721,1,186,164,22,32.1,12.0,0.0,14.9,39.4
2026-07-21 00:00,2026-07-21 01:00,20260721,2,178,164,14,32.2,11.9,0.0,15.0,39.5
2026-07-21 00:30,2026-07-21 01:30,20260721,3,175,162,13,32.2,12.3,0.0,14.9,39.8
2026-07-21 01:00,2026-07-21 02:00,20260721,4,163,160,3,31.8,12.2,0.0,15.0,40.2
2026-07-21 01:30,2026-07-21 02:30,20260721,5,169,158,11,32.8,13.4,0.0,15.3,41.3
2026-07-21 02:00,2026-07-21 03:00,20260721,6,165,155,10,31.7,14.4,0.0,15.2,42.3
2026-07-21 02:30,2026-07-21 03:30,20260721,7,152,156,-4,33.0,15.3,0.0,15.4,43.5
2026-07-21 03:00,2026-07-21 04:00,20260721,8,157,152,5,32.2,16.6,0.0,15.4,44.7
2026-07-21 03:30,2026-07-21 04:30,20260721,9,160,152,8,32.1,17.6,0.0,15.3,46.5
2026-07-21 04:00,2026-07-21 05:00,20260721,10,153,151,2,31.7,17.8,0.5,15.1,47.0
2026-07-21 04:30,2026-07-21 05:30,20260721,11,172,149,23,31.2,18.0,1.1,14.6,46.4
2026-07-21 05:00,2026-07-21 06:00,20260721,12,165,150,15,30.1,17.2,2.9,13.8,46.4
2026-07-21 05:30,2026-07-21 06:30,20260721,13,165,149,16,26.9,15.6,6.8,12.8,46.0
2026-07-21 06:00,2026-07-21 07:00,20260721,14,159,148,11,26.1,14.8,9.7,12.1,46.9
2026-07-21 06:30,2026-07-21 07:30,20260721,15,141,144,-3,24.8,13.9,12.9,11.7,48.3
2026-07-21 07:00,2026-07-21 08:00,20260721,16,148,136,12,23.4,13.2,16.6,11.4,50.8
2026-07-21 07:30,2026-07-21 08:30,20260721,17,139,129,10,22.0,12.4,19.8,11.1,52.6
2026-07-21 08:00,2026-07-21 09:00,20260721,18,123,120,3,20.1,12.4,23.0,10.7,55.5
2026-07-21 08:30,2026-07-21 09:30,20260721,19,115,112,3,18.7,12.4,25.8,10.6,57.6
2026-07-21 09:00,2026-07-21 10:00,20260721,20,110,107,3,17.5,12.3,27.7,10.4,58.9
2026-07-21 09:30,2026-07-21 10:30,20260721,21,105,104,1,16.4,12.3,29.3,10.3,60.1
2026-07-21 10:00,2026-07-21 11:00,20260721,22,103,102,1,16.6,12.9,30.3,10.2,60.7
2026-07-21 10:30,2026-07-21 11:30,20260721,23,100,99,1,15.8,13.4,30.9,10.1,61.3
2026-07-21 11:00,2026-07-21 12:00,20260721,24,93,98,-5,15.7,13.3,31.0,10.2,61.5
2026-07-21 11:30,2026-07-21 12:30,20260721,25,91,99,-8,16.0,13.0,31.4,10.2,61.4
2026-07-21 12:00,2026-07-21 13:00,20260721,26,95,97,-2,15.3,13.1,31.6,10.1,61.9
2026-07-21 12:30,2026-07-21 13:30,20260721,27,86,96,-10,14.9,13.6,31.3,10.1,62.2
2026-07-21 13:00,2026-07-21 14:00,20260721,28,94,93,1,14.4,14.3,31.4,10.1,63.0
2026-07-21 13:30,2026-07-21 14:30,20260721,29,87,94,-7,14.5,14.8,30.5,10.1,62.8
2026-07-21 14:00,2026-07-21 15:00,20260721,30,89,95,-6,14.8,15.6,29.3,10.1,62.6
2026-07-21 14:30,2026-07-21 15:30,20260721,31,81,96,-15,15.0,16.9,28.0,10.2,62.8
2026-07-21 15:00,2026-07-21 16:00,20260721,32,112,103,9,16.6,17.1,25.9,10.1,60.8
2026-07-21 15:30,2026-07-21 16:30,20260721,33,119,117,2,19.4,17.1,22.8,10.0,57.7
2026-07-21 16:00,2026-07-21 17:00,20260721,34,132,127,5,22.3,17.2,19.9,10.0,54.9
2026-07-21 16:30,2026-07-21 17:30,20260721,35,138,132,6,25.4,18.1,17.1,10.3,53.8
2026-07-21 17:00,2026-07-21 18:00,20260721,36,149,142,7,27.5,18.6,13.1,10.4,51.0
2026-07-21 17:30,2026-07-21 18:30,20260721,37,156,153,3,29.1,18.9,10.7,10.5,50.5
2026-07-21 18:00,2026-07-21 19:00,20260721,38,147,161,-14,30.7,18.5,8.4,10.6,48.0
2026-07-21 18:30,2026-07-21 19:30,20260721,39,157,168,-11,32.9,19.8,5.8,11.0,47.1
2026-07-21 19:00,2026-07-21 20:00,20260721,40,163,169,-6,34.3,21.2,3.4,11.3,46.9
2026-07-21 19:30,2026-07-21 20:30,20260721,41,169,164,5,34.0,21.9,1.3,11.6,46.0
2026-07-21 20:00,2026-07-21 21:00,20260721,42,174,163,11,34.1,22.9,0.3,11.7,46.1
2026-07-21 20:30,2026-07-21 21:30,20260721,43,179,165,14,34.9,23.7,0.1,12.1,46.0
2026-07-21 21:00,2026-07-21 22:00,20260721,44,167,165,2,35.0,23.5,0.0,12.2,45.8
2026-07-21 21:30,2026-07-21 22:30,20260721,45,164,163,1,34.9,24.2,0.0,13.2,48.2
2026-07-21 22:00,2026-07-21 23:00,20260721,46,165,161,4,34.1,23.5,0.0,13.8,48.6
2026-07-21 22:30,2026-07-21 23:30,20260721,47,167,159,8,33.5,23.1,0.0,14.1,48.9
2026-07-21 23:00,2026-07-22 00:00,20260722,0,172,158,14,33.2,22.2,0.0,14.6,48.7
2026-07-21 23:30,2026-07-22 00:30,20260722,1,172,152,20,31.1,21.4,0.0,15.0,48.4
2026-07-22 00:00,2026-07-22 01:00,20260722,2,159,149,10,29.8,21.3,0.0,15.1,49.4
2026-07-22 00:30,2026-07-22 01:30,20260722,3,157,144,13,28.1,21.2,0.0,15.2,49.3
2026-07-22 01:00,2026-07-22 02:00,20260722,4,150,146,4,28.3,20.6,0.0,15.5,48.5
2026-07-22 01:30,2026-07-22 02:30,20260722,5,141,145,-4,28.2,19.9,0.0,15.5,47.8
2026-07-22 02:00,2026-07-22 03:00,20260722,6,142,143,-1,28.0,20.2,0.0,15.7,48.4
2026-07-22 02:30,2026-07-22 03:30,20260722,7,141,146,-5,28.1,21.7,0.0,16.1,51.2
2026-07-22 03:00,2026-07-22 04:00,20260722,8,134,143,-9,27.6,22.4,0.0,16.1,52.3
2026-07-22 03:30,2026-07-22 04:30,20260722,9,123,142,-19,29.9,21.7,0.0,16.6,53.3
2026-07-22 04:00,2026-07-22 05:00,20260722,10,129,147,-18,30.7,20.8,0.5,16.0,51.8
2026-07-22 04:30,2026-07-22 05:30,20260722,11,119,146,-27,29.2,20.7,1.1,15.0,49.0
2026-07-22 05:00,2026-07-22 06:00,20260722,12,156,144,12,27.1,19.9,2.8,14.2,49.8
2026-07-22 05:30,2026-07-22 06:30,20260722,13,149,140,9,24.1,18.6,6.6,12.5,49.2
2026-07-22 06:00,2026-07-22 07:00,20260722,14,158,139,19,24.2,18.5,9.4,11.6,50.1
2026-07-22 06:30,2026-07-22 07:30,20260722,15,172,132,40,22.8,18.7,12.4,11.3,52.0
2026-07-22 07:00,2026-07-22 08:00,20260722,16,138,126,12,21.6,17.9,15.6,11.0,53.8
2026-07-22 07:30,2026-07-22 08:30,20260722,17,135,119,16,20.5,17.3,19.0,10.6,55.8
2026-07-22 08:00,2026-07-22 09:00,20260722,18,121,115,6,19.8,16.2,22.3,10.3,57.6
2026-07-22 08:30,2026-07-22 09:30,20260722,19,115,105,10,17.0,15.0,25.5,10.4,59.4
2026-07-22 09:00,2026-07-22 10:00,20260722,20,115,100,15,15.2,15.4,26.9,10.3,61.2
2026-07-22 09:30,2026-07-22 10:30,20260722,21,110,97,13,14.9,15.2,28.4,10.2,62.2
2026-07-22 10:00,2026-07-22 11:00,20260722,22,94,97,-3,15.0,14.3,29.3,10.1,62.3
2026-07-22 10:30,2026-07-22 11:30,20260722,23,94,98,-4,15.4,13.7,29.8,10.1,61.9
2026-07-22 11:00,2026-07-22 12:00,20260722,24,90,100,-10,15.7,12.9,30.6,10.1,61.4
2026-07-22 11:30,2026-07-22 12:30,20260722,25,87,99,-12,15.5,12.6,31.1,10.0,61.6
2026-07-22 12:00,2026-07-22 13:00,20260722,26,93,98,-5,15.6,11.9,32.1,10.1,61.9
2026-07-22 12:30,2026-07-22 13:30,20260722,27,89,98,-9,15.4,12.3,32.0,10.0,61.9
2026-07-22 13:00,2026-07-22 14:00,20260722,28,87,96,-9,15.2,12.9,31.8,10.0,62.4
2026-07-22 13:30,2026-07-22 14:30,20260722,29,88,97,-9,15.0,13.5,30.9,10.0,62.3
2026-07-22 14:00,2026-07-22 15:00,20260722,30,90,100,-10,16.1,14.8,29.2,9.9,61.6
2026-07-22 14:30,2026-07-22 15:30,20260722,31,90,101,-11,15.9,16.2,27.4,10.0,61.4
2026-07-22 15:00,2026-07-22 16:00,20260722,32,99,109,-10,18.2,16.3,25.2,10.0,59.3
2026-07-22 15:30,2026-07-22 16:30,20260722,33,104,125,-21,22.2,16.5,22.3,9.9,56.7
2026-07-22 16:00,2026-07-22 17:00,20260722,34,125,132,-7,24.0,17.1,19.0,10.0,54.3
2026-07-22 16:30,2026-07-22 17:30,20260722,35,159,134,25,23.7,17.9,15.7,10.2,53.4
2026-07-22 17:00,2026-07-22 18:00,20260722,36,150,143,7,25.0,18.5,12.9,10.2,50.6
2026-07-22 17:30,2026-07-22 18:30,20260722,37,163,154,9,27.0,18.0,10.3,10.3,47.9
2026-07-22 18:00,2026-07-22 19:00,20260722,38,148,159,-11,28.6,16.7,8.4,10.7,46.2
2026-07-22 18:30,2026-07-22 19:30,20260722,39,159,164,-5,29.3,16.2,5.7,11.2,44.4
2026-07-22 19:00,2026-07-22 20:00,20260722,40,172,171,1,30.0,15.2,3.3,11.5,41.9
2026-07-22 19:30,2026-07-22 20:30,20260722,41,181,176,5,31.3,14.6,1.2,11.9,40.5
2026-07-22 20:00,2026-07-22 21:00,20260722,42,187,178,9,32.1,14.6,0.3,12.1,40.1
2026-07-22 20:30,2026-07-22 21:30,20260722,43,192,177,15,32.7,14.6,0.1,12.4,40.0
2026-07-22 21:00,2026-07-22 22:00,20260722,44,185,175,10,32.9,15.9,0.0,12.8,40.5
2026-07-22 21:30,2026-07-22 22:30,20260722,45,187,160,27,30.0,18.2,0.0,13.4,43.4
2026-07-22 22:00,2026-07-22 23:00,20260722,46,182,156,26,28.2,19.6,0.0,13.5,45.0
2026-07-22 22:30,2026-07-22 23:30,20260722,47,179,157,22,28.4,19.4,0.0,13.7,44.8
2026-07-22 23:00,2026-07-23 00:00,20260723,0,160,157,3,28.5,18.8,0.0,13.9,44.6
2026-07-22 23:30,2026-07-23 00:30,20260723,1,160,161,-1,29.2,17.9,0.0,13.9,43.4
2026-07-23 00:00,2026-07-23 01:00,20260723,2,162,159,3,28.9,18.4,0.0,14.0,44.1
2026-07-23 00:30,2026-07-23 01:30,20260723,3,164,155,9,28.5,19.1,0.0,13.9,44.5
2026-07-23 01:00,2026-07-23 02:00,20260723,4,162,151,11,27.5,19.7,0.0,14.1,45.4
2026-07-23 01:30,2026-07-23 02:30,20260723,5,153,139,14,25.3,21.2,0.0,14.1,46.9
2026-07-23 02:00,2026-07-23 03:00,20260723,6,140,132,8,22.9,23.6,0.0,14.2,49.4
2026-07-23 02:30,2026-07-23 03:30,20260723,7,121,126,-5,24.9,27.2,0.0,15.6,55.6
2026-07-23 03:00,2026-07-23 04:00,20260723,8,122,122,0,23.4,27.8,0.0,16.0,56.9
2026-07-23 03:30,2026-07-23 04:30,20260723,9,99,132,-33,27.0,27.6,0.0,16.0,57.0
2026-07-23 04:00,2026-07-23 05:00,20260723,10,201,134,67,28.1,27.4,0.4,15.8,56.7
2026-07-23 04:30,2026-07-23 05:30,20260723,11,255,136,119,26.3,26.1,1.1,14.7,54.4
2026-07-23 05:00,2026-07-23 06:00,20260723,12,150,144,6,26.6,23.5,2.5,14.1,52.1
2026-07-23 05:30,2026-07-23 06:30,20260723,13,168,143,25,25.6,19.7,5.9,12.8,49.2
2026-07-23 06:00,2026-07-23 07:00,20260723,14,158,144,14,25.6,17.3,8.9,12.4,49.0
2026-07-23 06:30,2026-07-23 07:30,20260723,15,168,143,25,24.4,15.6,12.0,11.7,49.8
2026-07-23 07:00,2026-07-23 08:00,20260723,16,142,141,1,23.1,13.9,15.4,11.4,50.3
2026-07-23 07:30,2026-07-23 08:30,20260723,17,131,129,2,21.2,12.2,19.4,11.2,52.2
2026-07-23 08:00,2026-07-23 09:00,20260723,18,128,121,7,19.9,11.6,22.8,11.1,54.8
2026-07-23 08:30,2026-07-23 09:30,20260723,19,121,115,6,18.8,11.5,25.2,10.8,56.5
2026-07-23 09:00,2026-07-23 10:00,20260723,20,111,110,1,18.0,11.6,27.5,10.5,58.2
2026-07-23 09:30,2026-07-23 10:30,20260723,21,108,107,1,17.8,12.0,28.2,10.4,59.1
2026-07-23 10:00,2026-07-23 11:00,20260723,22,109,105,4,17.0,12.4,28.2,10.5,59.7
2026-07-23 10:30,2026-07-23 11:30,20260723,23,114,101,13,15.8,12.9,28.4,10.5,60.4
2026-07-23 11:00,2026-07-23 12:00,20260723,24,103,100,3,15.5,13.5,27.7,10.7,60.6
2026-07-23 11:30,2026-07-23 12:30,20260723,25,101,96,5,14.6,14.4,27.9,10.6,61.7
2026-07-23 12:00,2026-07-23 13:00,20260723,26,97,95,2,14.2,14.7,27.8,10.7,61.9
2026-07-23 12:30,2026-07-23 13:30,20260723,27,97,95,2,14.4,15.6,27.5,10.6,62.1
2026-07-23 13:00,2026-07-23 14:00,20260723,28,91,93,-2,14.1,16.8,27.3,10.5,62.9
2026-07-23 13:30,2026-07-23 14:30,20260723,29,89,90,-1,13.4,17.6,26.9,10.6,63.5
2026-07-23 14:00,2026-07-23 15:00,20260723,30,91,92,-1,14.1,17.8,26.5,10.5,63.1
2026-07-23 14:30,2026-07-23 15:30,20260723,31,90,97,-7,15.1,17.8,25.2,10.5,61.9
2026-07-23 15:00,2026-07-23 16:00,20260723,32,86,103,-17,16.9,18.0,23.3,10.5,60.3
2026-07-23 15:30,2026-07-23 16:30,20260723,33,90,116,-26,19.9,18.2,20.6,10.4,57.6
2026-07-23 16:00,2026-07-23 17:00,20260723,34,115,126,-11,22.6,18.2,18.0,10.2,54.8
2026-07-23 16:30,2026-07-23 17:30,20260723,35,129,135,-6,25.2,19.3,15.2,10.2,54.3
2026-07-23 17:00,2026-07-23 18:00,20260723,36,133,141,-8,26.4,19.8,12.5,10.4,52.7
2026-07-23 17:30,2026-07-23 18:30,20260723,37,143,144,-1,26.7,19.7,10.2,10.4,51.1
2026-07-23 18:00,2026-07-23 19:00,20260723,38,153,151,2,27.6,19.7,8.1,10.5,49.2
2026-07-23 18:30,2026-07-23 19:30,20260723,39,165,156,9,29.1,20.4,5.3,10.8,48.5
2026-07-23 19:00,2026-07-23 20:00,20260723,40,166,161,5,29.8,20.3,3.1,11.1,46.9
2026-07-23 19:30,2026-07-23 20:30,20260723,41,176,165,11,31.0,20.8,1.3,11.5,45.3
2026-07-23 20:00,2026-07-23 21:00,20260723,42,171,166,5,31.8,21.2,0.3,11.7,45.0
2026-07-23 20:30,2026-07-23 21:30,20260723,43,172,164,8,32.7,21.6,0.1,12.1,45.6
2026-07-23 21:00,2026-07-23 22:00,20260723,44,167,163,4,33.2,23.4,0.0,12.4,46.8
2026-07-23 21:30,2026-07-23 22:30,20260723,45,166,158,8,32.2,23.4,0.0,12.8,47.5
2026-07-23 22:00,2026-07-23 23:00,20260723,46,169,160,9,33.3,22.4,0.0,13.2,46.5
2026-07-23 22:30,2026-07-23 23:30,20260723,47,167,163,4,32.8,22.0,0.0,13.3,46.1
2026-07-23 23:00,2026-07-24 00:00,20260724,0,154,159,-5,31.2,22.1,0.0,13.5,47.1
2026-07-23 23:30,2026-07-24 00:30,20260724,1,137,152,-15,29.7,21.9,0.0,13.7,47.1
2026-07-24 00:00,2026-07-24 01:00,20260724,2,142,150,-8,29.4,21.9,0.0,13.9,47.2
2026-07-24 00:30,2026-07-24 01:30,20260724,3,128,142,-14,30.0,22.9,0.0,14.2,48.9
2026-07-24 01:00,2026-07-24 02:00,20260724,4,130,143,-13,30.2,22.6,0.0,14.3,48.6
2026-07-24 01:30,2026-07-24 02:30,20260724,5,119,143,-24,30.6,22.9,0.0,14.5,49.3
2026-07-24 02:00,2026-07-24 03:00,20260724,6,130,143,-13,30.7,22.7,0.0,14.6,49.2
2026-07-24 02:30,2026-07-24 03:30,20260724,7,127,152,-25,32.0,21.7,0.0,14.7,49.4
2026-07-24 03:00,2026-07-24 04:00,20260724,8,144,154,-10,33.1,21.1,0.0,14.9,49.0
2026-07-24 03:30,2026-07-24 04:30,20260724,9,141,166,-25,33.6,21.1,0.0,14.8,48.3
2026-07-24 04:00,2026-07-24 05:00,20260724,10,136,166,-30,33.9,21.0,0.4,14.6,48.0
2026-07-24 04:30,2026-07-24 05:30,20260724,11,132,159,-27,32.9,21.0,1.1,14.0,47.7
2026-07-24 05:00,2026-07-24 06:00,20260724,12,165,156,9,31.7,20.5,2.8,13.6,48.5
2026-07-24 05:30,2026-07-24 06:30,20260724,13,159,144,15,26.5,19.1,6.6,12.7,49.0
2026-07-24 06:00,2026-07-24 07:00,20260724,14,154,133,21,22.2,19.5,10.0,12.2,51.7
2026-07-24 06:30,2026-07-24 07:30,20260724,15,147,111,36,16.3,20.1,13.6,11.7,55.2
2026-07-24 07:00,2026-07-24 08:00,20260724,16,121,97,24,12.9,21.3,17.2,11.5,59.8
2026-07-24 07:30,2026-07-24 08:30,20260724,17,110,82,28,9.9,21.9,21.2,11.2,63.5
2026-07-24 08:00,2026-07-24 09:00,20260724,18,86,74,12,8.2,22.0,24.9,10.9,66.6
2026-07-24 08:30,2026-07-24 09:30,20260724,19,78,69,9,7.8,22.5,27.7,10.4,67.7
2026-07-24 09:00,2026-07-24 10:00,20260724,20,66,66,0,7.4,22.2,30.8,10.2,68.1
2026-07-24 09:30,2026-07-24 10:30,20260724,21,63,62,1,6.5,22.0,33.1,10.1,69.3
2026-07-24 10:00,2026-07-24 11:00,20260724,22,57,59,-2,6.0,22.3,34.5,9.9,70.7
2026-07-24 10:30,2026-07-24 11:30,20260724,23,56,58,-2,5.9,22.1,35.8,9.3,71.2
2026-07-24 11:00,2026-07-24 12:00,20260724,24,52,56,-4,5.7,22.7,35.8,9.7,72.1
2026-07-24 11:30,2026-07-24 12:30,20260724,25,51,58,-7,5.9,23.0,36.0,9.8,72.6
2026-07-24 12:00,2026-07-24 13:00,20260724,26,53,57,-4,5.9,23.1,36.1,9.8,72.8
2026-07-24 12:30,2026-07-24 13:30,20260724,27,53,59,-6,5.9,23.2,35.9,9.9,73.4
2026-07-24 13:00,2026-07-24 14:00,20260724,28,54,61,-7,6.1,23.1,34.9,9.9,73.0
2026-07-24 13:30,2026-07-24 14:30,20260724,29,55,65,-10,6.7,23.0,33.9,10.0,72.1
2026-07-24 14:00,2026-07-24 15:00,20260724,30,57,67,-10,7.8,23.2,32.6,10.2,71.3
2026-07-24 14:30,2026-07-24 15:30,20260724,31,57,73,-16,9.3,23.2,30.2,10.1,69.4
2026-07-24 15:00,2026-07-24 16:00,20260724,32,60,78,-18,10.9,23.4,28.2,10.1,67.9
2026-07-24 15:30,2026-07-24 16:30,20260724,33,59,84,-25,14.1,23.7,25.1,10.0,65.6
2026-07-24 16:00,2026-07-24 17:00,20260724,34,71,97,-26,17.8,23.7,21.2,9.8,62.6
2026-07-24 16:30,2026-07-24 17:30,20260724,35,69,116,-47,22.5,24.0,17.8,10.2,61.3
2026-07-24 17:00,2026-07-24 18:00,20260724,36,103,126,-23,24.6,23.7,14.6,10.3,57.9
2026-07-24 17:30,2026-07-24 18:30,20260724,37,123,137,-14,26.1,23.1,11.5,10.2,54.3
2026-07-24 18:00,2026-07-24 19:00,20260724,38,136,144,-8,27.9,23.1,8.9,10.4,52.3
2026-07-24 18:30,2026-07-24 19:30,20260724,39,137,146,-9,29.3,24.4,5.8,10.7,51.8
2026-07-24 19:00,2026-07-24 20:00,20260724,40,139,147,-8,29.8,26.3,3.2,11.0,51.7
2026-07-24 19:30,2026-07-24 20:30,20260724,41,143,147,-4,30.3,28.1,1.3,11.6,52.7
2026-07-24 20:00,2026-07-24 21:00,20260724,42,150,149,1,31.3,29.3,0.3,11.8,52.3
2026-07-24 20:30,2026-07-24 21:30,20260724,43,147,148,-1,31.9,30.5,0.1,11.9,53.5
2026-07-24 21:00,2026-07-24 22:00,20260724,44,138,145,-7,31.5,32.2,0.0,12.2,54.7
2026-07-24 21:30,2026-07-24 22:30,20260724,45,136,139,-3,30.3,34.0,0.0,12.5,56.9
2026-07-24 22:00,2026-07-24 23:00,20260724,46,134,134,0,28.6,34.3,0.0,12.7,58.5
2026-07-24 22:30,2026-07-24 23:30,20260724,47,126,129,-3,27.9,33.9,0.0,13.3,59.2
2026-07-24 23:00,2026-07-25 00:00,20260725,0,125,129,-4,27.4,33.2,0.0,13.8,58.8
2026-07-24 23:30,2026-07-25 00:30,20260725,1,114,114,0,23.5,33.4,0.0,13.8,58.6
2026-07-25 00:00,2026-07-25 01:00,20260725,2,118,113,5,23.3,33.7,0.0,13.9,59.1
2026-07-25 00:30,2026-07-25 01:30,20260725,3,108,113,-5,23.5,34.8,0.0,13.8,59.8
2026-07-25 01:00,2026-07-25 02:00,20260725,4,101,113,-12,23.6,35.1,0.0,13.9,60.1
2026-07-25 01:30,2026-07-25 02:30,20260725,5,98,119,-21,24.7,35.3,0.0,14.1,60.7
2026-07-25 02:00,2026-07-25 03:00,20260725,6,106,118,-12,24.9,35.7,0.0,14.3,61.4
2026-07-25 02:30,2026-07-25 03:30,20260725,7,103,127,-24,26.0,34.7,0.0,14.1,60.2
2026-07-25 03:00,2026-07-25 04:00,20260725,8,117,126,-9,26.3,35.2,0.0,14.1,60.8
2026-07-25 03:30,2026-07-25 04:30,20260725,9,115,130,-15,26.9,36.9,0.0,14.6,63.3
2026-07-25 04:00,2026-07-25 05:00,20260725,10,122,126,-4,26.6,38.0,0.4,14.6,64.6
2026-07-25 04:30,2026-07-25 05:30,20260725,11,120,118,2,25.1,39.3,1.2,14.8,66.9
2026-07-25 05:00,2026-07-25 06:00,20260725,12,118,113,5,23.2,40.6,2.7,14.2,68.8
2026-07-25 05:30,2026-07-25 06:30,20260725,13,113,92,21,18.3,41.5,6.8,13.3,71.7
2026-07-25 06:00,2026-07-25 07:00,20260725,14,102,84,18,15.4,42.2,10.5,12.9,73.4
2026-07-25 06:30,2026-07-25 07:30,20260725,15,95,74,21,12.7,42.9,14.7,12.6,75.6
2026-07-25 07:00,2026-07-25 08:00,20260725,16,72,65,7,10.9,42.8,18.4,12.3,78.4
2026-07-25 07:30,2026-07-25 08:30,20260725,17,65,59,6,10.1,40.8,21.7,11.6,79.0
2026-07-25 08:00,2026-07-25 09:00,20260725,18,59,52,7,9.4,41.9,24.5,10.6,81.0
2026-07-25 08:30,2026-07-25 09:30,20260725,19,60,49,11,7.7,44.1,27.1,9.2,83.5
2026-07-25 09:00,2026-07-25 10:00,20260725,20,47,45,2,6.6,43.7,29.6,8.9,85.1
2026-07-25 09:30,2026-07-25 10:30,20260725,21,45,46,-1,5.8,42.4,30.6,8.5,83.9
2026-07-25 10:00,2026-07-25 11:00,20260725,22,39,43,-4,5.2,42.3,31.8,8.4,84.7
2026-07-25 10:30,2026-07-25 11:30,20260725,23,38,41,-3,5.2,42.2,33.3,8.3,86.0
2026-07-25 11:00,2026-07-25 12:00,20260725,24,39,40,-1,5.2,41.0,34.8,8.4,86.4
2026-07-25 11:30,2026-07-25 12:30,20260725,25,39,39,0,5.3,40.9,35.5,8.4,87.0
2026-07-25 12:00,2026-07-25 13:00,20260725,26,35,38,-3,5.3,41.5,35.3,8.4,87.4
2026-07-25 12:30,2026-07-25 13:30,20260725,27,34,40,-6,5.5,42.6,35.5,8.6,89.0
2026-07-25 13:00,2026-07-25 14:00,20260725,28,40,41,-1,5.8,42.2,35.1,8.7,88.3
2026-07-25 13:30,2026-07-25 14:30,20260725,29,43,43,0,5.5,42.1,33.1,8.7,86.2
2026-07-25 14:00,2026-07-25 15:00,20260725,30,32,44,-12,5.3,41.8,32.4,8.7,85.2
2026-07-25 14:30,2026-07-25 15:30,20260725,31,34,38,-4,5.1,41.8,29.3,8.6,82.0
2026-07-25 15:00,2026-07-25 16:00,20260725,32,41,43,-2,5.3,42.8,26.1,8.8,80.6
2026-07-25 15:30,2026-07-25 16:30,20260725,33,45,51,-6,5.0,42.8,21.9,8.8,76.9
2026-07-25 16:00,2026-07-25 17:00,20260725,34,40,52,-12,4.8,43.7,19.1,8.9,77.1
2026-07-25 16:30,2026-07-25 17:30,20260725,35,44,58,-14,6.0,42.6,15.3,9.3,75.6
2026-07-25 17:00,2026-07-25 18:00,20260725,36,49,68,-19,7.5,41.1,11.8,9.7,71.7
2026-07-25 17:30,2026-07-25 18:30,20260725,37,48,64,-16,8.0,40.6,9.0,10.0,70.3
2026-07-25 18:00,2026-07-25 19:00,20260725,38,72,69,3,7.8,40.1,6.6,10.2,68.2
2026-07-25 18:30,2026-07-25 19:30,20260725,39,77,79,-2,7.1,37.5,4.1,10.4,64.0
2026-07-25 19:00,2026-07-25 20:00,20260725,40,67,80,-13,7.4,37.4,2.0,10.8,62.8
2026-07-25 19:30,2026-07-25 20:30,20260725,41,79,85,-6,8.1,37.3,0.9,11.2,62.9
2026-07-25 20:00,2026-07-25 21:00,20260725,42,65,90,-25,8.6,35.4,0.2,11.4,60.9
2026-07-25 20:30,2026-07-25 21:30,20260725,43,73,90,-17,8.4,34.9,0.0,11.8,60.4
2026-07-25 21:00,2026-07-25 22:00,20260725,44,68,88,-20,8.7,35.2,0.0,12.3,61.0
2026-07-25 21:30,2026-07-25 22:30,20260725,45,71,90,-19,9.3,34.6,0.0,12.8,59.6
2026-07-25 22:00,2026-07-25 23:00,20260725,46,68,89,-21,9.3,34.2,0.0,13.2,59.1
2026-07-25 22:30,2026-07-25 23:30,20260725,47,67,86,-19,10.2,35.0,0.0,13.4,58.4
2026-07-25 23:00,2026-07-26 00:00,20260726,0,66,86,-20,10.7,36.4,0.0,13.5,58.2
2026-07-25 23:30,2026-07-26 00:30,20260726,1,65,86,-21,10.8,35.0,0.0,13.8,56.7
2026-07-26 00:00,2026-07-26 01:00,20260726,2,70,83,-13,10.6,35.6,0.0,13.8,57.7
2026-07-26 00:30,2026-07-26 01:30,20260726,3,66,68,-2,11.1,39.6,0.0,14.3,63.1
2026-07-26 01:00,2026-07-26 02:00,20260726,4,67,68,-1,11.5,40.1,0.0,14.3,63.3
2026-07-26 01:30,2026-07-26 02:30,20260726,5,66,72,-6,11.9,40.7,0.0,14.0,62.9
2026-07-26 02:00,2026-07-26 03:00,20260726,6,66,69,-3,12.2,42.7,0.0,13.9,64.5
2026-07-26 02:30,2026-07-26 03:30,20260726,7,63,72,-9,12.4,43.6,0.0,14.1,65.9
2026-07-26 03:00,2026-07-26 04:00,20260726,8,69,69,0,12.2,44.9,0.0,13.9,67.4
2026-07-26 03:30,2026-07-26 04:30,20260726,9,67,67,0,12.0,47.1,0.0,13.6,68.2
2026-07-26 04:00,2026-07-26 05:00,20260726,10,69,67,2,11.6,48.4,0.3,13.2,69.1
2026-07-26 04:30,2026-07-26 05:30,20260726,11,68,67,1,11.8,49.7,0.6,13.6,71.0
2026-07-26 05:00,2026-07-26 06:00,20260726,12,64,66,-2,11.8,49.6,1.5,13.5,71.6
2026-07-26 05:30,2026-07-26 06:30,20260726,13,59,66,-7,11.3,47.4,3.8,12.8,70.6
2026-07-26 06:00,2026-07-26 07:00,20260726,14,54,66,-12,10.8,46.3,6.3,12.2,70.4
2026-07-26 06:30,2026-07-26 07:30,20260726,15,52,59,-7,10.6,47.8,8.8,12.1,73.9
2026-07-26 07:00,2026-07-26 08:00,20260726,16,53,57,-4,10.0,47.0,11.5,11.6,75.0
2026-07-26 07:30,2026-07-26 08:30,20260726,17,49,52,-3,9.4,47.0,14.4,11.2,77.3
2026-07-26 08:00,2026-07-26 09:00,20260726,18,47,51,-4,8.6,45.8,17.3,10.6,77.8
2026-07-26 08:30,2026-07-26 09:30,20260726,19,45,53,-8,8.4,45.2,20.1,10.3,78.7
2026-07-26 09:00,2026-07-26 10:00,20260726,20,44,49,-5,8.3,45.8,20.8,10.2,79.9
2026-07-26 09:30,2026-07-26 10:30,20260726,21,41,48,-7,8.3,45.7,22.2,9.9,80.6
2026-07-26 10:00,2026-07-26 11:00,20260726,22,42,45,-3,8.2,44.2,24.7,9.8,81.2
2026-07-26 10:30,2026-07-26 11:30,20260726,23,38,48,-10,7.9,43.0,25.4,9.7,80.6
2026-07-26 11:00,2026-07-26 12:00,20260726,24,38,46,-8,7.7,42.5,26.5,9.6,81.0
2026-07-26 11:30,2026-07-26 12:30,20260726,25,35,43,-8,7.5,43.0,26.9,9.5,81.8
2026-07-26 12:00,2026-07-26 13:00,20260726,26,40,44,-4,7.6,42.8,27.1,9.4,81.7
2026-07-26 12:30,2026-07-26 13:30,20260726,27,40,51,-11,7.4,42.0,26.9,9.3,80.6
2026-07-26 13:00,2026-07-26 14:00,20260726,28,39,51,-12,7.5,41.4,27.2,9.5,80.5
2026-07-26 13:30,2026-07-26 14:30,20260726,29,40,58,-18,7.6,40.5,26.5,9.5,78.9
2026-07-26 14:00,2026-07-26 15:00,20260726,30,49,56,-7,7.6,41.1,26.1,9.6,79.3
2026-07-26 14:30,2026-07-26 15:30,20260726,31,59,60,-1,7.8,40.6,25.0,9.8,78.1
2026-07-26 15:00,2026-07-26 16:00,20260726,32,55,65,-10,8.0,40.6,22.8,9.8,76.1
2026-07-26 15:30,2026-07-26 16:30,20260726,33,61,70,-9,8.4,40.4,20.8,10.3,75.3
2026-07-26 16:00,2026-07-26 17:00,20260726,34,64,76,-12,8.8,39.6,17.8,10.3,73.5
2026-07-26 16:30,2026-07-26 17:30,20260726,35,70,74,-4,8.6,40.5,14.2,10.3,72.8
2026-07-26 17:00,2026-07-26 18:00,20260726,36,70,81,-11,8.2,39.7,11.2,10.1,70.8
2026-07-26 17:30,2026-07-26 18:30,20260726,37,75,71,4,6.8,39.4,9.2,10.2,71.3
2026-07-26 18:00,2026-07-26 19:00,20260726,38,78,74,4,6.9,38.2,7.3,10.5,69.9
2026-07-26 18:30,2026-07-26 19:30,20260726,39,85,81,4,7.0,37.4,4.5,10.7,66.6
2026-07-26 19:00,2026-07-26 20:00,20260726,40,72,83,-11,7.2,37.5,2.2,11.0,65.5
2026-07-26 19:30,2026-07-26 20:30,20260726,41,77,83,-6,7.4,38.2,1.0,11.2,65.4
2026-07-26 20:00,2026-07-26 21:00,20260726,42,79,85,-6,8.0,38.8,0.2,11.4,64.8
2026-07-26 20:30,2026-07-26 21:30,20260726,43,81,83,-2,8.3,40.9,0.0,11.6,65.3
2026-07-26 21:00,2026-07-26 22:00,20260726,44,77,78,-1,8.5,42.7,0.0,11.9,66.8
2026-07-26 21:30,2026-07-26 22:30,20260726,45,78,75,3,8.9,43.9,0.0,12.3,68.2
2026-07-26 22:00,2026-07-26 23:00,20260726,46,77,74,3,9.0,44.5,0.0,12.4,68.9
2026-07-26 22:30,2026-07-26 23:30,20260726,47,78,74,4,8.9,45.2,0.0,12.2,67.7
2026-07-26 23:00,2026-07-27 00:00,20260727,0,79,73,6,9.1,46.3,0.0,12.1,68.1
2026-07-26 23:30,2026-07-27 00:30,20260727,1,82,76,6,9.9,45.6,0.0,12.0,66.8
2026-07-27 00:00,2026-07-27 01:00,20260727,2,70,77,-7,10.5,45.1,0.0,12.1,66.0
2026-07-27 00:30,2026-07-27 01:30,20260727,3,69,79,-10,10.8,43.7,0.0,12.3,65.5
2026-07-27 01:00,2026-07-27 02:00,20260727,4,76,80,-4,10.9,42.8,0.0,12.4,65.4
2026-07-27 01:30,2026-07-27 02:30,20260727,5,81,79,2,11.1,42.6,0.0,12.7,65.3
2026-07-27 02:00,2026-07-27 03:00,20260727,6,75,80,-5,11.3,42.1,0.0,12.9,64.6
2026-07-27 02:30,2026-07-27 03:30,20260727,7,72,75,-3,11.7,42.8,0.0,13.4,65.6
2026-07-27 03:00,2026-07-27 04:00,20260727,8,74,78,-4,12.1,41.6,0.0,13.8,64.0
2026-07-27 03:30,2026-07-27 04:30,20260727,9,71,77,-6,12.7,40.1,0.0,14.5,63.5
2026-07-27 04:00,2026-07-27 05:00,20260727,10,106,79,27,12.9,38.3,0.4,14.5,63.2
2026-07-27 04:30,2026-07-27 05:30,20260727,11,124,91,33,12.4,35.1,1.0,13.8,63.0
2026-07-27 05:00,2026-07-27 06:00,20260727,12,88,95,-7,12.2,32.4,2.4,13.0,62.6
2026-07-27 05:30,2026-07-27 06:30,20260727,13,91,98,-7,11.2,26.7,5.7,11.9,58.9
2026-07-27 06:00,2026-07-27 07:00,20260727,14,97,96,1,10.9,24.4,8.8,11.4,59.2
2026-07-27 06:30,2026-07-27 07:30,20260727,15,101,98,3,10.5,22.8,11.4,11.0,59.3
2026-07-27 07:00,2026-07-27 08:00,20260727,16,93,93,0,9.5,21.7,14.6,10.6,61.0
2026-07-27 07:30,2026-07-27 08:30,20260727,17,91,91,0,8.4,21.8,16.5,10.2,61.6
2026-07-27 08:00,2026-07-27 09:00,20260727,18,83,86,-3,8.4,23.1,18.9,9.9,63.7
2026-07-27 08:30,2026-07-27 09:30,20260727,19,81,83,-2,8.2,23.3,20.4,9.7,64.4
2026-07-27 09:00,2026-07-27 10:00,20260727,20,76,84,-8,9.0,22.6,22.5,9.7,64.9
2026-07-27 09:30,2026-07-27 10:30,20260727,21,68,85,-17,10.3,21.9,24.0,9.6,64.9
2026-07-27 10:00,2026-07-27 11:00,20260727,22,71,76,-5,9.5,22.6,25.9,9.5,67.3
2026-07-27 10:30,2026-07-27 11:30,20260727,23,68,71,-3,7.9,23.5,26.9,9.4,68.8
2026-07-27 11:00,2026-07-27 12:00,20260727,24,72,70,2,7.7,23.2,28.0,9.3,69.2
2026-07-27 11:30,2026-07-27 12:30,20260727,25,68,68,0,7.4,25.2,28.2,9.2,69.9
2026-07-27 12:00,2026-07-27 13:00,20260727,26,65,67,-2,7.0,24.8,30.0,9.0,69.8
2026-07-27 12:30,2026-07-27 13:30,20260727,27,63,68,-5,7.2,24.3,30.1,9.0,69.4
2026-07-27 13:00,2026-07-27 14:00,20260727,28,60,69,-9,7.1,23.7,30.2,9.1,69.2
2026-07-27 13:30,2026-07-27 14:30,20260727,29,62,72,-10,8.0,24.3,29.1,9.2,68.5
2026-07-27 14:00,2026-07-27 15:00,20260727,30,65,75,-10,9.3,24.1,28.5,9.3,67.2
2026-07-27 14:30,2026-07-27 15:30,20260727,31,73,85,-12,11.4,23.6,26.1,9.4,65.8
2026-07-27 15:00,2026-07-27 16:00,20260727,32,86,94,-8,13.4,23.3,23.8,9.2,64.3
2026-07-27 15:30,2026-07-27 16:30,20260727,33,98,108,-10,16.9,23.4,20.1,9.0,61.0
2026-07-27 16:00,2026-07-27 17:00,20260727,34,100,126,-26,21.1,21.1,17.5,8.9,56.5
2026-07-27 16:30,2026-07-27 17:30,20260727,35,112,130,-18,23.0,22.4,14.0,9.1,54.4
2026-07-27 17:00,2026-07-27 18:00,20260727,36,134,136,-2,23.9,23.3,11.3,9.0,52.8
2026-07-27 17:30,2026-07-27 18:30,20260727,37,143,147,-4,25.9,21.9,8.9,9.0,49.8
2026-07-27 18:00,2026-07-27 19:00,20260727,38,152,152,0,26.8,21.3,6.7,9.2,48.0
2026-07-27 18:30,2026-07-27 19:30,20260727,39,154,157,-3,27.4,21.8,4.2,9.6,46.2
2026-07-27 19:00,2026-07-27 20:00,20260727,40,159,163,-4,28.1,21.2,2.0,9.9,44.2
2026-07-27 19:30,2026-07-27 20:30,20260727,41,164,168,-4,28.9,21.1,0.9,10.2,43.8
2026-07-27 20:00,2026-07-27 21:00,20260727,42,170,169,1,30.7,20.3,0.1,10.5,43.3
2026-07-27 20:30,2026-07-27 21:30,20260727,43,166,172,-6,31.3,19.5,0.0,11.1,42.9
2026-07-27 21:00,2026-07-27 22:00,20260727,44,166,172,-6,31.4,18.5,0.0,11.4,42.9
2026-07-27 21:30,2026-07-27 22:30,20260727,45,163,157,6,29.5,19.6,0.0,12.0,43.7
2026-07-27 22:00,2026-07-27 23:00,20260727,46,176,154,22,28.2,19.9,0.0,12.4,44.7
2026-07-27 22:30,2026-07-27 23:30,20260727,47,156,145,11,26.0,20.5,0.0,12.8,46.0
2026-07-27 23:00,2026-07-28 00:00,20260728,0,158,141,17,24.3,20.5,0.0,13.1,46.6
2026-07-27 23:30,2026-07-28 00:30,20260728,1,160,134,26,21.7,19.9,0.0,13.3,46.2
2026-07-28 00:00,2026-07-28 01:00,20260728,2,142,130,12,21.5,20.8,0.0,13.5,47.4
2026-07-28 00:30,2026-07-28 01:30,20260728,3,123,124,-1,20.5,22.8,0.0,13.5,49.0
2026-07-28 01:00,2026-07-28 02:00,20260728,4,121,122,-1,19.9,22.9,0.0,13.6,49.3
2026-07-28 01:30,2026-07-28 02:30,20260728,5,116,114,2,21.3,23.6,0.0,13.8,50.4
2026-07-28 02:00,2026-07-28 03:00,20260728,6,114,106,8,19.4,25.8,0.0,13.7,52.4
2026-07-28 02:30,2026-07-28 03:30,20260728,7,111,103,8,19.2,28.9,0.0,13.9,55.8
2026-07-28 03:00,2026-07-28 04:00,20260728,8,107,100,7,18.1,30.2,0.0,13.8,56.7
2026-07-28 03:30,2026-07-28 04:30,20260728,9,98,109,-11,19.7,31.1,0.0,13.3,57.0
2026-07-28 04:00,2026-07-28 05:00,20260728,10,94,100,-6,17.4,33.8,0.3,13.0,59.2
2026-07-28 04:30,2026-07-28 05:30,20260728,11,92,95,-3,16.4,35.8,0.9,12.9,61.7
2026-07-28 05:00,2026-07-28 06:00,20260728,12,87,94,-7,15.4,36.3,1.9,12.2,62.1
2026-07-28 05:30,2026-07-28 06:30,20260728,13,87,78,9,11.7,36.7,4.7,11.4,63.8
2026-07-28 06:00,2026-07-28 07:00,20260728,14,76,72,4,9.2,38.1,7.4,10.6,66.3
2026-07-28 06:30,2026-07-28 07:30,20260728,15,69,73,-4,7.7,38.1,9.6,9.8,66.8
2026-07-28 07:00,2026-07-28 08:00,20260728,16,60,68,-8,5.7,37.6,12.4,9.5,68.4
2026-07-28 07:30,2026-07-28 08:30,20260728,17,56,68,-12,6.2,36.5,15.1,9.2,68.2
2026-07-28 08:00,2026-07-28 09:00,20260728,18,56,65,-9,6.4,35.9,18.7,9.1,68.4
2026-07-28 08:30,2026-07-28 09:30,20260728,19,50,59,-9,6.0,35.2,21.5,8.9,69.5
2026-07-28 09:00,2026-07-28 10:00,20260728,20,53,55,-2,5.3,35.8,23.2,8.6,71.4
2026-07-28 09:30,2026-07-28 10:30,20260728,21,58,55,3,5.5,34.8,25.3,8.5,72.2
2026-07-28 10:00,2026-07-28 11:00,20260728,22,57,54,3,5.6,34.3,26.6,8.3,72.7
2026-07-28 10:30,2026-07-28 11:30,20260728,23,48,53,-5,5.1,34.1,28.0,8.2,73.7
2026-07-28 11:00,2026-07-28 12:00,20260728,24,48,51,-3,4.6,33.5,29.3,8.2,74.4
2026-07-28 11:30,2026-07-28 12:30,20260728,25,48,52,-4,4.6,32.7,29.8,8.1,73.8
2026-07-28 12:00,2026-07-28 13:00,20260728,26,45,52,-7,4.5,32.4,30.7,8.0,74.3
2026-07-28 12:30,2026-07-28 13:30,20260728,27,43,56,-13,4.5,32.1,30.8,8.1,74.2
2026-07-28 13:00,2026-07-28 14:00,20260728,28,44,58,-14,5.3,31.9,30.6,8.1,74.0
2026-07-28 13:30,2026-07-28 14:30,20260728,29,47,60,-13,6.2,32.6,30.4,8.3,75.6
2026-07-28 14:00,2026-07-28 15:00,20260728,30,50,63,-13,7.5,31.3,29.8,8.4,75.0
2026-07-28 14:30,2026-07-28 15:30,20260728,31,53,71,-18,8.6,29.8,27.5,8.2,72.5
2026-07-28 15:00,2026-07-28 16:00,20260728,32,55,83,-28,11.8,29.1,25.0,8.1,69.9
2026-07-28 15:30,2026-07-28 16:30,20260728,33,55,88,-33,16.1,27.9,22.3,8.2,66.4
2026-07-28 16:00,2026-07-28 17:00,20260728,34,72,107,-35,20.6,27.2,19.0,8.1,62.2
2026-07-28 16:30,2026-07-28 17:30,20260728,35,93,129,-36,26.2,26.2,15.2,8.1,58.1
2026-07-28 17:00,2026-07-28 18:00,20260728,36,111,148,-37,30.0,24.7,11.8,8.1,52.9
2026-07-28 17:30,2026-07-28 18:30,20260728,37,131,164,-33,32.0,23.9,9.5,8.2,50.8
2026-07-28 18:00,2026-07-28 19:00,20260728,38,138,172,-34,34.3,23.5,7.2,8.4,48.1
2026-07-28 18:30,2026-07-28 19:30,20260728,39,150,178,-28,35.9,23.1,4.6,8.6,46.0
2026-07-28 19:00,2026-07-28 20:00,20260728,40,171,179,-8,36.5,24.6,2.3,8.8,46.1
2026-07-28 19:30,2026-07-28 20:30,20260728,41,175,182,-7,39.2,25.4,0.9,9.2,46.4
2026-07-28 20:00,2026-07-28 21:00,20260728,42,179,178,1,39.0,25.6,0.1,9.5,47.5
2026-07-28 20:30,2026-07-28 21:30,20260728,43,177,166,11,37.3,26.2,0.0,9.9,48.8
2026-07-28 21:00,2026-07-28 22:00,20260728,44,179,165,14,35.9,26.7,0.0,10.1,49.3
2026-07-28 21:30,2026-07-28 22:30,20260728,45,170,156,14,34.6,28.5,0.0,10.3,50.9
2026-07-28 22:00,2026-07-28 23:00,20260728,46,168,152,16,33.8,28.6,0.0,10.7,51.7
2026-07-28 22:30,2026-07-28 23:30,20260728,47,165,155,10,34.5,27.4,0.0,10.9,50.6
2026-07-28 23:00,2026-07-29 00:00,20260729,0,168,156,12,34.4,26.4,0.0,11.2,50.2
2026-07-28 23:30,2026-07-29 00:30,20260729,1,169,156,13,34.0,25.8,0.0,11.3,48.7
2026-07-29 00:00,2026-07-29 01:00,20260729,2,161,158,3,34.4,24.4,0.0,11.3,48.1
2026-07-29 00:30,2026-07-29 01:30,20260729,3,160,160,0,34.8,23.7,0.0,11.3,45.8
2026-07-29 01:00,2026-07-29 02:00,20260729,4,163,160,3,34.8,23.6,0.0,11.4,45.8
2026-07-29 01:30,2026-07-29 02:30,20260729,5,163,161,2,34.9,22.5,0.0,11.4,44.7
2026-07-29 02:00,2026-07-29 03:00,20260729,6,165,159,6,34.7,23.0,0.0,11.4,45.1
2026-07-29 02:30,2026-07-29 03:30,20260729,7,165,155,10,34.0,24.0,0.0,11.4,46.0
2026-07-29 03:00,2026-07-29 04:00,20260729,8,167,155,12,34.1,24.1,0.0,11.5,46.2
2026-07-29 03:30,2026-07-29 04:30,20260729,9,161,161,0,34.8,23.4,0.0,11.6,45.8
2026-07-29 04:00,2026-07-29 05:00,20260729,10,157,163,-6,35.3,22.3,0.3,11.6,45.0
2026-07-29 04:30,2026-07-29 05:30,20260729,11,162,170,-8,36.7,20.5,0.9,11.7,44.0
2026-07-29 05:00,2026-07-29 06:00,20260729,12,167,171,-4,35.8,19.6,2.1,11.2,43.5
2026-07-29 05:30,2026-07-29 06:30,20260729,13,175,164,11,33.1,18.5,5.5,10.7,44.9
2026-07-29 06:00,2026-07-29 07:00,20260729,14,172,155,17,30.5,18.4,8.8,10.3,47.4
2026-07-29 06:30,2026-07-29 07:30,20260729,15,165,147,18,26.8,18.3,11.6,9.7,48.9
2026-07-29 07:00,2026-07-29 08:00,20260729,16,150,138,12,24.2,17.9,14.8,9.5,51.4
2026-07-29 07:30,2026-07-29 08:30,20260729,17,135,122,13,20.4,17.8,18.3,9.3,54.4
2026-07-29 08:00,2026-07-29 09:00,20260729,18,130,113,17,18.2,17.7,21.8,9.2,57.3
2026-07-29 08:30,2026-07-29 09:30,20260729,19,109,106,3,16.5,17.0,25.0,9.0,59.1
2026-07-29 09:00,2026-07-29 10:00,20260729,20,102,102,0,15.4,15.6,28.1,8.8,60.5
2026-07-29 09:30,2026-07-29 10:30,20260729,21,97,97,0,14.7,14.9,30.3,8.8,61.9
2026-07-29 10:00,2026-07-29 11:00,20260729,22,97,94,3,14.0,14.9,31.9,8.6,63.0
2026-07-29 10:30,2026-07-29 11:30,20260729,23,92,95,-3,14.4,14.9,32.2,8.4,63.0
2026-07-29 11:00,2026-07-29 12:00,20260729,24,90,95,-5,14.6,15.0,32.5,8.3,63.3
2026-07-29 11:30,2026-07-29 12:30,20260729,25,90,100,-10,15.2,14.6,32.7,8.3,63.4
2026-07-29 12:00,2026-07-29 13:00,20260729,26,92,104,-12,16.7,13.4,33.1,8.2,62.3
2026-07-29 12:30,2026-07-29 13:30,20260729,27,94,111,-17,18.5,12.7,32.7,8.2,61.3
2026-07-29 13:00,2026-07-29 14:00,20260729,28,98,112,-14,18.7,12.3,32.5,8.2,61.0
2026-07-29 13:30,2026-07-29 14:30,20260729,29,111,117,-6,20.3,12.3,31.6,8.3,60.0
2026-07-29 14:00,2026-07-29 15:00,20260729,30,111,121,-10,21.5,13.9,29.8,8.3,59.9
2026-07-29 14:30,2026-07-29 15:30,20260729,31,118,131,-13,23.2,14.4,27.5,8.2,57.6
2026-07-29 15:00,2026-07-29 16:00,20260729,32,119,145,-26,27.5,13.9,24.6,8.0,54.1
2026-07-29 15:30,2026-07-29 16:30,20260729,33,132,156,-24,32.0,13.8,21.6,8.0,51.3
2026-07-29 16:00,2026-07-29 17:00,20260729,34,145,166,-21,35.1,13.8,18.7,8.0,48.6
2026-07-29 16:30,2026-07-29 17:30,20260729,35,158,174,-16,38.2,13.8,15.2,8.0,47.6
2026-07-29 17:00,2026-07-29 18:00,20260729,36,172,186,-14,41.0,13.7,12.1,8.2,44.3
2026-07-29 17:30,2026-07-29 18:30,20260729,37,183,195,-12,41.6,13.5,9.5,8.2,42.0
2026-07-29 18:00,2026-07-29 19:00,20260729,38,197,202,-5,42.9,12.9,7.2,8.3,39.8
2026-07-29 18:30,2026-07-29 19:30,20260729,39,206,210,-4,45.7,13.9,4.6,8.8,38.7
2026-07-29 19:00,2026-07-29 20:00,20260729,40,217,217,0,47.7,14.4,2.2,9.1,36.8
2026-07-29 19:30,2026-07-29 20:30,20260729,41,223,210,13,46.9,14.7,0.9,9.2,36.9
2026-07-29 20:00,2026-07-29 21:00,20260729,42,224,212,12,47.8,15.5,0.1,9.6,36.4
2026-07-29 20:30,2026-07-29 21:30,20260729,43,221,210,11,47.6,15.7,0.0,10.0,36.4
2026-07-29 21:00,2026-07-29 22:00,20260729,44,213,204,9,45.9,16.1,0.0,10.7,37.8
2026-07-29 21:30,2026-07-29 22:30,20260729,45,203,190,13,39.3,16.6,0.0,11.5,39.5
2026-07-29 22:00,2026-07-29 23:00,20260729,46,198,185,13,36.2,16.7,0.0,12.0,40.6
2026-07-29 22:30,2026-07-29 23:30,20260729,47,192,179,13,34.8,17.3,0.0,12.3,41.4
2026-07-29 23:00,2026-07-30 00:00,20260730,0,190,176,14,33.3,17.2,0.0,12.5,42.0
2026-07-29 23:30,2026-07-30 00:30,20260730,1,187,175,12,33.6,16.2,0.0,13.0,41.7
2026-07-30 00:00,2026-07-30 01:00,20260730,2,175,176,-1,33.9,15.2,0.0,13.4,41.2
2026-07-30 00:30,2026-07-30 01:30,20260730,3,172,173,-1,32.4,14.0,0.0,13.5,40.1
2026-07-30 01:00,2026-07-30 02:00,20260730,4,174,174,0,33.0,13.6,0.0,13.8,39.6
2026-07-30 01:30,2026-07-30 02:30,20260730,5,169,165,4,33.8,13.6,0.0,14.2,40.0
2026-07-30 02:00,2026-07-30 03:00,20260730,6,166,165,1,33.2,13.0,0.0,14.5,39.9
2026-07-30 02:30,2026-07-30 03:30,20260730,7,160,171,-11,34.0,14.0,0.0,14.8,40.7
2026-07-30 03:00,2026-07-30 04:00,20260730,8,167,167,0,33.7,15.5,0.0,14.8,42.1
2026-07-30 03:30,2026-07-30 04:30,20260730,9,161,165,-4,34.8,16.3,0.0,14.9,44.2
2026-07-30 04:00,2026-07-30 05:00,20260730,10,157,162,-5,34.0,17.0,0.3,14.8,45.3
2026-07-30 04:30,2026-07-30 05:30,20260730,11,160,166,-6,33.2,16.7,0.8,14.6,45.1
2026-07-30 05:00,2026-07-30 06:00,20260730,12,161,169,-8,31.9,15.6,1.9,14.1,44.2
2026-07-30 05:30,2026-07-30 06:30,20260730,13,161,162,-1,29.6,15.1,4.7,13.2,44.0
2026-07-30 06:00,2026-07-30 07:00,20260730,14,168,151,17,26.9,16.4,7.7,12.6,47.2
2026-07-30 06:30,2026-07-30 07:30,20260730,15,161,140,21,22.8,16.6,10.3,12.1,49.2
2026-07-30 07:00,2026-07-30 08:00,20260730,16,139,130,9,20.5,17.3,12.9,11.9,52.1
2026-07-30 07:30,2026-07-30 08:30,20260730,17,125,114,11,16.9,17.6,15.8,11.7,55.0
2026-07-30 08:00,2026-07-30 09:00,20260730,18,116,105,11,15.1,18.3,18.2,11.8,58.1
2026-07-30 08:30,2026-07-30 09:30,20260730,19,107,99,8,14.3,18.4,20.0,11.5,60.0
2026-07-30 09:00,2026-07-30 10:00,20260730,20,82,98,-16,14.1,18.9,21.9,10.8,60.6
2026-07-30 09:30,2026-07-30 10:30,20260730,21,78,92,-14,13.0,19.4,23.2,11.3,62.5
2026-07-30 10:00,2026-07-30 11:00,20260730,22,85,92,-7,13.1,19.6,23.9,11.1,63.0
2026-07-30 10:30,2026-07-30 11:30,20260730,23,81,93,-12,13.6,20.1,24.5,10.8,63.6
2026-07-30 11:00,2026-07-30 12:00,20260730,24,81,91,-10,13.3,20.8,24.4,10.7,64.1
2026-07-30 11:30,2026-07-30 12:30,20260730,25,72,88,-16,13.4,22.2,24.3,10.8,65.4
2026-07-30 12:00,2026-07-30 13:00,20260730,26,84,89,-5,13.8,22.9,24.3,10.6,65.8
2026-07-30 12:30,2026-07-30 13:30,20260730,27,79,92,-13,14.7,23.9,23.3,10.3,65.3
2026-07-30 13:00,2026-07-30 14:00,20260730,28,82,95,-13,15.9,23.9,22.8,10.2,64.5
2026-07-30 13:30,2026-07-30 14:30,20260730,29,82,92,-10,17.8,24.5,23.1,10.4,65.8
2026-07-30 14:00,2026-07-30 15:00,20260730,30,85,98,-13,19.8,23.6,22.3,10.5,64.2
2026-07-30 14:30,2026-07-30 15:30,20260730,31,83,107,-24,21.4,21.8,21.2,10.7,61.6
2026-07-30 15:00,2026-07-30 16:00,20260730,32,94,121,-27,25.0,21.0,18.8,10.6,58.2
2026-07-30 15:30,2026-07-30 16:30,20260730,33,97,135,-38,28.5,21.2,16.9,10.5,56.4
2026-07-30 16:00,2026-07-30 17:00,20260730,34,144,150,-6,33.0,20.9,14.1,10.1,52.6
2026-07-30 16:30,2026-07-30 17:30,20260730,35,166,165,1,37.2,21.9,11.9,10.4,52.0
2026-07-30 17:00,2026-07-30 18:00,20260730,36,162,171,-9,38.9,21.6,9.7,10.6,49.9
2026-07-30 17:30,2026-07-30 18:30,20260730,37,178,183,-5,39.9,20.6,8.0,10.8,47.9
2026-07-30 18:00,2026-07-30 19:00,20260730,38,180,189,-9,41.1,19.5,6.4,11.1,45.8
2026-07-30 18:30,2026-07-30 19:30,20260730,39,194,192,2,41.6,18.6,4.0,11.4,42.9
2026-07-30 19:00,2026-07-30 20:00,20260730,40,200,196,4,42.3,18.2,2.0,11.6,41.4
2026-07-30 19:30,2026-07-30 20:30,20260730,41,206,192,14,42.5,17.7,0.9,11.8,40.1
2026-07-30 20:00,2026-07-30 21:00,20260730,42,205,195,10,43.4,17.5,0.1,12.3,39.2
2026-07-30 20:30,2026-07-30 21:30,20260730,43,206,195,11,43.8,17.8,0.0,12.8,41.0
2026-07-30 21:00,2026-07-30 22:00,20260730,44,191,191,0,43.2,17.9,0.0,13.3,42.0
2026-07-30 21:30,2026-07-30 22:30,20260730,45,188,194,-6,43.6,18.8,0.0,14.1,44.8
2026-07-30 22:00,2026-07-30 23:00,20260730,46,188,194,-6,43.2,18.9,0.0,14.3,45.3
2026-07-30 22:30,2026-07-30 23:30,20260730,47,182,194,-12,43.3,18.7,0.0,14.6,45.6
2026-07-30 23:00,2026-07-31 00:00,20260731,0,174,193,-19,43.0,19.3,0.0,14.6,46.2
2026-07-30 23:30,2026-07-31 00:30,20260731,1,168,190,-22,43.1,20.0,0.0,14.8,45.6
2026-07-31 00:00,2026-07-31 01:00,20260731,2,184,193,-9,43.5,19.4,0.0,14.8,44.7
2026-07-31 00:30,2026-07-31 01:30,20260731,3,179,190,-11,42.3,18.2,0.0,14.4,42.8
2026-07-31 01:00,2026-07-31 02:00,20260731,4,192,188,4,42.7,18.6,0.0,14.6,43.4
2026-07-31 01:30,2026-07-31 02:30,20260731,5,187,186,1,42.1,18.4,0.0,14.4,42.3
2026-07-31 02:00,2026-07-31 03:00,20260731,6,187,186,1,42.5,18.6,0.0,14.4,42.4
2026-07-31 02:30,2026-07-31 03:30,20260731,7,183,191,-8,43.5,18.0,0.0,14.8,42.4
2026-07-31 03:00,2026-07-31 04:00,20260731,8,179,194,-15,44.5,17.0,0.0,14.9,41.6
2026-07-31 03:30,2026-07-31 04:30,20260731,9,183,201,-18,45.9,16.7,0.0,15.3,41.9
2026-07-31 04:00,2026-07-31 05:00,20260731,10,201,202,-1,46.0,16.1,0.3,15.3,41.6
2026-07-31 04:30,2026-07-31 05:30,20260731,11,151,202,-51,44.6,15.2,0.7,14.9,40.9
2026-07-31 05:00,2026-07-31 06:00,20260731,12,151,202,-51,42.9,13.9,1.8,14.3,40.5
2026-07-31 05:30,2026-07-31 06:30,20260731,13,135,190,-55,41.6,14.1,5.0,14.1,42.9
2026-07-31 06:00,2026-07-31 07:00,20260731,14,120,182,-62,39.0,14.0,8.3,13.5,45.4
2026-07-31 06:30,2026-07-31 07:30,20260731,15,96,167,-71,33.7,13.6,11.9,13.2,47.7
2026-07-31 07:00,2026-07-31 08:00,20260731,16,164,151,13,28.6,13.6,16.5,13.2,52.3
2026-07-31 07:30,2026-07-31 08:30,20260731,17,148,130,18,22.9,13.3,20.9,12.8,55.8
2026-07-31 08:00,2026-07-31 09:00,20260731,18,129,114,15,18.7,13.7,26.0,12.1,60.5
2026-07-31 08:30,2026-07-31 09:30,20260731,19,118,102,16,15.8,13.7,29.6,11.0,63.0
2026-07-31 09:00,2026-07-31 10:00,20260731,20,98,94,4,13.4,13.6,32.3,10.9,65.4
2026-07-31 09:30,2026-07-31 10:30,20260731,21,89,87,2,12.2,13.8,34.0,10.8,66.9
2026-07-31 10:00,2026-07-31 11:00,20260731,22,88,87,1,12.3,13.8,34.7,10.6,67.3
2026-07-31 10:30,2026-07-31 11:30,20260731,23,84,86,-2,12.3,13.7,35.0,10.4,67.2
2026-07-31 11:00,2026-07-31 12:00,20260731,24,79,84,-5,12.0,14.2,35.4,10.3,67.9
2026-07-31 11:30,2026-07-31 12:30,20260731,25,74,85,-11,12.3,14.8,35.2,10.2,67.9
2026-07-31 12:00,2026-07-31 13:00,20260731,26,79,85,-6,12.2,15.5,34.7,10.0,67.8
2026-07-31 12:30,2026-07-31 13:30,20260731,27,79,82,-3,11.8,16.9,33.2,10.2,68.1
2026-07-31 13:00,2026-07-31 14:00,20260731,28,81,79,2,10.7,18.3,32.8,10.3,69.0
2026-07-31 13:30,2026-07-31 14:30,20260731,29,82,78,4,10.7,19.5,32.7,10.5,68.8
2026-07-31 14:00,2026-07-31 15:00,20260731,30,72,82,-10,11.9,19.5,31.7,10.6,67.7
2026-07-31 14:30,2026-07-31 15:30,20260731,31,70,92,-22,14.4,18.4,30.1,10.6,66.7
2026-07-31 15:00,2026-07-31 16:00,20260731,32,79,101,-22,17.4,18.1,27.6,10.5,64.3
2026-07-31 15:30,2026-07-31 16:30,20260731,33,84,120,-36,24.2,18.0,23.3,10.0,59.2
2026-07-31 16:00,2026-07-31 17:00,20260731,34,103,135,-32,28.3,17.5,19.7,9.7,54.8
2026-07-31 16:30,2026-07-31 17:30,20260731,35,119,147,-28,32.0,18.4,16.4,9.8,52.5
2026-07-31 17:00,2026-07-31 18:00,20260731,36,148,151,-3,32.6,19.5,13.2,9.8,51.1
2026-07-31 17:30,2026-07-31 18:30,20260731,37,161,153,8,32.7,19.2,10.8,9.7,49.2
2026-07-31 18:00,2026-07-31 19:00,20260731,38,167,160,7,32.9,18.5,8.1,9.7,47.0
2026-07-31 18:30,2026-07-31 19:30,20260731,39,175,172,3,34.8,18.6,5.3,10.2,45.1
2026-07-31 19:00,2026-07-31 20:00,20260731,40,175,176,-1,35.4,19.4,2.5,10.5,43.4
2026-07-31 19:30,2026-07-31 20:30,20260731,41,180,183,-3,36.9,19.6,1.0,11.0,42.7
2026-07-31 20:00,2026-07-31 21:00,20260731,42,179,184,-5,37.8,19.9,0.1,11.2,42.6
2026-07-31 20:30,2026-07-31 21:30,20260731,43,173,184,-11,39.6,21.1,0.0,11.6,43.5
2026-07-31 21:00,2026-07-31 22:00,20260731,44,171,182,-11,40.3,22.5,0.0,12.0,44.1
2026-07-31 21:30,2026-07-31 22:30,20260731,45,161,176,-15,39.2,22.9,0.0,12.3,45.1
2026-07-31 22:00,2026-07-31 23:00,20260731,46,171,174,-3,38.1,23.1,0.0,12.5,45.7
2026-07-31 22:30,2026-07-31 23:30,20260731,47,169,173,-4,38.4,23.3,0.0,12.8,46.2
2026-07-31 23:00,2026-08-01 00:00,20260801,0,164,167,-3,36.7,23.7,0.0,13.0,47.7
2026-07-31 23:30,2026-08-01 00:30,20260801,1,156,166,-10,36.8,22.4,0.0,13.4,47.0
2026-08-01 00:00,2026-08-01 01:00,20260801,2,167,165,2,36.3,22.3,0.0,13.7,46.6
2026-08-01 00:30,2026-08-01 01:30,20260801,3,164,149,15,32.5,21.5,0.0,13.7,45.7
2026-08-01 01:00,2026-08-01 02:00,20260801,4,160,139,21,29.7,22.9,0.0,13.9,47.9
2026-08-01 01:30,2026-08-01 02:30,20260801,5,157,129,28,26.7,24.2,0.0,13.9,49.2
2026-08-01 02:00,2026-08-01 03:00,20260801,6,149,123,26,25.1,24.4,0.0,14.3,50.2
2026-08-01 02:30,2026-08-01 03:30,20260801,7,149,119,30,23.9,25.0,0.0,14.7,51.4
2026-08-01 03:00,2026-08-01 04:00,20260801,8,126,117,9,22.8,25.0,0.0,14.9,51.7
2026-08-01 03:30,2026-08-01 04:30,20260801,9,124,121,3,23.7,24.6,0.0,15.3,52.1
2026-08-01 04:00,2026-08-01 05:00,20260801,10,46,118,-72,23.6,24.8,0.3,15.4,52.6
2026-08-01 04:30,2026-08-01 05:30,20260801,11,31,113,-82,20.9,25.0,0.9,15.2,52.4
2026-08-01 05:00,2026-08-01 06:00,20260801,12,119,112,7,19.7,24.5,2.1,15.1,52.8
2026-08-01 05:30,2026-08-01 06:30,20260801,13,119,112,7,17.9,23.3,5.8,14.2,53.5
2026-08-01 06:00,2026-08-01 07:00,20260801,14,108,100,8,14.9,22.8,10.0,14.0,57.0
2026-08-01 06:30,2026-08-01 07:30,20260801,15,102,88,14,11.8,22.4,14.1,13.6,59.9
2026-08-01 07:00,2026-08-01 08:00,20260801,16,91,80,11,9.8,22.7,18.2,13.3,61.8
2026-08-01 07:30,2026-08-01 08:30,20260801,17,83,70,13,8.6,22.4,23.0,13.1,63.9
2026-08-01 08:00,2026-08-01 09:00,20260801,18,60,67,-7,8.2,21.8,26.9,12.4,65.7
2026-08-01 08:30,2026-08-01 09:30,20260801,19,58,66,-8,8.0,22.0,30.2,12.1,68.2
2026-08-01 09:00,2026-08-01 10:00,20260801,20,60,63,-3,7.9,22.4,32.1,11.8,69.0
2026-08-01 09:30,2026-08-01 10:30,20260801,21,59,64,-5,7.8,22.6,33.5,11.7,70.4
2026-08-01 10:00,2026-08-01 11:00,20260801,22,56,62,-6,7.7,23.5,33.9,11.5,71.5
2026-08-01 10:30,2026-08-01 11:30,20260801,23,54,62,-8,7.6,23.9,33.0,11.5,71.0
2026-08-01 11:00,2026-08-01 12:00,20260801,24,53,60,-7,7.5,24.5,32.9,11.4,71.4
2026-08-01 11:30,2026-08-01 12:30,20260801,25,53,61,-8,7.4,25.6,32.2,11.3,71.5
2026-08-01 12:00,2026-08-01 13:00,20260801,26,54,60,-6,7.5,25.0,32.9,11.4,71.8
2026-08-01 12:30,2026-08-01 13:30,20260801,27,53,62,-9,7.7,24.6,33.6,11.6,72.3
2026-08-01 13:00,2026-08-01 14:00,20260801,28,55,60,-5,7.6,24.8,33.8,11.7,72.8
2026-08-01 13:30,2026-08-01 14:30,20260801,29,54,58,-4,7.5,24.9,34.1,11.8,73.4
2026-08-01 14:00,2026-08-01 15:00,20260801,30,56,60,-4,8.1,24.3,33.7,11.9,72.6
2026-08-01 14:30,2026-08-01 15:30,20260801,31,58,66,-8,8.5,23.5,31.2,11.8,69.3
2026-08-01 15:00,2026-08-01 16:00,20260801,32,54,72,-18,10.6,24.2,28.0,11.5,68.0
2026-08-01 15:30,2026-08-01 16:30,20260801,33,53,84,-31,14.8,23.1,24.6,11.3,65.3
2026-08-01 16:00,2026-08-01 17:00,20260801,34,72,98,-26,19.1,22.2,20.9,11.1,62.2
2026-08-01 16:30,2026-08-01 17:30,20260801,35,74,121,-47,25.6,21.9,17.1,10.8,57.7
2026-08-01 17:00,2026-08-01 18:00,20260801,36,107,135,-28,28.7,21.0,13.8,10.8,53.6
2026-08-01 17:30,2026-08-01 18:30,20260801,37,118,147,-29,29.9,21.3,11.1,10.8,52.5
2026-08-01 18:00,2026-08-01 19:00,20260801,38,127,153,-26,30.6,21.0,8.6,11.1,50.4
2026-08-01 18:30,2026-08-01 19:30,20260801,39,135,165,-30,31.4,20.3,5.5,11.5,47.4
2026-08-01 19:00,2026-08-01 20:00,20260801,40,162,171,-9,32.1,20.7,2.6,11.7,45.5
2026-08-01 19:30,2026-08-01 20:30,20260801,41,164,173,-9,34.4,20.1,1.1,12.2,44.3
2026-08-01 20:00,2026-08-01 21:00,20260801,42,157,173,-16,35.1,20.5,0.0,12.5,44.0
2026-08-01 20:30,2026-08-01 21:30,20260801,43,151,162,-11,34.2,20.7,0.0,12.5,44.0
2026-08-01 21:00,2026-08-01 22:00,20260801,44,167,160,7,33.9,20.3,0.0,13.0,44.5
2026-08-01 21:30,2026-08-01 22:30,20260801,45,169,161,8,34.2,20.3,0.0,13.5,45.8
2026-08-01 22:00,2026-08-01 23:00,20260801,46,161,162,-1,34.4,19.2,0.0,13.9,45.5
2026-08-01 22:30,2026-08-01 23:30,20260801,47,166,162,4,33.3,17.6,0.0,13.9,43.4
2026-08-01 23:00,2026-08-02 00:00,20260802,0,170,161,9,32.9,16.9,0.0,14.2,43.3
2026-08-01 23:30,2026-08-02 00:30,20260802,1,175,158,17,31.3,16.1,0.0,14.6,42.3
2026-08-02 00:00,2026-08-02 01:00,20260802,2,166,156,10,30.0,15.8,0.0,15.0,42.6
2026-08-02 00:30,2026-08-02 01:30,20260802,3,168,147,21,28.9,15.1,0.0,15.1,42.7
2026-08-02 01:00,2026-08-02 02:00,20260802,4,157,146,11,28.2,14.7,0.0,15.4,42.9
2026-08-02 01:30,2026-08-02 02:30,20260802,5,157,149,8,29.0,14.5,0.0,15.9,42.9
2026-08-02 02:00,2026-08-02 03:00,20260802,6,142,147,-5,28.8,14.9,0.0,16.1,43.6
2026-08-02 02:30,2026-08-02 03:30,20260802,7,137,154,-17,29.7,14.2,0.0,16.6,43.8
2026-08-02 03:00,2026-08-02 04:00,20260802,8,145,154,-9,29.8,13.4,0.0,16.8,43.5
2026-08-02 03:30,2026-08-02 04:30,20260802,9,146,161,-15,29.6,13.1,0.0,17.0,43.6
2026-08-02 04:00,2026-08-02 05:00,20260802,10,120,156,-36,28.4,13.0,0.3,17.4,44.4
2026-08-02 04:30,2026-08-02 05:30,20260802,11,90,139,-49,23.4,11.7,1.0,17.0,43.2
2026-08-02 05:00,2026-08-02 06:00,20260802,12,153,138,15,22.4,9.9,2.5,17.3,43.1
2026-08-02 05:30,2026-08-02 06:30,20260802,13,156,134,22,19.3,8.1,7.4,16.5,44.8
2026-08-02 06:00,2026-08-02 07:00,20260802,14,139,124,15,16.9,6.8,12.6,16.2,48.5
2026-08-02 06:30,2026-08-02 07:30,20260802,15,140,112,28,15.9,6.4,17.4,15.6,51.9
2026-08-02 07:00,2026-08-02 08:00,20260802,16,120,105,15,14.3,5.4,21.8,14.9,54.5
2026-08-02 07:30,2026-08-02 08:30,20260802,17,119,97,22,11.6,4.7,26.6,14.1,57.5
2026-08-02 08:00,2026-08-02 09:00,20260802,18,97,88,9,9.8,4.3,32.0,13.6,60.5
2026-08-02 08:30,2026-08-02 09:30,20260802,19,90,84,6,8.7,4.2,35.6,13.2,63.4
2026-08-02 09:00,2026-08-02 10:00,20260802,20,81,79,2,8.3,4.0,38.6,12.7,65.2
2026-08-02 09:30,2026-08-02 10:30,20260802,21,77,77,0,7.9,4.0,40.9,12.1,66.5
2026-08-02 10:00,2026-08-02 11:00,20260802,22,70,75,-5,7.7,4.0,42.5,11.8,67.4
2026-08-02 10:30,2026-08-02 11:30,20260802,23,68,73,-5,7.8,4.3,43.2,11.7,68.0
2026-08-02 11:00,2026-08-02 12:00,20260802,24,67,73,-6,7.6,4.5,43.3,11.6,68.1
2026-08-02 11:30,2026-08-02 12:30,20260802,25,63,71,-8,7.7,4.8,43.2,11.4,68.3
2026-08-02 12:00,2026-08-02 13:00,20260802,26,64,71,-7,8.0,5.0,43.0,11.3,68.6
2026-08-02 12:30,2026-08-02 13:30,20260802,27,63,71,-8,8.1,5.4,42.3,11.5,69.0
2026-08-02 13:00,2026-08-02 14:00,20260802,28,66,71,-5,8.4,5.6,41.5,11.4,68.7
2026-08-02 13:30,2026-08-02 14:30,20260802,29,66,74,-8,8.8,6.6,40.2,11.5,68.3
2026-08-02 14:00,2026-08-02 15:00,20260802,30,67,79,-12,10.2,7.5,38.3,11.4,66.8
2026-08-02 14:30,2026-08-02 15:30,20260802,31,72,100,-28,15.1,7.8,33.6,11.2,61.9
2026-08-02 15:00,2026-08-02 16:00,20260802,32,84,115,-31,20.3,8.1,29.4,10.9,57.8
2026-08-02 15:30,2026-08-02 16:30,20260802,33,90,130,-40,23.8,8.7,25.2,10.8,54.0
2026-08-02 16:00,2026-08-02 17:00,20260802,34,133,138,-5,26.2,10.0,21.4,10.8,51.3
2026-08-02 16:30,2026-08-02 17:30,20260802,35,151,147,4,28.0,10.8,16.6,10.7,49.3
2026-08-02 17:00,2026-08-02 18:00,20260802,36,146,153,-7,27.9,12.0,13.0,10.7,47.5
2026-08-02 17:30,2026-08-02 18:30,20260802,37,156,162,-6,28.8,13.3,10.3,11.2,47.7
2026-08-02 18:00,2026-08-02 19:00,20260802,38,163,168,-5,29.5,13.9,7.6,11.4,45.8
2026-08-02 18:30,2026-08-02 19:30,20260802,39,175,175,0,31.6,14.5,4.8,12.0,44.9
2026-08-02 19:00,2026-08-02 20:00,20260802,40,170,180,-10,32.8,15.1,2.0,12.5,43.2
2026-08-02 19:30,2026-08-02 20:30,20260802,41,169,178,-9,32.6,15.8,0.9,12.5,42.4
2026-08-02 20:00,2026-08-02 21:00,20260802,42,185,176,9,33.2,16.9,0.0,12.8,43.5
2026-08-02 20:30,2026-08-02 21:30,20260802,43,173,174,-1,33.6,18.0,0.0,13.3,43.8
2026-08-02 21:00,2026-08-02 22:00,20260802,44,172,170,2,32.6,19.0,0.0,13.5,44.6
2026-08-02 21:30,2026-08-02 22:30,20260802,45,158,162,-4,30.1,20.5,0.0,14.1,47.0
2026-08-02 22:00,2026-08-02 23:00,20260802,46,162,158,4,29.2,21.3,0.0,14.4,48.3
2026-08-02 22:30,2026-08-02 23:30,20260802,47,150,160,-10,30.2,21.8,0.0,14.6,49.2
2026-08-02 23:00,2026-08-03 00:00,20260803,0,142,155,-13,28.6,22.9,0.0,14.8,50.6
2026-08-02 23:30,2026-08-03 00:30,20260803,1,142,152,-10,28.5,23.3,0.0,14.9,51.5
2026-08-03 00:00,2026-08-03 01:00,20260803,2,148,151,-3,28.1,23.3,0.0,15.1,51.4
2026-08-03 00:30,2026-08-03 01:30,20260803,3,142,150,-8,28.3,22.9,0.0,15.0,50.9
2026-08-03 01:00,2026-08-03 02:00,20260803,4,150,145,5,27.1,23.7,0.0,15.2,52.0
2026-08-03 01:30,2026-08-03 02:30,20260803,5,149,136,13,25.7,25.3,0.0,15.4,53.7
2026-08-03 02:00,2026-08-03 03:00,20260803,6,146,132,14,24.3,26.2,0.0,15.6,55.1
2026-08-03 02:30,2026-08-03 03:30,20260803,7,153,135,18,27.9,26.8,0.0,16.1,56.5
2026-08-03 03:00,2026-08-03 04:00,20260803,8,121,137,-16,28.2,26.3,0.0,16.2,56.1
2026-08-03 03:30,2026-08-03 04:30,20260803,9,116,150,-34,30.6,25.0,0.0,15.9,54.1
2026-08-03 04:00,2026-08-03 05:00,20260803,10,121,148,-27,30.6,25.3,0.2,15.7,54.4
2026-08-03 04:30,2026-08-03 05:30,20260803,11,125,150,-25,29.4,23.9,0.8,15.1,53.5
2026-08-03 05:00,2026-08-03 06:00,20260803,12,149,146,3,26.6,23.9,1.8,14.6,53.6
2026-08-03 05:30,2026-08-03 06:30,20260803,13,163,134,29,22.0,21.6,5.5,13.3,53.1
2026-08-03 06:00,2026-08-03 07:00,20260803,14,141,130,11,21.6,20.8,9.2,12.5,54.1
2026-08-03 06:30,2026-08-03 07:30,20260803,15,134,117,17,18.6,19.9,12.8,11.9,55.8
2026-08-03 07:00,2026-08-03 08:00,20260803,16,123,108,15,16.2,19.9,16.5,11.6,58.7
2026-08-03 07:30,2026-08-03 08:30,20260803,17,116,98,18,13.9,19.7,20.5,11.3,61.5
2026-08-03 08:00,2026-08-03 09:00,20260803,18,98,85,13,10.9,19.4,25.0,10.9,65.3
2026-08-03 08:30,2026-08-03 09:30,20260803,19,83,73,10,8.6,19.5,28.7,10.7,68.6
2026-08-03 09:00,2026-08-03 10:00,20260803,20,75,67,8,7.2,19.7,31.6,10.4,70.4
2026-08-03 09:30,2026-08-03 10:30,20260803,21,72,64,8,6.3,20.2,33.0,10.2,71.7
2026-08-03 10:00,2026-08-03 11:00,20260803,22,59,61,-2,6.1,20.5,34.4,9.9,72.8
2026-08-03 10:30,2026-08-03 11:30,20260803,23,59,60,-1,6.1,20.4,35.4,9.8,72.6
2026-08-03 11:00,2026-08-03 12:00,20260803,24,56,58,-2,6.0,21.3,35.7,9.7,73.6
2026-08-03 11:30,2026-08-03 12:30,20260803,25,54,58,-4,6.0,22.0,35.8,9.6,73.8
2026-08-03 12:00,2026-08-03 13:00,20260803,26,53,58,-5,6.2,22.4,35.7,9.6,73.9
2026-08-03 12:30,2026-08-03 13:30,20260803,27,51,60,-9,6.6,23.2,36.0,9.8,75.2
2026-08-03 13:00,2026-08-03 14:00,20260803,28,55,63,-8,7.2,23.4,34.9,9.8,74.8
2026-08-03 13:30,2026-08-03 14:30,20260803,29,56,63,-7,7.5,23.2,33.9,9.9,74.4
2026-08-03 14:00,2026-08-03 15:00,20260803,30,59,68,-9,8.9,23.0,32.2,10.0,73.1
2026-08-03 14:30,2026-08-03 15:30,20260803,31,62,83,-21,12.3,22.6,30.1,9.9,70.8
2026-08-03 15:00,2026-08-03 16:00,20260803,32,77,98,-21,16.8,22.3,26.9,9.9,66.4
2026-08-03 15:30,2026-08-03 16:30,20260803,33,85,118,-33,22.9,22.6,22.7,9.7,63.2
2026-08-03 16:00,2026-08-03 17:00,20260803,34,104,129,-25,26.9,23.3,19.0,9.7,60.2
2026-08-03 16:30,2026-08-03 17:30,20260803,35,111,134,-23,29.2,25.6,15.5,10.0,60.4
2026-08-03 17:00,2026-08-03 18:00,20260803,36,118,143,-25,30.7,25.9,12.4,10.1,58.0
2026-08-03 17:30,2026-08-03 18:30,20260803,37,125,154,-29,32.0,25.3,10.0,10.3,55.6
2026-08-03 18:00,2026-08-03 19:00,20260803,38,142,159,-17,33.7,26.4,7.2,10.6,54.3
2026-08-03 18:30,2026-08-03 19:30,20260803,39,150,167,-17,35.3,26.1,4.5,11.1,51.9
2026-08-03 19:00,2026-08-03 20:00,20260803,40,155,170,-15,36.7,27.1,1.8,11.5,51.0
2026-08-03 19:30,2026-08-03 20:30,20260803,41,154,175,-21,36.8,27.9,0.8,11.7,51.3
2026-08-03 20:00,2026-08-03 21:00,20260803,42,170,172,-2,36.3,29.7,0.0,12.1,52.6
2026-08-03 20:30,2026-08-03 21:30,20260803,43,168,165,3,36.4,29.5,0.0,12.6,53.5
2026-08-03 21:00,2026-08-03 22:00,20260803,44,169,167,2,37.0,29.2,0.0,13.1,53.5
2026-08-03 21:30,2026-08-03 22:30,20260803,45,161,161,0,36.4,30.4,0.0,13.8,55.7
2026-08-03 22:00,2026-08-03 23:00,20260803,46,158,156,2,35.3,31.5,0.0,14.2,57.6
2026-08-03 22:30,2026-08-03 23:30,20260803,47,149,152,-3,34.5,31.5,0.0,14.2,58.1
2026-08-03 23:00,2026-08-04 00:00,20260804,0,146,158,-12,35.5,30.7,0.0,14.5,56.7
2026-08-03 23:30,2026-08-04 00:30,20260804,1,141,158,-17,35.3,30.0,0.0,14.5,56.9
2026-08-04 00:00,2026-08-04 01:00,20260804,2,158,167,-9,36.7,28.5,0.0,14.3,54.6
2026-08-04 00:30,2026-08-04 01:30,20260804,3,157,169,-12,37.7,28.7,0.0,14.5,54.3
2026-08-04 01:00,2026-08-04 02:00,20260804,4,155,170,-15,37.7,28.8,0.0,14.5,54.4
2026-08-04 01:30,2026-08-04 02:30,20260804,5,153,167,-14,37.2,30.6,0.0,14.5,56.0
2026-08-04 02:00,2026-08-04 03:00,20260804,6,162,165,-3,36.9,30.8,0.0,14.9,56.9
2026-08-04 02:30,2026-08-04 03:30,20260804,7,159,169,-10,37.1,29.0,0.0,15.0,55.2
2026-08-04 03:00,2026-08-04 04:00,20260804,8,161,173,-12,37.7,27.1,0.0,15.2,53.7
2026-08-04 03:30,2026-08-04 04:30,20260804,9,153,175,-22,38.5,25.3,0.0,15.5,53.0
2026-08-04 04:00,2026-08-04 05:00,20260804,10,94,176,-82,38.9,24.6,0.2,15.3,52.6
2026-08-04 04:30,2026-08-04 05:30,20260804,11,83,171,-88,37.6,24.9,0.6,14.8,51.3
2026-08-04 05:00,2026-08-04 06:00,20260804,12,165,172,-7,36.6,24.8,1.2,14.2,51.0
2026-08-04 05:30,2026-08-04 06:30,20260804,13,174,160,14,32.8,23.9,3.4,13.3,50.7
2026-08-04 06:00,2026-08-04 07:00,20260804,14,160,153,7,30.8,24.2,6.2,12.8,52.9
2026-08-04 06:30,2026-08-04 07:30,20260804,15,156,148,8,28.2,23.2,8.4,12.2,53.0
2026-08-04 07:00,2026-08-04 08:00,20260804,16,138,139,-1,25.5,22.8,10.8,12.0,54.8
2026-08-04 07:30,2026-08-04 08:30,20260804,17,127,127,0,21.5,21.6,13.4,11.8,55.6
2026-08-04 08:00,2026-08-04 09:00,20260804,18,120,122,-2,19.5,20.9,16.1,11.5,56.9
2026-08-04 08:30,2026-08-04 09:30,20260804,19,93,112,-19,18.0,20.7,18.9,11.4,59.3
2026-08-04 09:00,2026-08-04 10:00,20260804,20,106,105,1,16.9,20.6,20.8,11.4,61.6
2026-08-04 09:30,2026-08-04 10:30,20260804,21,97,101,-4,15.8,20.6,22.0,11.3,62.8
2026-08-04 10:00,2026-08-04 11:00,20260804,22,96,98,-2,15.3,20.9,23.2,11.3,63.5
2026-08-04 10:30,2026-08-04 11:30,20260804,23,91,96,-5,14.9,20.4,24.2,11.2,64.3
2026-08-04 11:00,2026-08-04 12:00,20260804,24,91,91,0,14.2,21.3,24.9,11.2,65.5
2026-08-04 11:30,2026-08-04 12:30,20260804,25,81,89,-8,13.5,21.4,25.3,11.1,65.9
2026-08-04 12:00,2026-08-04 13:00,20260804,26,80,87,-7,13.3,22.6,25.4,11.0,66.7
2026-08-04 12:30,2026-08-04 13:30,20260804,27,80,89,-9,14.3,23.3,25.2,11.1,67.3
2026-08-04 13:00,2026-08-04 14:00,20260804,28,83,87,-4,13.8,25.2,24.2,11.0,68.3
2026-08-04 13:30,2026-08-04 14:30,20260804,29,82,86,-4,14.8,27.3,23.2,11.1,69.7
2026-08-04 14:00,2026-08-04 15:00,20260804,30,77,84,-7,14.5,28.4,22.4,11.2,70.2
2026-08-04 14:30,2026-08-04 15:30,20260804,31,74,79,-5,14.6,29.5,21.5,11.1,70.6
2026-08-04 15:00,2026-08-04 16:00,20260804,32,79,88,-9,17.2,30.6,19.4,10.9,68.6
2026-08-04 15:30,2026-08-04 16:30,20260804,33,80,100,-20,20.4,30.4,16.5,10.6,65.4
2026-08-04 16:00,2026-08-04 17:00,20260804,34,100,104,-4,21.7,30.8,14.3,10.6,63.7
2026-08-04 16:30,2026-08-04 17:30,20260804,35,116,116,0,24.5,30.6,11.5,11.0,61.7
2026-08-04 17:00,2026-08-04 18:00,20260804,36,107,121,-14,25.9,30.7,9.3,11.1,60.2
2026-08-04 17:30,2026-08-04 18:30,20260804,37,112,134,-22,27.4,31.7,7.3,11.3,60.9
2026-08-04 18:00,2026-08-04 19:00,20260804,38,126,139,-13,28.4,30.8,5.2,11.5,59.1
2026-08-04 18:30,2026-08-04 19:30,20260804,39,131,140,-9,29.3,33.0,3.1,12.0,59.3
2026-08-04 19:00,2026-08-04 20:00,20260804,40,137,137,0,28.5,35.6,1.3,12.2,60.3
2026-08-04 19:30,2026-08-04 20:30,20260804,41,132,136,-4,28.8,37.1,0.6,12.5,61.0
2026-08-04 20:00,2026-08-04 21:00,20260804,42,130,130,0,28.8,40.1,0.0,12.6,63.2
2026-08-04 20:30,2026-08-04 21:30,20260804,43,128,133,-5,29.1,40.5,0.0,12.7,64.0
2026-08-04 21:00,2026-08-04 22:00,20260804,44,122,130,-8,29.0,40.8,0.0,12.9,64.9
2026-08-04 21:30,2026-08-04 22:30,20260804,45,114,117,-3,26.1,42.8,0.0,13.4,67.1
2026-08-04 22:00,2026-08-04 23:00,20260804,46,122,115,7,23.9,43.2,0.0,13.9,67.9
2026-08-04 22:30,2026-08-04 23:30,20260804,47,116,106,10,22.8,44.3,0.0,14.6,70.1
2026-08-04 23:00,2026-08-05 00:00,20260805,0,115,105,10,22.1,44.1,0.0,14.7,70.6
2026-08-04 23:30,2026-08-05 00:30,20260805,1,107,96,11,20.4,44.6,0.0,15.5,72.5
2026-08-05 00:00,2026-08-05 01:00,20260805,2,96,94,2,19.1,44.7,0.0,15.8,73.0
2026-08-05 00:30,2026-08-05 01:30,20260805,3,87,89,-2,17.9,44.3,0.0,15.8,72.3
2026-08-05 01:00,2026-08-05 02:00,20260805,4,89,86,3,16.8,45.4,0.0,15.8,73.3
2026-08-05 01:30,2026-08-05 02:30,20260805,5,84,76,8,14.6,47.5,0.0,16.1,75.7
2026-08-05 02:00,2026-08-05 03:00,20260805,6,80,67,13,12.7,51.0,0.0,16.1,79.0
2026-08-05 02:30,2026-08-05 03:30,20260805,7,79,58,21,10.8,54.9,0.0,16.1,83.0
2026-08-05 03:00,2026-08-05 04:00,20260805,8,66,55,11,10.1,56.3,0.0,16.0,84.2
2026-08-05 03:30,2026-08-05 04:30,20260805,9,65,55,10,10.0,57.6,0.0,15.9,85.4
2026-08-05 04:00,2026-08-05 05:00,20260805,10,48,57,-9,10.2,57.5,0.1,16.0,85.0
2026-08-05 04:30,2026-08-05 05:30,20260805,11,36,56,-20,9.9,56.9,0.5,15.8,85.2
2026-08-05 05:00,2026-08-05 06:00,20260805,12,54,59,-5,9.6,56.1,1.1,15.4,84.3
2026-08-05 05:30,2026-08-05 06:30,20260805,13,55,57,-2,8.8,56.7,3.1,15.1,85.8
2026-08-05 06:00,2026-08-05 07:00,20260805,14,52,56,-4,7.5,55.9,5.8,14.5,86.1
2026-08-05 06:30,2026-08-05 07:30,20260805,15,49,61,-12,7.1,54.4,7.6,13.8,83.4
2026-08-05 07:00,2026-08-05 08:00,20260805,16,48,60,-12,6.6,53.1,9.9,13.5,82.3
2026-08-05 07:30,2026-08-05 08:30,20260805,17,47,58,-11,5.5,48.9,12.5,12.6,78.1
2026-08-05 08:00,2026-08-05 09:00,20260805,18,47,54,-7,4.8,46.7,15.6,12.4,78.8
2026-08-05 08:30,2026-08-05 09:30,20260805,19,46,50,-4,4.6,45.3,17.3,12.0,78.5
2026-08-05 09:00,2026-08-05 10:00,20260805,20,46,49,-3,4.5,44.4,19.2,11.8,79.2
2026-08-05 09:30,2026-08-05 10:30,20260805,21,45,47,-2,4.4,43.1,21.2,11.6,79.6
2026-08-05 10:00,2026-08-05 11:00,20260805,22,43,46,-3,4.3,42.3,22.8,11.4,80.1
2026-08-05 10:30,2026-08-05 11:30,20260805,23,43,47,-4,4.3,41.0,24.5,11.2,80.3
2026-08-05 11:00,2026-08-05 12:00,20260805,24,42,45,-3,4.1,41.0,25.3,11.0,80.8
2026-08-05 11:30,2026-08-05 12:30,20260805,25,42,43,-1,4.1,43.3,26.1,11.2,84.1
2026-08-05 12:00,2026-08-05 13:00,20260805,26,40,42,-2,4.1,43.1,26.8,11.2,84.6
2026-08-05 12:30,2026-08-05 13:30,20260805,27,39,41,-2,4.1,43.9,26.3,11.1,84.9
2026-08-05 13:00,2026-08-05 14:00,20260805,28,36,41,-5,4.6,43.7,26.2,11.2,84.8
2026-08-05 13:30,2026-08-05 14:30,20260805,29,34,37,-3,5.0,43.8,25.9,11.0,84.4
2026-08-05 14:00,2026-08-05 15:00,20260805,30,36,40,-4,5.9,43.7,25.0,11.1,83.5
2026-08-05 14:30,2026-08-05 15:30,20260805,31,33,40,-7,6.5,44.9,23.9,11.3,84.1
2026-08-05 15:00,2026-08-05 16:00,20260805,32,37,41,-4,6.7,47.0,21.6,11.2,83.8
2026-08-05 15:30,2026-08-05 16:30,20260805,33,36,43,-7,7.1,49.1,19.1,11.2,83.9
2026-08-05 16:00,2026-08-05 17:00,20260805,34,41,44,-3,7.7,51.2,15.9,11.1,84.5
2026-08-05 16:30,2026-08-05 17:30,20260805,35,43,53,-10,9.4,53.8,13.1,11.4,86.4
2026-08-05 17:00,2026-08-05 18:00,20260805,36,43,59,-16,10.6,54.0,10.6,11.5,84.8
2026-08-05 17:30,2026-08-05 18:30,20260805,37,43,72,-29,12.7,51.8,8.4,11.3,80.9
2026-08-05 18:00,2026-08-05 19:00,20260805,38,53,79,-26,14.9,51.9,6.0,11.4,78.2
2026-08-05 18:30,2026-08-05 19:30,20260805,39,53,86,-33,15.8,50.5,3.6,11.3,75.6
2026-08-05 19:00,2026-08-05 20:00,20260805,40,78,95,-17,17.8,49.5,1.5,11.5,72.7
2026-08-05 19:30,2026-08-05 20:30,20260805,41,81,99,-18,18.9,48.1,0.7,11.4,71.2
2026-08-05 20:00,2026-08-05 21:00,20260805,42,87,104,-17,20.9,48.5,0.0,11.7,70.3
2026-08-05 20:30,2026-08-05 21:30,20260805,43,85,103,-18,20.8,49.9,0.0,12.0,71.8
2026-08-05 21:00,2026-08-05 22:00,20260805,44,94,100,-6,20.1,50.5,0.0,12.2,72.8
2026-08-05 21:30,2026-08-05 22:30,20260805,45,92,97,-5,19.6,51.4,0.0,12.4,74.6
2026-08-05 22:00,2026-08-05 23:00,20260805,46,95,95,0,18.7,52.4,0.0,12.7,75.6
2026-08-05 22:30,2026-08-05 23:30,20260805,47,97,89,8,17.6,53.6,0.0,12.9,77.8
2026-08-05 23:00,2026-08-06 00:00,20260806,0,97,87,10,16.9,55.0,0.0,13.3,79.1
2026-08-05 23:30,2026-08-06 00:30,20260806,1,98,83,15,17.3,56.9,0.0,13.5,81.3
2026-08-06 00:00,2026-08-06 01:00,20260806,2,81,78,3,15.6,58.5,0.0,13.6,83.0
2026-08-06 00:30,2026-08-06 01:30,20260806,3,81,65,16,12.7,59.8,0.0,14.1,85.4
2026-08-06 01:00,2026-08-06 02:00,20260806,4,75,66,9,12.8,59.7,0.0,14.2,85.4
2026-08-06 01:30,2026-08-06 02:30,20260806,5,74,64,10,12.4,59.7,0.0,14.7,86.4
2026-08-06 02:00,2026-08-06 03:00,20260806,6,64,60,4,11.0,60.7,0.0,14.9,87.6
2026-08-06 02:30,2026-08-06 03:30,20260806,7,64,56,8,10.4,61.7,0.0,14.9,88.6
2026-08-06 03:00,2026-08-06 04:00,20260806,8,57,55,2,9.9,61.8,0.0,15.1,89.1
2026-08-06 03:30,2026-08-06 04:30,20260806,9,56,59,-3,10.6,61.2,0.0,15.1,88.1
2026-08-06 04:00,2026-08-06 05:00,20260806,10,53,62,-9,11.1,60.1,0.1,15.3,87.0
2026-08-06 04:30,2026-08-06 05:30,20260806,11,49,66,-17,10.2,57.1,0.5,15.1,84.4
2026-08-06 05:00,2026-08-06 06:00,20260806,12,57,72,-15,10.4,52.9,1.1,14.8,82.0
2026-08-06 05:30,2026-08-06 06:30,20260806,13,59,67,-8,10.2,51.3,3.8,14.5,81.2
2026-08-06 06:00,2026-08-06 07:00,20260806,14,57,66,-9,9.5,48.8,7.1,14.1,81.3
2026-08-06 06:30,2026-08-06 07:30,20260806,15,55,69,-14,8.8,44.5,9.4,13.0,76.4
2026-08-06 07:00,2026-08-06 08:00,20260806,16,63,66,-3,8.1,43.7,12.2,12.9,76.7
2026-08-06 07:30,2026-08-06 08:30,20260806,17,64,65,-1,7.1,40.6,14.3,12.6,74.7
2026-08-06 08:00,2026-08-06 09:00,20260806,18,60,65,-5,7.3,38.1,17.1,12.4,74.5
2026-08-06 08:30,2026-08-06 09:30,20260806,19,57,62,-5,6.4,35.9,20.2,11.9,74.1
2026-08-06 09:00,2026-08-06 10:00,20260806,20,60,64,-4,6.6,34.8,22.0,10.3,73.0
2026-08-06 09:30,2026-08-06 10:30,20260806,21,61,63,-2,6.5,32.6,22.0,12.0,72.4
2026-08-06 10:00,2026-08-06 11:00,20260806,22,62,61,1,6.7,31.6,22.9,12.0,73.0
2026-08-06 10:30,2026-08-06 11:30,20260806,23,62,34,28,6.6,30.7,22.5,11.8,71.5
2026-08-06 11:00,2026-08-06 12:00,20260806,24,62,,,7.4,30.2,24.5,12.6,75.4
2026-08-06 11:30,2026-08-06 12:30,20260806,25,64,41,23,7.3,27.9,26.1,12.7,75.0
2026-08-06 12:00,2026-08-06 13:00,20260806,26,69,56,13,8.9,25.7,26.4,13.0,73.4
2026-08-06 12:30,2026-08-06 13:30,20260806,27,72,65,7,8.5,24.4,26.8,13.3,73.3
2026-08-06 13:00,2026-08-06 14:00,20260806,28,74,72,2,7.9,23.2,27.1,13.7,73.0
2026-08-06 13:30,2026-08-06 14:30,20260806,29,77,77,0,7.9,21.9,26.7,13.9,71.8
2026-08-06 14:00,2026-08-06 15:00,20260806,30,85,81,4,9.9,20.4,25.6,14.1,69.4
2026-08-06 14:30,2026-08-06 15:30,20260806,31,93,91,2,11.4,19.2,24.3,13.9,67.1
2026-08-06 15:00,2026-08-06 16:00,20260806,32,108,103,5,16.2,17.7,22.0,13.8,63.0
2026-08-06 15:30,2026-08-06 16:30,20260806,33,124,125,-1,21.5,16.3,19.2,13.8,58.6
2026-08-06 16:00,2026-08-06 17:00,20260806,34,136,140,-4,24.6,15.5,16.6,13.6,55.1
2026-08-06 16:30,2026-08-06 17:30,20260806,35,152,155,-3,30.6,14.4,13.3,13.5,50.4
2026-08-06 17:00,2026-08-06 18:00,20260806,36,158,163,-5,33.7,13.8,11.0,13.7,47.8
2026-08-06 17:30,2026-08-06 18:30,20260806,37,162,172,-10,35.4,13.5,9.5,13.9,46.8
2026-08-06 18:00,2026-08-06 19:00,20260806,38,168,179,-11,37.1,13.0,7.0,14.3,44.3
2026-08-06 18:30,2026-08-06 19:30,20260806,39,176,191,-15,39.8,12.7,4.2,14.8,41.8
2026-08-06 19:00,2026-08-06 20:00,20260806,40,184,198,-14,42.4,12.4,1.8,15.0,39.2
2026-08-06 19:30,2026-08-06 20:30,20260806,41,186,203,-17,43.0,13.1,0.8,15.2,39.4
2026-08-06 20:00,2026-08-06 21:00,20260806,42,186,201,-15,43.1,13.7,0.0,15.4,39.3
2026-08-06 20:30,2026-08-06 21:30,20260806,43,181,194,-13,42.0,14.8,0.0,15.2,40.2
2026-08-06 21:00,2026-08-06 22:00,20260806,44,178,190,-12,40.5,15.6,0.0,15.6,41.1
2026-08-06 21:30,2026-08-06 22:30,20260806,45,169,181,-12,37.3,17.4,0.0,15.8,43.3
2026-08-06 22:00,2026-08-06 23:00,20260806,46,164,176,-12,35.8,19.5,0.0,15.7,45.6
2026-08-06 22:30,2026-08-06 23:30,20260806,47,157,179,-22,34.6,20.9,0.0,15.7,47.0
2026-08-06 23:00,2026-08-07 00:00,20260807,0,155,173,-18,34.4,21.9,0.0,15.4,47.7
2026-08-06 23:30,2026-08-07 00:30,20260807,1,153,158,-5,34.3,22.5,0.0,15.2,48.0
2026-08-07 00:00,2026-08-07 01:00,20260807,2,149,153,-4,32.2,23.2,0.0,15.2,48.7
2026-08-07 00:30,2026-08-07 01:30,20260807,3,146,150,-4,30.5,24.6,0.0,15.2,50.3
2026-08-07 01:00,2026-08-07 02:00,20260807,4,136,150,-14,26.0,26.6,0.0,15.3,53.1
2026-08-07 01:30,2026-08-07 02:30,20260807,5,138,156,-18,26.5,26.5,0.0,15.9,53.4
2026-08-07 02:00,2026-08-07 03:00,20260807,6,135,152,-17,24.8,27.4,0.0,16.0,54.4
2026-08-07 02:30,2026-08-07 03:30,20260807,7,132,159,-27,24.7,27.4,0.0,16.1,54.1
2026-08-07 03:00,2026-08-07 04:00,20260807,8,123,159,-36,22.0,28.8,0.0,16.1,55.7
2026-08-07 03:30,2026-08-07 04:30,20260807,9,126,162,-36,23.6,28.2,0.0,16.2,54.6
2026-08-07 04:00,2026-08-07 05:00,20260807,10,123,161,-38,22.4,29.1,0.1,16.4,56.1
2026-08-07 04:30,2026-08-07 05:30,20260807,11,120,158,-38,21.2,29.5,0.6,15.8,56.4
2026-08-07 05:00,2026-08-07 06:00,20260807,12,118,158,-40,19.8,29.2,1.4,15.5,56.7
2026-08-07 05:30,2026-08-07 06:30,20260807,13,118,133,-15,22.1,27.4,4.8,14.4,56.4
2026-08-07 06:00,2026-08-07 07:00,20260807,14,114,122,-8,22.0,26.3,8.6,13.7,57.8
2026-08-07 06:30,2026-08-07 07:30,20260807,15,109,113,-4,21.5,25.6,12.1,12.8,59.1
2026-08-07 07:00,2026-08-07 08:00,20260807,16,105,103,2,20.5,25.6,15.5,12.3,61.8
2026-08-07 07:30,2026-08-07 08:30,20260807,17,92,91,1,12.9,21.3,21.1,13.8,65.3
2026-08-07 08:00,2026-08-07 09:00,20260807,18,74,86,-12,12.0,22.0,24.8,13.2,67.2
2026-08-07 08:30,2026-08-07 09:30,20260807,19,57,79,-22,11.3,23.2,28.5,12.9,69.3
2026-08-07 09:00,2026-08-07 10:00,20260807,20,54,74,-20,10.0,23.2,31.3,12.8,70.8
2026-08-07 09:30,2026-08-07 10:30,20260807,21,51,74,-23,10.0,23.7,32.8,12.8,72.9
2026-08-07 10:00,2026-08-07 11:00,20260807,22,50,71,-21,10.1,23.7,34.0,12.6,73.7
2026-08-07 10:30,2026-08-07 11:30,20260807,23,44,73,-29,10.9,23.6,33.3,12.4,72.7
2026-08-07 11:00,2026-08-07 12:00,20260807,24,43,72,-29,11.5,24.1,33.7,12.2,73.3
2026-08-07 11:30,2026-08-07 12:30,20260807,25,44,71,-27,12.9,24.7,34.0,11.9,73.7
2026-08-07 12:00,2026-08-07 13:00,20260807,26,76,69,7,13.2,24.2,34.4,11.9,73.7
2026-08-07 12:30,2026-08-07 13:30,20260807,27,79,68,11,11.5,24.1,34.5,12.1,74.0
2026-08-07 13:00,2026-08-07 14:00,20260807,28,63,65,-2,10.8,25.7,33.6,11.9,74.9
2026-08-07 13:30,2026-08-07 14:30,20260807,29,63,63,0,11.0,26.0,32.8,12.0,74.9
2026-08-07 14:00,2026-08-07 15:00,20260807,30,64,67,-3,12.0,25.4,32.1,12.2,74.1
2026-08-07 14:30,2026-08-07 15:30,20260807,31,68,74,-6,13.9,24.9,31.1,12.3,72.8
2026-08-07 15:00,2026-08-07 16:00,20260807,32,63,81,-18,15.1,24.6,28.6,12.4,70.8
2026-08-07 15:30,2026-08-07 16:30,20260807,33,71,99,-28,18.7,24.3,24.5,12.0,67.9
2026-08-07 16:00,2026-08-07 17:00,20260807,34,90,113,-23,22.2,23.9,20.5,11.8,64.3
2026-08-07 16:30,2026-08-07 17:30,20260807,35,111,131,-20,27.0,23.8,16.4,11.8,60.9
2026-08-07 17:00,2026-08-07 18:00,20260807,36,128,147,-19,31.4,22.6,13.2,11.8,56.0
2026-08-07 17:30,2026-08-07 18:30,20260807,37,152,168,-16,35.6,21.0,10.6,12.0,52.6
2026-08-07 18:00,2026-08-07 19:00,20260807,38,168,180,-12,37.6,19.7,7.5,11.7,48.7
2026-08-07 18:30,2026-08-07 19:30,20260807,39,178,189,-11,40.0,19.3,4.7,11.0,44.9
2026-08-07 19:00,2026-08-07 20:00,20260807,40,189,184,5,39.6,20.5,1.8,13.4,46.2
2026-08-07 19:30,2026-08-07 20:30,20260807,41,190,182,8,40.3,21.5,0.8,13.8,47.2
2026-08-07 20:00,2026-08-07 21:00,20260807,42,189,180,9,40.2,22.3,0.0,14.0,48.9
2026-08-07 20:30,2026-08-07 21:30,20260807,43,183,176,7,39.9,23.6,0.0,14.0,50.7
2026-08-07 21:00,2026-08-07 22:00,20260807,44,178,171,7,39.3,24.8,0.0,14.3,52.4
2026-08-07 21:30,2026-08-07 22:30,20260807,45,159,155,4,34.4,24.3,0.0,14.3,51.2
2026-08-07 22:00,2026-08-07 23:00,20260807,46,168,148,20,31.2,25.0,0.0,14.7,53.1
2026-08-07 22:30,2026-08-07 23:30,20260807,47,161,143,18,30.7,25.1,0.0,15.2,53.2
2026-08-07 23:00,2026-08-08 00:00,20260808,0,162,136,26,28.8,25.9,0.0,15.7,54.2
2026-08-07 23:30,2026-08-08 00:30,20260808,1,161,123,38,24.7,26.4,0.0,15.9,54.2
2026-08-08 00:00,2026-08-08 01:00,20260808,2,139,120,19,23.9,27.0,0.0,16.2,55.5
2026-08-08 00:30,2026-08-08 01:30,20260808,3,137,123,14,24.5,27.1,0.0,16.3,55.8
2026-08-08 01:00,2026-08-08 02:00,20260808,4,116,120,-4,24.2,27.2,0.0,16.6,56.3
2026-08-08 01:30,2026-08-08 02:30,20260808,5,114,121,-7,23.7,26.2,0.0,16.7,55.4
2026-08-08 02:00,2026-08-08 03:00,20260808,6,117,121,-4,24.3,24.6,0.0,17.3,55.0
2026-08-08 02:30,2026-08-08 03:30,20260808,7,110,120,-10,23.1,23.8,0.0,17.3,54.3
2026-08-08 03:00,2026-08-08 04:00,20260808,8,123,120,3,22.7,23.9,0.0,17.4,54.7
2026-08-08 03:30,2026-08-08 04:30,20260808,9,123,120,3,23.2,24.4,0.0,17.7,55.7
2026-08-08 04:00,2026-08-08 05:00,20260808,10,118,119,-1,23.3,24.4,0.1,17.7,55.9
2026-08-08 04:30,2026-08-08 05:30,20260808,11,114,103,11,19.9,24.7,0.6,17.9,57.3
2026-08-08 05:00,2026-08-08 06:00,20260808,12,115,103,12,19.0,24.9,1.5,17.8,57.7
2026-08-08 05:30,2026-08-08 06:30,20260808,13,113,105,8,16.1,24.4,5.4,17.3,58.2
2026-08-08 06:00,2026-08-08 07:00,20260808,14,101,92,9,13.7,25.3,10.3,17.1,60.1
2026-08-08 06:30,2026-08-08 07:30,20260808,15,97,88,9,11.9,24.7,15.0,16.7,61.0
2026-08-08 07:00,2026-08-08 08:00,20260808,16,82,84,-2,10.5,23.3,19.2,16.0,62.7
2026-08-08 07:30,2026-08-08 08:30,20260808,17,74,78,-4,10.4,22.4,23.3,15.3,64.9
2026-08-08 08:00,2026-08-08 09:00,20260808,18,75,67,8,8.4,23.0,27.7,14.5,68.8
2026-08-08 08:30,2026-08-08 09:30,20260808,19,72,64,8,7.9,23.9,31.3,14.0,72.7
2026-08-08 09:00,2026-08-08 10:00,20260808,20,62,60,2,7.3,24.2,33.7,13.3,74.3
2026-08-08 09:30,2026-08-08 10:30,20260808,21,60,57,3,6.5,25.8,36.0,13.1,77.9
2026-08-08 10:00,2026-08-08 11:00,20260808,22,52,54,-2,6.2,25.9,37.6,12.6,79.0
2026-08-08 10:30,2026-08-08 11:30,20260808,23,49,52,-3,6.1,25.3,39.2,12.3,79.6
2026-08-08 11:00,2026-08-08 12:00,20260808,24,48,51,-3,6.0,25.2,40.0,12.1,80.1
2026-08-08 11:30,2026-08-08 12:30,20260808,25,47,51,-4,6.0,26.0,40.0,11.8,80.5
2026-08-08 12:00,2026-08-08 13:00,20260808,26,45,50,-5,5.9,27.1,39.7,11.7,81.1
2026-08-08 12:30,2026-08-08 13:30,20260808,27,44,53,-9,6.1,27.5,39.8,11.8,81.7
2026-08-08 13:00,2026-08-08 14:00,20260808,28,42,52,-10,6.2,27.8,39.6,11.9,82.0
2026-08-08 13:30,2026-08-08 14:30,20260808,29,38,54,-16,6.2,28.5,38.6,12.1,81.9
2026-08-08 14:00,2026-08-08 15:00,20260808,30,39,55,-16,6.3,29.2,36.9,12.2,81.1
2026-08-08 14:30,2026-08-08 15:30,20260808,31,35,51,-16,7.7,29.0,33.5,12.1,77.4
2026-08-08 15:00,2026-08-08 16:00,20260808,32,40,60,-20,10.0,30.8,29.4,11.5,75.2
2026-08-08 15:30,2026-08-08 16:30,20260808,33,40,68,-28,12.4,31.7,25.9,11.5,74.3
2026-08-08 16:00,2026-08-08 17:00,20260808,34,60,78,-18,14.9,31.3,20.9,11.2,72.1
2026-08-08 16:30,2026-08-08 17:30,20260808,35,65,104,-39,18.9,30.3,16.1,11.1,67.6
2026-08-08 17:00,2026-08-08 18:00,20260808,36,84,115,-31,22.5,30.3,12.7,11.3,64.6
2026-08-08 17:30,2026-08-08 18:30,20260808,37,93,124,-31,24.5,32.5,10.0,11.6,64.3
2026-08-08 18:00,2026-08-08 19:00,20260808,38,118,127,-9,25.2,34.0,6.7,12.0,63.6
2026-08-08 18:30,2026-08-08 19:30,20260808,39,127,125,2,25.1,34.9,4.1,12.5,62.8
2026-08-08 19:00,2026-08-08 20:00,20260808,40,126,129,-3,25.7,35.0,1.5,12.7,61.6
2026-08-08 19:30,2026-08-08 20:30,20260808,41,121,132,-11,27.7,35.5,0.7,13.1,61.9
2026-08-08 20:00,2026-08-08 21:00,20260808,42,127,129,-2,27.3,36.7,0.0,13.3,62.5
2026-08-08 20:30,2026-08-08 21:30,20260808,43,135,125,10,26.6,37.3,0.0,13.5,63.5
2026-08-08 21:00,2026-08-08 22:00,20260808,44,129,123,6,26.1,37.5,0.0,13.8,64.1
2026-08-08 21:30,2026-08-08 22:30,20260808,45,130,110,20,23.4,39.9,0.0,15.1,67.0
2026-08-08 22:00,2026-08-08 23:00,20260808,46,121,105,16,21.0,40.8,0.0,15.8,68.5
2026-08-08 22:30,2026-08-08 23:30,20260808,47,120,94,26,18.3,41.6,0.0,15.9,69.3
2026-08-08 23:00,2026-08-09 00:00,20260809,0,119,87,32,15.8,42.5,0.0,16.4,71.3
2026-08-08 23:30,2026-08-09 00:30,20260809,1,121,72,49,12.6,42.1,0.0,16.4,71.0
2026-08-09 00:00,2026-08-09 01:00,20260809,2,91,70,21,11.8,41.7,0.0,16.7,71.4
2026-08-09 00:30,2026-08-09 01:30,20260809,3,95,71,24,11.5,40.4,0.0,16.7,70.6
2026-08-09 01:00,2026-08-09 02:00,20260809,4,71,71,0,11.3,39.7,0.0,17.1,70.4
2026-08-09 01:30,2026-08-09 02:30,20260809,5,72,71,1,11.2,40.3,0.0,18.3,73.6
2026-08-09 02:00,2026-08-09 03:00,20260809,6,78,70,8,10.2,40.3,0.0,18.3,73.6
2026-08-09 02:30,2026-08-09 03:30,20260809,7,86,72,14,10.2,38.6,0.0,18.3,71.9
2026-08-09 03:00,2026-08-09 04:00,20260809,8,67,74,-7,10.2,38.0,0.0,18.4,71.4
2026-08-09 03:30,2026-08-09 04:30,20260809,9,70,85,-15,12.1,37.1,0.0,18.7,71.2
2026-08-09 04:00,2026-08-09 05:00,20260809,10,68,79,-11,11.1,37.8,0.1,19.1,72.5
2026-08-09 04:30,2026-08-09 05:30,20260809,11,56,76,-20,10.3,36.9,0.6,18.4,69.2
2026-08-09 05:00,2026-08-09 06:00,20260809,12,71,77,-6,10.9,37.7,1.3,18.5,67.6
2026-08-09 05:30,2026-08-09 06:30,20260809,13,73,80,-7,9.7,32.8,4.7,17.1,61.7
2026-08-09 06:00,2026-08-09 07:00,20260809,14,82,80,2,9.3,28.3,9.3,17.1,60.7
2026-08-09 06:30,2026-08-09 07:30,20260809,15,84,76,8,8.0,24.6,13.2,16.3,59.8
2026-08-09 07:00,2026-08-09 08:00,20260809,16,73,73,0,7.5,22.9,17.1,15.7,61.2
2026-08-09 07:30,2026-08-09 08:30,20260809,17,68,74,-6,7.5,20.6,20.9,15.1,61.9
2026-08-09 08:00,2026-08-09 09:00,20260809,18,65,71,-6,7.2,18.7,25.4,14.7,63.2
2026-08-09 08:30,2026-08-09 09:30,20260809,19,59,65,-6,6.9,17.9,29.7,14.0,65.7
2026-08-09 09:00,2026-08-09 10:00,20260809,20,63,62,1,7.0,17.2,32.5,13.5,67.1
2026-08-09 09:30,2026-08-09 10:30,20260809,21,59,60,-1,5.9,17.2,35.0,13.2,69.7
2026-08-09 10:00,2026-08-09 11:00,20260809,22,58,58,0,5.6,16.7,36.5,12.8,70.9
2026-08-09 10:30,2026-08-09 11:30,20260809,23,59,57,2,5.8,16.6,38.0,12.7,72.3
2026-08-09 11:00,2026-08-09 12:00,20260809,24,52,56,-4,5.8,17.1,38.6,12.5,72.8
2026-08-09 11:30,2026-08-09 12:30,20260809,25,49,54,-5,5.8,17.7,39.4,12.2,73.0
2026-08-09 12:00,2026-08-09 13:00,20260809,26,49,54,-5,5.8,17.8,39.9,12.3,73.2
2026-08-09 12:30,2026-08-09 13:30,20260809,27,51,57,-6,6.3,18.1,39.4,12.5,72.8
2026-08-09 13:00,2026-08-09 14:00,20260809,28,51,57,-6,6.7,18.5,38.7,12.6,72.8
2026-08-09 13:30,2026-08-09 14:30,20260809,29,54,63,-9,7.6,18.4,36.2,12.7,70.3
2026-08-09 14:00,2026-08-09 15:00,20260809,30,56,66,-10,8.2,19.0,34.4,12.7,69.2
2026-08-09 14:30,2026-08-09 15:30,20260809,31,58,73,-15,9.8,18.9,32.4,12.6,67.1
2026-08-09 15:00,2026-08-09 16:00,20260809,32,64,87,-23,12.6,18.0,28.6,12.4,62.9
2026-08-09 15:30,2026-08-09 16:30,20260809,33,66,101,-35,17.2,17.8,23.2,12.4,59.9
2026-08-09 16:00,2026-08-09 17:00,20260809,34,76,119,-43,22.6,18.4,18.5,12.0,56.2
2026-08-09 16:30,2026-08-09 17:30,20260809,35,102,140,-38,28.6,19.6,14.8,12.1,55.0
2026-08-09 17:00,2026-08-09 18:00,20260809,36,125,149,-24,31.8,19.9,11.7,11.8,52.6
2026-08-09 17:30,2026-08-09 18:30,20260809,37,134,160,-26,33.4,19.9,8.8,11.9,51.6
2026-08-09 18:00,2026-08-09 19:00,20260809,38,156,170,-14,35.2,19.4,5.9,12.3,49.1
2026-08-09 18:30,2026-08-09 19:30,20260809,39,161,174,-13,36.2,20.6,3.4,12.7,48.7
2026-08-09 19:00,2026-08-09 20:00,20260809,40,173,174,-1,36.1,22.5,1.3,13.0,48.5
2026-08-09 19:30,2026-08-09 20:30,20260809,41,174,171,3,35.6,23.7,0.5,12.9,48.9
2026-08-09 20:00,2026-08-09 21:00,20260809,42,175,168,7,36.4,24.8,0.0,13.4,50.2
2026-08-09 20:30,2026-08-09 21:30,20260809,43,173,167,6,37.1,26.2,0.0,13.8,51.9
2026-08-09 21:00,2026-08-09 22:00,20260809,44,166,162,4,36.1,29.1,0.0,13.8,53.9
2026-08-09 21:30,2026-08-09 22:30,20260809,45,162,157,5,35.5,32.5,0.0,14.5,58.1
2026-08-09 22:00,2026-08-09 23:00,20260809,46,154,154,0,34.9,33.5,0.0,15.0,59.3
2026-08-09 22:30,2026-08-09 23:30,20260809,47,150,152,-2,33.2,32.6,0.0,15.3,59.3
2026-08-09 23:00,2026-08-10 00:00,20260810,0,145,148,-3,33.0,32.1,0.0,15.9,60.4
2026-08-09 23:30,2026-08-10 00:30,20260810,1,137,144,-7,32.0,33.2,0.0,15.8,60.1
2026-08-10 00:00,2026-08-10 01:00,20260810,2,144,139,5,30.5,34.7,0.0,15.7,61.5
2026-08-10 00:30,2026-08-10 01:30,20260810,3,137,139,-2,30.1,33.3,0.0,15.6,59.6
2026-08-10 01:00,2026-08-10 02:00,20260810,4,139,138,1,30.4,33.3,0.0,15.8,59.8
2026-08-10 01:30,2026-08-10 02:30,20260810,5,137,143,-6,32.1,32.7,0.0,16.2,60.0
2026-08-10 02:00,2026-08-10 03:00,20260810,6,130,141,-11,31.6,33.6,0.0,16.0,60.7
2026-08-10 02:30,2026-08-10 03:30,20260810,7,112,141,-29,32.1,35.2,0.0,16.4,63.5
2026-08-10 03:00,2026-08-10 04:00,20260810,8,139,145,-6,32.7,33.6,0.0,16.5,62.1
2026-08-10 03:30,2026-08-10 04:30,20260810,9,142,155,-13,32.4,30.0,0.0,15.8,57.3
2026-08-10 04:00,2026-08-10 05:00,20260810,10,149,158,-9,32.6,28.2,0.0,15.6,56.1
2026-08-10 04:30,2026-08-10 05:30,20260810,11,149,166,-17,33.8,26.2,0.4,15.6,54.0
2026-08-10 05:00,2026-08-10 06:00,20260810,12,163,170,-7,33.9,22.8,1.0,15.0,52.3
2026-08-10 05:30,2026-08-10 06:30,20260810,13,169,157,12,31.7,20.9,3.7,14.7,50.8
2026-08-10 06:00,2026-08-10 07:00,20260810,14,166,151,15,29.5,19.1,7.3,13.9,51.7
2026-08-10 06:30,2026-08-10 07:30,20260810,15,162,133,29,24.8,17.2,10.5,13.3,52.3
2026-08-10 07:00,2026-08-10 08:00,20260810,16,136,128,8,23.3,16.9,14.0,13.1,53.7
2026-08-10 07:30,2026-08-10 08:30,20260810,17,120,113,7,18.9,17.6,17.6,12.6,57.0
2026-08-10 08:00,2026-08-10 09:00,20260810,18,117,100,17,15.1,17.6,21.9,12.5,60.8
2026-08-10 08:30,2026-08-10 09:30,20260810,19,101,86,15,12.1,17.2,26.1,12.3,64.2
2026-08-10 09:00,2026-08-10 10:00,20260810,20,91,82,9,10.8,16.1,29.2,12.0,65.6
2026-08-10 09:30,2026-08-10 10:30,20260810,21,84,76,8,9.6,16.0,31.3,11.9,67.3
2026-08-10 10:00,2026-08-10 11:00,20260810,22,78,71,7,8.5,16.1,33.5,11.7,68.8
2026-08-10 10:30,2026-08-10 11:30,20260810,23,73,69,4,8.3,15.5,35.0,11.5,68.9
2026-08-10 11:00,2026-08-10 12:00,20260810,24,67,68,-1,8.3,15.4,36.8,11.4,69.5
2026-08-10 11:30,2026-08-10 12:30,20260810,25,66,67,-1,8.5,15.7,38.0,11.3,69.3
2026-08-10 12:00,2026-08-10 13:00,20260810,26,65,67,-2,8.4,15.0,38.8,11.3,69.2
2026-08-10 12:30,2026-08-10 13:30,20260810,27,69,67,2,8.5,15.1,38.8,11.3,69.3
2026-08-10 13:00,2026-08-10 14:00,20260810,28,67,68,-1,8.9,15.3,38.2,11.2,69.0
2026-08-10 13:30,2026-08-10 14:30,20260810,29,74,76,-2,10.2,15.4,36.0,11.3,67.1
2026-08-10 14:00,2026-08-10 15:00,20260810,30,76,84,-8,12.5,14.8,33.8,11.2,65.3
2026-08-10 14:30,2026-08-10 15:30,20260810,31,82,95,-13,14.7,14.0,31.8,11.1,64.1
2026-08-10 15:00,2026-08-10 16:00,20260810,32,85,110,-25,18.8,13.1,28.5,11.0,60.3
2026-08-10 15:30,2026-08-10 16:30,20260810,33,93,134,-41,25.0,12.9,25.0,11.1,56.9
2026-08-10 16:00,2026-08-10 17:00,20260810,34,132,150,-18,29.6,12.0,20.7,11.1,52.2
2026-08-10 16:30,2026-08-10 17:30,20260810,35,149,160,-11,32.0,11.9,16.4,11.2,50.0
2026-08-10 17:00,2026-08-10 18:00,20260810,36,165,169,-4,33.6,11.4,13.3,11.4,47.3
2026-08-10 17:30,2026-08-10 18:30,20260810,37,177,179,-2,34.4,10.3,9.8,11.4,43.2
2026-08-10 18:00,2026-08-10 19:00,20260810,38,189,186,3,35.6,9.6,6.7,11.8,40.6
2026-08-10 18:30,2026-08-10 19:30,20260810,39,198,191,7,36.9,9.5,3.9,12.1,38.4
2026-08-10 19:00,2026-08-10 20:00,20260810,40,202,195,7,38.5,9.7,1.5,12.7,37.0
2026-08-10 19:30,2026-08-10 20:30,20260810,41,205,204,1,39.6,9.3,0.6,12.8,35.9
2026-08-10 20:00,2026-08-10 21:00,20260810,42,204,204,0,41.4,9.0,0.0,13.3,36.0
2026-08-10 20:30,2026-08-10 21:30,20260810,43,206,206,0,42.8,8.3,0.0,13.8,35.5
2026-08-10 21:00,2026-08-10 22:00,20260810,44,214,204,10,42.0,8.2,0.0,14.4,35.5
2026-08-10 21:30,2026-08-10 22:30,20260810,45,210,191,19,38.4,8.2,0.0,15.2,36.2
2026-08-10 22:00,2026-08-10 23:00,20260810,46,210,189,21,37.2,8.0,0.0,15.6,36.4
2026-08-10 22:30,2026-08-10 23:30,20260810,47,206,177,29,33.4,7.7,0.0,16.0,36.7
2026-08-10 23:00,2026-08-11 00:00,20260811,0,202,174,28,30.6,7.7,0.0,16.8,37.1
2026-08-10 23:30,2026-08-11 00:30,20260811,1,204,169,35,30.3,7.6,0.0,17.1,37.2
2026-08-11 00:00,2026-08-11 01:00,20260811,2,172,168,4,30.2,7.7,0.0,17.0,37.7
2026-08-11 00:30,2026-08-11 01:30,20260811,3,173,169,4,30.4,7.8,0.0,17.3,37.9
2026-08-11 01:00,2026-08-11 02:00,20260811,4,174,170,4,30.9,7.4,0.0,17.4,37.4
2026-08-11 01:30,2026-08-11 02:30,20260811,5,173,167,6,30.6,7.7,0.0,18.2,39.0
2026-08-11 02:00,2026-08-11 03:00,20260811,6,170,166,4,29.8,7.7,0.0,18.3,39.6
2026-08-11 02:30,2026-08-11 03:30,20260811,7,165,170,-5,33.7,8.2,0.0,19.0,41.0
2026-08-11 03:00,2026-08-11 04:00,20260811,8,159,169,-10,33.4,8.8,0.0,18.8,41.2
2026-08-11 03:30,2026-08-11 04:30,20260811,9,154,162,-8,34.3,9.7,0.0,19.1,44.1
2026-08-11 04:00,2026-08-11 05:00,20260811,10,134,161,-27,33.9,10.7,0.1,18.8,44.5
2026-08-11 04:30,2026-08-11 05:30,20260811,11,108,164,-56,31.5,11.1,0.5,17.1,42.4
2026-08-11 05:00,2026-08-11 06:00,20260811,12,165,165,0,31.2,11.7,1.1,16.3,42.5
2026-08-11 05:30,2026-08-11 06:30,20260811,13,165,157,8,28.0,11.6,4.0,15.2,42.1
2026-08-11 06:00,2026-08-11 07:00,20260811,14,155,148,7,25.2,11.3,8.0,14.2,45.3
2026-08-11 06:30,2026-08-11 07:30,20260811,15,153,137,16,21.9,11.7,11.8,13.6,48.3
2026-08-11 07:00,2026-08-11 08:00,20260811,16,139,124,15,18.3,12.3,16.0,13.5,52.3
2026-08-11 07:30,2026-08-11 08:30,20260811,17,131,106,25,14.6,12.8,20.2,13.3,56.1
2026-08-11 08:00,2026-08-11 09:00,20260811,18,110,93,17,11.6,13.7,24.9,13.0,60.7
2026-08-11 08:30,2026-08-11 09:30,20260811,19,99,74,25,8.2,14.7,29.8,12.7,65.2
2026-08-11 09:00,2026-08-11 10:00,20260811,20,81,66,15,6.4,15.3,33.2,12.3,67.8
2026-08-11 09:30,2026-08-11 10:30,20260811,21,76,61,15,5.6,15.5,35.2,12.1,69.1
2026-08-11 10:00,2026-08-11 11:00,20260811,22,61,57,4,5.0,15.3,37.3,11.9,70.3
2026-08-11 10:30,2026-08-11 11:30,20260811,23,61,56,5,4.8,15.6,38.9,11.7,71.4
2026-08-11 11:00,2026-08-11 12:00,20260811,24,52,54,-2,4.5,16.0,39.7,11.5,72.3
2026-08-11 11:30,2026-08-11 12:30,20260811,25,52,53,-1,4.4,16.8,39.9,11.4,72.5
2026-08-11 12:00,2026-08-11 13:00,20260811,26,49,52,-3,4.4,17.2,39.9,11.2,72.8
2026-08-11 12:30,2026-08-11 13:30,20260811,27,49,53,-4,4.7,17.2,39.7,11.1,73.1
2026-08-11 13:00,2026-08-11 14:00,20260811,28,48,52,-4,4.4,18.1,38.9,11.0,73.6
2026-08-11 13:30,2026-08-11 14:30,20260811,29,50,53,-3,4.4,19.4,37.4,10.9,73.5
2026-08-11 14:00,2026-08-11 15:00,20260811,30,52,54,-2,4.8,20.7,35.5,10.9,73.5
2026-08-11 14:30,2026-08-11 15:30,20260811,31,55,57,-2,6.0,22.0,33.2,11.1,72.2
2026-08-11 15:00,2026-08-11 16:00,20260811,32,53,71,-18,10.3,22.5,30.2,11.1,68.5
2026-08-11 15:30,2026-08-11 16:30,20260811,33,61,97,-36,17.8,24.1,26.4,11.1,68.1
2026-08-11 16:00,2026-08-11 17:00,20260811,34,74,109,-35,21.2,25.1,21.5,11.0,65.5
2026-08-11 16:30,2026-08-11 17:30,20260811,35,79,126,-47,26.7,26.5,17.1,11.0,64.1
2026-08-11 17:00,2026-08-11 18:00,20260811,36,114,136,-22,28.6,26.4,13.3,10.9,61.0
2026-08-11 17:30,2026-08-11 18:30,20260811,37,127,152,-25,30.3,26.1,10.0,10.8,57.6
2026-08-11 18:00,2026-08-11 19:00,20260811,38,141,160,-19,32.0,26.8,6.6,11.1,55.2
2026-08-11 18:30,2026-08-11 19:30,20260811,39,148,163,-15,33.3,27.7,3.9,11.3,53.4
2026-08-11 19:00,2026-08-11 20:00,20260811,40,156,164,-8,33.9,29.1,1.3,11.7,53.3
2026-08-11 19:30,2026-08-11 20:30,20260811,41,154,161,-7,34.7,30.5,0.6,12.0,54.6
2026-08-11 20:00,2026-08-11 21:00,20260811,42,157,158,-1,35.3,32.7,0.0,12.3,55.7
2026-08-11 20:30,2026-08-11 21:30,20260811,43,155,157,-2,35.8,34.3,0.0,12.7,57.1
2026-08-11 21:00,2026-08-11 22:00,20260811,44,153,150,3,34.9,35.8,0.0,13.2,59.3
2026-08-11 21:30,2026-08-11 22:30,20260811,45,145,148,-3,33.9,35.5,0.0,13.0,59.3
2026-08-11 22:00,2026-08-11 23:00,20260811,46,147,140,7,32.0,38.1,0.0,13.6,61.7
2026-08-11 22:30,2026-08-11 23:30,20260811,47,141,132,9,29.7,38.9,0.0,14.2,63.6
2026-08-11 23:00,2026-08-12 00:00,20260812,0,133,129,4,28.9,39.8,0.0,14.4,65.0
2026-08-11 23:30,2026-08-12 00:30,20260812,1,125,129,-4,29.3,40.8,0.0,14.7,66.2
2026-08-12 00:00,2026-08-12 01:00,20260812,2,120,129,-9,29.4,41.3,0.0,14.7,66.7
2026-08-12 00:30,2026-08-12 01:30,20260812,3,115,125,-10,28.7,43.1,0.0,14.7,68.5
2026-08-12 01:00,2026-08-12 02:00,20260812,4,128,121,7,27.5,44.5,0.0,14.7,69.9
2026-08-12 01:30,2026-08-12 02:30,20260812,5,121,124,-3,28.0,44.4,0.0,14.6,69.6
2026-08-12 02:00,2026-08-12 03:00,20260812,6,111,121,-10,27.2,44.5,0.0,14.8,70.2
2026-08-12 02:30,2026-08-12 03:30,20260812,7,102,117,-15,26.1,44.0,0.0,14.7,69.5
2026-08-12 03:00,2026-08-12 04:00,20260812,8,115,122,-7,27.2,42.5,0.0,14.7,68.0
2026-08-12 03:30,2026-08-12 04:30,20260812,9,124,129,-5,28.6,40.0,0.0,14.3,64.9
2026-08-12 04:00,2026-08-12 05:00,20260812,10,120,131,-11,28.4,39.0,0.0,14.3,63.9
2026-08-12 04:30,2026-08-12 05:30,20260812,11,84,137,-53,30.1,37.2,0.4,14.2,62.6
2026-08-12 05:00,2026-08-12 06:00,20260812,12,129,141,-12,29.9,35.4,0.9,13.9,60.3
2026-08-12 05:30,2026-08-12 06:30,20260812,13,130,119,11,21.4,34.3,3.8,13.9,61.2
2026-08-12 06:00,2026-08-12 07:00,20260812,14,132,117,15,18.8,31.2,7.8,13.3,60.9
2026-08-12 06:30,2026-08-12 07:30,20260812,15,120,97,23,14.2,27.5,11.5,12.8,60.4
2026-08-12 07:00,2026-08-12 08:00,20260812,16,105,92,13,12.8,25.6,15.4,12.6,61.9
2026-08-12 07:30,2026-08-12 08:30,20260812,17,98,79,19,10.4,24.9,19.6,12.4,64.7
2026-08-12 08:00,2026-08-12 09:00,20260812,18,80,73,7,8.0,23.0,23.8,12.0,67.2
2026-08-12 08:30,2026-08-12 09:30,20260812,19,74,68,6,7.2,20.7,28.0,11.8,68.8
2026-08-12 09:00,2026-08-12 10:00,20260812,20,65,64,1,6.5,18.9,31.4,11.6,70.1
2026-08-12 09:30,2026-08-12 10:30,20260812,21,63,63,0,6.3,18.1,33.3,11.3,70.6
2026-08-12 10:00,2026-08-12 11:00,20260812,22,58,61,-3,6.0,18.2,34.9,10.9,71.5
2026-08-12 10:30,2026-08-12 11:30,20260812,23,60,58,2,5.7,18.3,36.1,10.7,72.6
2026-08-12 11:00,2026-08-12 12:00,20260812,24,59,59,0,5.7,18.0,36.7,10.5,72.5
2026-08-12 11:30,2026-08-12 12:30,20260812,25,59,58,1,5.8,18.3,36.8,10.4,72.8
2026-08-12 12:00,2026-08-12 13:00,20260812,26,55,58,-3,5.7,18.3,36.8,10.3,72.8
2026-08-12 12:30,2026-08-12 13:30,20260812,27,57,62,-5,6.4,17.7,36.6,10.3,72.0
2026-08-12 13:00,2026-08-12 14:00,20260812,28,55,63,-8,7.0,17.7,36.3,10.4,71.9
2026-08-12 13:30,2026-08-12 14:30,20260812,29,59,68,-9,7.9,17.8,35.9,10.6,72.0
2026-08-12 14:00,2026-08-12 15:00,20260812,30,62,73,-11,9.6,18.6,34.1,10.6,70.3
2026-08-12 14:30,2026-08-12 15:30,20260812,31,64,90,-26,13.9,19.1,31.2,10.7,67.7
2026-08-12 15:00,2026-08-12 16:00,20260812,32,80,111,-31,20.0,18.3,27.1,10.3,62.5
2026-08-12 15:30,2026-08-12 16:30,20260812,33,95,146,-51,29.9,18.2,23.3,10.3,59.4
2026-08-12 16:00,2026-08-12 17:00,20260812,34,109,161,-52,35.1,17.9,19.2,10.4,55.4
2026-08-12 16:30,2026-08-12 17:30,20260812,35,119,165,-46,36.7,17.5,15.1,10.4,53.1
2026-08-12 17:00,2026-08-12 18:00,20260812,36,173,177,-4,39.5,17.6,11.5,10.4,50.2
2026-08-12 17:30,2026-08-12 18:30,20260812,37,192,188,4,42.0,18.2,5.8,11.0,46.5
2026-08-12 18:00,2026-08-12 19:00,20260812,38,196,194,2,43.2,19.4,1.7,11.5,44.7
2026-08-12 18:30,2026-08-12 19:30,20260812,39,190,191,-1,42.0,19.6,2.5,11.3,45.3
2026-08-12 19:00,2026-08-12 20:00,20260812,40,193,197,-4,43.3,19.6,1.1,11.4,43.5
2026-08-12 19:30,2026-08-12 20:30,20260812,41,191,200,-9,42.9,20.1,0.5,11.6,42.3
2026-08-12 20:00,2026-08-12 21:00,20260812,42,202,200,2,42.5,20.6,0.0,11.9,41.9
2026-08-12 20:30,2026-08-12 21:30,20260812,43,193,205,-12,43.6,21.3,0.0,12.5,42.2
2026-08-12 21:00,2026-08-12 22:00,20260812,44,195,204,-9,43.5,21.3,0.0,13.0,42.4
2026-08-12 21:30,2026-08-12 22:30,20260812,45,184,195,-11,43.2,20.7,0.0,13.5,42.6
2026-08-12 22:00,2026-08-12 23:00,20260812,46,203,194,9,43.2,20.6,0.0,14.0,43.1
2026-08-12 22:30,2026-08-12 23:30,20260812,47,205,188,17,42.0,20.0,0.0,14.2,42.9
2026-08-12 23:00,2026-08-13 00:00,20260813,0,204,190,14,42.6,19.5,0.0,14.3,42.4
2026-08-12 23:30,2026-08-13 00:30,20260813,1,201,189,12,41.5,19.0,0.0,14.4,42.1
2026-08-13 00:00,2026-08-13 01:00,20260813,2,186,189,-3,41.9,18.7,0.0,14.6,41.3
2026-08-13 00:30,2026-08-13 01:30,20260813,3,190,191,-1,43.0,17.6,0.0,14.6,40.0
2026-08-13 01:00,2026-08-13 02:00,20260813,4,188,195,-7,43.6,16.0,0.0,15.0,39.0
2026-08-13 01:30,2026-08-13 02:30,20260813,5,188,205,-17,45.7,14.8,0.0,15.5,38.6
2026-08-13 02:00,2026-08-13 03:00,20260813,6,196,209,-13,47.3,13.3,0.0,15.7,37.4
2026-08-13 02:30,2026-08-13 03:30,20260813,7,170,217,-47,50.4,12.5,0.0,16.2,37.3
2026-08-13 03:00,2026-08-13 04:00,20260813,8,213,219,-6,51.0,11.8,0.0,16.2,36.6
2026-08-13 03:30,2026-08-13 04:30,20260813,9,208,222,-14,51.2,10.7,0.0,16.2,35.5
2026-08-13 04:00,2026-08-13 05:00,20260813,10,160,224,-64,51.4,9.8,0.0,16.1,34.6
2026-08-13 04:30,2026-08-13 05:30,20260813,11,154,221,-67,49.3,8.2,0.4,15.4,32.6
2026-08-13 05:00,2026-08-13 06:00,20260813,12,226,223,3,47.3,7.7,0.9,14.6,31.4
2026-08-13 05:30,2026-08-13 06:30,20260813,13,228,206,22,42.5,7.2,3.6,13.9,32.3
2026-08-13 06:00,2026-08-13 07:00,20260813,14,213,199,14,40.9,6.7,7.5,13.2,34.6
2026-08-13 06:30,2026-08-13 07:30,20260813,15,199,192,7,38.9,5.8,11.1,12.5,36.5
2026-08-13 07:00,2026-08-13 08:00,20260813,16,195,185,10,36.8,5.1,14.8,12.2,38.7
2026-08-13 07:30,2026-08-13 08:30,20260813,17,181,170,11,33.3,5.0,18.9,12.0,42.3
2026-08-13 08:00,2026-08-13 09:00,20260813,18,171,159,12,30.7,4.7,23.1,11.7,45.8
2026-08-13 08:30,2026-08-13 09:30,20260813,19,158,149,9,29.0,4.5,27.0,11.4,48.8
2026-08-13 09:00,2026-08-13 10:00,20260813,20,143,141,2,27.2,4.4,30.0,11.1,51.1
2026-08-13 09:30,2026-08-13 10:30,20260813,21,134,135,-1,25.4,4.3,32.2,10.9,52.9
2026-08-13 10:00,2026-08-13 11:00,20260813,22,125,131,-6,24.8,4.1,33.8,10.6,53.9
2026-08-13 10:30,2026-08-13 11:30,20260813,23,123,130,-7,24.3,4.3,34.9,10.4,54.8
2026-08-13 11:00,2026-08-13 12:00,20260813,24,115,127,-12,24.1,4.5,35.7,10.3,55.7
2026-08-13 11:30,2026-08-13 12:30,20260813,25,112,126,-14,23.7,5.2,35.8,10.2,56.4
2026-08-13 12:00,2026-08-13 13:00,20260813,26,125,125,0,23.7,5.9,35.9,10.1,57.0
2026-08-13 12:30,2026-08-13 13:30,20260813,27,128,124,4,23.8,6.5,35.1,10.0,56.7
2026-08-13 13:00,2026-08-13 14:00,20260813,28,127,125,2,24.0,6.9,34.3,10.1,56.6
2026-08-13 13:30,2026-08-13 14:30,20260813,29,128,130,-2,25.1,7.2,33.0,10.1,55.5
2026-08-13 14:00,2026-08-13 15:00,20260813,30,129,135,-6,26.7,7.6,31.4,10.1,54.6
2026-08-13 14:30,2026-08-13 15:30,20260813,31,135,142,-7,28.5,7.8,28.6,10.1,51.9
2026-08-13 15:00,2026-08-13 16:00,20260813,32,147,154,-7,31.4,7.7,25.6,10.0,49.0
2026-08-13 15:30,2026-08-13 16:30,20260813,33,169,167,2,34.8,7.9,22.4,10.1,46.9
2026-08-13 16:00,2026-08-13 17:00,20260813,34,170,177,-7,36.6,7.8,18.8,10.3,44.0
2026-08-13 16:30,2026-08-13 17:30,20260813,35,181,188,-7,39.1,7.9,15.2,10.7,43.2
2026-08-13 17:00,2026-08-13 18:00,20260813,36,194,197,-3,40.9,8.1,12.2,10.9,40.9
2026-08-13 17:30,2026-08-13 18:30,20260813,37,203,201,2,41.5,8.1,9.2,11.0,38.2
2026-08-13 18:00,2026-08-13 19:00,20260813,38,213,208,5,43.0,8.3,5.9,11.3,35.8
2026-08-13 18:30,2026-08-13 19:30,20260813,39,223,214,9,44.4,8.8,3.1,11.6,34.1
2026-08-13 19:00,2026-08-13 20:00,20260813,40,227,217,10,44.7,9.1,1.1,11.7,32.6
2026-08-13 19:30,2026-08-13 20:30,20260813,41,229,213,16,44.2,9.5,0.4,11.7,32.0
2026-08-13 20:00,2026-08-13 21:00,20260813,42,232,218,14,45.7,9.4,0.0,12.0,30.7
2026-08-13 20:30,2026-08-13 21:30,20260813,43,232,223,9,47.4,9.3,0.0,12.5,30.0
2026-08-13 21:00,2026-08-13 22:00,20260813,44,229,223,6,47.9,9.5,0.0,12.6,30.2
2026-08-13 21:30,2026-08-13 22:30,20260813,45,223,234,-11,51.1,10.6,0.0,13.8,32.8
2026-08-13 22:00,2026-08-13 23:00,20260813,46,229,232,-3,49.9,10.2,0.0,14.1,33.0
2026-08-13 22:30,2026-08-13 23:30,20260813,47,171,222,-51,47.1,10.2,0.0,14.5,33.6
2026-08-13 23:00,2026-08-14 00:00,20260814,0,198,218,-20,46.2,11.0,0.0,14.7,35.4
2026-08-13 23:30,2026-08-14 00:30,20260814,1,215,218,-3,46.4,12.2,0.0,15.0,37.0
2026-08-14 00:00,2026-08-14 01:00,20260814,2,218,217,1,46.1,12.8,0.0,15.1,37.5
2026-08-14 00:30,2026-08-14 01:30,20260814,3,212,212,0,44.6,12.4,0.0,14.9,36.6
2026-08-14 01:00,2026-08-14 02:00,20260814,4,215,211,4,44.4,12.1,0.0,15.2,36.5
2026-08-14 01:30,2026-08-14 02:30,20260814,5,210,216,-6,47.3,12.1,0.0,16.1,38.2
2026-08-14 02:00,2026-08-14 03:00,20260814,6,205,215,-10,47.0,13.0,0.0,16.0,38.4
2026-08-14 02:30,2026-08-14 03:30,20260814,7,187,215,-28,49.3,13.3,0.0,16.3,39.7
2026-08-14 03:00,2026-08-14 04:00,20260814,8,216,217,-1,50.1,13.1,0.0,16.5,38.9
2026-08-14 03:30,2026-08-14 04:30,20260814,9,209,215,-6,50.1,13.6,0.0,16.5,39.5
2026-08-14 04:00,2026-08-14 05:00,20260814,10,134,213,-79,48.9,14.3,0.0,16.2,40.1
2026-08-14 04:30,2026-08-14 05:30,20260814,11,83,208,-125,46.4,14.1,0.3,15.6,39.5
2026-08-14 05:00,2026-08-14 06:00,20260814,12,214,206,8,44.6,14.2,0.8,15.0,39.5
2026-08-14 05:30,2026-08-14 06:30,20260814,13,214,193,21,40.1,13.0,3.1,13.7,38.3
2026-08-14 06:00,2026-08-14 07:00,20260814,14,206,187,19,37.9,12.6,6.4,13.0,40.2
2026-08-14 06:30,2026-08-14 07:30,20260814,15,201,169,32,33.8,12.8,9.7,12.4,42.2
2026-08-14 07:00,2026-08-14 08:00,20260814,16,178,159,19,30.8,13.1,12.9,12.1,45.1
2026-08-14 07:30,2026-08-14 08:30,20260814,17,163,143,20,26.2,13.2,16.4,11.8,48.1
2026-08-14 08:00,2026-08-14 09:00,20260814,18,148,131,17,23.6,13.3,20.4,11.6,51.8
2026-08-14 08:30,2026-08-14 09:30,20260814,19,133,117,16,20.8,14.4,24.4,11.3,56.3
2026-08-14 09:00,2026-08-14 10:00,20260814,20,117,110,7,18.8,14.5,27.0,11.0,58.6
2026-08-14 09:30,2026-08-14 10:30,20260814,21,111,103,8,17.1,14.7,29.4,10.8,60.6
2026-08-14 10:00,2026-08-14 11:00,20260814,22,106,102,4,17.1,14.1,30.8,10.6,61.0
2026-08-14 10:30,2026-08-14 11:30,20260814,23,104,98,6,16.2,14.3,31.9,10.4,62.3
2026-08-14 11:00,2026-08-14 12:00,20260814,24,98,95,3,15.9,14.9,32.6,10.3,63.5
2026-08-14 11:30,2026-08-14 12:30,20260814,25,98,94,4,15.6,15.2,32.4,10.1,64.0
2026-08-14 12:00,2026-08-14 13:00,20260814,26,88,93,-5,15.3,15.5,32.2,10.1,64.6
2026-08-14 12:30,2026-08-14 13:30,20260814,27,92,94,-2,15.4,16.0,31.7,10.2,64.9
2026-08-14 13:00,2026-08-14 14:00,20260814,28,93,96,-3,15.8,16.2,30.4,10.3,64.1
2026-08-14 13:30,2026-08-14 14:30,20260814,29,98,102,-4,16.9,16.2,29.4,10.5,63.6
2026-08-14 14:00,2026-08-14 15:00,20260814,30,102,107,-5,18.4,16.1,28.2,10.5,62.5
2026-08-14 14:30,2026-08-14 15:30,20260814,31,107,124,-17,22.4,16.5,26.6,10.8,62.1
2026-08-14 15:00,2026-08-14 16:00,20260814,32,116,135,-19,26.5,15.6,23.5,10.7,59.0
2026-08-14 15:30,2026-08-14 16:30,20260814,33,130,153,-23,31.5,15.7,20.1,10.8,56.8
2026-08-14 16:00,2026-08-14 17:00,20260814,34,159,167,-8,33.9,15.4,16.1,10.7,52.2
2026-08-14 16:30,2026-08-14 17:30,20260814,35,184,174,10,36.6,15.2,13.0,10.8,50.7
2026-08-14 17:00,2026-08-14 18:00,20260814,36,175,185,-10,39.1,14.7,10.0,10.9,47.5
2026-08-14 17:30,2026-08-14 18:30,20260814,37,186,196,-10,40.9,14.2,7.6,11.0,44.9
2026-08-14 18:00,2026-08-14 19:00,20260814,38,199,201,-2,42.9,14.2,5.0,11.4,43.2
2026-08-14 18:30,2026-08-14 19:30,20260814,39,206,203,3,44.7,14.5,2.5,11.9,41.9
2026-08-14 19:00,2026-08-14 20:00,20260814,40,212,204,8,44.6,14.9,0.9,12.2,41.3
2026-08-14 19:30,2026-08-14 20:30,20260814,41,214,206,8,43.6,14.4,0.3,12.1,38.9
2026-08-14 20:00,2026-08-14 21:00,20260814,42,214,205,9,43.7,15.2,0.0,12.3,39.1
2026-08-14 20:30,2026-08-14 21:30,20260814,43,215,206,9,44.6,17.1,0.0,12.9,40.3
2026-08-14 21:00,2026-08-14 22:00,20260814,44,213,201,12,44.1,17.7,0.0,13.3,42.0
2026-08-14 21:30,2026-08-14 22:30,20260814,45,205,190,15,41.6,18.6,0.0,13.9,43.5
2026-08-14 22:00,2026-08-14 23:00,20260814,46,197,185,12,37.4,19.3,0.0,14.2,44.7
2026-08-14 22:30,2026-08-14 23:30,20260814,47,197,183,14,36.5,18.9,0.0,14.7,45.2
2026-08-14 23:00,2026-08-15 00:00,20260815,0,193,177,16,36.8,19.8,0.0,15.2,47.4
2026-08-14 23:30,2026-08-15 00:30,20260815,1,178,169,9,37.0,21.0,0.0,15.8,48.9
2026-08-15 00:00,2026-08-15 01:00,20260815,2,176,164,12,35.4,21.6,0.0,15.6,50.8
2026-08-15 00:30,2026-08-15 01:30,20260815,3,171,166,5,35.0,21.3,0.0,16.4,50.6
2026-08-15 01:00,2026-08-15 02:00,20260815,4,162,156,6,33.0,23.2,0.0,16.9,53.0
2026-08-15 01:30,2026-08-15 02:30,20260815,5,153,145,8,31.5,24.8,0.0,17.2,55.1
2026-08-15 02:00,2026-08-15 03:00,20260815,6,152,139,13,30.2,27.1,0.0,17.3,56.8
2026-08-15 02:30,2026-08-15 03:30,20260815,7,145,143,2,31.0,27.8,0.0,17.9,58.8
2026-08-15 03:00,2026-08-15 04:00,20260815,8,216,140,76,31.3,27.1,0.0,18.2,59.6
2026-08-15 03:30,2026-08-15 04:30,20260815,9,245,140,105,30.8,26.3,0.0,18.0,58.7
2026-08-15 04:00,2026-08-15 05:00,20260815,10,144,142,2,31.0,25.7,0.0,18.1,58.2
2026-08-15 04:30,2026-08-15 05:30,20260815,11,101,139,-38,29.0,25.2,0.3,17.5,54.0
2026-08-15 05:00,2026-08-15 06:00,20260815,12,149,133,16,26.5,26.6,0.8,17.2,55.2
2026-08-15 05:30,2026-08-15 06:30,20260815,13,145,109,36,18.2,25.6,2.8,16.0,54.3
2026-08-15 06:00,2026-08-15 07:00,20260815,14,126,95,31,13.0,25.6,6.5,15.8,57.7
2026-08-15 06:30,2026-08-15 07:30,20260815,15,136,88,48,10.5,24.5,10.5,15.3,59.6
2026-08-15 07:00,2026-08-15 08:00,20260815,16,91,85,6,9.9,23.3,14.0,14.7,60.9
2026-08-15 07:30,2026-08-15 08:30,20260815,17,81,80,1,7.8,21.8,17.5,14.2,62.1
2026-08-15 08:00,2026-08-15 09:00,20260815,18,78,73,5,6.5,20.5,22.3,13.7,65.1
2026-08-15 08:30,2026-08-15 09:30,20260815,19,74,69,5,6.4,19.3,26.0,13.3,67.2
2026-08-15 09:00,2026-08-15 10:00,20260815,20,61,66,-5,6.7,17.8,29.0,13.0,68.3
2026-08-15 09:30,2026-08-15 10:30,20260815,21,60,63,-3,6.3,16.8,31.4,12.8,69.6
2026-08-15 10:00,2026-08-15 11:00,20260815,22,59,63,-4,6.2,16.3,32.3,12.8,69.8
2026-08-15 10:30,2026-08-15 11:30,20260815,23,58,62,-4,6.3,16.1,32.8,12.5,69.9
2026-08-15 11:00,2026-08-15 12:00,20260815,24,57,58,-1,5.2,16.1,34.3,12.3,71.3
2026-08-15 11:30,2026-08-15 12:30,20260815,25,56,56,0,5.3,16.0,35.0,12.3,71.9
2026-08-15 12:00,2026-08-15 13:00,20260815,26,55,58,-3,5.3,17.2,33.8,12.4,71.5
2026-08-15 12:30,2026-08-15 13:30,20260815,27,53,60,-7,5.5,17.3,33.3,12.3,70.9
2026-08-15 13:00,2026-08-15 14:00,20260815,28,54,60,-6,5.8,18.4,32.4,12.3,71.1
2026-08-15 13:30,2026-08-15 14:30,20260815,29,54,61,-7,6.3,18.9,31.0,12.3,69.4
2026-08-15 14:00,2026-08-15 15:00,20260815,30,54,63,-9,6.9,18.7,29.9,12.4,68.7
2026-08-15 14:30,2026-08-15 15:30,20260815,31,53,73,-20,10.1,18.6,28.5,12.9,68.3
2026-08-15 15:00,2026-08-15 16:00,20260815,32,65,90,-25,16.0,17.9,25.3,12.8,64.2
2026-08-15 15:30,2026-08-15 16:30,20260815,33,80,121,-41,23.5,17.8,22.2,13.0,62.4
2026-08-15 16:00,2026-08-15 17:00,20260815,34,109,135,-26,27.9,16.9,18.6,12.8,58.1
2026-08-15 16:30,2026-08-15 17:30,20260815,35,137,153,-16,31.9,16.2,14.7,12.9,53.9
2026-08-15 17:00,2026-08-15 18:00,20260815,36,157,161,-4,33.1,15.3,11.9,13.0,51.2
2026-08-15 17:30,2026-08-15 18:30,20260815,37,168,171,-3,34.2,15.0,9.3,13.1,48.8
2026-08-15 18:00,2026-08-15 19:00,20260815,38,175,179,-4,35.2,15.4,6.0,13.4,46.5
2026-08-15 18:30,2026-08-15 19:30,20260815,39,186,180,6,35.9,14.9,3.1,13.9,44.1
2026-08-15 19:00,2026-08-15 20:00,20260815,40,190,186,4,36.7,14.3,1.1,14.3,42.3
2026-08-15 19:30,2026-08-15 20:30,20260815,41,198,186,12,37.1,13.8,0.4,14.4,41.3
2026-08-15 20:00,2026-08-15 21:00,20260815,42,193,189,4,38.4,13.4,0.0,14.6,40.4
2026-08-15 20:30,2026-08-15 21:30,20260815,43,194,193,1,39.3,12.9,0.0,14.9,39.1
2026-08-15 21:00,2026-08-15 22:00,20260815,44,192,193,-1,39.7,12.5,0.0,15.1,38.9
2026-08-15 21:30,2026-08-15 22:30,20260815,45,187,189,-2,40.4,12.5,0.0,15.8,40.1
2026-08-15 22:00,2026-08-15 23:00,20260815,46,196,189,7,40.3,11.8,0.0,16.1,39.9
2026-08-15 22:30,2026-08-15 23:30,20260815,47,197,195,2,41.5,11.2,0.0,16.3,39.4
2026-08-15 23:00,2026-08-16 00:00,20260816,0,196,194,2,41.6,11.1,0.0,16.6,39.7
2026-08-15 23:30,2026-08-16 00:30,20260816,1,192,194,-2,41.4,10.4,0.0,17.0,39.5
2026-08-16 00:00,2026-08-16 01:00,20260816,2,195,195,0,41.8,9.6,0.0,17.4,39.2
2026-08-16 00:30,2026-08-16 01:30,20260816,3,192,198,-6,42.6,8.5,0.0,17.9,38.9
2026-08-16 01:00,2026-08-16 02:00,20260816,4,197,195,2,41.6,8.2,0.0,18.5,39.5
2026-08-16 01:30,2026-08-16 02:30,20260816,5,192,186,6,39.0,7.9,0.0,19.3,40.4
2026-08-16 02:00,2026-08-16 03:00,20260816,6,202,185,17,37.3,7.3,0.0,19.7,40.5
2026-08-16 02:30,2026-08-16 03:30,20260816,7,197,186,11,38.0,6.6,0.0,20.0,40.3
2026-08-16 03:00,2026-08-16 04:00,20260816,8,190,187,3,38.3,6.1,0.0,20.2,40.1
2026-08-16 03:30,2026-08-16 04:30,20260816,9,192,191,1,38.8,5.7,0.0,20.5,39.7
2026-08-16 04:00,2026-08-16 05:00,20260816,10,190,190,0,39.5,5.5,0.0,20.8,39.9
2026-08-16 04:30,2026-08-16 05:30,20260816,11,145,184,-39,38.9,5.1,0.3,20.4,39.2
2026-08-16 05:00,2026-08-16 06:00,20260816,12,188,182,6,37.4,4.7,0.8,20.3,39.2
2026-08-16 05:30,2026-08-16 06:30,20260816,13,189,173,16,32.0,4.1,2.6,18.9,38.1
2026-08-16 06:00,2026-08-16 07:00,20260816,14,179,165,14,29.5,3.7,5.7,18.6,40.3
2026-08-16 06:30,2026-08-16 07:30,20260816,15,182,160,22,26.9,3.1,8.8,17.4,40.9
2026-08-16 07:00,2026-08-16 08:00,20260816,16,169,151,18,25.9,3.0,12.1,17.1,43.6
2026-08-16 07:30,2026-08-16 08:30,20260816,17,161,146,15,24.5,2.8,15.2,16.4,45.5
2026-08-16 08:00,2026-08-16 09:00,20260816,18,145,137,8,23.1,2.5,19.8,15.5,48.9
2026-08-16 08:30,2026-08-16 09:30,20260816,19,134,129,5,21.2,2.3,23.1,15.0,51.3
2026-08-16 09:00,2026-08-16 10:00,20260816,20,130,123,7,20.2,2.4,26.1,14.4,53.4
2026-08-16 09:30,2026-08-16 10:30,20260816,21,120,121,-1,19.2,2.4,27.8,14.1,54.3
2026-08-16 10:00,2026-08-16 11:00,20260816,22,116,115,1,18.5,2.7,30.0,13.7,56.2
2026-08-16 10:30,2026-08-16 11:30,20260816,23,113,107,6,16.3,3.0,30.6,13.5,57.0
2026-08-16 11:00,2026-08-16 12:00,20260816,24,111,101,10,15.0,3.5,32.2,13.4,58.9
2026-08-16 11:30,2026-08-16 12:30,20260816,25,111,96,15,13.9,4.2,32.2,13.6,59.9
2026-08-16 12:00,2026-08-16 13:00,20260816,26,97,93,4,12.7,4.4,33.1,13.5,61.0
2026-08-16 12:30,2026-08-16 13:30,20260816,27,97,93,4,12.5,4.8,32.5,13.7,60.5
2026-08-16 13:00,2026-08-16 14:00,20260816,28,90,93,-3,12.8,4.9,33.4,13.3,61.2
2026-08-16 13:30,2026-08-16 14:30,20260816,29,89,99,-10,13.5,4.8,32.3,13.3,59.9
2026-08-16 14:00,2026-08-16 15:00,20260816,30,99,110,-11,16.6,4.7,30.4,12.9,57.2
2026-08-16 14:30,2026-08-16 15:30,20260816,31,111,126,-15,21.7,4.5,27.8,12.9,54.4
2026-08-16 15:00,2026-08-16 16:00,20260816,32,118,141,-23,26.9,4.3,24.5,12.7,50.5
2026-08-16 15:30,2026-08-16 16:30,20260816,33,132,168,-36,34.1,4.3,20.8,13.0,47.8
2026-08-16 16:00,2026-08-16 17:00,20260816,34,159,184,-25,38.4,3.9,16.6,13.0,43.2
2026-08-16 16:30,2026-08-16 17:30,20260816,35,180,195,-15,40.2,4.3,12.6,12.9,40.2
2026-08-16 17:00,2026-08-16 18:00,20260816,36,196,199,-3,41.4,4.6,10.2,13.0,39.5
2026-08-16 17:30,2026-08-16 18:30,20260816,37,208,211,-3,42.9,4.3,7.6,13.4,38.1
2026-08-16 18:00,2026-08-16 19:00,20260816,38,216,216,0,44.1,3.9,4.5,13.9,36.6
2026-08-16 18:30,2026-08-16 19:30,20260816,39,229,226,3,46.1,3.7,2.0,14.5,34.8
2026-08-16 19:00,2026-08-16 20:00,20260816,40,237,230,7,48.4,3.9,0.7,14.7,34.1
2026-08-16 19:30,2026-08-16 20:30,20260816,41,243,226,17,48.4,4.1,0.2,14.8,32.8
2026-08-16 20:00,2026-08-16 21:00,20260816,42,239,226,13,49.6,4.2,0.0,15.2,33.2
2026-08-16 20:30,2026-08-16 21:30,20260816,43,236,233,3,51.8,4.5,0.0,16.0,34.0
2026-08-16 21:00,2026-08-16 22:00,20260816,44,234,234,0,53.0,4.4,0.0,16.2,33.8
2026-08-16 21:30,2026-08-16 22:30,20260816,45,233,241,-8,55.5,4.6,0.0,17.1,35.8
2026-08-16 22:00,2026-08-16 23:00,20260816,46,236,241,-5,56.2,4.5,0.0,17.5,35.7
2026-08-16 22:30,2026-08-16 23:30,20260816,47,233,235,-2,55.3,5.0,0.0,17.6,35.6
2026-08-16 23:00,2026-08-17 00:00,20260817,0,237,234,3,54.7,5.2,0.0,17.7,36.0
2026-08-16 23:30,2026-08-17 00:30,20260817,1,238,235,3,54.8,4.6,0.0,17.7,34.9
2026-08-17 00:00,2026-08-17 01:00,20260817,2,232,234,-2,54.7,4.9,0.0,17.7,35.1
2026-08-17 00:30,2026-08-17 01:30,20260817,3,230,229,1,54.0,6.6,0.0,17.6,36.4
2026-08-17 01:00,2026-08-17 02:00,20260817,4,230,229,1,53.7,7.1,0.0,17.5,36.7
2026-08-17 01:30,2026-08-17 02:30,20260817,5,227,232,-5,54.6,7.5,0.0,17.8,37.8
2026-08-17 02:00,2026-08-17 03:00,20260817,6,225,234,-9,55.1,6.9,0.0,17.9,37.3
2026-08-17 02:30,2026-08-17 03:30,20260817,7,221,240,-19,55.5,5.8,0.0,17.9,36.3
2026-08-17 03:00,2026-08-17 04:00,20260817,8,236,240,-4,56.4,5.3,0.0,18.1,36.1
2026-08-17 03:30,2026-08-17 04:30,20260817,9,234,243,-9,55.6,4.8,0.0,17.6,35.2
2026-08-17 04:00,2026-08-17 05:00,20260817,10,240,242,-2,55.5,4.2,0.0,17.4,35.4
2026-08-17 04:30,2026-08-17 05:30,20260817,11,199,239,-40,54.7,3.8,0.2,17.1,36.3
2026-08-17 05:00,2026-08-17 06:00,20260817,12,249,239,10,53.4,3.4,0.5,16.2,35.8
2026-08-17 05:30,2026-08-17 06:30,20260817,13,246,232,14,53.1,3.2,1.7,15.7,35.7
2026-08-17 06:00,2026-08-17 07:00,20260817,14,244,228,16,51.3,3.3,3.7,15.0,36.8
2026-08-17 06:30,2026-08-17 07:30,20260817,15,239,224,15,49.2,3.0,6.2,14.2,36.8
2026-08-17 07:00,2026-08-17 08:00,20260817,16,235,218,17,47.4,2.8,7.9,13.8,37.4
2026-08-17 07:30,2026-08-17 08:30,20260817,17,227,207,20,44.3,2.6,10.8,13.5,37.3
2026-08-17 08:00,2026-08-17 09:00,20260817,18,217,200,17,42.8,2.3,14.0,13.2,39.4
2026-08-17 08:30,2026-08-17 09:30,20260817,19,209,194,15,40.6,2.1,16.2,12.7,40.4
2026-08-17 09:00,2026-08-17 10:00,20260817,20,193,190,3,39.5,2.1,18.1,12.3,41.5
2026-08-17 09:30,2026-08-17 10:30,20260817,21,190,191,-1,38.9,2.0,19.2,12.2,42.2
2026-08-17 10:00,2026-08-17 11:00,20260817,22,184,188,-4,38.6,1.9,20.1,12.2,42.8
2026-08-17 10:30,2026-08-17 11:30,20260817,23,179,184,-5,38.2,2.0,20.9,12.1,42.9
2026-08-17 11:00,2026-08-17 12:00,20260817,24,187,182,5,37.2,2.0,21.1,12.2,43.2
2026-08-17 11:30,2026-08-17 12:30,20260817,25,181,181,0,36.4,2.0,21.4,12.2,43.5
2026-08-17 12:00,2026-08-17 13:00,20260817,26,181,176,5,35.3,2.3,22.7,12.2,45.1
2026-08-17 12:30,2026-08-17 13:30,20260817,27,178,182,-4,37.4,2.8,22.8,12.4,46.0
2026-08-17 13:00,2026-08-17 14:00,20260817,28,179,184,-5,38.5,3.1,23.2,12.4,46.8
2026-08-17 13:30,2026-08-17 14:30,20260817,29,181,180,1,37.6,3.8,22.2,12.5,46.6
2026-08-17 14:00,2026-08-17 15:00,20260817,30,187,177,10,36.3,4.6,21.4,12.3,46.4
2026-08-17 14:30,2026-08-17 15:30,20260817,31,186,176,10,35.8,5.5,19.8,12.3,45.5
2026-08-17 15:00,2026-08-17 16:00,20260817,32,186,182,4,37.7,6.2,17.5,12.4,43.9
2026-08-17 15:30,2026-08-17 16:30,20260817,33,194,195,-1,41.2,7.3,15.3,12.3,42.9
2026-08-17 16:00,2026-08-17 17:00,20260817,34,190,198,-8,42.0,8.4,12.7,12.4,42.1
2026-08-17 16:30,2026-08-17 17:30,20260817,35,192,198,-6,42.3,9.4,10.4,12.8,42.9
2026-08-17 17:00,2026-08-17 18:00,20260817,36,205,201,4,40.9,9.6,8.1,12.8,41.6
2026-08-17 17:30,2026-08-17 18:30,20260817,37,207,207,0,42.3,10.0,6.0,13.2,40.2
2026-08-17 18:00,2026-08-17 19:00,20260817,38,209,213,-4,43.4,10.8,3.5,13.5,38.2
2026-08-17 18:30,2026-08-17 19:30,20260817,39,213,215,-2,44.4,12.0,1.6,13.9,38.0
2026-08-17 19:00,2026-08-17 20:00,20260817,40,215,212,3,44.9,13.1,0.6,14.2,39.0
2026-08-17 19:30,2026-08-17 20:30,20260817,41,212,209,3,45.5,15.4,0.2,14.4,41.2
2026-08-17 20:00,2026-08-17 21:00,20260817,42,210,203,7,45.6,18.5,0.0,14.6,43.5
2026-08-17 20:30,2026-08-17 21:30,20260817,43,201,195,6,45.2,20.4,0.0,14.9,47.0
2026-08-17 21:00,2026-08-17 22:00,20260817,44,194,190,4,44.7,23.2,0.0,15.4,48.5
2026-08-17 21:30,2026-08-17 22:30,20260817,45,183,187,-4,43.4,24.8,0.0,15.6,50.8
2026-08-17 22:00,2026-08-17 23:00,20260817,46,186,184,2,42.8,26.2,0.0,15.7,51.9
2026-08-17 22:30,2026-08-17 23:30,20260817,47,180,187,-7,43.5,27.0,0.0,15.8,53.1
2026-08-17 23:00,2026-08-18 00:00,20260818,0,178,182,-4,42.6,27.9,0.0,15.9,54.3
2026-08-17 23:30,2026-08-18 00:30,20260818,1,173,177,-4,41.8,30.5,0.0,16.1,56.7
2026-08-18 00:00,2026-08-18 01:00,20260818,2,175,167,8,39.5,32.9,0.0,16.4,59.4
2026-08-18 00:30,2026-08-18 01:30,20260818,3,163,157,6,36.7,36.3,0.0,16.1,62.3
2026-08-18 01:00,2026-08-18 02:00,20260818,4,160,158,2,36.5,36.6,0.0,16.1,62.6
2026-08-18 01:30,2026-08-18 02:30,20260818,5,151,159,-8,36.3,36.1,0.0,15.9,61.8
2026-08-18 02:00,2026-08-18 03:00,20260818,6,146,157,-11,35.9,36.9,0.0,15.8,62.6
2026-08-18 02:30,2026-08-18 03:30,20260818,7,135,163,-28,36.8,35.6,0.0,15.4,61.1
2026-08-18 03:00,2026-08-18 04:00,20260818,8,141,168,-27,37.6,34.8,0.0,15.2,59.8
2026-08-18 03:30,2026-08-18 04:30,20260818,9,136,167,-31,37.8,34.2,0.0,15.2,59.6
2026-08-18 04:00,2026-08-18 05:00,20260818,10,159,164,-5,37.4,34.1,0.0,15.1,60.3
2026-08-18 04:30,2026-08-18 05:30,20260818,11,149,163,-14,37.1,34.8,0.1,15.0,59.5
2026-08-18 05:00,2026-08-18 06:00,20260818,12,162,160,2,36.4,35.8,0.3,14.3,60.0
2026-08-18 05:30,2026-08-18 06:30,20260818,13,151,157,-6,35.3,35.8,0.9,13.8,59.2
2026-08-18 06:00,2026-08-18 07:00,20260818,14,148,153,-5,34.6,34.7,2.1,13.3,59.5
2026-08-18 06:30,2026-08-18 07:30,20260818,15,149,149,0,33.8,33.7,3.9,13.2,59.8
2026-08-18 07:00,2026-08-18 08:00,20260818,16,148,147,1,33.1,33.5,4.8,12.9,60.2
2026-08-18 07:30,2026-08-18 08:30,20260818,17,140,136,4,30.5,32.6,6.8,12.8,60.4
2026-08-18 08:00,2026-08-18 09:00,20260818,18,136,127,9,28.4,32.1,9.5,12.7,62.3
2026-08-18 08:30,2026-08-18 09:30,20260818,19,122,117,5,25.5,31.0,12.6,12.4,63.8
2026-08-18 09:00,2026-08-18 10:00,20260818,20,110,108,2,23.3,31.4,15.1,12.1,66.2
2026-08-18 09:30,2026-08-18 10:30,20260818,21,94,102,-8,21.8,31.8,17.0,11.9,68.2
2026-08-18 10:00,2026-08-18 11:00,20260818,22,93,108,-15,22.5,28.4,20.4,9.7,66.5
2026-08-18 10:30,2026-08-18 11:30,20260818,23,86,94,-8,20.8,29.4,20.8,10.8,68.6
2026-08-18 11:00,2026-08-18 12:00,20260818,24,106,93,13,19.4,30.8,20.1,11.6,69.9
2026-08-18 11:30,2026-08-18 12:30,20260818,25,102,88,14,18.1,31.6,22.0,11.8,72.9
2026-08-18 12:00,2026-08-18 13:00,20260818,26,93,87,6,17.3,31.5,22.6,11.8,74.0
2026-08-18 12:30,2026-08-18 13:30,20260818,27,95,90,5,18.9,32.0,21.9,11.9,73.9
2026-08-18 13:00,2026-08-18 14:00,20260818,28,87,86,1,18.0,33.4,20.9,12.2,74.6
2026-08-18 13:30,2026-08-18 14:30,20260818,29,93,87,6,17.6,34.1,21.0,12.4,75.5
2026-08-18 14:00,2026-08-18 15:00,20260818,30,90,100,-10,20.1,31.5,20.6,12.3,72.7
2026-08-18 14:30,2026-08-18 15:30,20260818,31,95,119,-24,25.7,30.4,19.0,12.3,70.2
2026-08-18 15:00,2026-08-18 16:00,20260818,32,112,134,-22,29.0,29.4,16.3,12.1,66.2
2026-08-18 15:30,2026-08-18 16:30,20260818,33,126,145,-19,32.8,27.8,13.4,12.1,61.6
2026-08-18 16:00,2026-08-18 17:00,20260818,34,154,154,0,34.5,26.5,10.5,12.2,58.6
2026-08-18 16:30,2026-08-18 17:30,20260818,35,173,162,11,36.0,26.2,8.0,12.4,57.2
2026-08-18 17:00,2026-08-18 18:00,20260818,36,163,170,-7,37.3,25.1,6.2,12.5,54.7
2026-08-18 17:30,2026-08-18 18:30,20260818,37,167,183,-16,38.5,22.9,4.4,12.5,50.8
2026-08-18 18:00,2026-08-18 19:00,20260818,38,177,192,-15,39.7,21.6,2.3,12.9,48.1
2026-08-18 18:30,2026-08-18 19:30,20260818,39,183,196,-13,41.3,21.9,1.0,13.3,47.9
2026-08-18 19:00,2026-08-18 20:00,20260818,40,193,195,-2,42.4,22.5,0.4,13.6,48.6
2026-08-18 19:30,2026-08-18 20:30,20260818,41,194,193,1,44.3,22.4,0.1,14.0,48.3
2026-08-18 20:00,2026-08-18 21:00,20260818,42,204,196,8,45.5,22.5,0.0,14.6,47.8
2026-08-18 20:30,2026-08-18 21:30,20260818,43,204,198,6,46.2,23.2,0.0,15.3,49.5
2026-08-18 21:00,2026-08-18 22:00,20260818,44,199,195,4,45.8,24.0,0.0,15.5,50.4
2026-08-18 21:30,2026-08-18 22:30,20260818,45,192,201,-9,45.8,21.7,0.0,16.0,48.6
2026-08-18 22:00,2026-08-18 23:00,20260818,46,198,200,-2,45.4,21.2,0.0,16.5,48.9
2026-08-18 22:30,2026-08-18 23:30,20260818,47,203,203,0,47.0,20.8,0.0,17.1,50.0
2026-08-18 23:00,2026-08-19 00:00,20260819,0,197,204,-7,47.7,21.5,0.0,17.4,49.9
2026-08-18 23:30,2026-08-19 00:30,20260819,1,194,205,-11,48.1,20.9,0.0,17.5,49.5
2026-08-19 00:00,2026-08-19 01:00,20260819,2,207,202,5,47.6,21.1,0.0,17.7,50.0
2026-08-19 00:30,2026-08-19 01:30,20260819,3,206,203,3,47.1,21.0,0.0,18.0,50.4
2026-08-19 01:00,2026-08-19 02:00,20260819,4,197,200,-3,46.9,21.3,0.0,18.1,51.0
2026-08-19 01:30,2026-08-19 02:30,20260819,5,190,201,-11,47.3,21.7,0.0,18.1,51.5
2026-08-19 02:00,2026-08-19 03:00,20260819,6,201,200,1,46.8,22.3,0.0,17.9,51.7
2026-08-19 02:30,2026-08-19 03:30,20260819,7,194,199,-5,46.8,22.6,0.0,17.9,52.0
2026-08-19 03:00,2026-08-19 04:00,20260819,8,180,199,-19,46.9,22.5,0.0,18.0,52.0
2026-08-19 03:30,2026-08-19 04:30,20260819,9,191,200,-9,45.9,22.3,0.0,17.6,51.2
2026-08-19 04:00,2026-08-19 05:00,20260819,10,185,199,-14,45.4,21.4,0.0,17.3,50.9
2026-08-19 04:30,2026-08-19 05:30,20260819,11,205,203,2,46.2,20.3,0.1,17.6,50.1
2026-08-19 05:00,2026-08-19 06:00,20260819,12,196,199,-3,44.0,20.4,0.4,16.8,50.2
2026-08-19 05:30,2026-08-19 06:30,20260819,13,191,191,0,41.7,18.7,1.2,16.2,47.2
2026-08-19 06:00,2026-08-19 07:00,20260819,14,191,192,-1,40.4,16.6,2.9,15.9,45.9
2026-08-19 06:30,2026-08-19 07:30,20260819,15,183,180,3,37.6,15.1,5.5,15.2,46.0
2026-08-19 07:00,2026-08-19 08:00,20260819,16,181,175,6,36.2,14.9,7.3,15.0,46.9
2026-08-19 07:30,2026-08-19 08:30,20260819,17,172,164,8,32.5,14.0,9.9,14.7,48.1
2026-08-19 08:00,2026-08-19 09:00,20260819,18,169,157,12,30.8,13.6,12.5,14.6,49.7
2026-08-19 08:30,2026-08-19 09:30,20260819,19,162,148,14,28.9,13.0,15.3,14.6,51.5
2026-08-19 09:00,2026-08-19 10:00,20260819,20,153,137,16,26.2,12.2,18.5,14.7,54.1
2026-08-19 09:30,2026-08-19 10:30,20260819,21,145,137,8,24.1,11.2,20.5,14.6,54.8
2026-08-19 10:00,2026-08-19 11:00,20260819,22,134,140,-6,24.4,10.0,21.9,14.7,55.1
2026-08-19 10:30,2026-08-19 11:30,20260819,23,133,137,-4,23.5,9.5,22.7,14.5,55.2
2026-08-19 11:00,2026-08-19 12:00,20260819,24,133,133,0,23.0,10.0,23.2,14.5,56.2
2026-08-19 11:30,2026-08-19 12:30,20260819,25,123,131,-8,23.4,10.7,23.7,14.2,56.9
2026-08-19 12:00,2026-08-19 13:00,20260819,26,127,129,-2,23.1,11.9,23.0,14.2,57.3
2026-08-19 12:30,2026-08-19 13:30,20260819,27,126,129,-3,23.3,12.5,23.1,14.1,57.8
2026-08-19 13:00,2026-08-19 14:00,20260819,28,120,132,-12,24.5,12.1,23.8,14.0,57.1
2026-08-19 13:30,2026-08-19 14:30,20260819,29,118,125,-7,26.2,12.6,24.8,14.4,59.8
2026-08-19 14:00,2026-08-19 15:00,20260819,30,125,126,-1,26.3,13.3,24.3,14.1,59.8
2026-08-19 14:30,2026-08-19 15:30,20260819,31,140,136,4,28.5,13.2,22.5,13.8,58.5
2026-08-19 15:00,2026-08-19 16:00,20260819,32,167,157,10,34.0,13.1,19.2,13.5,53.4
2026-08-19 15:30,2026-08-19 16:30,20260819,33,152,165,-13,36.8,13.2,16.0,12.9,49.3
2026-08-19 16:00,2026-08-19 17:00,20260819,34,176,171,5,38.7,14.0,12.9,13.0,47.8
2026-08-19 16:30,2026-08-19 17:30,20260819,35,175,178,-3,40.2,14.4,10.6,13.2,46.5
2026-08-19 17:00,2026-08-19 18:00,20260819,36,180,182,-2,40.6,15.2,8.7,13.2,45.3
2026-08-19 17:30,2026-08-19 18:30,20260819,37,191,188,3,41.7,16.9,6.4,13.3,46.0
2026-08-19 18:00,2026-08-19 19:00,20260819,38,196,189,7,42.4,17.8,3.8,13.4,46.0
2026-08-19 18:30,2026-08-19 19:30,20260819,39,200,196,4,43.9,18.4,1.6,13.8,44.8
2026-08-19 19:00,2026-08-19 20:00,20260819,40,202,194,8,43.7,19.8,0.6,14.2,45.4
2026-08-19 19:30,2026-08-19 20:30,20260819,41,203,196,7,44.4,21.0,0.2,14.5,45.5
2026-08-19 20:00,2026-08-19 21:00,20260819,42,202,199,3,45.6,20.3,0.0,14.9,45.1
2026-08-19 20:30,2026-08-19 21:30,20260819,43,89,205,-116,46.5,20.5,0.0,15.6,47.0
2026-08-19 21:00,2026-08-19 22:00,20260819,44,200,210,-10,47.7,19.3,0.0,16.3,45.6
2026-08-19 21:30,2026-08-19 22:30,20260819,45,199,195,4,45.7,21.1,0.0,17.2,48.9
2026-08-19 22:00,2026-08-19 23:00,20260819,46,213,186,27,42.9,23.5,0.0,17.9,50.1
2026-08-19 22:30,2026-08-19 23:30,20260819,47,196,184,12,43.8,25.2,0.0,18.2,51.3
2026-08-19 23:00,2026-08-20 00:00,20260820,0,194,178,16,42.8,26.2,0.0,18.3,52.8
2026-08-19 23:30,2026-08-20 00:30,20260820,1,177,181,-4,43.3,27.1,0.0,18.6,54.0
2026-08-20 00:00,2026-08-20 01:00,20260820,2,178,181,-3,43.1,27.5,0.0,18.6,54.2
2026-08-20 00:30,2026-08-20 01:30,20260820,3,167,183,-16,43.7,27.3,0.0,18.5,54.0
2026-08-20 01:00,2026-08-20 02:00,20260820,4,175,184,-9,43.7,27.0,0.0,18.5,53.6
2026-08-20 01:30,2026-08-20 02:30,20260820,5,180,185,-5,43.8,27.1,0.0,18.6,54.5
2026-08-20 02:00,2026-08-20 03:00,20260820,6,183,184,-1,43.6,27.9,0.0,18.5,54.7
2026-08-20 02:30,2026-08-20 03:30,20260820,7,181,188,-7,43.9,27.2,0.0,18.3,54.2
2026-08-20 03:00,2026-08-20 04:00,20260820,8,179,186,-7,44.1,27.5,0.0,18.4,54.4
2026-08-20 03:30,2026-08-20 04:30,20260820,9,177,189,-12,43.6,26.6,0.0,18.1,53.8
2026-08-20 04:00,2026-08-20 05:00,20260820,10,159,189,-30,43.5,26.4,0.0,17.9,53.3
2026-08-20 04:30,2026-08-20 05:30,20260820,11,183,180,3,42.5,27.8,0.1,17.7,54.0
2026-08-20 05:00,2026-08-20 06:00,20260820,12,190,180,10,40.6,27.1,0.4,16.9,53.3
2026-08-20 05:30,2026-08-20 06:30,20260820,13,174,170,4,37.8,25.7,1.2,16.4,51.3
2026-08-20 06:00,2026-08-20 07:00,20260820,14,174,163,11,34.7,25.0,2.8,16.0,51.9
2026-08-20 06:30,2026-08-20 07:30,20260820,15,166,147,19,29.6,24.2,5.2,15.2,51.8
2026-08-20 07:00,2026-08-20 08:00,20260820,16,154,133,21,25.7,25.7,6.6,15.1,54.6
2026-08-20 07:30,2026-08-20 08:30,20260820,17,139,111,28,19.2,24.7,9.3,14.9,55.8
2026-08-20 08:00,2026-08-20 09:00,20260820,18,127,96,31,14.6,24.8,11.6,15.3,58.8
2026-08-20 08:30,2026-08-20 09:30,20260820,19,107,93,14,12.6,23.9,14.4,14.9,60.1
2026-08-20 09:00,2026-08-20 10:00,20260820,20,87,92,-5,12.3,22.7,16.6,14.5,60.5
2026-08-20 09:30,2026-08-20 10:30,20260820,21,82,91,-9,12.7,22.5,18.5,14.3,61.8
2026-08-20 10:00,2026-08-20 11:00,20260820,22,83,89,-6,12.9,21.3,20.2,14.1,62.0
2026-08-20 10:30,2026-08-20 11:30,20260820,23,85,87,-2,12.9,21.5,21.5,14.1,63.5
2026-08-20 11:00,2026-08-20 12:00,20260820,24,85,82,3,11.8,21.7,22.6,14.0,64.8
2026-08-20 11:30,2026-08-20 12:30,20260820,25,81,80,1,11.2,21.7,23.2,14.0,65.3
2026-08-20 12:00,2026-08-20 13:00,20260820,26,83,79,4,11.2,21.7,24.2,13.7,65.9
2026-08-20 12:30,2026-08-20 13:30,20260820,27,78,80,-2,11.4,22.0,23.9,13.7,65.8
2026-08-20 13:00,2026-08-20 14:00,20260820,28,77,85,-8,12.3,22.3,22.5,13.6,64.7
2026-08-20 13:30,2026-08-20 14:30,20260820,29,76,90,-14,13.8,23.4,21.4,13.4,64.4
2026-08-20 14:00,2026-08-20 15:00,20260820,30,81,99,-18,15.7,23.0,20.6,13.2,62.9
2026-08-20 14:30,2026-08-20 15:30,20260820,31,83,108,-25,20.7,23.8,19.3,13.3,62.4
2026-08-20 15:00,2026-08-20 16:00,20260820,32,97,121,-24,23.3,23.7,16.8,13.2,60.0
2026-08-20 15:30,2026-08-20 16:30,20260820,33,105,146,-41,30.0,22.5,14.2,13.1,57.2
2026-08-20 16:00,2026-08-20 17:00,20260820,34,130,151,-21,32.8,24.7,11.3,13.0,55.6
2026-08-20 16:30,2026-08-20 17:30,20260820,35,157,158,-1,35.0,26.5,9.0,13.1,55.4
2026-08-20 17:00,2026-08-20 18:00,20260820,36,150,163,-13,36.5,26.9,6.8,13.0,53.5
2026-08-20 17:30,2026-08-20 18:30,20260820,37,165,166,-1,36.8,27.1,4.9,13.0,53.7
2026-08-20 18:00,2026-08-20 19:00,20260820,38,170,174,-4,37.8,26.7,2.8,13.3,51.6
2026-08-20 18:30,2026-08-20 19:30,20260820,39,172,182,-10,39.8,26.4,1.2,13.7,50.1
2026-08-20 19:00,2026-08-20 20:00,20260820,40,178,186,-8,40.4,25.5,0.4,13.8,49.2
2026-08-20 19:30,2026-08-20 20:30,20260820,41,186,187,-1,42.4,24.8,0.1,14.2,49.4
2026-08-20 20:00,2026-08-20 21:00,20260820,42,184,191,-7,44.4,23.6,0.0,14.6,48.8
2026-08-20 20:30,2026-08-20 21:30,20260820,43,107,197,-90,46.1,23.7,0.0,15.1,48.6
2026-08-20 21:00,2026-08-20 22:00,20260820,44,196,199,-3,47.1,24.3,0.0,15.5,48.2
2026-08-20 21:30,2026-08-20 22:30,20260820,45,195,192,3,45.6,25.3,0.0,16.5,50.4
2026-08-20 22:00,2026-08-20 23:00,20260820,46,199,182,17,43.2,26.9,0.0,17.0,52.6
2026-08-20 22:30,2026-08-20 23:30,20260820,47,193,173,20,40.3,27.8,0.0,17.2,53.7
2026-08-20 23:00,2026-08-21 00:00,20260821,0,187,170,17,39.2,28.4,0.0,17.3,54.4
2026-08-20 23:30,2026-08-21 00:30,20260821,1,184,165,19,38.3,28.8,0.0,17.9,55.4
2026-08-21 00:00,2026-08-21 01:00,20260821,2,167,162,5,37.2,29.1,0.0,18.1,56.2
2026-08-21 00:30,2026-08-21 01:30,20260821,3,149,160,-11,37.2,28.8,0.0,18.0,55.8
2026-08-21 01:00,2026-08-21 02:00,20260821,4,161,163,-2,37.6,27.2,0.0,18.0,55.0
2026-08-21 01:30,2026-08-21 02:30,20260821,5,160,165,-5,38.3,27.6,0.0,18.0,55.0
2026-08-21 02:00,2026-08-21 03:00,20260821,6,169,165,4,37.9,27.9,0.0,18.0,54.9
2026-08-21 02:30,2026-08-21 03:30,20260821,7,131,171,-40,38.7,27.8,0.0,18.4,56.0
2026-08-21 03:00,2026-08-21 04:00,20260821,8,159,172,-13,39.0,27.3,0.0,18.7,55.4
2026-08-21 03:30,2026-08-21 04:30,20260821,9,170,169,1,38.6,26.3,0.0,18.8,54.4
2026-08-21 04:00,2026-08-21 05:00,20260821,10,102,172,-70,37.6,25.3,0.0,18.2,52.6
2026-08-21 04:30,2026-08-21 05:30,20260821,11,170,165,5,37.1,25.5,0.1,18.4,53.1
2026-08-21 05:00,2026-08-21 06:00,20260821,12,168,169,-1,36.1,24.0,0.5,17.7,51.0
2026-08-21 05:30,2026-08-21 06:30,20260821,13,165,162,3,34.2,22.1,1.6,16.6,48.4
2026-08-21 06:00,2026-08-21 07:00,20260821,14,157,158,-1,32.8,21.7,3.6,16.0,48.7
2026-08-21 06:30,2026-08-21 07:30,20260821,15,147,147,0,30.1,19.8,6.8,15.2,48.6
2026-08-21 07:00,2026-08-21 08:00,20260821,16,154,135,19,26.9,19.3,10.2,15.4,51.9
2026-08-21 07:30,2026-08-21 08:30,20260821,17,147,122,25,22.1,19.2,13.9,15.6,55.8
2026-08-21 08:00,2026-08-21 09:00,20260821,18,131,113,18,19.4,18.1,18.1,15.5,58.7
2026-08-21 08:30,2026-08-21 09:30,20260821,19,121,103,18,16.4,18.1,20.9,15.3,61.0
2026-08-21 09:00,2026-08-21 10:00,20260821,20,105,100,5,15.4,17.1,24.1,14.7,62.4
2026-08-21 09:30,2026-08-21 10:30,20260821,21,96,95,1,14.7,18.3,25.4,14.5,64.5
2026-08-21 10:00,2026-08-21 11:00,20260821,22,90,93,-3,13.6,18.3,26.6,14.2,65.3
2026-08-21 10:30,2026-08-21 11:30,20260821,23,90,90,0,13.0,18.1,26.0,14.2,64.3
2026-08-21 11:00,2026-08-21 12:00,20260821,24,89,92,-3,13.4,18.0,25.4,14.3,63.7
2026-08-21 11:30,2026-08-21 12:30,20260821,25,82,94,-12,13.7,17.7,25.1,14.3,63.2
2026-08-21 12:00,2026-08-21 13:00,20260821,26,89,93,-4,14.0,18.7,24.1,14.4,63.6
2026-08-21 12:30,2026-08-21 13:30,20260821,27,90,97,-7,14.7,19.4,23.8,14.5,64.1
2026-08-21 13:00,2026-08-21 14:00,20260821,28,86,94,-8,14.6,21.6,23.0,14.2,65.2
2026-08-21 13:30,2026-08-21 14:30,20260821,29,85,88,-3,16.1,23.4,22.0,14.0,66.3
2026-08-21 14:00,2026-08-21 15:00,20260821,30,83,88,-5,16.4,25.0,20.9,13.7,66.6
2026-08-21 14:30,2026-08-21 15:30,20260821,31,93,96,-3,18.9,26.4,18.5,13.5,66.1
2026-08-21 15:00,2026-08-21 16:00,20260821,32,99,100,-1,19.8,27.9,16.1,13.1,65.1
2026-08-21 15:30,2026-08-21 16:30,20260821,33,102,119,-17,23.8,26.8,13.1,12.7,60.6
2026-08-21 16:00,2026-08-21 17:00,20260821,34,115,123,-8,24.8,26.5,11.4,12.6,58.9
2026-08-21 16:30,2026-08-21 17:30,20260821,35,116,132,-16,26.3,26.7,9.3,12.8,57.3
2026-08-21 17:00,2026-08-21 18:00,20260821,36,124,139,-15,27.0,25.6,7.4,12.8,55.0
2026-08-21 17:30,2026-08-21 18:30,20260821,37,128,144,-16,29.2,25.4,5.6,13.3,54.4
2026-08-21 18:00,2026-08-21 19:00,20260821,38,139,152,-13,31.2,24.7,3.3,13.6,52.1
2026-08-21 18:30,2026-08-21 19:30,20260821,39,153,157,-4,33.0,27.1,1.5,14.4,52.5
2026-08-21 19:00,2026-08-21 20:00,20260821,40,158,157,1,33.1,27.2,0.5,14.7,53.1
2026-08-21 19:30,2026-08-21 20:30,20260821,41,161,154,7,32.9,26.8,0.1,15.0,53.0
2026-08-21 20:00,2026-08-21 21:00,20260821,42,161,148,13,32.1,28.1,0.0,15.6,54.1
2026-08-21 20:30,2026-08-21 21:30,20260821,43,64,141,-77,29.6,28.9,0.0,16.0,56.1
2026-08-21 21:00,2026-08-21 22:00,20260821,44,144,134,10,27.6,29.9,0.0,16.6,57.7
2026-08-21 21:30,2026-08-21 22:30,20260821,45,142,106,36,20.3,31.9,0.0,17.1,60.6
2026-08-21 22:00,2026-08-21 23:00,20260821,46,135,91,44,15.2,34.8,0.0,17.9,64.8
2026-08-21 22:30,2026-08-21 23:30,20260821,47,117,84,33,12.3,35.1,0.0,18.1,65.4
2026-08-21 23:00,2026-08-22 00:00,20260822,0,112,84,28,12.3,34.7,0.0,18.3,65.3
2026-08-21 23:30,2026-08-22 00:30,20260822,1,115,74,41,11.9,35.8,0.0,18.9,67.3
2026-08-22 00:00,2026-08-22 01:00,20260822,2,88,70,18,10.6,37.7,0.0,18.7,68.8
2026-08-22 00:30,2026-08-22 01:30,20260822,3,77,69,8,9.2,37.8,0.0,18.6,68.8
2026-08-22 01:00,2026-08-22 02:00,20260822,4,72,68,4,8.9,38.5,0.0,18.6,69.4
2026-08-22 01:30,2026-08-22 02:30,20260822,5,70,64,6,9.2,40.8,0.0,19.2,72.6
2026-08-22 02:00,2026-08-22 03:00,20260822,6,64,64,0,9.3,40.6,0.0,19.4,72.7
2026-08-22 02:30,2026-08-22 03:30,20260822,7,60,64,-4,9.6,41.5,0.0,19.6,73.8
2026-08-22 03:00,2026-08-22 04:00,20260822,8,62,62,0,9.6,42.0,0.0,19.8,74.5
2026-08-22 03:30,2026-08-22 04:30,20260822,9,61,64,-3,9.8,41.2,0.0,19.8,73.9
2026-08-22 04:00,2026-08-22 05:00,20260822,10,59,64,-5,9.6,41.3,0.0,19.9,74.0
2026-08-22 04:30,2026-08-22 05:30,20260822,11,64,64,0,9.6,39.6,0.1,19.7,72.2
2026-08-22 05:00,2026-08-22 06:00,20260822,12,61,67,-6,9.1,37.7,0.6,19.6,71.0
2026-08-22 05:30,2026-08-22 06:30,20260822,13,64,70,-6,8.3,34.7,2.2,19.1,67.5
2026-08-22 06:00,2026-08-22 07:00,20260822,14,60,68,-8,8.2,32.9,5.5,19.0,66.6
2026-08-22 06:30,2026-08-22 07:30,20260822,15,66,68,-2,6.6,29.4,9.6,17.6,64.3
2026-08-22 07:00,2026-08-22 08:00,20260822,16,63,67,-4,6.3,27.4,13.6,16.9,65.3
2026-08-22 07:30,2026-08-22 08:30,20260822,17,60,66,-6,6.4,24.8,17.8,16.3,65.9
2026-08-22 08:00,2026-08-22 09:00,20260822,18,61,65,-4,6.3,21.5,22.1,16.0,66.7
2026-08-22 08:30,2026-08-22 09:30,20260822,19,61,62,-1,5.9,19.2,26.3,15.6,68.1
2026-08-22 09:00,2026-08-22 10:00,20260822,20,59,58,1,4.9,18.3,29.4,15.4,69.3
2026-08-22 09:30,2026-08-22 10:30,20260822,21,58,57,1,4.7,17.7,31.4,15.3,69.4
2026-08-22 10:00,2026-08-22 11:00,20260822,22,54,55,-1,4.6,17.8,32.4,15.3,70.3
2026-08-22 10:30,2026-08-22 11:30,20260822,23,51,55,-4,4.7,17.8,33.0,15.4,71.0
2026-08-22 11:00,2026-08-22 12:00,20260822,24,52,57,-5,4.8,17.0,32.7,15.4,69.9
2026-08-22 11:30,2026-08-22 12:30,20260822,25,53,55,-2,4.8,16.9,32.8,15.7,70.3
2026-08-22 12:00,2026-08-22 13:00,20260822,26,54,59,-5,4.9,16.3,31.8,16.0,69.0
2026-08-22 12:30,2026-08-22 13:30,20260822,27,54,59,-5,4.9,16.4,30.8,16.1,68.6
2026-08-22 13:00,2026-08-22 14:00,20260822,28,56,59,-3,5.0,16.6,30.3,16.3,68.5
2026-08-22 13:30,2026-08-22 14:30,20260822,29,57,60,-3,5.0,17.7,28.3,16.2,67.7
2026-08-22 14:00,2026-08-22 15:00,20260822,30,59,61,-2,5.0,19.2,26.3,16.2,68.1
2026-08-22 14:30,2026-08-22 15:30,20260822,31,59,65,-6,5.4,19.2,24.0,16.1,66.8
2026-08-22 15:00,2026-08-22 16:00,20260822,32,65,70,-5,5.8,19.8,21.4,15.9,66.2
2026-08-22 15:30,2026-08-22 16:30,20260822,33,72,78,-6,7.5,20.0,18.0,15.5,64.9
2026-08-22 16:00,2026-08-22 17:00,20260822,34,82,86,-4,9.7,21.0,14.8,15.3,63.1
2026-08-22 16:30,2026-08-22 17:30,20260822,35,92,100,-8,13.3,20.4,11.9,15.2,59.5
2026-08-22 17:00,2026-08-22 18:00,20260822,36,93,114,-21,15.5,19.0,9.6,15.1,55.8
2026-08-22 17:30,2026-08-22 18:30,20260822,37,111,120,-9,17.4,18.3,6.8,15.4,53.5
2026-08-22 18:00,2026-08-22 19:00,20260822,38,122,127,-5,17.1,17.8,4.1,15.8,51.1
2026-08-22 18:30,2026-08-22 19:30,20260822,39,130,133,-3,16.6,16.3,1.8,15.9,48.9
2026-08-22 19:00,2026-08-22 20:00,20260822,40,138,140,-2,17.9,15.2,0.5,16.2,47.0
2026-08-22 19:30,2026-08-22 20:30,20260822,41,132,140,-8,19.8,14.6,0.1,16.8,46.4
2026-08-22 20:00,2026-08-22 21:00,20260822,42,138,137,1,19.2,14.4,0.0,17.0,47.0
2026-08-22 20:30,2026-08-22 21:30,20260822,43,17,139,-122,18.8,14.3,0.0,17.3,46.1
2026-08-22 21:00,2026-08-22 22:00,20260822,44,137,135,2,20.2,14.7,0.0,17.9,47.3
2026-08-22 21:30,2026-08-22 22:30,20260822,45,137,129,8,19.1,15.2,0.0,18.5,48.6
2026-08-22 22:00,2026-08-22 23:00,20260822,46,139,124,15,17.9,15.7,0.0,18.9,49.5
2026-08-22 22:30,2026-08-22 23:30,20260822,47,133,116,17,15.4,15.7,0.0,19.5,50.6
2026-08-22 23:00,2026-08-23 00:00,20260823,0,135,113,22,13.8,15.4,0.0,19.9,51.1
2026-08-22 23:30,2026-08-23 00:30,20260823,1,136,111,25,13.3,15.1,0.0,20.2,51.4
2026-08-23 00:00,2026-08-23 01:00,20260823,2,117,113,4,13.4,14.4,0.0,20.4,50.8
2026-08-23 00:30,2026-08-23 01:30,20260823,3,118,113,5,12.8,13.6,0.0,20.7,50.4
2026-08-23 01:00,2026-08-23 02:00,20260823,4,118,111,7,12.5,13.5,0.0,21.0,50.9
2026-08-23 01:30,2026-08-23 02:30,20260823,5,119,108,11,11.7,13.8,0.0,21.6,52.5
2026-08-23 02:00,2026-08-23 03:00,20260823,6,123,104,19,10.6,13.9,0.0,22.0,53.3
2026-08-23 02:30,2026-08-23 03:30,20260823,7,114,109,5,11.3,13.7,0.0,22.2,53.5
2026-08-23 03:00,2026-08-23 04:00,20260823,8,108,111,-3,12.9,13.8,0.0,22.3,53.2
2026-08-23 03:30,2026-08-23 04:30,20260823,9,111,111,0,12.8,13.9,0.0,22.4,53.5
2026-08-23 04:00,2026-08-23 05:00,20260823,10,115,109,6,12.4,14.2,0.0,22.6,53.7
2026-08-23 04:30,2026-08-23 05:30,20260823,11,114,111,3,12.9,13.6,0.0,21.9,49.9
2026-08-23 05:00,2026-08-23 06:00,20260823,12,112,112,0,12.7,13.2,0.7,21.8,49.4
2026-08-23 05:30,2026-08-23 06:30,20260823,13,116,107,9,11.7,12.6,2.5,21.7,49.8
2026-08-23 06:00,2026-08-23 07:00,20260823,14,112,101,11,9.9,11.6,6.4,21.4,51.2
2026-08-23 06:30,2026-08-23 07:30,20260823,15,107,97,10,9.4,10.0,11.7,20.6,53.0
2026-08-23 07:00,2026-08-23 08:00,20260823,16,97,91,6,8.8,8.8,16.9,19.7,55.4
2026-08-23 07:30,2026-08-23 08:30,20260823,17,92,85,7,7.9,7.8,22.1,19.0,58.5
2026-08-23 08:00,2026-08-23 09:00,20260823,18,83,79,4,7.5,6.3,27.3,18.2,60.7
2026-08-23 08:30,2026-08-23 09:30,20260823,19,73,73,0,7.1,5.5,32.3,17.5,62.7
2026-08-23 09:00,2026-08-23 10:00,20260823,20,73,69,4,6.5,5.0,36.0,16.8,64.3
2026-08-23 09:30,2026-08-23 10:30,20260823,21,67,71,-4,6.3,4.7,37.8,16.2,64.9
2026-08-23 10:00,2026-08-23 11:00,20260823,22,64,66,-2,5.6,5.1,39.1,15.7,67.1
2026-08-23 10:30,2026-08-23 11:30,20260823,23,64,67,-3,5.6,4.9,39.0,15.4,67.6
2026-08-23 11:00,2026-08-23 12:00,20260823,24,59,66,-7,5.5,5.2,38.3,15.5,68.2
2026-08-23 11:30,2026-08-23 12:30,20260823,25,62,68,-6,5.6,5.2,38.3,15.7,69.8
2026-08-23 12:00,2026-08-23 13:00,20260823,26,63,69,-6,5.8,5.0,38.3,15.6,69.6
2026-08-23 12:30,2026-08-23 13:30,20260823,27,63,69,-6,5.9,5.1,37.8,15.9,69.4
2026-08-23 13:00,2026-08-23 14:00,20260823,28,67,69,-2,6.0,5.4,37.8,16.1,69.0
2026-08-23 13:30,2026-08-23 14:30,20260823,29,68,70,-2,6.4,5.3,36.8,16.2,66.7
2026-08-23 14:00,2026-08-23 15:00,20260823,30,69,76,-7,7.2,5.2,34.7,16.3,65.3
2026-08-23 14:30,2026-08-23 15:30,20260823,31,75,88,-13,10.2,5.0,31.4,16.1,62.6
2026-08-23 15:00,2026-08-23 16:00,20260823,32,81,106,-25,14.5,4.9,27.8,15.5,58.5
2026-08-23 15:30,2026-08-23 16:30,20260823,33,97,121,-24,17.4,4.6,23.4,15.3,54.7
2026-08-23 16:00,2026-08-23 17:00,20260823,34,128,137,-9,22.2,4.4,19.2,15.0,50.7
2026-08-23 16:30,2026-08-23 17:30,20260823,35,125,145,-20,24.2,4.9,15.1,14.9,48.2
2026-08-23 17:00,2026-08-23 18:00,20260823,36,149,158,-9,26.0,5.0,11.5,14.7,44.9
2026-08-23 17:30,2026-08-23 18:30,20260823,37,157,170,-13,27.4,5.3,8.1,15.0,42.6
2026-08-23 18:00,2026-08-23 19:00,20260823,38,169,175,-6,28.4,5.6,4.9,15.3,40.7
2026-08-23 18:30,2026-08-23 19:30,20260823,39,176,173,3,28.6,6.3,2.0,15.8,39.5
2026-08-23 19:00,2026-08-23 20:00,20260823,40,184,178,6,28.7,6.5,0.4,15.8,38.1
2026-08-23 19:30,2026-08-23 20:30,20260823,41,179,174,5,29.6,6.8,0.1,16.2,38.5
2026-08-23 20:00,2026-08-23 21:00,20260823,42,176,170,6,29.2,7.0,0.0,16.8,39.5
2026-08-23 20:30,2026-08-23 21:30,20260823,43,,169,,29.7,7.0,0.0,17.3,39.2
2026-08-23 21:00,2026-08-23 22:00,20260823,44,174,166,8,30.1,6.7,0.0,18.0,39.6
2026-08-23 21:30,2026-08-23 22:30,20260823,45,175,163,12,29.1,6.6,0.0,19.0,40.4
2026-08-23 22:00,2026-08-23 23:00,20260823,46,169,162,7,29.1,6.5,0.0,19.5,40.3
2026-08-23 22:30,2026-08-23 23:30,20260823,47,165,162,3,29.1,6.1,0.0,19.6,40.1
2026-08-23 23:00,2026-08-24 00:00,20260824,0,166,162,4,29.2,6.2,0.0,19.6,40.2
2026-08-23 23:30,2026-08-24 00:30,20260824,1,165,161,4,28.9,6.2,0.0,19.6,40.3
2026-08-24 00:00,2026-08-24 01:00,20260824,2,172,159,13,28.7,6.3,0.0,19.8,40.9
2026-08-24 00:30,2026-08-24 01:30,20260824,3,168,158,10,28.2,6.8,0.0,19.6,40.9
2026-08-24 01:00,2026-08-24 02:00,20260824,4,169,157,12,27.6,7.1,0.0,19.7,41.4
2026-08-24 01:30,2026-08-24 02:30,20260824,5,164,159,5,28.7,7.7,0.0,19.9,42.3
2026-08-24 02:00,2026-08-24 03:00,20260824,6,162,153,9,28.1,8.9,0.0,20.0,43.7
2026-08-24 02:30,2026-08-24 03:30,20260824,7,160,151,9,30.4,10.3,0.0,20.8,46.3
2026-08-24 03:00,2026-08-24 04:00,20260824,8,154,149,5,29.9,11.1,0.0,20.9,47.2
2026-08-24 03:30,2026-08-24 04:30,20260824,9,158,153,5,29.7,12.0,0.0,20.5,48.7
2026-08-24 04:00,2026-08-24 05:00,20260824,10,157,151,6,28.8,12.6,0.0,19.9,49.5
2026-08-24 04:30,2026-08-24 05:30,20260824,11,159,154,5,28.8,13.0,0.0,19.0,49.1
2026-08-24 05:00,2026-08-24 06:00,20260824,12,158,158,0,28.6,13.4,0.6,18.2,48.2
2026-08-24 05:30,2026-08-24 06:30,20260824,13,153,160,-7,27.2,13.9,2.1,17.4,47.6
2026-08-24 06:00,2026-08-24 07:00,20260824,14,151,153,-2,25.0,13.9,5.3,16.7,49.2
2026-08-24 06:30,2026-08-24 07:30,20260824,15,153,143,10,22.5,13.5,9.6,16.0,51.7
2026-08-24 07:00,2026-08-24 08:00,20260824,16,145,131,14,20.2,13.7,13.7,15.9,55.0
2026-08-24 07:30,2026-08-24 08:30,20260824,17,138,118,20,17.6,14.1,17.9,15.5,58.6
2026-08-24 08:00,2026-08-24 09:00,20260824,18,121,108,13,15.6,13.8,21.8,15.3,61.6
2026-08-24 08:30,2026-08-24 09:30,20260824,19,111,94,17,12.5,15.0,25.4,15.0,65.8
2026-08-24 09:00,2026-08-24 10:00,20260824,20,93,78,15,8.6,15.9,29.3,15.0,70.2
2026-08-24 09:30,2026-08-24 10:30,20260824,21,83,75,8,7.3,15.9,31.0,14.9,72.1
2026-08-24 10:00,2026-08-24 11:00,20260824,22,79,72,7,7.0,16.4,32.2,14.8,73.1
2026-08-24 10:30,2026-08-24 11:30,20260824,23,72,66,6,6.1,16.5,33.8,14.9,74.8
2026-08-24 11:00,2026-08-24 12:00,20260824,24,69,65,4,5.9,16.7,34.7,14.7,75.6
2026-08-24 11:30,2026-08-24 12:30,20260824,25,62,63,-1,5.8,17.4,34.9,14.5,76.2
2026-08-24 12:00,2026-08-24 13:00,20260824,26,60,62,-2,5.8,18.5,34.7,14.3,76.5
2026-08-24 12:30,2026-08-24 13:30,20260824,27,59,60,-1,5.7,20.3,34.5,14.1,77.0
2026-08-24 13:00,2026-08-24 14:00,20260824,28,61,58,3,5.5,22.5,33.4,13.8,77.7
2026-08-24 13:30,2026-08-24 14:30,20260824,29,62,53,9,5.4,24.1,31.7,13.6,77.5
2026-08-24 14:00,2026-08-24 15:00,20260824,30,55,54,1,5.7,25.2,30.2,13.7,77.3
2026-08-24 14:30,2026-08-24 15:30,20260824,31,52,66,-14,8.7,26.6,28.1,13.8,77.2
2026-08-24 15:00,2026-08-24 16:00,20260824,32,60,80,-20,12.3,27.3,24.5,13.6,74.0
2026-08-24 15:30,2026-08-24 16:30,20260824,33,64,91,-27,15.7,28.4,20.0,13.3,71.1
2026-08-24 16:00,2026-08-24 17:00,20260824,34,94,101,-7,18.1,28.2,16.0,13.0,68.7
2026-08-24 16:30,2026-08-24 17:30,20260824,35,98,115,-17,21.5,28.2,12.3,12.8,65.1
2026-08-24 17:00,2026-08-24 18:00,20260824,36,114,121,-7,22.4,29.0,9.2,12.8,63.5
2026-08-24 17:30,2026-08-24 18:30,20260824,37,121,126,-5,22.8,29.8,6.3,13.0,61.9
2026-08-24 18:00,2026-08-24 19:00,20260824,38,125,127,-2,23.3,31.2,3.7,13.2,61.2
2026-08-24 18:30,2026-08-24 19:30,20260824,39,126,122,4,24.4,34.9,1.6,14.0,63.4
2026-08-24 19:00,2026-08-24 20:00,20260824,40,123,119,4,24.7,37.2,0.3,14.0,64.4
2026-08-24 19:30,2026-08-24 20:30,20260824,41,123,114,9,23.9,39.7,0.1,14.5,66.4
2026-08-24 20:00,2026-08-24 21:00,20260824,42,116,104,12,21.4,41.1,0.0,15.0,69.0
2026-08-24 20:30,2026-08-24 21:30,20260824,43,37,100,-63,20.1,43.4,0.0,15.6,71.4
2026-08-24 21:00,2026-08-24 22:00,20260824,44,111,87,24,17.0,45.4,0.0,16.3,74.5
2026-08-24 21:30,2026-08-24 22:30,20260824,45,103,78,25,12.4,48.3,0.0,17.6,78.3
2026-08-24 22:00,2026-08-24 23:00,20260824,46,91,71,20,9.4,49.7,0.0,18.7,80.8
2026-08-24 22:30,2026-08-24 23:30,20260824,47,85,71,14,9.0,47.1,0.0,18.7,78.6
2026-08-24 23:00,2026-08-25 00:00,20260825,0,85,72,13,9.0,46.5,0.0,19.0,78.5
2026-08-24 23:30,2026-08-25 00:30,20260825,1,86,74,12,9.1,44.7,0.0,19.1,77.2
2026-08-25 00:00,2026-08-25 01:00,20260825,2,73,77,-4,9.6,43.3,0.0,19.7,76.4
2026-08-25 00:30,2026-08-25 01:30,20260825,3,74,74,0,10.2,41.5,0.0,20.3,75.3
2026-08-25 01:00,2026-08-25 02:00,20260825,4,77,73,4,10.0,41.4,0.0,20.4,75.3
2026-08-25 01:30,2026-08-25 02:30,20260825,5,76,71,5,9.7,41.2,0.0,20.9,75.8
2026-08-25 02:00,2026-08-25 03:00,20260825,6,71,70,1,9.6,41.3,0.0,20.9,76.0
2026-08-25 02:30,2026-08-25 03:30,20260825,7,66,65,1,10.1,42.5,0.0,21.6,78.5
2026-08-25 03:00,2026-08-25 04:00,20260825,8,67,64,3,10.0,43.0,0.0,21.6,79.1
2026-08-25 03:30,2026-08-25 04:30,20260825,9,63,71,-8,11.6,43.7,0.0,21.5,79.6
2026-08-25 04:00,2026-08-25 05:00,20260825,10,65,74,-9,12.5,43.6,0.0,20.7,78.9
2026-08-25 04:30,2026-08-25 05:30,20260825,11,74,92,-18,12.6,42.3,0.0,19.8,76.5
2026-08-25 05:00,2026-08-25 06:00,20260825,12,74,97,-23,12.4,40.3,0.5,19.1,74.2
2026-08-25 05:30,2026-08-25 06:30,20260825,13,86,99,-13,12.6,38.1,1.8,18.1,71.8
2026-08-25 06:00,2026-08-25 07:00,20260825,14,84,97,-13,11.1,36.5,4.3,17.1,71.7
2026-08-25 06:30,2026-08-25 07:30,20260825,15,101,84,17,9.6,34.1,8.1,15.9,70.1
2026-08-25 07:00,2026-08-25 08:00,20260825,16,88,80,8,8.7,33.2,11.5,15.3,71.4
2026-08-25 07:30,2026-08-25 08:30,20260825,17,74,73,1,7.6,33.1,15.2,15.4,74.8
2026-08-25 08:00,2026-08-25 09:00,20260825,18,64,68,-4,7.0,32.3,18.3,15.0,76.4
2026-08-25 08:30,2026-08-25 09:30,20260825,19,60,63,-3,6.3,31.7,21.8,14.6,78.6
2026-08-25 09:00,2026-08-25 10:00,20260825,20,59,61,-2,6.2,31.0,24.2,14.0,79.4
2026-08-25 09:30,2026-08-25 10:30,20260825,21,54,61,-7,5.4,31.6,27.4,14.3,83.6
2026-08-25 10:00,2026-08-25 11:00,20260825,22,53,54,-1,5.0,31.7,30.4,13.7,85.7
2026-08-25 10:30,2026-08-25 11:30,20260825,23,49,51,-2,5.0,31.1,31.3,13.3,85.3
2026-08-25 11:00,2026-08-25 12:00,20260825,24,49,47,2,4.4,31.6,31.8,12.8,85.9
2026-08-25 11:30,2026-08-25 12:30,20260825,25,46,44,2,3.4,32.0,31.6,13.4,86.2
2026-08-25 12:00,2026-08-25 13:00,20260825,26,41,44,-3,3.4,32.5,31.1,13.5,86.0
2026-08-25 12:30,2026-08-25 13:30,20260825,27,37,40,-3,3.4,33.0,31.0,13.5,86.2
2026-08-25 13:00,2026-08-25 14:00,20260825,28,43,40,3,3.7,34.2,30.1,13.4,86.4
2026-08-25 13:30,2026-08-25 14:30,20260825,29,37,47,-10,3.7,34.1,28.1,13.1,84.4
2026-08-25 14:00,2026-08-25 15:00,20260825,30,34,47,-13,4.1,34.6,27.4,13.2,84.6
2026-08-25 14:30,2026-08-25 15:30,20260825,31,38,50,-12,5.7,36.0,25.2,13.6,84.5
2026-08-25 15:00,2026-08-25 16:00,20260825,32,49,64,-15,8.7,36.5,21.6,13.4,81.2
2026-08-25 15:30,2026-08-25 16:30,20260825,33,55,91,-36,14.4,36.5,17.7,13.3,77.3
2026-08-25 16:00,2026-08-25 17:00,20260825,34,66,101,-35,17.4,37.1,13.9,13.2,74.2
2026-08-25 16:30,2026-08-25 17:30,20260825,35,90,110,-20,18.8,37.6,10.9,13.1,73.1
2026-08-25 17:00,2026-08-25 18:00,20260825,36,93,117,-24,19.4,37.7,8.3,13.1,70.8
2026-08-25 17:30,2026-08-25 18:30,20260825,37,104,121,-17,20.1,38.4,5.7,13.5,69.7
2026-08-25 18:00,2026-08-25 19:00,20260825,38,111,121,-10,20.7,40.0,3.1,13.9,69.5
2026-08-25 18:30,2026-08-25 19:30,20260825,39,113,125,-12,22.0,42.3,1.3,14.5,70.6
2026-08-25 19:00,2026-08-25 20:00,20260825,40,117,126,-9,22.4,43.5,0.3,14.8,70.8
2026-08-25 19:30,2026-08-25 20:30,20260825,41,112,126,-14,23.0,44.4,0.1,15.2,71.3
2026-08-25 20:00,2026-08-25 21:00,20260825,42,112,125,-13,23.6,44.4,0.0,15.6,71.9
2026-08-25 20:30,2026-08-25 21:30,20260825,43,71,121,-50,22.3,44.5,0.0,15.9,72.6
2026-08-25 21:00,2026-08-25 22:00,20260825,44,116,114,2,24.9,46.7,0.0,16.6,75.1
2026-08-25 21:30,2026-08-25 22:30,20260825,45,112,95,17,24.0,47.2,0.0,16.8,75.9
2026-08-25 22:00,2026-08-25 23:00,20260825,46,112,89,23,23.7,47.5,0.0,17.1,76.3
2026-08-25 22:30,2026-08-25 23:30,20260825,47,113,93,20,24.6,47.0,0.0,17.0,75.4
2026-08-25 23:00,2026-08-26 00:00,20260826,0,110,91,19,24.3,46.8,0.0,17.0,75.3
2026-08-25 23:30,2026-08-26 00:30,20260826,1,110,93,17,23.9,47.3,0.0,17.0,75.7
2026-08-26 00:00,2026-08-26 01:00,20260826,2,110,92,18,24.0,47.2,0.0,17.0,75.8
2026-08-26 00:30,2026-08-26 01:30,20260826,3,112,92,20,24.3,46.8,0.0,17.4,75.2
2026-08-26 01:00,2026-08-26 02:00,20260826,4,111,92,19,23.6,45.9,0.0,17.7,74.7
2026-08-26 01:30,2026-08-26 02:30,20260826,5,114,97,17,24.4,45.6,0.0,17.5,74.1
2026-08-26 02:00,2026-08-26 03:00,20260826,6,113,95,18,24.2,46.0,0.0,17.4,74.3
2026-08-26 02:30,2026-08-26 03:30,20260826,7,114,94,20,24.3,44.8,0.0,17.8,73.5
2026-08-26 03:00,2026-08-26 04:00,20260826,8,111,97,14,24.7,44.9,0.0,18.0,73.8
2026-08-26 03:30,2026-08-26 04:30,20260826,9,102,102,0,22.9,47.3,0.0,18.3,77.0
2026-08-26 04:00,2026-08-26 05:00,20260826,10,104,112,-8,23.8,46.5,0.0,18.4,75.9
2026-08-26 04:30,2026-08-26 05:30,20260826,11,104,124,-20,23.5,46.9,0.0,18.2,76.0
2026-08-26 05:00,2026-08-26 06:00,20260826,12,109,132,-23,25.0,36.2,0.4,18.3,68.8
2026-08-26 05:30,2026-08-26 06:30,20260826,13,113,125,-12,22.5,34.3,1.0,17.1,65.4
2026-08-26 06:00,2026-08-26 07:00,20260826,14,113,124,-11,20.1,33.7,2.4,16.2,64.8
2026-08-26 06:30,2026-08-26 07:30,20260826,15,111,115,-4,18.4,31.4,4.9,15.3,63.3
2026-08-26 07:00,2026-08-26 08:00,20260826,16,114,112,2,18.5,30.9,6.4,15.3,64.0
2026-08-26 07:30,2026-08-26 08:30,20260826,17,109,108,1,17.6,29.3,8.7,14.8,63.9
2026-08-26 08:00,2026-08-26 09:00,20260826,18,102,97,5,14.9,28.1,13.1,14.4,66.5
2026-08-26 08:30,2026-08-26 09:30,20260826,19,93,86,7,12.2,27.2,17.0,14.5,69.3
2026-08-26 09:00,2026-08-26 10:00,20260826,20,87,79,8,10.4,26.6,20.4,14.2,71.4
2026-08-26 09:30,2026-08-26 10:30,20260826,21,80,77,3,9.6,26.0,22.4,14.0,72.3
2026-08-26 10:00,2026-08-26 11:00,20260826,22,73,75,-2,9.2,26.0,23.0,14.0,72.8
2026-08-26 10:30,2026-08-26 11:30,20260826,23,70,74,-4,9.1,25.5,24.0,14.0,73.2
2026-08-26 11:00,2026-08-26 12:00,20260826,24,69,74,-5,8.8,25.4,24.2,13.9,73.4
2026-08-26 11:30,2026-08-26 12:30,20260826,25,69,73,-4,8.7,25.6,25.0,13.9,74.4
2026-08-26 12:00,2026-08-26 13:00,20260826,26,68,70,-2,8.2,25.9,25.8,13.7,75.3
2026-08-26 12:30,2026-08-26 13:30,20260826,27,72,70,2,8.2,25.6,26.1,13.8,75.5
2026-08-26 13:00,2026-08-26 14:00,20260826,28,68,72,-4,8.5,24.4,26.5,13.8,74.8
2026-08-26 13:30,2026-08-26 14:30,20260826,29,68,74,-6,9.3,25.4,26.3,14.1,76.1
2026-08-26 14:00,2026-08-26 15:00,20260826,30,69,82,-13,10.7,25.2,24.9,14.1,74.4
2026-08-26 14:30,2026-08-26 15:30,20260826,31,74,91,-17,13.5,25.2,22.6,14.1,72.0
2026-08-26 15:00,2026-08-26 16:00,20260826,32,90,109,-19,17.5,24.7,20.0,13.9,68.6
2026-08-26 15:30,2026-08-26 16:30,20260826,33,106,127,-21,22.2,25.0,16.6,14.0,67.4
2026-08-26 16:00,2026-08-26 17:00,20260826,34,118,135,-17,23.4,25.3,13.6,13.9,64.8
2026-08-26 16:30,2026-08-26 17:30,20260826,35,132,151,-19,24.4,25.9,10.5,13.7,63.0
2026-08-26 17:00,2026-08-26 18:00,20260826,36,134,156,-22,26.2,27.3,8.2,13.5,61.5
2026-08-26 17:30,2026-08-26 18:30,20260826,37,145,147,-2,26.3,30.4,5.5,13.8,62.6
2026-08-26 18:00,2026-08-26 19:00,20260826,38,143,151,-8,26.4,31.2,3.1,14.0,61.7
2026-08-26 18:30,2026-08-26 19:30,20260826,39,141,152,-11,28.1,32.2,1.2,14.6,60.5
2026-08-26 19:00,2026-08-26 20:00,20260826,40,140,151,-11,28.6,33.5,0.2,15.1,60.9
2026-08-26 19:30,2026-08-26 20:30,20260826,41,141,148,-7,28.3,35.4,0.0,15.6,63.2
2026-08-26 20:00,2026-08-26 21:00,20260826,42,148,142,6,27.6,36.8,0.0,16.1,65.4
2026-08-26 20:30,2026-08-26 21:30,20260826,43,108,136,-28,26.0,38.5,0.0,16.4,67.1
2026-08-26 21:00,2026-08-26 22:00,20260826,44,140,125,15,23.6,39.9,0.0,17.2,69.8
2026-08-26 21:30,2026-08-26 22:30,20260826,45,128,107,21,18.8,41.6,0.0,17.6,72.6
2026-08-26 22:00,2026-08-26 23:00,20260826,46,122,100,22,16.7,43.3,0.0,18.1,74.9
2026-08-26 22:30,2026-08-26 23:30,20260826,47,106,93,13,15.7,44.8,0.0,18.1,76.2
2026-08-26 23:00,2026-08-27 00:00,20260827,0,105,92,13,14.2,45.6,0.0,18.3,77.3
2026-08-26 23:30,2026-08-27 00:30,20260827,1,104,90,14,14.0,45.6,0.0,18.7,77.9
2026-08-27 00:00,2026-08-27 01:00,20260827,2,88,87,1,13.0,46.2,0.0,18.9,78.9
2026-08-27 00:30,2026-08-27 01:30,20260827,3,89,93,-4,13.6,45.8,0.0,19.0,78.8
2026-08-27 01:00,2026-08-27 02:00,20260827,4,82,96,-14,14.6,45.2,0.0,19.2,78.3
2026-08-27 01:30,2026-08-27 02:30,20260827,5,88,92,-4,14.5,47.1,0.0,19.6,80.8
2026-08-27 02:00,2026-08-27 03:00,20260827,6,90,93,-3,14.4,47.1,0.0,19.8,81.1
2026-08-27 02:30,2026-08-27 03:30,20260827,7,91,90,1,15.4,47.0,0.0,20.2,81.2
2026-08-27 03:00,2026-08-27 04:00,20260827,8,89,98,-9,16.0,44.9,0.0,20.3,79.2
2026-08-27 03:30,2026-08-27 04:30,20260827,9,84,104,-20,19.5,41.7,0.0,20.8,77.9
2026-08-27 04:00,2026-08-27 05:00,20260827,10,120,118,2,22.5,38.3,0.0,20.6,74.2
2026-08-27 04:30,2026-08-27 05:30,20260827,11,103,131,-28,23.8,36.2,0.0,19.7,70.7
2026-08-27 05:00,2026-08-27 06:00,20260827,12,119,141,-22,23.4,34.2,0.4,18.4,67.0
2026-08-27 05:30,2026-08-27 06:30,20260827,13,131,150,-19,25.6,32.4,0.8,17.9,65.3
2026-08-27 06:00,2026-08-27 07:00,20260827,14,134,153,-19,26.0,30.7,2.0,17.0,63.8
2026-08-27 06:30,2026-08-27 07:30,20260827,15,151,142,9,25.3,28.2,4.0,16.2,61.7
2026-08-27 07:00,2026-08-27 08:00,20260827,16,153,143,10,24.3,26.0,5.2,15.6,60.6
2026-08-27 07:30,2026-08-27 08:30,20260827,17,142,130,12,22.3,24.6,6.6,15.0,59.4
2026-08-27 08:00,2026-08-27 09:00,20260827,18,140,127,13,21.7,24.2,8.6,14.8,60.2
2026-08-27 08:30,2026-08-27 09:30,20260827,19,130,127,3,21.2,23.0,10.7,14.5,59.7
2026-08-27 09:00,2026-08-27 10:00,20260827,20,124,129,-5,22.1,22.1,12.8,14.0,59.5
2026-08-27 09:30,2026-08-27 10:30,20260827,21,127,129,-2,22.2,21.6,13.6,13.9,59.4
2026-08-27 10:00,2026-08-27 11:00,20260827,22,128,129,-1,22.2,20.3,15.1,13.9,59.3
2026-08-27 10:30,2026-08-27 11:30,20260827,23,129,126,3,21.0,18.8,15.8,13.8,59.0
2026-08-27 11:00,2026-08-27 12:00,20260827,24,125,124,1,20.8,18.2,16.6,13.9,59.6
2026-08-27 11:30,2026-08-27 12:30,20260827,25,123,122,1,20.8,17.9,17.7,14.0,60.4
2026-08-27 12:00,2026-08-27 13:00,20260827,26,121,121,0,20.7,17.6,18.6,14.1,60.5
2026-08-27 12:30,2026-08-27 13:30,20260827,27,126,125,1,21.6,17.4,18.2,14.1,60.3
2026-08-27 13:00,2026-08-27 14:00,20260827,28,124,130,-6,23.2,17.0,18.2,13.9,59.2
2026-08-27 13:30,2026-08-27 14:30,20260827,29,126,141,-15,26.3,16.9,18.1,14.3,59.4
2026-08-27 14:00,2026-08-27 15:00,20260827,30,129,143,-14,27.2,17.3,17.8,14.1,59.3
2026-08-27 14:30,2026-08-27 15:30,20260827,31,134,156,-22,30.0,16.3,17.2,13.8,57.7
2026-08-27 15:00,2026-08-27 16:00,20260827,32,148,160,-12,31.2,15.8,15.7,14.4,56.4
2026-08-27 15:30,2026-08-27 16:30,20260827,33,157,165,-8,32.7,15.6,13.6,14.6,57.0
2026-08-27 16:00,2026-08-27 17:00,20260827,34,166,175,-9,34.7,15.0,11.6,14.6,54.8
2026-08-27 16:30,2026-08-27 17:30,20260827,35,177,198,-21,39.1,13.7,8.9,14.8,51.3
2026-08-27 17:00,2026-08-27 18:00,20260827,36,188,207,-19,41.0,12.7,6.4,14.9,48.5
2026-08-27 17:30,2026-08-27 18:30,20260827,37,209,210,-1,42.1,12.3,4.0,15.3,46.7
2026-08-27 18:00,2026-08-27 19:00,20260827,38,221,216,5,43.1,12.0,2.0,15.7,44.9
2026-08-27 18:30,2026-08-27 19:30,20260827,39,223,213,10,43.5,12.5,0.9,16.0,44.1
2026-08-27 19:00,2026-08-27 20:00,20260827,40,226,218,8,44.6,12.5,0.1,16.3,42.6
2026-08-27 19:30,2026-08-27 20:30,20260827,41,222,220,2,45.3,12.6,0.0,16.6,43.1
2026-08-27 20:00,2026-08-27 21:00,20260827,42,223,220,3,45.5,12.2,0.0,17.1,43.3
2026-08-27 20:30,2026-08-27 21:30,20260827,43,201,224,-23,46.2,11.8,0.0,17.7,42.8
2026-08-27 21:00,2026-08-27 22:00,20260827,44,222,212,10,43.9,11.9,0.0,18.8,45.0
2026-08-27 21:30,2026-08-27 22:30,20260827,45,228,194,34,38.9,11.9,0.0,19.2,45.6
2026-08-27 22:00,2026-08-27 23:00,20260827,46,216,190,26,37.3,12.1,0.0,19.6,46.2
2026-08-27 22:30,2026-08-27 23:30,20260827,47,198,176,22,33.9,12.3,0.0,20.0,47.0
2026-08-27 23:00,2026-08-28 00:00,20260828,0,197,173,24,32.3,12.2,0.0,20.6,47.5
2026-08-27 23:30,2026-08-28 00:30,20260828,1,194,158,36,27.9,12.7,0.0,20.7,48.1
2026-08-28 00:00,2026-08-28 01:00,20260828,2,178,144,34,23.8,16.5,0.0,20.6,51.8
2026-08-28 00:30,2026-08-28 01:30,20260828,3,169,151,18,24.6,16.1,0.0,20.6,51.6
2026-08-28 01:00,2026-08-28 02:00,20260828,4,148,144,4,24.0,18.2,0.0,20.3,52.9
2026-08-28 01:30,2026-08-28 02:30,20260828,5,155,140,15,22.9,21.5,0.0,21.3,57.8
2026-08-28 02:00,2026-08-28 03:00,20260828,6,149,149,0,23.3,19.1,0.0,21.8,56.3
2026-08-28 02:30,2026-08-28 03:30,20260828,7,142,168,-26,30.0,15.6,0.0,23.6,56.1
2026-08-28 03:00,2026-08-28 04:00,20260828,8,148,168,-20,31.8,15.8,0.0,23.5,55.9
2026-08-28 03:30,2026-08-28 04:30,20260828,9,166,165,1,31.8,17.4,0.0,23.5,58.3
2026-08-28 04:00,2026-08-28 05:00,20260828,10,170,160,10,31.3,19.8,0.0,23.0,59.7
2026-08-28 04:30,2026-08-28 05:30,20260828,11,161,159,2,28.2,21.0,0.0,21.0,57.9
2026-08-28 05:00,2026-08-28 06:00,20260828,12,153,160,-7,27.6,20.8,0.5,20.3,57.0
2026-08-28 05:30,2026-08-28 06:30,20260828,13,156,148,8,25.3,20.2,1.3,18.6,54.1
2026-08-28 06:00,2026-08-28 07:00,20260828,14,149,145,4,24.0,20.5,3.2,17.7,54.6
2026-08-28 06:30,2026-08-28 07:30,20260828,15,148,135,13,22.2,21.9,6.6,16.7,57.4
2026-08-28 07:00,2026-08-28 08:00,20260828,16,138,125,13,20.5,23.3,8.6,16.4,60.1
2026-08-28 07:30,2026-08-28 08:30,20260828,17,126,109,17,18.3,25.7,11.9,16.2,65.2
2026-08-28 08:00,2026-08-28 09:00,20260828,18,114,100,14,16.3,26.9,14.1,16.0,68.0
2026-08-28 08:30,2026-08-28 09:30,20260828,19,97,83,14,12.7,28.4,16.9,15.7,71.5
2026-08-28 09:00,2026-08-28 10:00,20260828,20,93,68,25,8.5,29.7,19.4,15.7,75.4
2026-08-28 09:30,2026-08-28 10:30,20260828,21,71,55,16,7.4,29.9,21.0,15.8,77.6
2026-08-28 10:00,2026-08-28 11:00,20260828,22,53,53,0,5.8,30.0,22.8,14.3,78.2
2026-08-28 10:30,2026-08-28 11:30,20260828,23,51,53,-2,6.0,29.0,22.8,15.4,78.2
2026-08-28 11:00,2026-08-28 12:00,20260828,24,43,52,-9,5.9,30.0,23.0,15.0,78.5
2026-08-28 11:30,2026-08-28 12:30,20260828,25,43,55,-12,5.7,31.5,22.7,14.7,78.7
2026-08-28 12:00,2026-08-28 13:00,20260828,26,45,54,-9,5.4,32.7,22.3,14.5,79.2
2026-08-28 12:30,2026-08-28 13:30,20260828,27,54,55,-1,5.1,33.1,21.4,14.3,78.6
2026-08-28 13:00,2026-08-28 14:00,20260828,28,49,56,-7,5.2,34.3,20.0,14.3,78.4
2026-08-28 13:30,2026-08-28 14:30,20260828,29,48,51,-3,5.1,35.8,19.3,14.2,78.8
2026-08-28 14:00,2026-08-28 15:00,20260828,30,51,52,-1,5.2,37.7,17.7,14.2,78.7
2026-08-28 14:30,2026-08-28 15:30,20260828,31,53,55,-2,5.7,38.6,16.4,14.2,78.6
2026-08-28 15:00,2026-08-28 16:00,20260828,32,48,60,-12,7.1,40.0,13.5,14.1,77.4
2026-08-28 15:30,2026-08-28 16:30,20260828,33,47,64,-17,9.0,40.7,11.4,14.3,76.5
2026-08-28 16:00,2026-08-28 17:00,20260828,34,52,76,-24,12.3,40.7,9.0,14.2,73.8
2026-08-28 16:30,2026-08-28 17:30,20260828,35,61,88,-27,15.1,41.1,7.0,14.6,73.3
2026-08-28 17:00,2026-08-28 18:00,20260828,36,73,92,-19,15.6,41.3,5.0,15.0,72.2
2026-08-28 17:30,2026-08-28 18:30,20260828,37,83,100,-17,16.8,43.4,3.2,15.6,73.6
2026-08-28 18:00,2026-08-28 19:00,20260828,38,87,97,-10,16.2,45.4,1.7,15.8,74.4
2026-08-28 18:30,2026-08-28 19:30,20260828,39,89,99,-10,15.9,45.8,0.7,15.7,73.7
2026-08-28 19:00,2026-08-28 20:00,20260828,40,88,98,-10,16.6,46.2,0.1,16.3,74.3
2026-08-28 19:30,2026-08-28 20:30,20260828,41,86,102,-16,17.3,46.0,0.0,16.8,74.7
2026-08-28 20:00,2026-08-28 21:00,20260828,42,90,92,-2,15.7,47.9,0.0,17.3,77.4
2026-08-28 20:30,2026-08-28 21:30,20260828,43,29,88,-59,13.4,50.3,0.0,17.8,80.1
2026-08-28 21:00,2026-08-28 22:00,20260828,44,99,78,21,11.1,51.7,0.0,18.4,82.0
2026-08-28 21:30,2026-08-28 22:30,20260828,45,74,69,5,8.1,52.5,0.0,18.9,82.8
2026-08-28 22:00,2026-08-28 23:00,20260828,46,66,65,1,6.8,53.2,0.0,19.2,84.4
2026-08-28 22:30,2026-08-28 23:30,20260828,47,56,67,-11,6.5,52.9,0.0,19.0,83.9
2026-08-28 23:00,2026-08-29 00:00,20260829,0,61,68,-7,6.5,52.1,0.0,19.0,83.5
2026-08-28 23:30,2026-08-29 00:30,20260829,1,64,65,-1,6.4,51.4,0.0,18.9,82.4
2026-08-29 00:00,2026-08-29 01:00,20260829,2,53,65,-12,6.5,51.6,0.0,19.1,81.7
2026-08-29 00:30,2026-08-29 01:30,20260829,3,58,66,-8,6.5,50.3,0.0,19.2,80.1
2026-08-29 01:00,2026-08-29 02:00,20260829,4,62,66,-4,6.4,50.2,0.0,19.6,79.5
2026-08-29 01:30,2026-08-29 02:30,20260829,5,53,65,-12,5.9,49.0,0.0,19.6,77.5
2026-08-29 02:00,2026-08-29 03:00,20260829,6,58,66,-8,6.0,48.1,0.0,20.1,77.3
2026-08-29 02:30,2026-08-29 03:30,20260829,7,51,67,-16,6.2,48.0,0.0,20.6,77.9
2026-08-29 03:00,2026-08-29 04:00,20260829,8,50,67,-17,6.2,47.7,0.0,20.9,77.9
2026-08-29 03:30,2026-08-29 04:30,20260829,9,49,68,-19,6.2,46.2,0.0,20.9,76.6
2026-08-29 04:00,2026-08-29 05:00,20260829,10,51,73,-22,6.6,43.1,0.0,21.8,74.8
2026-08-29 04:30,2026-08-29 05:30,20260829,11,48,73,-25,6.5,39.4,0.0,21.6,71.1
2026-08-29 05:00,2026-08-29 06:00,20260829,12,52,79,-27,6.4,36.4,0.4,21.1,69.6
2026-08-29 05:30,2026-08-29 06:30,20260829,13,55,83,-28,6.8,32.5,1.0,20.4,67.2
2026-08-29 06:00,2026-08-29 07:00,20260829,14,54,88,-34,8.7,30.9,2.5,19.8,66.8
2026-08-29 06:30,2026-08-29 07:30,20260829,15,61,100,-39,11.6,28.2,4.9,18.7,64.8
2026-08-29 07:00,2026-08-29 08:00,20260829,16,90,105,-15,14.0,26.5,6.5,18.1,63.4
2026-08-29 07:30,2026-08-29 08:30,20260829,17,99,112,-13,15.4,24.9,7.7,17.5,62.3
2026-08-29 08:00,2026-08-29 09:00,20260829,18,115,112,3,16.1,23.4,9.3,17.2,62.1
2026-08-29 08:30,2026-08-29 09:30,20260829,19,116,116,0,16.4,21.3,10.8,16.8,60.9
2026-08-29 09:00,2026-08-29 10:00,20260829,20,119,118,1,17.2,20.2,12.4,16.5,60.9
2026-08-29 09:30,2026-08-29 10:30,20260829,21,112,119,-7,18.4,19.2,13.3,16.5,60.8
2026-08-29 10:00,2026-08-29 11:00,20260829,22,113,119,-6,18.4,18.7,14.5,16.3,61.0
2026-08-29 10:30,2026-08-29 11:30,20260829,23,118,118,0,18.4,18.3,15.4,16.2,61.5
2026-08-29 11:00,2026-08-29 12:00,20260829,24,120,116,4,18.2,18.0,15.9,16.2,62.1
2026-08-29 11:30,2026-08-29 12:30,20260829,25,120,117,3,18.4,18.3,15.7,16.0,62.1
2026-08-29 12:00,2026-08-29 13:00,20260829,26,119,114,5,17.7,18.2,16.2,16.2,62.7
2026-08-29 12:30,2026-08-29 13:30,20260829,27,113,117,-4,18.1,17.4,16.3,16.5,62.2
2026-08-29 13:00,2026-08-29 14:00,20260829,28,113,120,-7,18.6,17.5,15.5,16.7,61.3
2026-08-29 13:30,2026-08-29 14:30,20260829,29,117,120,-3,19.2,17.9,15.5,16.7,61.4
2026-08-29 14:00,2026-08-29 15:00,20260829,30,122,125,-3,20.3,17.9,14.6,16.7,60.6
2026-08-29 14:30,2026-08-29 15:30,20260829,31,127,132,-5,22.3,16.7,13.5,16.7,58.6
2026-08-29 15:00,2026-08-29 16:00,20260829,32,131,138,-7,23.6,15.8,12.3,16.4,57.3
2026-08-29 15:30,2026-08-29 16:30,20260829,33,141,144,-3,25.2,15.8,10.0,16.3,55.3
2026-08-29 16:00,2026-08-29 17:00,20260829,34,153,148,5,24.4,16.4,7.7,16.1,53.6
2026-08-29 16:30,2026-08-29 17:30,20260829,35,151,154,-3,25.6,16.6,6.2,16.3,52.3
2026-08-29 17:00,2026-08-29 18:00,20260829,36,154,157,-3,26.2,16.3,5.2,16.4,51.1
2026-08-29 17:30,2026-08-29 18:30,20260829,37,159,159,0,26.8,16.7,3.3,16.9,50.5
2026-08-29 18:00,2026-08-29 19:00,20260829,38,163,161,2,27.7,18.1,1.5,17.2,50.2
2026-08-29 18:30,2026-08-29 19:30,20260829,39,163,160,3,27.8,19.4,0.7,16.9,50.4
2026-08-29 19:00,2026-08-29 20:00,20260829,40,159,154,5,27.4,20.9,0.1,17.3,52.1
2026-08-29 19:30,2026-08-29 20:30,20260829,41,161,147,14,26.1,22.2,0.0,17.7,53.7
2026-08-29 20:00,2026-08-29 21:00,20260829,42,148,140,8,24.3,23.0,0.0,18.4,54.6
2026-08-29 20:30,2026-08-29 21:30,20260829,43,144,126,18,19.9,24.5,0.0,19.4,57.7
2026-08-29 21:00,2026-08-29 22:00,20260829,44,138,124,14,17.9,24.9,0.0,19.9,58.7
2026-08-29 21:30,2026-08-29 22:30,20260829,45,120,119,1,16.5,24.6,0.0,20.7,59.4
2026-08-29 22:00,2026-08-29 23:00,20260829,46,113,117,-4,13.9,22.9,0.0,21.4,59.1
2026-08-29 22:30,2026-08-29 23:30,20260829,47,110,115,-5,13.1,21.9,0.0,21.6,59.7
2026-08-29 23:00,2026-08-30 00:00,20260830,0,118,113,5,13.4,21.6,0.0,22.1,60.5
2026-08-29 23:30,2026-08-30 00:30,20260830,1,119,113,6,13.5,20.8,0.0,22.1,60.0
2026-08-30 00:00,2026-08-30 01:00,20260830,2,106,116,-10,14.0,20.1,0.0,22.9,59.2
2026-08-30 00:30,2026-08-30 01:30,20260830,3,101,114,-13,14.2,19.9,0.0,23.1,59.8
2026-08-30 01:00,2026-08-30 02:00,20260830,4,102,112,-10,13.8,20.2,0.0,23.5,60.1
2026-08-30 01:30,2026-08-30 02:30,20260830,5,103,109,-6,12.6,20.3,0.0,24.0,60.4
2026-08-30 02:00,2026-08-30 03:00,20260830,6,101,108,-7,12.4,20.8,0.0,24.0,60.8
2026-08-30 02:30,2026-08-30 03:30,20260830,7,92,107,-15,12.2,21.0,0.0,24.0,61.0
2026-08-30 03:00,2026-08-30 04:00,20260830,8,89,109,-20,12.9,21.3,0.0,23.6,60.6
2026-08-30 03:30,2026-08-30 04:30,20260830,9,93,109,-16,12.9,21.6,0.0,23.6,61.0
2026-08-30 04:00,2026-08-30 05:00,20260830,10,110,101,9,11.0,22.3,0.0,24.0,62.3
2026-08-30 04:30,2026-08-30 05:30,20260830,11,113,100,13,9.5,21.6,0.0,24.7,62.8
2026-08-30 05:00,2026-08-30 06:00,20260830,12,102,104,-2,10.2,19.8,0.5,24.8,61.7
2026-08-30 05:30,2026-08-30 06:30,20260830,13,105,107,-2,11.0,17.6,1.2,24.4,60.1
2026-08-30 06:00,2026-08-30 07:00,20260830,14,101,107,-6,10.9,16.5,3.1,23.8,60.2
2026-08-30 06:30,2026-08-30 07:30,20260830,15,107,105,2,9.1,15.1,6.9,22.5,60.4
2026-08-30 07:00,2026-08-30 08:00,20260830,16,102,105,-3,8.6,13.9,9.9,21.7,60.8
2026-08-30 07:30,2026-08-30 08:30,20260830,17,91,99,-8,8.7,16.2,10.7,23.1,65.6
2026-08-30 08:00,2026-08-30 09:00,20260830,18,89,96,-7,9.4,14.5,13.3,21.8,63.6
2026-08-30 08:30,2026-08-30 09:30,20260830,19,87,89,-2,9.7,13.7,16.7,20.9,64.8
2026-08-30 09:00,2026-08-30 10:00,20260830,20,86,82,4,9.7,13.0,19.6,20.4,65.9
2026-08-30 09:30,2026-08-30 10:30,20260830,21,84,82,2,9.5,12.6,21.3,20.0,66.5
2026-08-30 10:00,2026-08-30 11:00,20260830,22,84,81,3,10.2,12.6,22.5,19.1,67.1
2026-08-30 10:30,2026-08-30 11:30,20260830,23,86,84,2,10.0,12.9,23.0,19.0,67.3
2026-08-30 11:00,2026-08-30 12:00,20260830,24,86,84,2,9.9,13.3,23.3,19.4,67.9
2026-08-30 11:30,2026-08-30 12:30,20260830,25,86,91,-5,10.2,13.8,23.4,19.3,67.7
2026-08-30 12:00,2026-08-30 13:00,20260830,26,85,90,-5,10.9,14.8,23.5,18.9,68.3
2026-08-30 12:30,2026-08-30 13:30,20260830,27,83,88,-5,11.0,15.8,23.1,18.2,67.8
2026-08-30 13:00,2026-08-30 14:00,20260830,28,83,92,-9,11.4,16.8,22.7,18.1,68.0
2026-08-30 13:30,2026-08-30 14:30,20260830,29,85,92,-7,12.1,18.1,22.2,18.0,68.3
2026-08-30 14:00,2026-08-30 15:00,20260830,30,87,100,-13,12.7,20.3,21.9,17.9,70.3
2026-08-30 14:30,2026-08-30 15:30,20260830,31,95,107,-12,15.3,21.6,19.9,17.2,68.5
2026-08-30 15:00,2026-08-30 16:00,20260830,32,104,115,-11,16.9,22.8,17.5,17.2,67.4
2026-08-30 15:30,2026-08-30 16:30,20260830,33,116,120,-4,20.9,22.7,14.1,16.9,63.0
2026-08-30 16:00,2026-08-30 17:00,20260830,34,128,121,7,23.1,24.0,11.5,16.8,61.7
2026-08-30 16:30,2026-08-30 17:30,20260830,35,136,120,16,26.1,25.7,9.1,16.9,61.2
2026-08-30 17:00,2026-08-30 18:00,20260830,36,145,121,24,28.9,27.8,7.2,16.7,61.6
2026-08-30 17:30,2026-08-30 18:30,20260830,37,150,129,21,30.0,28.7,4.3,17.4,60.7
2026-08-30 18:00,2026-08-30 19:00,20260830,38,157,136,21,32.5,29.7,2.0,17.4,59.6
2026-08-30 18:30,2026-08-30 19:30,20260830,39,161,144,17,33.4,30.4,0.9,17.5,59.2
2026-08-30 19:00,2026-08-30 20:00,20260830,40,162,135,27,33.8,30.8,0.1,17.3,58.8
2026-08-30 19:30,2026-08-30 20:30,20260830,41,163,130,33,33.2,30.6,0.0,17.8,58.9
2026-08-30 20:00,2026-08-30 21:00,20260830,42,161,129,32,31.8,31.1,0.0,18.3,60.1
2026-08-30 20:30,2026-08-30 21:30,20260830,43,157,126,31,30.3,31.8,0.0,18.7,61.5
2026-08-30 21:00,2026-08-30 22:00,20260830,44,153,123,30,28.2,33.1,0.0,19.7,64.2
2026-08-30 21:30,2026-08-30 22:30,20260830,45,142,99,43,24.2,34.2,0.0,21.0,67.0
2026-08-30 22:00,2026-08-30 23:00,20260830,46,133,86,47,20.9,36.0,0.0,22.1,70.5
2026-08-30 22:30,2026-08-30 23:30,20260830,47,126,91,35,19.9,36.1,0.0,22.4,70.9
2026-08-30 23:00,2026-08-31 00:00,20260831,0,125,86,39,20.1,35.7,0.0,22.4,70.2
2026-08-30 23:30,2026-08-31 00:30,20260831,1,125,85,40,21.4,35.9,0.0,22.5,70.3
2026-08-31 00:00,2026-08-31 01:00,20260831,2,127,86,41,22.0,36.0,0.0,22.5,69.9
2026-08-31 00:30,2026-08-31 01:30,20260831,3,130,86,44,24.0,35.2,0.0,22.4,68.9
2026-08-31 01:00,2026-08-31 02:00,20260831,4,125,83,42,24.3,36.4,0.0,22.7,70.7
2026-08-31 01:30,2026-08-31 02:30,20260831,5,125,90,35,25.3,36.8,0.0,22.5,71.0
2026-08-31 02:00,2026-08-31 03:00,20260831,6,127,87,40,25.8,38.0,0.0,22.1,72.1
2026-08-31 02:30,2026-08-31 03:30,20260831,7,148,88,60,33.5,33.9,0.0,21.3,65.6
2026-08-31 03:00,2026-08-31 04:00,20260831,8,155,90,65,35.5,32.7,0.0,21.0,63.4
2026-08-31 03:30,2026-08-31 04:30,20260831,9,159,79,80,36.7,32.5,0.0,20.3,62.2
2026-08-31 04:00,2026-08-31 05:00,20260831,10,160,82,78,37.1,33.2,0.0,19.6,62.2
2026-08-31 04:30,2026-08-31 05:30,20260831,11,162,92,70,37.8,33.4,0.0,19.2,61.9
2026-08-31 05:00,2026-08-31 06:00,20260831,12,159,92,67,37.6,33.5,0.5,18.7,61.9
2026-08-31 05:30,2026-08-31 06:30,20260831,13,161,81,80,39.0,32.6,1.2,18.3,60.1
2026-08-31 06:00,2026-08-31 07:00,20260831,14,160,78,82,38.0,32.5,2.9,17.0,60.4
2026-08-31 06:30,2026-08-31 07:30,20260831,15,149,73,76,35.0,32.5,6.6,16.1,62.9
2026-08-31 07:00,2026-08-31 08:00,20260831,16,143,70,73,33.8,31.6,9.1,15.0,62.4
2026-08-31 07:30,2026-08-31 08:30,20260831,17,131,70,61,30.1,30.5,11.6,14.7,63.1
2026-08-31 08:00,2026-08-31 09:00,20260831,18,118,65,53,26.4,30.6,14.5,14.3,65.4
2026-08-31 08:30,2026-08-31 09:30,20260831,19,104,64,40,21.3,32.2,17.6,13.8,69.7
2026-08-31 09:00,2026-08-31 10:00,20260831,20,96,60,36,19.1,32.4,19.9,13.6,71.7
2026-08-31 09:30,2026-08-31 10:30,20260831,21,89,57,32,17.5,33.2,21.6,13.2,73.8
2026-08-31 10:00,2026-08-31 11:00,20260831,22,85,54,31,16.5,34.2,22.9,13.1,76.0
2026-08-31 10:30,2026-08-31 11:30,20260831,23,79,53,26,14.7,35.2,23.6,13.0,77.7
2026-08-31 11:00,2026-08-31 12:00,20260831,24,76,52,24,13.8,35.6,23.8,12.9,78.0
2026-08-31 11:30,2026-08-31 12:30,20260831,25,75,52,23,14.2,36.1,23.8,12.6,77.8
2026-08-31 12:00,2026-08-31 13:00,20260831,26,75,54,21,15.0,36.5,23.6,12.5,77.3
2026-08-31 12:30,2026-08-31 13:30,20260831,27,76,51,25,15.3,37.0,23.3,12.3,77.2
2026-08-31 13:00,2026-08-31 14:00,20260831,28,76,50,26,15.1,37.3,22.8,12.6,77.4
2026-08-31 13:30,2026-08-31 14:30,20260831,29,79,54,25,16.0,37.0,21.7,12.4,76.4
2026-08-31 14:00,2026-08-31 15:00,20260831,30,82,61,21,16.5,37.6,20.8,12.4,76.2
2026-08-31 14:30,2026-08-31 15:30,20260831,31,87,70,17,18.3,37.6,19.2,12.7,74.4
2026-08-31 15:00,2026-08-31 16:00,20260831,32,93,78,15,19.4,38.5,17.4,12.9,73.1
2026-08-31 15:30,2026-08-31 16:30,20260831,33,100,90,10,21.4,39.4,15.0,12.8,71.7
2026-08-31 16:00,2026-08-31 17:00,20260831,34,110,99,11,24.6,39.2,12.2,12.8,68.8
2026-08-31 16:30,2026-08-31 17:30,20260831,35,118,118,0,26.3,39.2,9.8,13.1,66.9
2026-08-31 17:00,2026-08-31 18:00,20260831,36,127,125,2,28.8,40.2,7.8,13.6,66.8
2026-08-31 17:30,2026-08-31 18:30,20260831,37,136,124,12,30.8,40.8,5.0,14.3,65.6
2026-08-31 18:00,2026-08-31 19:00,20260831,38,139,131,8,31.1,40.8,2.3,15.3,64.7
2026-08-31 18:30,2026-08-31 19:30,20260831,39,140,129,11,31.4,41.5,1.0,15.5,65.2
2026-08-31 19:00,2026-08-31 20:00,20260831,40,140,122,18,30.2,43.0,0.0,15.8,66.5
2026-08-31 19:30,2026-08-31 20:30,20260831,41,144,126,18,30.9,41.7,0.0,15.8,65.6
2026-08-31 20:00,2026-08-31 21:00,20260831,42,144,122,22,30.3,42.2,0.0,16.0,66.5
2026-08-31 20:30,2026-08-31 21:30,20260831,43,145,114,31,30.3,42.0,0.0,16.3,66.5
2026-08-31 21:00,2026-08-31 22:00,20260831,44,146,109,37,31.8,41.8,0.0,16.5,66.5
2026-08-31 21:30,2026-08-31 22:30,20260831,45,150,84,66,34.3,39.9,0.0,16.6,64.4
2026-08-31 22:00,2026-08-31 23:00,20260831,46,147,76,71,33.7,40.5,0.0,16.6,65.3
2026-08-31 22:30,2026-08-31 23:30,20260831,47,147,76,71,34.1,40.1,0.0,16.6,64.8
2026-08-31 23:00,2026-09-01 00:00,20260901,0,146,73,73,34.1,40.4,0.0,16.8,65.4
2026-08-31 23:30,2026-09-01 00:30,20260901,1,145,73,72,33.6,40.6,0.0,16.8,65.4
2026-09-01 00:00,2026-09-01 01:00,20260901,2,137,71,66,31.0,41.6,0.0,16.9,66.8
2026-09-01 00:30,2026-09-01 01:30,20260901,3,136,68,68,30.8,41.7,0.0,17.1,67.1
2026-09-01 01:00,2026-09-01 02:00,20260901,4,134,66,68,31.3,42.3,0.0,17.1,67.5
2026-09-01 01:30,2026-09-01 02:30,20260901,5,130,63,67,30.6,42.5,0.0,17.5,68.1
2026-09-01 02:00,2026-09-01 03:00,20260901,6,128,61,67,29.1,43.5,0.0,17.8,69.0
2026-09-01 02:30,2026-09-01 03:30,20260901,7,129,59,70,29.4,42.5,0.0,17.9,68.3
2026-09-01 03:00,2026-09-01 04:00,20260901,8,131,56,75,30.4,41.6,0.0,17.9,66.8
2026-09-01 03:30,2026-09-01 04:30,20260901,9,125,60,65,27.7,43.8,0.0,18.1,69.3
2026-09-01 04:00,2026-09-01 05:00,20260901,10,114,72,42,24.4,45.8,0.0,18.7,72.4
2026-09-01 04:30,2026-09-01 05:30,20260901,11,112,86,26,22.9,46.9,0.0,19.2,73.7
2026-09-01 05:00,2026-09-01 06:00,20260901,12,112,98,14,23.8,46.8,0.5,18.8,73.2
2026-09-01 05:30,2026-09-01 06:30,20260901,13,111,95,16,22.9,47.0,1.4,18.4,73.0
2026-09-01 06:00,2026-09-01 07:00,20260901,14,111,99,12,12.1,35.1,3.1,17.9,68.9
2026-09-01 06:30,2026-09-01 07:30,20260901,15,100,95,5,11.0,33.3,6.8,16.9,68.5
2026-09-01 07:00,2026-09-01 08:00,20260901,16,89,87,2,10.8,33.3,10.5,16.4,71.4
2026-09-01 07:30,2026-09-01 08:30,20260901,17,84,77,7,10.3,33.2,14.1,15.8,73.9
2026-09-01 08:00,2026-09-01 09:00,20260901,18,83,70,13,9.5,32.3,18.1,15.6,76.0
2026-09-01 08:30,2026-09-01 09:30,20260901,19,77,60,17,8.1,31.5,21.7,15.2,77.1
2026-09-01 09:00,2026-09-01 10:00,20260901,20,75,54,21,6.7,31.9,24.6,15.0,78.9
2026-09-01 09:30,2026-09-01 10:30,20260901,21,69,56,13,6.6,33.6,26.5,15.1,82.9
2026-09-01 10:00,2026-09-01 11:00,20260901,22,67,56,11,6.6,34.3,26.5,14.9,83.3
2026-09-01 10:30,2026-09-01 11:30,20260901,23,65,59,6,8.0,36.2,27.8,15.6,87.3
2026-09-01 11:00,2026-09-01 12:00,20260901,24,45,59,-14,8.7,36.2,27.4,15.2,86.2
2026-09-01 11:30,2026-09-01 12:30,20260901,25,46,58,-12,9.1,36.4,27.1,15.1,85.8
2026-09-01 12:00,2026-09-01 13:00,20260901,26,48,54,-6,9.8,36.8,26.7,14.8,85.1
2026-09-01 12:30,2026-09-01 13:30,20260901,27,50,56,-6,10.2,37.1,25.7,14.7,84.4
2026-09-01 13:00,2026-09-01 14:00,20260901,28,51,61,-10,10.0,38.2,25.0,14.6,85.1
2026-09-01 13:30,2026-09-01 14:30,20260901,29,55,63,-8,11.1,38.4,23.2,14.6,83.9
2026-09-01 14:00,2026-09-01 15:00,20260901,30,63,64,-1,14.3,37.7,20.8,14.5,80.9
2026-09-01 14:30,2026-09-01 15:30,20260901,31,65,67,-2,14.8,38.4,19.4,14.4,80.3
2026-09-01 15:00,2026-09-01 16:00,20260901,32,66,82,-16,14.1,40.2,17.7,14.7,80.7
2026-09-01 15:30,2026-09-01 16:30,20260901,33,71,100,-29,15.5,41.3,15.1,14.9,79.6
2026-09-01 16:00,2026-09-01 17:00,20260901,34,78,118,-40,16.3,42.0,12.3,15.1,78.3
2026-09-01 16:30,2026-09-01 17:30,20260901,35,87,139,-52,18.9,42.9,9.8,15.2,76.9
2026-09-01 17:00,2026-09-01 18:00,20260901,36,102,148,-46,24.2,40.9,7.1,15.5,72.3
2026-09-01 17:30,2026-09-01 18:30,20260901,37,113,158,-45,26.5,41.2,4.3,15.9,70.5
2026-09-01 18:00,2026-09-01 19:00,20260901,38,119,161,-42,27.8,41.9,1.9,16.3,69.2
2026-09-01 18:30,2026-09-01 19:30,20260901,39,132,159,-27,31.4,40.1,0.8,16.4,66.1
2026-09-01 19:00,2026-09-01 20:00,20260901,40,136,160,-24,33.0,39.2,0.0,16.7,64.5
2026-09-01 19:30,2026-09-01 20:30,20260901,41,134,159,-25,33.4,38.9,0.0,17.1,64.5
2026-09-01 20:00,2026-09-01 21:00,20260901,42,127,160,-33,30.4,41.3,0.0,17.7,67.8
2026-09-01 20:30,2026-09-01 21:30,20260901,43,122,163,-41,28.6,42.2,0.0,18.4,69.6
2026-09-01 21:00,2026-09-01 22:00,20260901,44,107,163,-56,24.1,45.4,0.0,19.5,74.4
2026-09-01 21:30,2026-09-01 22:30,20260901,45,96,164,-68,21.6,46.8,0.0,20.4,76.9
2026-09-01 22:00,2026-09-01 23:00,20260901,46,90,164,-74,20.1,46.2,0.0,21.4,77.8
2026-09-01 22:30,2026-09-01 23:30,20260901,47,95,160,-65,20.5,44.8,0.0,21.8,77.0
2026-09-01 23:00,2026-09-02 00:00,20260902,0,94,164,-70,20.3,43.8,0.0,22.4,77.3
2026-09-01 23:30,2026-09-02 00:30,20260902,1,94,159,-65,20.0,42.7,0.0,23.4,77.3
2026-09-02 00:00,2026-09-02 01:00,20260902,2,102,160,-58,21.7,41.0,0.0,23.6,75.5
2026-09-02 00:30,2026-09-02 01:30,20260902,3,98,156,-58,20.0,41.9,0.0,24.0,77.7
2026-09-02 01:00,2026-09-02 02:00,20260902,4,99,156,-57,20.4,40.9,0.0,24.4,77.4
2026-09-02 01:30,2026-09-02 02:30,20260902,5,100,166,-66,20.9,39.9,0.0,24.5,76.6
2026-09-02 02:00,2026-09-02 03:00,20260902,6,100,167,-67,20.7,38.3,0.0,25.2,75.6
2026-09-02 02:30,2026-09-02 03:30,20260902,7,102,169,-67,21.0,37.3,0.0,25.2,74.5
2026-09-02 03:00,2026-09-02 04:00,20260902,8,107,172,-65,23.9,35.0,0.0,25.1,71.5
2026-09-02 03:30,2026-09-02 04:30,20260902,9,104,178,-74,21.4,36.1,0.0,25.5,73.8
2026-09-02 04:00,2026-09-02 05:00,20260902,10,106,180,-74,22.8,34.4,0.0,25.3,71.8
2026-09-02 04:30,2026-09-02 05:30,20260902,11,118,181,-63,25.0,33.6,0.0,23.9,69.6
2026-09-02 05:00,2026-09-02 06:00,20260902,12,131,181,-50,29.4,30.7,0.4,23.0,65.4
2026-09-02 05:30,2026-09-02 06:30,20260902,13,144,173,-29,33.9,28.7,0.9,21.9,62.3
2026-09-02 06:00,2026-09-02 07:00,20260902,14,143,175,-32,33.3,28.3,2.1,21.6,61.9
2026-09-02 06:30,2026-09-02 07:30,20260902,15,135,166,-31,31.3,28.7,5.2,20.8,64.7
2026-09-02 07:00,2026-09-02 08:00,20260902,16,127,167,-40,30.0,28.1,7.5,20.4,66.1
2026-09-02 07:30,2026-09-02 08:30,20260902,17,118,164,-46,27.0,28.1,9.7,19.9,67.5
2026-09-02 08:00,2026-09-02 09:00,20260902,18,109,160,-51,24.8,26.6,11.9,19.5,67.2
2026-09-02 08:30,2026-09-02 09:30,20260902,19,101,154,-53,22.7,26.9,14.4,18.8,69.2
2026-09-02 09:00,2026-09-02 10:00,20260902,20,95,152,-57,21.1,26.5,16.2,18.0,69.4
2026-09-02 09:30,2026-09-02 10:30,20260902,21,89,150,-61,19.0,26.9,17.9,17.3,70.5
2026-09-02 10:00,2026-09-02 11:00,20260902,22,87,145,-58,18.7,27.0,18.8,16.9,70.9
2026-09-02 10:30,2026-09-02 11:30,20260902,23,86,140,-54,18.5,27.3,19.6,16.4,71.3
2026-09-02 11:00,2026-09-02 12:00,20260902,24,85,134,-49,18.6,28.0,20.4,16.1,72.3
2026-09-02 11:30,2026-09-02 12:30,20260902,25,81,135,-54,17.5,29.4,21.6,16.0,75.0
2026-09-02 12:00,2026-09-02 13:00,20260902,26,79,128,-49,23.7,22.5,12.9,14.0,58.8
2026-09-02 12:30,2026-09-02 13:30,20260902,27,77,132,-55,24.0,23.0,12.3,14.1,59.0
2026-09-02 13:00,2026-09-02 14:00,20260902,28,78,131,-53,24.6,23.3,11.8,14.1,58.8
2026-09-02 13:30,2026-09-02 14:30,20260902,29,81,127,-46,23.1,23.7,11.6,14.1,58.9
2026-09-02 14:00,2026-09-02 15:00,20260902,30,85,126,-41,22.9,25.9,10.7,13.8,59.7
2026-09-02 14:30,2026-09-02 15:30,20260902,31,86,123,-37,23.3,30.2,10.0,13.9,63.5
2026-09-02 15:00,2026-09-02 16:00,20260902,32,90,129,-39,24.5,29.5,8.9,14.0,62.2
2026-09-02 15:30,2026-09-02 16:30,20260902,33,95,134,-39,28.7,29.0,7.1,13.7,61.1
2026-09-02 16:00,2026-09-02 17:00,20260902,34,101,135,-34,28.9,30.7,5.8,13.4,60.7
2026-09-02 16:30,2026-09-02 17:30,20260902,35,135,147,-12,30.6,32.3,4.8,14.0,63.1
2026-09-02 17:00,2026-09-02 18:00,20260902,36,136,145,-9,31.1,33.5,3.4,14.0,63.4
2026-09-02 17:30,2026-09-02 18:30,20260902,37,141,145,-4,30.2,35.7,1.9,14.0,63.9
2026-09-02 18:00,2026-09-02 19:00,20260902,38,136,142,-6,30.4,38.1,0.8,14.0,64.7
2026-09-02 18:30,2026-09-02 19:30,20260902,39,134,143,-9,30.5,39.8,0.4,14.1,65.2
2026-09-02 19:00,2026-09-02 20:00,20260902,40,125,138,-13,31.1,41.4,0.0,14.3,67.0
2026-09-02 19:30,2026-09-02 20:30,20260902,41,121,136,-15,30.3,41.9,0.0,14.2,67.4
2026-09-02 20:00,2026-09-02 21:00,20260902,42,126,130,-4,29.9,44.2,0.0,14.7,69.3
2026-09-02 20:30,2026-09-02 21:30,20260902,43,115,124,-9,27.9,45.3,0.0,14.8,70.5
2026-09-02 21:00,2026-09-02 22:00,20260902,44,119,106,13,23.6,48.4,0.0,15.6,74.7
2026-09-02 21:30,2026-09-02 22:30,20260902,45,110,81,29,17.4,53.5,0.0,16.4,80.9
2026-09-02 22:00,2026-09-02 23:00,20260902,46,92,78,14,14.8,54.9,0.0,16.5,82.4
2026-09-02 22:30,2026-09-02 23:30,20260902,47,72,69,3,12.8,56.2,0.0,16.9,84.3
2026-09-02 23:00,2026-09-03 00:00,20260903,0,67,64,3,11.3,57.0,0.0,17.4,86.0
2026-09-02 23:30,2026-09-03 00:30,20260903,1,65,67,-2,11.1,55.9,0.0,17.1,85.1
2026-09-03 00:00,2026-09-03 01:00,20260903,2,59,64,-5,11.4,56.9,0.0,17.3,86.1
2026-09-03 00:30,2026-09-03 01:30,20260903,3,59,60,-1,10.6,58.6,0.0,17.4,87.2
2026-09-03 01:00,2026-09-03 02:00,20260903,4,60,57,3,10.6,59.4,0.0,17.5,88.1
2026-09-03 01:30,2026-09-03 02:30,20260903,5,56,57,-1,10.5,59.8,0.0,17.4,88.4
2026-09-03 02:00,2026-09-03 03:00,20260903,6,56,56,0,10.5,60.0,0.0,17.4,88.6
2026-09-03 02:30,2026-09-03 03:30,20260903,7,58,63,-5,11.1,58.6,0.0,17.2,86.8
2026-09-03 03:00,2026-09-03 04:00,20260903,8,54,66,-12,12.5,57.8,0.0,17.2,86.0
2026-09-03 03:30,2026-09-03 04:30,20260903,9,57,75,-18,13.9,56.2,0.0,17.0,84.3
2026-09-03 04:00,2026-09-03 05:00,20260903,10,64,81,-17,15.8,54.9,0.0,16.7,82.5
2026-09-03 04:30,2026-09-03 05:30,20260903,11,67,88,-21,15.9,52.1,0.0,15.9,80.0
2026-09-03 05:00,2026-09-03 06:00,20260903,12,72,100,-28,17.7,49.3,0.2,15.3,76.3
2026-09-03 05:30,2026-09-03 06:30,20260903,13,82,87,-5,16.9,50.5,0.6,15.9,79.8
2026-09-03 06:00,2026-09-03 07:00,20260903,14,78,87,-9,16.6,50.1,1.4,15.5,79.6
2026-09-03 06:30,2026-09-03 07:30,20260903,15,82,77,5,13.1,50.1,3.3,15.4,79.4
2026-09-03 07:00,2026-09-03 08:00,20260903,16,81,71,10,11.3,49.7,5.5,15.2,80.7
2026-09-03 07:30,2026-09-03 08:30,20260903,17,75,63,12,10.1,49.0,7.4,14.8,80.6
2026-09-03 08:00,2026-09-03 09:00,20260903,18,69,58,11,9.4,49.3,10.0,14.9,81.0
2026-09-03 08:30,2026-09-03 09:30,20260903,19,61,53,8,6.9,48.0,12.9,13.4,79.5
2026-09-03 09:00,2026-09-03 10:00,20260903,20,59,46,13,4.8,47.3,15.0,14.2,81.5
2026-09-03 09:30,2026-09-03 10:30,20260903,21,50,44,6,3.8,46.0,16.7,13.7,81.2
2026-09-03 10:00,2026-09-03 11:00,20260903,22,40,40,0,2.9,45.1,18.6,13.6,82.1
2026-09-03 10:30,2026-09-03 11:30,20260903,23,40,39,1,2.4,44.2,19.1,13.2,80.9
2026-09-03 11:00,2026-09-03 12:00,20260903,24,38,42,-4,2.6,43.2,19.5,13.4,80.0
2026-09-03 11:30,2026-09-03 12:30,20260903,25,36,42,-6,2.3,42.4,19.8,13.6,79.7
2026-09-03 12:00,2026-09-03 13:00,20260903,26,37,40,-3,2.2,43.0,20.0,13.7,80.6
2026-09-03 12:30,2026-09-03 13:30,20260903,27,34,38,-4,2.6,43.5,20.5,13.9,81.8
2026-09-03 13:00,2026-09-03 14:00,20260903,28,34,42,-8,3.1,42.2,20.7,14.0,81.1
2026-09-03 13:30,2026-09-03 14:30,20260903,29,33,41,-8,3.9,42.3,20.1,14.0,81.4
2026-09-03 14:00,2026-09-03 15:00,20260903,30,41,50,-9,4.9,40.5,19.5,14.1,79.6
2026-09-03 14:30,2026-09-03 15:30,20260903,31,45,62,-17,6.6,39.3,17.9,14.4,79.3
2026-09-03 15:00,2026-09-03 16:00,20260903,32,49,74,-25,8.8,37.4,16.5,14.1,77.0
2026-09-03 15:30,2026-09-03 16:30,20260903,33,61,86,-25,12.3,36.6,13.6,13.8,73.6
2026-09-03 16:00,2026-09-03 17:00,20260903,34,73,92,-19,14.2,37.0,10.8,13.6,71.7
2026-09-03 16:30,2026-09-03 17:30,20260903,35,89,99,-10,14.8,36.8,8.6,13.7,71.2
2026-09-03 17:00,2026-09-03 18:00,20260903,36,101,109,-8,16.7,35.3,6.4,14.2,68.1
2026-09-03 17:30,2026-09-03 18:30,20260903,37,114,115,-1,17.6,37.0,3.9,14.8,68.5
2026-09-03 18:00,2026-09-03 19:00,20260903,38,107,117,-10,17.6,37.3,1.5,14.9,67.4
2026-09-03 18:30,2026-09-03 19:30,20260903,39,110,108,2,16.4,39.3,0.7,14.9,69.1
2026-09-03 19:00,2026-09-03 20:00,20260903,40,107,106,1,16.6,40.1,0.0,15.2,70.3
2026-09-03 19:30,2026-09-03 20:30,20260903,41,98,108,-10,17.5,41.2,0.0,16.0,72.9
2026-09-03 20:00,2026-09-03 21:00,20260903,42,102,105,-3,16.4,41.6,0.0,16.6,73.9
2026-09-03 20:30,2026-09-03 21:30,20260903,43,108,104,4,16.3,43.3,0.0,17.3,75.8
2026-09-03 21:00,2026-09-03 22:00,20260903,44,98,101,-3,15.7,45.5,0.0,18.0,77.7
2026-09-03 21:30,2026-09-03 22:30,20260903,45,90,89,1,14.8,46.9,0.0,18.1,79.5
2026-09-03 22:00,2026-09-03 23:00,20260903,46,87,86,1,13.9,48.8,0.0,18.3,81.3
2026-09-03 22:30,2026-09-03 23:30,20260903,47,73,82,-9,13.7,49.6,0.0,18.9,81.9
2026-09-03 23:00,2026-09-04 00:00,20260904,0,66,77,-11,12.6,50.7,0.0,19.0,83.5
2026-09-03 23:30,2026-09-04 00:30,20260904,1,62,74,-12,11.8,51.9,0.0,19.2,84.6
2026-09-04 00:00,2026-09-04 01:00,20260904,2,67,71,-4,11.7,52.9,0.0,19.2,85.6
2026-09-04 00:30,2026-09-04 01:30,20260904,3,66,67,-1,11.7,53.7,0.0,19.3,86.6
2026-09-04 01:00,2026-09-04 02:00,20260904,4,63,67,-4,11.8,53.6,0.0,19.5,86.8
2026-09-04 01:30,2026-09-04 02:30,20260904,5,63,63,0,11.7,54.7,0.0,19.4,87.6
2026-09-04 02:00,2026-09-04 03:00,20260904,6,60,62,-2,11.6,55.2,0.0,19.1,87.6
2026-09-04 02:30,2026-09-04 03:30,20260904,7,58,67,-9,11.7,54.3,0.0,18.9,86.3
2026-09-04 03:00,2026-09-04 04:00,20260904,8,63,66,-3,11.7,55.0,0.0,18.8,86.8
2026-09-04 03:30,2026-09-04 04:30,20260904,9,66,81,-15,13.6,52.1,0.0,18.8,83.8
2026-09-04 04:00,2026-09-04 05:00,20260904,10,63,88,-25,15.1,48.7,0.0,18.7,80.3
2026-09-04 04:30,2026-09-04 05:30,20260904,11,67,109,-42,18.3,45.4,0.0,17.6,75.1
2026-09-04 05:00,2026-09-04 06:00,20260904,12,76,118,-42,19.2,42.5,0.2,16.7,71.2
2026-09-04 05:30,2026-09-04 06:30,20260904,13,94,118,-24,20.1,42.9,0.4,16.5,71.6
2026-09-04 06:00,2026-09-04 07:00,20260904,14,96,112,-16,20.0,44.4,1.0,16.0,73.4
2026-09-04 06:30,2026-09-04 07:30,20260904,15,90,93,-3,17.2,46.8,2.3,15.3,76.1
2026-09-04 07:00,2026-09-04 08:00,20260904,16,89,82,7,14.5,49.4,3.8,14.6,79.2
2026-09-04 07:30,2026-09-04 08:30,20260904,17,84,58,26,9.4,52.2,5.5,12.9,79.4
2026-09-04 08:00,2026-09-04 09:00,20260904,18,71,53,18,8.4,53.6,7.4,12.7,80.6
2026-09-04 08:30,2026-09-04 09:30,20260904,19,52,49,3,7.5,53.0,9.8,12.3,83.0
2026-09-04 09:00,2026-09-04 10:00,20260904,20,43,49,-6,8.2,51.4,12.0,12.0,83.8
2026-09-04 09:30,2026-09-04 10:30,20260904,21,42,54,-12,9.2,49.1,14.1,11.4,83.1
2026-09-04 10:00,2026-09-04 11:00,20260904,22,45,51,-6,9.0,49.0,15.4,11.2,83.6
2026-09-04 10:30,2026-09-04 11:30,20260904,23,51,43,8,7.2,47.8,16.8,10.7,81.8
2026-09-04 11:00,2026-09-04 12:00,20260904,24,48,43,5,6.3,47.0,18.0,10.6,81.7
2026-09-04 11:30,2026-09-04 12:30,20260904,25,41,46,-5,6.6,46.8,18.5,10.4,82.4
2026-09-04 12:00,2026-09-04 13:00,20260904,26,38,43,-5,6.5,47.2,19.6,10.2,83.4
2026-09-04 12:30,2026-09-04 13:30,20260904,27,40,40,0,6.8,49.8,19.5,10.5,86.8
2026-09-04 13:00,2026-09-04 14:00,20260904,28,39,41,-2,6.8,50.7,18.4,10.7,86.8
2026-09-04 13:30,2026-09-04 14:30,20260904,29,37,40,-3,6.4,50.5,18.0,10.8,85.3
2026-09-04 14:00,2026-09-04 15:00,20260904,30,38,42,-4,6.6,50.4,17.3,11.0,84.9
2026-09-04 14:30,2026-09-04 15:30,20260904,31,37,46,-9,8.0,53.9,17.0,11.9,89.6
2026-09-04 15:00,2026-09-04 16:00,20260904,32,39,53,-14,9.4,53.2,15.5,11.9,87.8
2026-09-04 15:30,2026-09-04 16:30,20260904,33,43,65,-22,11.8,52.8,12.8,12.0,86.0
2026-09-04 16:00,2026-09-04 17:00,20260904,34,49,73,-24,13.1,52.8,9.2,12.1,83.3
2026-09-04 16:30,2026-09-04 17:30,20260904,35,59,84,-25,15.9,51.6,7.4,12.0,80.1
2026-09-04 17:00,2026-09-04 18:00,20260904,36,67,91,-24,18.9,51.2,5.3,12.1,77.9
2026-09-04 17:30,2026-09-04 18:30,20260904,37,78,95,-17,19.2,50.9,3.2,12.1,75.6
2026-09-04 18:00,2026-09-04 19:00,20260904,38,88,100,-12,20.1,50.6,1.5,12.2,74.1
2026-09-04 18:30,2026-09-04 19:30,20260904,39,88,100,-12,20.4,50.2,0.6,12.3,72.9
2026-09-04 19:00,2026-09-04 20:00,20260904,40,94,100,-6,20.8,50.6,0.0,12.5,72.9
2026-09-04 19:30,2026-09-04 20:30,20260904,41,92,92,0,19.8,51.4,0.0,12.7,74.0
2026-09-04 20:00,2026-09-04 21:00,20260904,42,94,85,9,21.6,54.8,0.0,13.3,77.8
2026-09-04 20:30,2026-09-04 21:30,20260904,43,92,75,17,21.4,54.6,0.0,13.5,77.6
2026-09-04 21:00,2026-09-04 22:00,20260904,44,87,71,16,19.9,54.4,0.0,13.9,77.6
2026-09-04 21:30,2026-09-04 22:30,20260904,45,80,67,13,17.1,56.4,0.0,14.1,80.1
2026-09-04 22:00,2026-09-04 23:00,20260904,46,70,64,6,14.3,59.7,0.0,14.4,84.1
2026-09-04 22:30,2026-09-04 23:30,20260904,47,65,72,-7,14.1,61.0,0.0,14.7,85.6
2026-09-04 23:00,2026-09-05 00:00,20260905,0,58,75,-17,12.0,62.9,0.0,14.9,87.9
2026-09-04 23:30,2026-09-05 00:30,20260905,1,52,72,-20,9.6,65.2,0.0,15.1,90.3
2026-09-05 00:00,2026-09-05 01:00,20260905,2,52,69,-17,9.3,65.6,0.0,15.1,90.7
2026-09-05 00:30,2026-09-05 01:30,20260905,3,48,67,-19,9.0,66.0,0.0,15.4,91.0
2026-09-05 01:00,2026-09-05 02:00,20260905,4,46,66,-20,8.7,66.6,0.0,15.5,91.3
2026-09-05 01:30,2026-09-05 02:30,20260905,5,44,67,-23,8.0,67.4,0.0,15.5,92.0
2026-09-05 02:00,2026-09-05 03:00,20260905,6,43,64,-21,7.9,67.4,0.0,15.8,92.0
2026-09-05 02:30,2026-09-05 03:30,20260905,7,41,64,-23,7.6,68.0,0.0,15.9,92.4
2026-09-05 03:00,2026-09-05 04:00,20260905,8,40,60,-20,7.6,68.0,0.0,15.9,92.4
2026-09-05 03:30,2026-09-05 04:30,20260905,9,41,56,-15,7.7,68.0,0.0,15.8,92.2
2026-09-05 04:00,2026-09-05 05:00,20260905,10,40,55,-15,6.8,68.5,0.0,16.2,93.2
2026-09-05 04:30,2026-09-05 05:30,20260905,11,41,57,-16,6.4,68.8,0.0,16.2,93.5
2026-09-05 05:00,2026-09-05 06:00,20260905,12,42,64,-22,6.9,67.7,0.5,16.5,93.1
2026-09-05 05:30,2026-09-05 06:30,20260905,13,41,65,-24,6.6,67.8,1.3,16.0,93.5
2026-09-05 06:00,2026-09-05 07:00,20260905,14,38,64,-26,6.2,66.4,3.2,16.1,93.8
2026-09-05 06:30,2026-09-05 07:30,20260905,15,35,67,-32,5.9,63.0,7.5,15.9,94.1
2026-09-05 07:00,2026-09-05 08:00,20260905,16,35,62,-27,6.1,60.2,10.4,15.8,93.9
2026-09-05 07:30,2026-09-05 08:30,20260905,17,33,53,-20,5.8,57.3,14.3,15.3,94.2
2026-09-05 08:00,2026-09-05 09:00,20260905,18,30,51,-21,5.2,55.0,18.2,15.2,94.8
2026-09-05 08:30,2026-09-05 09:30,20260905,19,28,46,-18,4.7,52.9,21.5,14.6,95.3
2026-09-05 09:00,2026-09-05 10:00,20260905,20,26,45,-19,4.6,50.4,24.5,14.3,95.3
2026-09-05 09:30,2026-09-05 10:30,20260905,21,29,45,-16,5.5,47.9,25.9,14.3,94.5
2026-09-05 10:00,2026-09-05 11:00,20260905,22,28,46,-18,5.1,46.5,27.5,14.3,94.9
2026-09-05 10:30,2026-09-05 11:30,20260905,23,28,45,-17,5.1,45.2,28.6,14.4,94.9
2026-09-05 11:00,2026-09-05 12:00,20260905,24,28,46,-18,5.2,44.0,29.5,14.5,94.9
2026-09-05 11:30,2026-09-05 12:30,20260905,25,30,49,-19,5.6,43.0,30.0,14.7,94.4
2026-09-05 12:00,2026-09-05 13:00,20260905,26,30,48,-18,5.3,41.6,30.2,15.1,94.6
2026-09-05 12:30,2026-09-05 13:30,20260905,27,32,45,-13,5.9,40.6,30.3,15.4,94.2
2026-09-05 13:00,2026-09-05 14:00,20260905,28,33,48,-15,5.9,40.0,30.6,15.7,94.2
2026-09-05 13:30,2026-09-05 14:30,20260905,29,35,51,-16,6.5,38.9,30.1,16.5,93.6
2026-09-05 14:00,2026-09-05 15:00,20260905,30,37,52,-15,7.4,37.8,29.3,17.2,91.8
2026-09-05 14:30,2026-09-05 15:30,20260905,31,42,64,-22,8.0,37.4,28.0,17.7,91.4
2026-09-05 15:00,2026-09-05 16:00,20260905,32,47,74,-27,8.5,37.0,26.2,18.2,90.3
2026-09-05 15:30,2026-09-05 16:30,20260905,33,75,89,-14,17.9,32.5,21.0,18.5,80.8
2026-09-05 16:00,2026-09-05 17:00,20260905,34,103,106,-3,23.7,29.7,17.3,18.7,74.9
2026-09-05 16:30,2026-09-05 17:30,20260905,35,131,117,14,31.5,26.3,13.5,18.5,67.3
2026-09-05 17:00,2026-09-05 18:00,20260905,36,153,132,21,36.9,23.8,9.8,19.1,61.8
2026-09-05 17:30,2026-09-05 18:30,20260905,37,174,141,33,41.0,22.3,6.0,20.0,57.6
2026-09-05 18:00,2026-09-05 19:00,20260905,38,186,151,35,44.7,21.0,2.5,20.8,54.0
2026-09-05 18:30,2026-09-05 19:30,20260905,39,188,155,33,43.9,21.3,1.1,21.3,54.6
2026-09-05 19:00,2026-09-05 20:00,20260905,40,191,152,39,45.8,20.4,0.0,21.9,52.2
2026-09-05 19:30,2026-09-05 20:30,20260905,41,185,150,35,42.5,20.7,0.0,22.5,54.9
2026-09-05 20:00,2026-09-05 21:00,20260905,42,180,144,36,40.3,21.4,0.0,23.5,58.2
2026-09-05 20:30,2026-09-05 21:30,20260905,43,178,138,40,38.3,21.7,0.0,24.5,60.6
2026-09-05 21:00,2026-09-05 22:00,20260905,44,178,132,46,38.1,20.6,0.0,24.7,59.9
2026-09-05 21:30,2026-09-05 22:30,20260905,45,174,120,54,36.3,20.3,0.0,25.8,61.3
2026-09-05 22:00,2026-09-05 23:00,20260905,46,173,111,62,36.3,20.5,0.0,25.7,61.2
2026-09-05 22:30,2026-09-05 23:30,20260905,47,173,98,75,36.6,21.1,0.0,25.7,61.9
2026-09-05 23:00,2026-09-06 00:00,20260906,0,169,86,83,34.2,22.6,0.0,25.5,63.9
2026-09-05 23:30,2026-09-06 00:30,20260906,1,156,78,78,30.8,23.7,0.0,26.8,66.2
2026-09-06 00:00,2026-09-06 01:00,20260906,2,147,77,70,28.7,25.1,0.0,26.7,67.5
2026-09-06 00:30,2026-09-06 01:30,20260906,3,140,72,68,26.1,25.5,0.0,26.3,67.0
2026-09-06 01:00,2026-09-06 02:00,20260906,4,134,67,67,23.8,27.4,0.0,26.2,69.0
2026-09-06 01:30,2026-09-06 02:30,20260906,5,124,69,55,21.0,30.2,0.0,27.1,72.9
2026-09-06 02:00,2026-09-06 03:00,20260906,6,112,66,46,18.0,33.3,0.0,26.2,75.7
2026-09-06 02:30,2026-09-06 03:30,20260906,7,108,74,34,17.0,35.9,0.0,26.2,78.0
2026-09-06 03:00,2026-09-06 04:00,20260906,8,103,67,36,15.9,36.7,0.0,25.6,77.2
2026-09-06 03:30,2026-09-06 04:30,20260906,9,96,72,24,13.8,39.7,0.0,25.3,79.8
2026-09-06 04:00,2026-09-06 05:00,20260906,10,88,66,22,13.1,42.0,0.0,25.0,81.2
2026-09-06 04:30,2026-09-06 05:30,20260906,11,84,66,18,12.0,45.7,0.0,24.7,84.2
2026-09-06 05:00,2026-09-06 06:00,20260906,12,80,60,20,11.0,47.6,0.4,24.1,85.4
2026-09-06 05:30,2026-09-06 06:30,20260906,13,78,65,13,10.7,49.6,1.0,22.7,85.6
2026-09-06 06:00,2026-09-06 07:00,20260906,14,75,66,9,8.9,51.3,2.4,21.9,86.9
2026-09-06 06:30,2026-09-06 07:30,20260906,15,69,60,9,8.4,51.4,5.9,20.4,87.2
2026-09-06 07:00,2026-09-06 08:00,20260906,16,65,56,9,7.4,50.9,9.3,19.4,87.9
2026-09-06 07:30,2026-09-06 08:30,20260906,17,59,47,12,6.0,50.2,12.5,19.0,89.4
2026-09-06 08:00,2026-09-06 09:00,20260906,18,55,40,15,5.7,49.0,15.8,17.7,89.9
2026-09-06 08:30,2026-09-06 09:30,20260906,19,51,38,13,5.0,47.9,18.9,16.9,90.8
2026-09-06 09:00,2026-09-06 10:00,20260906,20,46,37,9,4.5,46.7,21.9,16.4,91.7
2026-09-06 09:30,2026-09-06 10:30,20260906,21,42,35,7,4.4,45.7,24.0,15.7,91.9
2026-09-06 10:00,2026-09-06 11:00,20260906,22,41,35,6,4.5,44.9,25.4,15.2,91.9
2026-09-06 10:30,2026-09-06 11:30,20260906,23,41,33,8,4.4,44.6,26.8,14.5,92.1
2026-09-06 11:00,2026-09-06 12:00,20260906,24,38,33,5,3.4,44.8,28.2,14.0,93.3
2026-09-06 11:30,2026-09-06 12:30,20260906,25,37,35,2,3.3,44.5,29.1,13.9,93.6
2026-09-06 12:00,2026-09-06 13:00,20260906,26,39,35,4,4.3,43.6,29.3,13.8,92.6
2026-09-06 12:30,2026-09-06 13:30,20260906,27,36,36,0,4.1,44.1,29.4,13.7,93.1
2026-09-06 13:00,2026-09-06 14:00,20260906,28,36,35,1,4.1,44.6,29.1,13.7,93.2
2026-09-06 13:30,2026-09-06 14:30,20260906,29,35,36,-1,4.1,45.4,28.4,13.6,93.2
2026-09-06 14:00,2026-09-06 15:00,20260906,30,36,47,-11,4.4,46.3,27.2,13.7,92.9
2026-09-06 14:30,2026-09-06 15:30,20260906,31,38,61,-23,11.2,40.3,25.8,10.2,83.2
2026-09-06 15:00,2026-09-06 16:00,20260906,32,35,74,-39,14.5,40.6,22.0,10.1,80.3
2026-09-06 15:30,2026-09-06 16:30,20260906,33,40,83,-43,16.6,40.6,17.7,10.1,76.6
2026-09-06 16:00,2026-09-06 17:00,20260906,34,43,94,-51,18.9,39.8,14.0,10.1,73.4
2026-09-06 16:30,2026-09-06 17:30,20260906,35,48,111,-63,21.3,39.2,10.3,10.1,69.1
2026-09-06 17:00,2026-09-06 18:00,20260906,36,51,121,-70,23.1,38.3,6.9,10.3,66.0
2026-09-06 17:30,2026-09-06 18:30,20260906,37,54,133,-79,25.1,37.7,3.9,10.3,63.1
2026-09-06 18:00,2026-09-06 19:00,20260906,38,55,133,-78,25.5,38.8,1.4,10.4,62.5
2026-09-06 18:30,2026-09-06 19:30,20260906,39,54,130,-76,26.2,41.0,0.6,10.5,64.1
2026-09-06 19:00,2026-09-06 20:00,20260906,40,137,122,15,25.6,44.0,0.0,10.7,66.0
2026-09-06 19:30,2026-09-06 20:30,20260906,41,117,110,7,23.0,45.9,0.0,11.0,69.5
2026-09-06 20:00,2026-09-06 21:00,20260906,42,119,100,19,20.8,48.0,0.0,11.3,71.6
2026-09-06 20:30,2026-09-06 21:30,20260906,43,109,90,19,19.0,50.3,0.0,11.9,74.7
2026-09-06 21:00,2026-09-06 22:00,20260906,44,99,84,15,18.0,51.7,0.0,12.2,76.3
2026-09-06 21:30,2026-09-06 22:30,20260906,45,83,73,10,15.1,53.3,0.0,12.6,79.1
2026-09-06 22:00,2026-09-06 23:00,20260906,46,87,66,21,13.4,54.6,0.0,13.0,80.8
2026-09-06 22:30,2026-09-06 23:30,20260906,47,84,61,23,11.6,54.0,0.0,13.1,81.8
2026-09-06 23:00,2026-09-07 00:00,20260907,0,91,59,32,11.1,54.3,0.0,13.4,82.6
2026-09-06 23:30,2026-09-07 00:30,20260907,1,98,58,40,10.7,56.3,0.0,13.8,82.5
2026-09-07 00:00,2026-09-07 01:00,20260907,2,65,53,12,9.8,57.4,0.0,13.8,83.8
2026-09-07 00:30,2026-09-07 01:30,20260907,3,63,50,13,8.5,57.1,0.0,13.7,83.7
2026-09-07 01:00,2026-09-07 02:00,20260907,4,59,47,12,7.8,57.0,0.0,14.0,84.3
2026-09-07 01:30,2026-09-07 02:30,20260907,5,56,47,9,7.6,57.3,0.0,14.3,84.3
2026-09-07 02:00,2026-09-07 03:00,20260907,6,53,49,4,7.7,55.4,0.0,14.8,84.1
2026-09-07 02:30,2026-09-07 03:30,20260907,7,51,60,-9,9.8,53.6,0.0,15.0,82.7
2026-09-07 03:00,2026-09-07 04:00,20260907,8,54,63,-9,10.9,53.1,0.0,14.7,81.9
2026-09-07 03:30,2026-09-07 04:30,20260907,9,63,68,-5,11.7,51.5,0.0,14.8,80.6
2026-09-07 04:00,2026-09-07 05:00,20260907,10,66,73,-7,12.6,50.0,0.0,14.6,79.2
2026-09-07 04:30,2026-09-07 05:30,20260907,11,72,86,-14,14.5,47.4,0.0,13.9,75.4
2026-09-07 05:00,2026-09-07 06:00,20260907,12,71,104,-33,16.2,42.6,0.2,13.2,69.9
2026-09-07 05:30,2026-09-07 06:30,20260907,13,86,92,-6,14.5,39.7,0.7,12.6,67.3
2026-09-07 06:00,2026-09-07 07:00,20260907,14,95,97,-2,13.4,37.7,1.6,12.1,66.5
2026-09-07 06:30,2026-09-07 07:30,20260907,15,90,85,5,12.7,36.6,4.1,11.7,65.2
2026-09-07 07:00,2026-09-07 08:00,20260907,16,82,85,-3,12.3,35.1,5.9,11.4,64.9
2026-09-07 07:30,2026-09-07 08:30,20260907,17,74,81,-7,11.9,35.9,7.8,10.9,65.9
2026-09-07 08:00,2026-09-07 09:00,20260907,18,71,68,3,10.9,36.7,10.9,10.9,69.5
2026-09-07 08:30,2026-09-07 09:30,20260907,19,60,69,-9,10.2,36.2,13.6,10.8,71.3
2026-09-07 09:00,2026-09-07 10:00,20260907,20,62,69,-7,10.9,35.7,15.6,10.4,71.7
2026-09-07 09:30,2026-09-07 10:30,20260907,21,59,62,-3,9.7,36.9,17.2,9.9,73.6
2026-09-07 10:00,2026-09-07 11:00,20260907,22,55,58,-3,8.7,37.5,18.7,9.7,75.2
2026-09-07 10:30,2026-09-07 11:30,20260907,23,58,60,-2,9.2,37.8,19.3,9.6,75.9
2026-09-07 11:00,2026-09-07 12:00,20260907,24,54,58,-4,9.3,38.6,19.7,9.5,75.9
2026-09-07 11:30,2026-09-07 12:30,20260907,25,54,53,1,8.4,40.0,20.7,9.5,76.9
2026-09-07 12:00,2026-09-07 13:00,20260907,26,56,53,3,8.5,40.4,20.8,9.5,76.6
2026-09-07 12:30,2026-09-07 13:30,20260907,27,53,55,-2,8.9,40.2,20.9,9.4,76.4
2026-09-07 13:00,2026-09-07 14:00,20260907,28,50,56,-6,9.4,40.4,20.8,9.4,76.3
2026-09-07 13:30,2026-09-07 14:30,20260907,29,51,59,-8,9.1,43.5,22.6,10.3,82.1
2026-09-07 14:00,2026-09-07 15:00,20260907,30,52,63,-11,9.2,42.7,21.5,10.8,81.2
2026-09-07 14:30,2026-09-07 15:30,20260907,31,51,71,-20,9.1,43.4,20.1,11.2,81.1
2026-09-07 15:00,2026-09-07 16:00,20260907,32,53,82,-29,9.6,44.8,18.5,11.5,81.3
2026-09-07 15:30,2026-09-07 16:30,20260907,33,72,106,-34,15.3,43.2,14.8,11.6,75.7
2026-09-07 16:00,2026-09-07 17:00,20260907,34,85,121,-36,18.4,43.2,11.8,12.0,72.9
2026-09-07 16:30,2026-09-07 17:30,20260907,35,94,143,-49,20.9,43.0,8.7,12.3,70.2
2026-09-07 17:00,2026-09-07 18:00,20260907,36,103,142,-39,23.1,44.5,5.6,12.6,69.4
2026-09-07 17:30,2026-09-07 18:30,20260907,37,103,146,-43,22.6,46.9,3.0,13.1,70.4
2026-09-07 18:00,2026-09-07 19:00,20260907,38,101,146,-45,22.0,48.8,1.0,13.7,71.2
2026-09-07 18:30,2026-09-07 19:30,20260907,39,97,136,-39,20.8,50.9,0.5,13.9,73.1
2026-09-07 19:00,2026-09-07 20:00,20260907,40,93,130,-37,19.5,54.2,0.0,14.1,76.4
2026-09-07 19:30,2026-09-07 20:30,20260907,41,89,119,-30,17.5,54.8,0.0,14.4,78.4
2026-09-07 20:00,2026-09-07 21:00,20260907,42,85,108,-23,17.9,55.1,0.0,15.0,79.2
2026-09-07 20:30,2026-09-07 21:30,20260907,43,79,104,-25,16.4,57.1,0.0,15.1,81.3
2026-09-07 21:00,2026-09-07 22:00,20260907,44,74,97,-23,14.6,58.8,0.0,15.2,83.3
2026-09-07 21:30,2026-09-07 22:30,20260907,45,73,99,-26,14.6,59.0,0.0,15.3,83.4
2026-09-07 22:00,2026-09-07 23:00,20260907,46,72,105,-33,14.8,59.0,0.0,15.3,83.1
2026-09-07 22:30,2026-09-07 23:30,20260907,47,76,97,-21,17.6,56.8,0.0,15.0,80.4
2026-09-07 23:00,2026-09-08 00:00,20260908,0,75,97,-22,17.9,57.1,0.0,14.5,80.1
2026-09-07 23:30,2026-09-08 00:30,20260908,1,79,107,-28,18.8,56.5,0.0,14.3,79.0
2026-09-08 00:00,2026-09-08 01:00,20260908,2,79,106,-27,19.5,56.2,0.0,14.0,78.2
2026-09-08 00:30,2026-09-08 01:30,20260908,3,80,93,-13,19.5,56.6,0.0,13.8,78.4
2026-09-08 01:00,2026-09-08 02:00,20260908,4,79,82,-3,19.1,57.0,0.0,13.8,78.6
2026-09-08 01:30,2026-09-08 02:30,20260908,5,81,76,5,20.0,56.6,0.0,13.7,77.8
2026-09-08 02:00,2026-09-08 03:00,20260908,6,80,79,1,20.0,57.4,0.0,13.6,78.7
2026-09-08 02:30,2026-09-08 03:30,20260908,7,78,80,-2,19.7,57.7,0.0,13.5,78.4
2026-09-08 03:00,2026-09-08 04:00,20260908,8,77,80,-3,19.1,58.2,0.0,13.7,79.0
2026-09-08 03:30,2026-09-08 04:30,20260908,9,77,83,-6,18.8,58.4,0.0,13.6,79.1
2026-09-08 04:00,2026-09-08 05:00,20260908,10,76,84,-8,18.9,58.0,0.0,13.7,78.7
2026-09-08 04:30,2026-09-08 05:30,20260908,11,77,93,-16,18.6,58.0,0.0,13.6,79.2
2026-09-08 05:00,2026-09-08 06:00,20260908,12,77,111,-34,18.7,57.7,0.1,13.6,79.0
2026-09-08 05:30,2026-09-08 06:30,20260908,13,76,116,-40,17.9,58.3,0.4,13.1,79.6
2026-09-08 06:00,2026-09-08 07:00,20260908,14,74,121,-47,17.5,57.7,1.0,13.2,79.5
2026-09-08 06:30,2026-09-08 07:30,20260908,15,67,98,-31,15.1,57.4,2.8,13.3,81.4
2026-09-08 07:00,2026-09-08 08:00,20260908,16,62,95,-33,13.2,56.5,4.9,13.4,82.9
2026-09-08 07:30,2026-09-08 08:30,20260908,17,57,91,-34,12.0,56.3,7.2,13.4,83.9
2026-09-08 08:00,2026-09-08 09:00,20260908,18,51,94,-43,9.5,56.4,9.9,13.4,85.6
2026-09-08 08:30,2026-09-08 09:30,20260908,19,48,87,-39,9.1,55.0,12.6,13.0,85.7
2026-09-08 09:00,2026-09-08 10:00,20260908,20,44,87,-43,8.6,53.3,15.2,12.7,85.3
2026-09-08 09:30,2026-09-08 10:30,20260908,21,42,87,-45,7.3,52.4,17.5,12.2,86.0
2026-09-08 10:00,2026-09-08 11:00,20260908,22,39,79,-40,6.9,51.3,19.2,11.8,85.9
2026-09-08 10:30,2026-09-08 11:30,20260908,23,40,79,-39,7.4,50.1,20.1,11.4,85.1
2026-09-08 11:00,2026-09-08 12:00,20260908,24,40,73,-33,7.4,49.6,21.1,11.3,85.5
2026-09-08 11:30,2026-09-08 12:30,20260908,25,38,72,-34,7.2,49.8,22.1,11.2,86.4
2026-09-08 12:00,2026-09-08 13:00,20260908,26,38,74,-36,7.4,50.4,22.7,11.0,87.5
2026-09-08 12:30,2026-09-08 13:30,20260908,27,40,74,-34,8.0,50.3,22.4,11.1,86.8
2026-09-08 13:00,2026-09-08 14:00,20260908,28,44,73,-29,14.4,38.3,20.5,7.8,71.9
2026-09-08 13:30,2026-09-08 14:30,20260908,29,47,76,-29,15.5,39.1,19.8,7.6,71.7
2026-09-08 14:00,2026-09-08 15:00,20260908,30,49,77,-28,15.8,41.3,17.2,8.8,72.2
2026-09-08 14:30,2026-09-08 15:30,20260908,31,50,80,-30,16.7,42.7,15.8,8.9,73.1
2026-09-08 15:00,2026-09-08 16:00,20260908,32,51,75,-24,15.9,44.6,14.4,8.7,73.7
2026-09-08 15:30,2026-09-08 16:30,20260908,33,52,75,-23,15.8,47.2,12.0,8.8,74.5
2026-09-08 16:00,2026-09-08 17:00,20260908,34,52,73,-21,14.3,49.1,9.7,8.8,75.9
2026-09-08 16:30,2026-09-08 17:30,20260908,35,53,87,-34,16.2,49.4,7.8,8.9,76.2
2026-09-08 17:00,2026-09-08 18:00,20260908,36,57,84,-27,16.2,52.0,5.3,9.0,76.2
2026-09-08 17:30,2026-09-08 18:30,20260908,37,80,90,-10,16.0,53.2,2.8,9.0,74.9
2026-09-08 18:00,2026-09-08 19:00,20260908,38,84,94,-10,17.2,53.6,1.1,9.0,73.3
2026-09-08 18:30,2026-09-08 19:30,20260908,39,80,87,-7,17.1,55.2,0.5,9.3,74.8
2026-09-08 19:00,2026-09-08 20:00,20260908,40,85,86,-1,16.9,55.9,0.0,9.5,75.2
2026-09-08 19:30,2026-09-08 20:30,20260908,41,85,88,-3,17.2,55.5,0.0,9.6,75.0
2026-09-08 20:00,2026-09-08 21:00,20260908,42,83,83,0,16.7,56.8,0.0,9.8,76.7
2026-09-08 20:30,2026-09-08 21:30,20260908,43,80,77,3,16.4,59.1,0.0,10.0,79.3
2026-09-08 21:00,2026-09-08 22:00,20260908,44,81,64,17,13.2,62.2,0.0,10.2,82.7
2026-09-08 21:30,2026-09-08 22:30,20260908,45,77,58,19,11.4,64.5,0.0,10.7,86.0
2026-09-08 22:00,2026-09-08 23:00,20260908,46,64,53,11,9.8,65.4,0.0,11.0,87.4
2026-09-08 22:30,2026-09-08 23:30,20260908,47,59,51,8,9.2,66.7,0.0,11.3,89.4
2026-09-08 23:00,2026-09-09 00:00,20260909,0,60,52,8,9.5,66.2,0.0,11.6,89.4
2026-09-08 23:30,2026-09-09 00:30,20260909,1,64,49,15,9.1,66.2,0.0,12.0,90.0
2026-09-09 00:00,2026-09-09 01:00,20260909,2,54,47,7,8.5,66.7,0.0,12.0,90.7
2026-09-09 00:30,2026-09-09 01:30,20260909,3,50,48,2,8.6,65.0,0.0,12.1,89.2
2026-09-09 01:00,2026-09-09 02:00,20260909,4,47,48,-1,8.6,64.7,0.0,12.2,89.1
2026-09-09 01:30,2026-09-09 02:30,20260909,5,49,47,2,8.3,63.8,0.0,12.2,88.1
2026-09-09 02:00,2026-09-09 03:00,20260909,6,51,48,3,8.5,63.0,0.0,12.5,88.0
2026-09-09 02:30,2026-09-09 03:30,20260909,7,54,49,5,8.6,62.2,0.0,12.7,87.6
2026-09-09 03:00,2026-09-09 04:00,20260909,8,49,50,-1,8.8,61.2,0.0,13.0,87.2
2026-09-09 03:30,2026-09-09 04:30,20260909,9,51,53,-2,9.0,59.1,0.0,12.8,84.8
2026-09-09 04:00,2026-09-09 05:00,20260909,10,53,56,-3,9.3,58.1,0.0,12.8,83.9
2026-09-09 04:30,2026-09-09 05:30,20260909,11,55,60,-5,9.4,55.2,0.0,12.8,81.5
2026-09-09 05:00,2026-09-09 06:00,20260909,12,57,71,-14,9.3,51.7,0.2,12.3,77.8
2026-09-09 05:30,2026-09-09 06:30,20260909,13,56,64,-8,8.3,48.4,0.6,11.8,73.8
2026-09-09 06:00,2026-09-09 07:00,20260909,14,57,68,-11,8.0,46.3,1.4,11.7,72.1
2026-09-09 06:30,2026-09-09 07:30,20260909,15,53,64,-11,8.1,43.1,4.2,11.3,71.0
2026-09-09 07:00,2026-09-09 08:00,20260909,16,51,59,-8,8.4,41.2,7.9,11.1,72.5
2026-09-09 07:30,2026-09-09 08:30,20260909,17,50,57,-7,7.4,39.1,11.1,11.0,73.4
2026-09-09 08:00,2026-09-09 09:00,20260909,18,48,54,-6,7.0,37.3,14.3,10.7,74.2
2026-09-09 08:30,2026-09-09 09:30,20260909,19,49,54,-5,7.5,36.3,17.1,10.6,74.8
2026-09-09 09:00,2026-09-09 10:00,20260909,20,52,55,-3,7.8,34.3,20.0,10.3,74.9
2026-09-09 09:30,2026-09-09 10:30,20260909,21,58,59,-1,8.8,32.3,21.2,10.4,73.6
2026-09-09 10:00,2026-09-09 11:00,20260909,22,62,62,0,9.2,30.9,21.4,10.4,72.9
2026-09-09 10:30,2026-09-09 11:30,20260909,23,57,66,-9,10.2,29.8,21.3,10.4,71.7
2026-09-09 11:00,2026-09-09 12:00,20260909,24,57,72,-15,11.8,29.1,20.7,10.4,70.4
2026-09-09 11:30,2026-09-09 12:30,20260909,25,66,77,-11,13.0,27.2,20.9,10.5,68.9
2026-09-09 12:00,2026-09-09 13:00,20260909,26,68,83,-15,14.4,25.6,21.3,10.5,67.5
2026-09-09 12:30,2026-09-09 13:30,20260909,27,75,92,-17,16.5,23.3,21.4,10.5,65.5
2026-09-09 13:00,2026-09-09 14:00,20260909,28,82,103,-21,19.3,20.7,21.7,10.4,63.0
2026-09-09 13:30,2026-09-09 14:30,20260909,29,93,118,-25,23.7,18.6,20.6,10.5,59.8
2026-09-09 14:00,2026-09-09 15:00,20260909,30,112,135,-23,27.6,15.6,19.3,10.5,55.6
2026-09-09 14:30,2026-09-09 15:30,20260909,31,124,146,-22,30.5,13.9,17.2,10.4,52.0
2026-09-09 15:00,2026-09-09 16:00,20260909,32,139,158,-19,34.0,12.9,14.8,10.4,48.9
2026-09-09 15:30,2026-09-09 16:30,20260909,33,150,164,-14,35.3,11.9,12.3,10.2,47.4
2026-09-09 16:00,2026-09-09 17:00,20260909,34,168,173,-5,37.3,10.6,10.4,10.1,45.3
2026-09-09 16:30,2026-09-09 17:30,20260909,35,183,184,-1,39.1,9.0,8.3,10.1,42.2
2026-09-09 17:00,2026-09-09 18:00,20260909,36,202,193,9,40.4,8.5,5.8,10.3,39.4
2026-09-09 17:30,2026-09-09 18:30,20260909,37,211,202,9,40.7,8.0,3.0,10.4,36.4
2026-09-09 18:00,2026-09-09 19:00,20260909,38,221,207,14,41.6,7.8,1.1,10.6,34.8
2026-09-09 18:30,2026-09-09 19:30,20260909,39,219,208,11,42.2,7.5,0.4,10.8,34.3
2026-09-09 19:00,2026-09-09 20:00,20260909,40,218,209,9,43.2,7.7,0.0,11.0,33.9
2026-09-09 19:30,2026-09-09 20:30,20260909,41,188,204,-16,44.8,8.5,0.0,11.4,35.5
2026-09-09 20:00,2026-09-09 21:00,20260909,42,216,203,13,45.7,9.6,0.0,11.7,35.8
2026-09-09 20:30,2026-09-09 21:30,20260909,43,216,199,17,45.1,11.2,0.0,12.3,36.7
2026-09-09 21:00,2026-09-09 22:00,20260909,44,207,186,21,41.7,12.6,0.0,13.0,39.1
2026-09-09 21:30,2026-09-09 22:30,20260909,45,199,172,27,38.4,14.1,0.0,14.1,42.8
2026-09-09 22:00,2026-09-09 23:00,20260909,46,193,166,27,34.3,14.4,0.0,14.5,44.1
2026-09-09 22:30,2026-09-09 23:30,20260909,47,178,163,15,33.5,14.9,0.0,14.6,44.5
2026-09-09 23:00,2026-09-10 00:00,20260910,0,169,159,10,33.1,15.7,0.0,14.8,45.3
2026-09-09 23:30,2026-09-10 00:30,20260910,1,162,151,11,31.8,16.6,0.0,14.9,46.4
2026-09-10 00:00,2026-09-10 01:00,20260910,2,161,146,15,30.1,17.6,0.0,14.9,47.6
2026-09-10 00:30,2026-09-10 01:30,20260910,3,157,146,11,30.1,18.0,0.0,14.7,47.3
2026-09-10 01:00,2026-09-10 02:00,20260910,4,150,145,5,29.9,18.8,0.0,14.6,47.9
2026-09-10 01:30,2026-09-10 02:30,20260910,5,150,150,0,31.7,19.3,0.0,14.9,49.1
2026-09-10 02:00,2026-09-10 03:00,20260910,6,151,145,6,30.6,20.6,0.0,15.0,50.5
2026-09-10 02:30,2026-09-10 03:30,20260910,7,138,147,-9,31.6,24.3,0.0,16.2,56.6
2026-09-10 03:00,2026-09-10 04:00,20260910,8,133,141,-8,30.5,26.6,0.0,15.9,58.6
2026-09-10 03:30,2026-09-10 04:30,20260910,9,123,140,-17,30.7,29.0,0.0,15.4,61.0
2026-09-10 04:00,2026-09-10 05:00,20260910,10,137,144,-7,30.7,30.2,0.0,14.6,60.6
2026-09-10 04:30,2026-09-10 05:30,20260910,11,144,153,-9,32.2,28.7,0.0,12.9,56.0
2026-09-10 05:00,2026-09-10 06:00,20260910,12,129,158,-29,32.0,29.4,0.2,11.4,54.7
2026-09-10 05:30,2026-09-10 06:30,20260910,13,97,160,-63,32.5,29.4,0.6,10.2,53.2
2026-09-10 06:00,2026-09-10 07:00,20260910,14,81,166,-85,32.9,28.2,1.4,9.1,51.0
2026-09-10 06:30,2026-09-10 07:30,20260910,15,149,145,4,29.4,26.8,4.3,8.3,51.1
2026-09-10 07:00,2026-09-10 08:00,20260910,16,140,129,11,25.8,27.3,8.2,8.0,55.0
2026-09-10 07:30,2026-09-10 08:30,20260910,17,130,107,23,20.6,29.0,11.6,7.8,59.8
2026-09-10 08:00,2026-09-10 09:00,20260910,18,111,92,19,16.0,29.8,15.0,7.9,64.0
2026-09-10 08:30,2026-09-10 09:30,20260910,19,82,82,0,14.2,31.0,17.7,7.6,67.3
2026-09-10 09:00,2026-09-10 10:00,20260910,20,70,75,-5,13.0,32.1,20.0,7.3,69.8
2026-09-10 09:30,2026-09-10 10:30,20260910,21,74,71,3,12.7,34.3,21.3,7.2,71.7
2026-09-10 10:00,2026-09-10 11:00,20260910,22,67,67,0,12.2,36.5,22.1,7.2,72.7
2026-09-10 10:30,2026-09-10 11:30,20260910,23,66,64,2,11.7,37.4,22.2,7.1,73.1
2026-09-10 11:00,2026-09-10 12:00,20260910,24,63,63,0,11.6,38.0,22.2,7.1,73.7
2026-09-10 11:30,2026-09-10 12:30,20260910,25,64,64,0,11.6,39.6,21.7,7.3,75.1
2026-09-10 12:00,2026-09-10 13:00,20260910,26,63,64,-1,11.7,41.1,20.3,7.5,75.4
2026-09-10 12:30,2026-09-10 13:30,20260910,27,64,70,-6,11.9,42.6,19.3,7.6,76.0
2026-09-10 13:00,2026-09-10 14:00,20260910,28,67,66,1,12.0,43.8,18.5,7.8,76.8
2026-09-10 13:30,2026-09-10 14:30,20260910,29,65,66,-1,12.1,44.0,16.5,7.7,76.1
2026-09-10 14:00,2026-09-10 15:00,20260910,30,69,70,-1,12.5,43.8,14.4,7.7,75.4
2026-09-10 14:30,2026-09-10 15:30,20260910,31,67,85,-18,15.4,41.4,11.8,7.6,70.7
2026-09-10 15:00,2026-09-10 16:00,20260910,32,70,101,-31,19.1,40.4,9.2,7.6,67.1
2026-09-10 15:30,2026-09-10 16:30,20260910,33,84,122,-38,24.3,40.1,7.1,7.7,64.6
2026-09-10 16:00,2026-09-10 17:00,20260910,34,104,128,-24,26.8,40.2,4.9,7.9,62.8
2026-09-10 16:30,2026-09-10 17:30,20260910,35,125,128,-3,27.0,42.3,3.8,8.1,64.3
2026-09-10 17:00,2026-09-10 18:00,20260910,36,129,136,-7,28.1,41.8,2.4,8.3,62.7
2026-09-10 17:30,2026-09-10 18:30,20260910,37,130,135,-5,28.9,42.8,1.1,8.5,62.9
2026-09-10 18:00,2026-09-10 19:00,20260910,38,127,130,-3,27.7,44.1,0.5,8.5,63.8
2026-09-10 18:30,2026-09-10 19:30,20260910,39,134,126,8,27.2,45.2,0.2,8.5,65.0
2026-09-10 19:00,2026-09-10 20:00,20260910,40,126,120,6,27.1,46.5,0.0,8.8,66.5
2026-09-10 19:30,2026-09-10 20:30,20260910,41,120,115,5,26.0,48.2,0.0,9.0,68.3
2026-09-10 20:00,2026-09-10 21:00,20260910,42,119,104,15,23.6,50.1,0.0,9.5,70.8
2026-09-10 20:30,2026-09-10 21:30,20260910,43,114,102,12,22.5,50.6,0.0,9.8,71.9
2026-09-10 21:00,2026-09-10 22:00,20260910,44,108,93,15,20.3,52.3,0.0,10.3,74.3
2026-09-10 21:30,2026-09-10 22:30,20260910,45,102,88,14,18.1,54.2,0.0,10.6,76.6
2026-09-10 22:00,2026-09-10 23:00,20260910,46,95,83,12,16.7,55.4,0.0,10.9,78.3
2026-09-10 22:30,2026-09-10 23:30,20260910,47,84,77,7,15.2,55.6,0.0,11.2,79.1
2026-09-10 23:00,2026-09-11 00:00,20260911,0,78,78,0,14.5,54.8,0.0,11.3,78.7
2026-09-10 23:30,2026-09-11 00:30,20260911,1,80,73,7,14.5,55.4,0.0,11.7,79.1
2026-09-11 00:00,2026-09-11 01:00,20260911,2,78,77,1,14.4,54.6,0.0,12.1,78.3
2026-09-11 00:30,2026-09-11 01:30,20260911,3,72,73,-1,13.8,53.8,0.0,12.5,78.0
2026-09-11 01:00,2026-09-11 02:00,20260911,4,70,72,-2,14.0,53.8,0.0,12.8,78.7
2026-09-11 01:30,2026-09-11 02:30,20260911,5,72,74,-2,14.8,52.9,0.0,13.2,78.4
2026-09-11 02:00,2026-09-11 03:00,20260911,6,71,75,-4,15.1,52.2,0.0,13.6,78.3
2026-09-11 02:30,2026-09-11 03:30,20260911,7,75,80,-5,15.4,49.5,0.0,13.9,76.9
2026-09-11 03:00,2026-09-11 04:00,20260911,8,75,86,-11,16.3,47.0,0.0,14.4,75.0
2026-09-11 03:30,2026-09-11 04:30,20260911,9,80,101,-21,19.8,44.4,0.0,14.3,71.6
2026-09-11 04:00,2026-09-11 05:00,20260911,10,83,112,-29,22.0,42.0,0.0,14.0,68.9
2026-09-11 04:30,2026-09-11 05:30,20260911,11,99,127,-28,24.4,39.5,0.0,13.2,65.0
2026-09-11 05:00,2026-09-11 06:00,20260911,12,118,139,-21,26.0,35.6,0.1,12.5,61.1
2026-09-11 05:30,2026-09-11 06:30,20260911,13,148,130,18,26.0,33.6,0.6,12.6,60.1
2026-09-11 06:00,2026-09-11 07:00,20260911,14,137,136,1,25.3,31.3,1.3,12.4,58.5
2026-09-11 06:30,2026-09-11 07:30,20260911,15,137,123,14,23.9,28.0,4.1,12.3,57.2
2026-09-11 07:00,2026-09-11 08:00,20260911,16,137,119,18,23.5,26.1,7.9,12.1,58.7
2026-09-11 07:30,2026-09-11 08:30,20260911,17,119,112,7,21.4,24.4,10.9,11.9,60.2
2026-09-11 08:00,2026-09-11 09:00,20260911,18,111,102,9,19.7,24.6,14.3,11.8,62.5
2026-09-11 08:30,2026-09-11 09:30,20260911,19,100,97,3,18.5,24.1,16.8,11.4,64.2
2026-09-11 09:00,2026-09-11 10:00,20260911,20,100,95,5,17.8,23.9,18.9,11.1,65.1
2026-09-11 09:30,2026-09-11 10:30,20260911,21,95,95,0,17.7,22.4,20.0,10.9,64.7
2026-09-11 10:00,2026-09-11 11:00,20260911,22,90,98,-8,18.1,20.3,20.8,10.9,64.1
2026-09-11 10:30,2026-09-11 11:30,20260911,23,97,101,-4,18.9,19.1,21.2,10.9,63.6
2026-09-11 11:00,2026-09-11 12:00,20260911,24,94,104,-10,19.8,18.0,21.3,10.9,62.5
2026-09-11 11:30,2026-09-11 12:30,20260911,25,105,105,0,20.3,17.1,21.4,11.1,61.9
2026-09-11 12:00,2026-09-11 13:00,20260911,26,106,105,1,20.5,17.0,22.0,11.2,61.7
2026-09-11 12:30,2026-09-11 13:30,20260911,27,105,108,-3,21.4,16.8,21.9,11.2,61.2
2026-09-11 13:00,2026-09-11 14:00,20260911,28,106,114,-8,22.8,16.0,22.0,11.1,60.2
2026-09-11 13:30,2026-09-11 14:30,20260911,29,111,124,-13,25.8,14.6,20.9,10.8,57.5
2026-09-11 14:00,2026-09-11 15:00,20260911,30,121,129,-8,26.7,14.8,19.9,10.8,56.5
2026-09-11 14:30,2026-09-11 15:30,20260911,31,131,140,-9,29.9,14.4,18.3,10.8,54.4
2026-09-11 15:00,2026-09-11 16:00,20260911,32,143,155,-12,33.1,13.4,15.9,10.7,50.9
2026-09-11 15:30,2026-09-11 16:30,20260911,33,150,166,-16,36.1,12.4,13.4,10.8,48.5
2026-09-11 16:00,2026-09-11 17:00,20260911,34,165,177,-12,37.9,10.7,11.1,10.8,45.5
2026-09-11 16:30,2026-09-11 17:30,20260911,35,181,183,-2,38.4,9.0,8.7,10.9,43.5
2026-09-11 17:00,2026-09-11 18:00,20260911,36,197,194,3,39.2,7.9,5.7,11.1,40.0
2026-09-11 17:30,2026-09-11 18:30,20260911,37,206,197,9,40.9,7.8,2.9,11.6,38.3
2026-09-11 18:00,2026-09-11 19:00,20260911,38,220,199,21,41.5,8.6,1.0,11.7,37.7
2026-09-11 18:30,2026-09-11 19:30,20260911,39,211,199,12,42.6,9.3,0.4,12.0,38.4
2026-09-11 19:00,2026-09-11 20:00,20260911,40,213,192,21,42.3,10.7,0.0,12.3,40.1
2026-09-11 19:30,2026-09-11 20:30,20260911,41,74,187,-113,41.6,13.5,0.0,12.9,42.5
2026-09-11 20:00,2026-09-11 21:00,20260911,42,204,179,25,39.8,15.3,0.0,13.2,44.5
2026-09-11 20:30,2026-09-11 21:30,20260911,43,189,189,0,42.5,16.1,0.0,13.6,45.0
2026-09-11 21:00,2026-09-11 22:00,20260911,44,172,177,-5,39.3,18.6,0.0,14.0,47.5
2026-09-11 21:30,2026-09-11 22:30,20260911,45,180,177,3,37.5,21.4,0.0,14.6,50.7
2026-09-11 22:00,2026-09-11 23:00,20260911,46,156,162,-6,34.0,24.1,0.0,15.3,54.4
2026-09-11 22:30,2026-09-11 23:30,20260911,47,151,150,1,31.0,26.7,0.0,15.6,57.5
2026-09-11 23:00,2026-09-12 00:00,20260912,0,130,135,-5,27.7,30.4,0.0,15.8,61.4
2026-09-11 23:30,2026-09-12 00:30,20260912,1,104,122,-18,24.0,31.8,0.0,16.2,63.7
2026-09-12 00:00,2026-09-12 01:00,20260912,2,111,117,-6,21.3,32.7,0.0,16.4,64.8
2026-09-12 00:30,2026-09-12 01:30,20260912,3,109,116,-7,22.1,33.9,0.0,16.6,66.6
2026-09-12 01:00,2026-09-12 02:00,20260912,4,105,115,-10,22.6,34.6,0.0,16.8,67.7
2026-09-12 01:30,2026-09-12 02:30,20260912,5,108,140,-32,27.7,33.3,0.0,15.7,64.1
2026-09-12 02:00,2026-09-12 03:00,20260912,6,110,138,-28,29.5,34.8,0.0,15.6,64.1
2026-09-12 02:30,2026-09-12 03:30,20260912,7,127,144,-17,30.2,36.5,0.0,15.4,64.2
2026-09-12 03:00,2026-09-12 04:00,20260912,8,127,141,-14,30.5,37.7,0.0,15.2,64.9
2026-09-12 03:30,2026-09-12 04:30,20260912,9,132,139,-7,30.0,39.6,0.0,14.9,66.4
2026-09-12 04:00,2026-09-12 05:00,20260912,10,137,133,4,29.0,42.0,0.0,14.5,67.9
2026-09-12 04:30,2026-09-12 05:30,20260912,11,117,123,-6,27.3,45.1,0.0,14.4,70.8
2026-09-12 05:00,2026-09-12 06:00,20260912,12,118,106,12,23.2,49.4,0.1,14.3,75.1
2026-09-12 05:30,2026-09-12 06:30,20260912,13,120,109,11,22.7,50.2,0.6,13.4,74.6
2026-09-12 06:00,2026-09-12 07:00,20260912,14,116,111,5,22.0,51.2,1.2,12.7,73.2
2026-09-12 06:30,2026-09-12 07:30,20260912,15,107,92,15,18.0,52.3,3.9,12.2,74.5
2026-09-12 07:00,2026-09-12 08:00,20260912,16,93,83,10,16.1,51.9,6.6,11.7,76.2
2026-09-12 07:30,2026-09-12 08:30,20260912,17,77,74,3,14.0,50.6,8.7,11.0,76.3
2026-09-12 08:00,2026-09-12 09:00,20260912,18,67,66,1,12.7,50.7,10.6,10.7,77.9
2026-09-12 08:30,2026-09-12 09:30,20260912,19,60,59,1,11.2,50.9,12.6,10.4,79.4
2026-09-12 09:00,2026-09-12 10:00,20260912,20,56,51,5,9.9,51.5,14.8,10.1,81.0
2026-09-12 09:30,2026-09-12 10:30,20260912,21,53,42,11,7.8,53.0,16.6,10.0,83.4
2026-09-12 10:00,2026-09-12 11:00,20260912,22,44,38,6,6.8,53.6,18.0,9.8,84.6
2026-09-12 10:30,2026-09-12 11:30,20260912,23,41,36,5,6.4,53.3,18.6,9.6,84.9
2026-09-12 11:00,2026-09-12 12:00,20260912,24,33,35,-2,6.3,53.8,18.9,9.5,85.3
2026-09-12 11:30,2026-09-12 12:30,20260912,25,33,35,-2,6.3,54.0,18.9,9.5,85.5
2026-09-12 12:00,2026-09-12 13:00,20260912,26,31,33,-2,5.8,54.2,19.0,9.5,85.7
2026-09-12 12:30,2026-09-12 13:30,20260912,27,33,28,5,4.6,54.1,19.2,10.0,86.6
2026-09-12 13:00,2026-09-12 14:00,20260912,28,31,27,4,4.4,53.3,20.0,10.2,86.8
2026-09-12 13:30,2026-09-12 14:30,20260912,29,27,29,-2,4.5,54.3,18.5,10.4,86.6
2026-09-12 14:00,2026-09-12 15:00,20260912,30,25,31,-6,4.5,55.6,16.6,10.5,86.2
2026-09-12 14:30,2026-09-12 15:30,20260912,31,27,34,-7,4.6,54.9,14.7,10.8,84.4
2026-09-12 15:00,2026-09-12 16:00,20260912,32,29,44,-15,5.0,53.5,11.9,10.8,82.1
2026-09-12 15:30,2026-09-12 16:30,20260912,33,32,52,-20,6.0,52.0,9.8,11.1,81.3
2026-09-12 16:00,2026-09-12 17:00,20260912,34,39,56,-17,6.6,51.6,7.7,11.4,81.0
2026-09-12 16:30,2026-09-12 17:30,20260912,35,47,63,-16,8.1,51.1,5.8,11.7,80.4
2026-09-12 17:00,2026-09-12 18:00,20260912,36,47,77,-30,9.5,48.4,3.7,11.8,76.5
2026-09-12 17:30,2026-09-12 18:30,20260912,37,54,74,-20,11.5,46.4,1.6,12.1,73.0
2026-09-12 18:00,2026-09-12 19:00,20260912,38,61,83,-22,11.8,44.0,0.6,12.1,70.1
2026-09-12 18:30,2026-09-12 19:30,20260912,39,70,75,-5,12.4,44.0,0.2,12.4,69.4
2026-09-12 19:00,2026-09-12 20:00,20260912,40,77,77,0,12.7,42.8,0.0,12.7,69.4
2026-09-12 19:30,2026-09-12 20:30,20260912,41,76,79,-3,13.5,41.4,0.0,13.0,68.9
2026-09-12 20:00,2026-09-12 21:00,20260912,42,77,80,-3,13.4,39.4,0.0,13.5,68.0
2026-09-12 20:30,2026-09-12 21:30,20260912,43,81,79,2,13.8,39.1,0.0,14.0,68.9
2026-09-12 21:00,2026-09-12 22:00,20260912,44,80,83,-3,14.5,37.6,0.0,14.3,67.9
2026-09-12 21:30,2026-09-12 22:30,20260912,45,75,88,-13,15.6,35.7,0.0,14.6,66.5
2026-09-12 22:00,2026-09-12 23:00,20260912,46,76,90,-14,16.0,34.4,0.0,14.8,65.7
2026-09-12 22:30,2026-09-12 23:30,20260912,47,80,93,-13,15.9,31.9,0.0,14.7,63.0
2026-09-12 23:00,2026-09-13 00:00,20260913,0,80,95,-15,16.7,30.1,0.0,15.3,61.9
2026-09-12 23:30,2026-09-13 00:30,20260913,1,82,97,-15,17.1,28.0,0.0,15.4,60.0
2026-09-13 00:00,2026-09-13 01:00,20260913,2,109,99,10,17.3,26.2,0.0,15.7,59.5
2026-09-13 00:30,2026-09-13 01:30,20260913,3,110,102,8,17.8,24.2,0.0,16.2,58.2
2026-09-13 01:00,2026-09-13 02:00,20260913,4,110,106,4,18.5,21.7,0.0,16.7,56.7
2026-09-13 01:30,2026-09-13 02:30,20260913,5,113,112,1,19.3,19.8,0.0,17.1,54.2
2026-09-13 02:00,2026-09-13 03:00,20260913,6,120,114,6,20.0,18.9,0.0,17.8,52.9
2026-09-13 02:30,2026-09-13 03:30,20260913,7,126,118,8,21.2,17.3,0.0,18.4,50.8
2026-09-13 03:00,2026-09-13 04:00,20260913,8,120,124,-4,22.8,15.7,0.0,18.4,49.4
2026-09-13 03:30,2026-09-13 04:30,20260913,9,126,128,-2,24.3,14.8,0.0,18.2,48.7
2026-09-13 04:00,2026-09-13 05:00,20260913,10,133,136,-3,26.2,13.3,0.0,18.2,47.3
2026-09-13 04:30,2026-09-13 05:30,20260913,11,131,144,-13,28.7,12.6,0.0,17.9,45.4
2026-09-13 05:00,2026-09-13 06:00,20260913,12,154,155,-1,31.1,10.4,0.0,17.6,42.8
2026-09-13 05:30,2026-09-13 06:30,20260913,13,164,167,-3,33.9,8.8,0.4,16.9,40.4
2026-09-13 06:00,2026-09-13 07:00,20260913,14,171,172,-1,35.8,7.6,0.8,16.4,39.3
2026-09-13 06:30,2026-09-13 07:30,20260913,15,186,172,14,36.1,7.5,2.5,15.6,40.0
2026-09-13 07:00,2026-09-13 08:00,20260913,16,180,170,10,35.4,6.7,4.5,15.1,40.6
2026-09-13 07:30,2026-09-13 08:30,20260913,17,188,172,16,34.5,5.3,6.3,14.4,40.6
2026-09-13 08:00,2026-09-13 09:00,20260913,18,181,172,9,34.3,5.1,8.0,14.0,40.8
2026-09-13 08:30,2026-09-13 09:30,20260913,19,171,169,2,34.1,4.7,10.3,13.5,42.5
2026-09-13 09:00,2026-09-13 10:00,20260913,20,176,167,9,34.9,5.1,12.4,13.2,43.4
2026-09-13 09:30,2026-09-13 10:30,20260913,21,177,167,10,35.7,5.0,14.4,13.0,43.6
2026-09-13 10:00,2026-09-13 11:00,20260913,22,171,166,5,35.7,4.0,15.7,12.9,44.0
2026-09-13 10:30,2026-09-13 11:30,20260913,23,170,167,3,35.9,3.9,16.3,12.7,44.2
2026-09-13 11:00,2026-09-13 12:00,20260913,24,169,165,4,35.9,3.8,17.1,12.6,44.6
2026-09-13 11:30,2026-09-13 12:30,20260913,25,173,166,7,36.3,3.8,17.7,12.6,44.5
2026-09-13 12:00,2026-09-13 13:00,20260913,26,168,167,1,36.4,3.5,18.3,12.5,44.5
2026-09-13 12:30,2026-09-13 13:30,20260913,27,170,169,1,36.8,3.5,18.1,12.3,44.2
2026-09-13 13:00,2026-09-13 14:00,20260913,28,171,165,6,36.3,3.9,18.0,12.4,44.5
2026-09-13 13:30,2026-09-13 14:30,20260913,29,176,164,12,35.4,4.0,17.5,12.6,44.8
2026-09-13 14:00,2026-09-13 15:00,20260913,30,179,168,11,36.5,3.4,16.2,12.2,44.3
2026-09-13 14:30,2026-09-13 15:30,20260913,31,178,173,5,37.8,3.2,15.0,12.3,42.9
2026-09-13 15:00,2026-09-13 16:00,20260913,32,184,180,4,39.2,3.4,12.6,12.3,41.2
2026-09-13 15:30,2026-09-13 16:30,20260913,33,190,183,7,39.0,3.6,10.1,12.0,40.2
2026-09-13 16:00,2026-09-13 17:00,20260913,34,201,190,11,38.9,4.1,7.6,11.8,38.0
2026-09-13 16:30,2026-09-13 17:30,20260913,35,204,193,11,39.9,5.2,5.8,11.8,37.3
2026-09-13 17:00,2026-09-13 18:00,20260913,36,211,198,13,40.7,5.9,3.3,11.8,35.6
2026-09-13 17:30,2026-09-13 18:30,20260913,37,213,204,9,41.5,6.4,1.5,12.1,33.9
2026-09-13 18:00,2026-09-13 19:00,20260913,38,214,204,10,41.5,6.9,0.6,12.2,33.8
2026-09-13 18:30,2026-09-13 19:30,20260913,39,217,204,13,42.6,7.6,0.2,12.5,33.9
2026-09-13 19:00,2026-09-13 20:00,20260913,40,216,199,17,42.7,8.4,0.0,12.9,35.1
2026-09-13 19:30,2026-09-13 20:30,20260913,41,139,199,-60,43.1,9.7,0.0,13.1,34.9
2026-09-13 20:00,2026-09-13 21:00,20260913,42,208,195,13,43.3,10.6,0.0,13.5,36.6
2026-09-13 20:30,2026-09-13 21:30,20260913,43,202,200,2,45.0,12.0,0.0,14.1,39.1
2026-09-13 21:00,2026-09-13 22:00,20260913,44,199,196,3,44.6,13.7,0.0,14.3,40.5
2026-09-13 21:30,2026-09-13 22:30,20260913,45,198,195,3,45.0,14.6,0.0,14.6,41.9
2026-09-13 22:00,2026-09-13 23:00,20260913,46,191,196,-5,44.8,14.7,0.0,14.5,41.7
2026-09-13 22:30,2026-09-13 23:30,20260913,47,191,199,-8,45.8,15.0,0.0,14.8,42.1
2026-09-13 23:00,2026-09-14 00:00,20260914,0,184,197,-13,45.8,15.6,0.0,14.8,42.7
2026-09-13 23:30,2026-09-14 00:30,20260914,1,177,197,-20,46.0,17.6,0.0,15.0,45.0
2026-09-14 00:00,2026-09-14 01:00,20260914,2,198,194,4,44.8,18.6,0.0,15.1,46.1
2026-09-14 00:30,2026-09-14 01:30,20260914,3,190,189,1,43.8,18.7,0.0,15.1,46.2
2026-09-14 01:00,2026-09-14 02:00,20260914,4,200,185,15,42.7,19.2,0.0,15.3,47.0
2026-09-14 01:30,2026-09-14 02:30,20260914,5,195,189,6,43.0,19.4,0.0,15.3,47.3
2026-09-14 02:00,2026-09-14 03:00,20260914,6,188,183,5,42.2,20.8,0.0,15.3,48.7
2026-09-14 02:30,2026-09-14 03:30,20260914,7,186,185,1,43.2,22.4,0.0,15.5,50.7
2026-09-14 03:00,2026-09-14 04:00,20260914,8,188,190,-2,44.1,22.3,0.0,15.2,50.1
2026-09-14 03:30,2026-09-14 04:30,20260914,9,192,190,2,44.7,22.2,0.0,14.9,49.6
2026-09-14 04:00,2026-09-14 05:00,20260914,10,194,189,5,43.8,22.8,0.0,14.7,50.1
2026-09-14 04:30,2026-09-14 05:30,20260914,11,200,191,9,43.5,21.8,0.0,13.6,48.8
2026-09-14 05:00,2026-09-14 06:00,20260914,12,200,195,5,42.5,20.9,0.0,12.7,46.8
2026-09-14 05:30,2026-09-14 06:30,20260914,13,196,192,4,40.0,20.5,0.4,11.9,46.2
2026-09-14 06:00,2026-09-14 07:00,20260914,14,199,194,5,38.6,19.9,0.7,11.4,44.7
2026-09-14 06:30,2026-09-14 07:30,20260914,15,188,178,10,37.6,19.4,2.2,11.1,44.5
2026-09-14 07:00,2026-09-14 08:00,20260914,16,188,174,14,36.4,18.5,4.6,10.9,45.2
2026-09-14 07:30,2026-09-14 08:30,20260914,17,175,165,10,35.5,18.6,6.6,10.9,46.4
2026-09-14 08:00,2026-09-14 09:00,20260914,18,173,162,11,34.7,17.9,8.4,10.7,47.0
2026-09-14 08:30,2026-09-14 09:30,20260914,19,160,157,3,34.1,18.2,10.2,10.1,48.3
2026-09-14 09:00,2026-09-14 10:00,20260914,20,155,147,8,31.6,18.6,12.4,10.0,50.6
2026-09-14 09:30,2026-09-14 10:30,20260914,21,152,143,9,30.5,18.7,14.1,9.8,51.8
2026-09-14 10:00,2026-09-14 11:00,20260914,22,145,136,9,29.1,18.9,15.6,9.7,53.4
2026-09-14 10:30,2026-09-14 11:30,20260914,23,142,128,14,27.0,20.2,16.8,9.9,55.6
2026-09-14 11:00,2026-09-14 12:00,20260914,24,138,121,17,25.4,20.9,17.8,10.0,57.4
2026-09-14 11:30,2026-09-14 12:30,20260914,25,124,114,10,23.8,23.1,18.2,10.0,59.9
2026-09-14 12:00,2026-09-14 13:00,20260914,26,119,111,8,23.2,24.2,18.7,9.8,61.1
2026-09-14 12:30,2026-09-14 13:30,20260914,27,111,110,1,22.5,25.8,19.3,9.9,63.4
2026-09-14 13:00,2026-09-14 14:00,20260914,28,112,107,5,22.5,27.5,18.9,9.7,64.4
2026-09-14 13:30,2026-09-14 14:30,20260914,29,110,105,5,22.4,29.8,18.6,9.8,66.5
2026-09-14 14:00,2026-09-14 15:00,20260914,30,109,111,-2,22.8,29.8,17.6,9.8,65.5
2026-09-14 14:30,2026-09-14 15:30,20260914,31,112,119,-7,25.3,29.0,15.8,9.5,62.5
2026-09-14 15:00,2026-09-14 16:00,20260914,32,125,124,1,26.7,30.3,13.5,9.3,61.1
2026-09-14 15:30,2026-09-14 16:30,20260914,33,129,129,0,27.7,32.8,11.2,9.2,62.2
2026-09-14 16:00,2026-09-14 17:00,20260914,34,131,133,-2,27.8,32.9,8.8,9.0,61.3
2026-09-14 16:30,2026-09-14 17:30,20260914,35,130,148,-18,31.3,33.5,6.7,9.1,60.1
2026-09-14 17:00,2026-09-14 18:00,20260914,36,140,151,-11,32.0,35.1,4.1,9.2,58.9
2026-09-14 17:30,2026-09-14 18:30,20260914,37,151,154,-3,32.6,37.5,1.8,9.3,58.1
2026-09-14 18:00,2026-09-14 19:00,20260914,38,149,151,-2,32.2,39.5,0.5,9.3,58.8
2026-09-14 18:30,2026-09-14 19:30,20260914,39,148,147,1,31.8,41.0,0.2,9.4,59.3
2026-09-14 19:00,2026-09-14 20:00,20260914,40,144,142,2,32.4,42.9,0.0,9.5,61.0
2026-09-14 19:30,2026-09-14 20:30,20260914,41,65,144,-79,32.7,43.2,0.0,9.7,61.7
2026-09-14 20:00,2026-09-14 21:00,20260914,42,136,138,-2,32.0,44.3,0.0,9.9,63.3
2026-09-14 20:30,2026-09-14 21:30,20260914,43,135,130,5,30.6,46.1,0.0,10.1,65.3
2026-09-14 21:00,2026-09-14 22:00,20260914,44,130,119,11,27.9,48.3,0.0,10.3,68.0
2026-09-14 21:30,2026-09-14 22:30,20260914,45,123,102,21,23.9,50.7,0.0,10.9,71.5
2026-09-14 22:00,2026-09-14 23:00,20260914,46,117,95,22,20.7,51.7,0.0,11.3,73.5
2026-09-14 22:30,2026-09-14 23:30,20260914,47,102,81,21,17.7,53.5,0.0,11.8,76.3
2026-09-14 23:00,2026-09-15 00:00,20260915,0,93,80,13,16.6,53.8,0.0,12.0,76.9
2026-09-14 23:30,2026-09-15 00:30,20260915,1,91,73,18,14.4,54.7,0.0,12.4,79.2
2026-09-15 00:00,2026-09-15 01:00,20260915,2,77,70,7,13.8,54.8,0.0,12.4,80.1
2026-09-15 00:30,2026-09-15 01:30,20260915,3,70,69,1,13.7,56.4,0.0,12.4,82.0
2026-09-15 01:00,2026-09-15 02:00,20260915,4,68,66,2,12.8,57.4,0.0,12.4,82.9
2026-09-15 01:30,2026-09-15 02:30,20260915,5,67,68,-1,13.1,58.1,0.0,12.6,84.2
2026-09-15 02:00,2026-09-15 03:00,20260915,6,63,66,-3,12.8,58.7,0.0,12.5,84.6
2026-09-15 02:30,2026-09-15 03:30,20260915,7,66,66,0,12.8,60.1,0.0,11.9,84.7
2026-09-15 03:00,2026-09-15 04:00,20260915,8,67,62,5,11.7,61.1,0.0,11.9,85.7
2026-09-15 03:30,2026-09-15 04:30,20260915,9,64,68,-4,12.3,58.8,0.0,11.7,83.1
2026-09-15 04:00,2026-09-15 05:00,20260915,10,62,69,-7,13.2,58.1,0.0,11.6,82.2
2026-09-15 04:30,2026-09-15 05:30,20260915,11,67,68,-1,13.1,57.2,0.0,11.4,81.1
2026-09-15 05:00,2026-09-15 06:00,20260915,12,69,81,-12,12.8,54.4,0.0,10.9,77.3
2026-09-15 05:30,2026-09-15 06:30,20260915,13,76,83,-7,13.0,53.3,0.3,10.7,76.1
2026-09-15 06:00,2026-09-15 07:00,20260915,14,71,85,-14,12.4,52.3,0.7,10.5,75.1
2026-09-15 06:30,2026-09-15 07:30,20260915,15,64,74,-10,11.0,50.2,2.3,10.5,74.6
2026-09-15 07:00,2026-09-15 08:00,20260915,16,64,67,-3,9.6,48.5,4.9,10.5,75.5
2026-09-15 07:30,2026-09-15 08:30,20260915,17,64,60,4,9.1,47.1,7.2,10.0,74.1
2026-09-15 08:00,2026-09-15 09:00,20260915,18,57,57,0,8.8,46.3,9.4,10.1,73.6
2026-09-15 08:30,2026-09-15 09:30,20260915,19,56,50,6,7.5,44.8,12.5,10.0,74.7
2026-09-15 09:00,2026-09-15 10:00,20260915,20,52,44,8,6.4,43.2,15.9,9.8,76.1
2026-09-15 09:30,2026-09-15 10:30,20260915,21,45,41,4,5.4,43.0,18.5,9.8,77.6
2026-09-15 10:00,2026-09-15 11:00,20260915,22,42,39,3,4.9,42.5,20.1,9.7,77.3
2026-09-15 10:30,2026-09-15 11:30,20260915,23,36,37,-1,4.2,41.9,21.4,9.5,77.7
2026-09-15 11:00,2026-09-15 12:00,20260915,24,34,34,0,4.2,41.2,22.5,9.6,78.7
2026-09-15 11:30,2026-09-15 12:30,20260915,25,32,34,-2,4.2,40.4,23.1,9.5,78.9
2026-09-15 12:00,2026-09-15 13:00,20260915,26,29,35,-6,4.3,39.7,23.2,9.7,78.7
2026-09-15 12:30,2026-09-15 13:30,20260915,27,30,37,-7,4.3,39.5,23.8,9.8,79.3
2026-09-15 13:00,2026-09-15 14:00,20260915,28,34,38,-4,4.5,39.4,23.8,9.9,79.2
2026-09-15 13:30,2026-09-15 14:30,20260915,29,34,39,-5,5.6,41.5,23.3,10.2,81.3
2026-09-15 14:00,2026-09-15 15:00,20260915,30,37,46,-9,7.5,41.1,21.9,10.3,79.9
2026-09-15 14:30,2026-09-15 15:30,20260915,31,38,67,-29,12.4,40.7,19.2,10.0,76.5
2026-09-15 15:00,2026-09-15 16:00,20260915,32,47,88,-41,17.9,39.0,16.2,9.6,71.1
2026-09-15 15:30,2026-09-15 16:30,20260915,33,66,117,-51,24.5,37.2,13.0,9.3,66.4
2026-09-15 16:00,2026-09-15 17:00,20260915,34,98,125,-27,27.7,36.1,9.9,9.1,64.6
2026-09-15 16:30,2026-09-15 17:30,20260915,35,120,135,-15,28.3,35.7,7.1,9.0,62.7
2026-09-15 17:00,2026-09-15 18:00,20260915,36,133,144,-11,28.4,35.6,4.2,9.0,60.6
2026-09-15 17:30,2026-09-15 18:30,20260915,37,139,153,-14,29.6,34.2,1.8,9.2,57.8
2026-09-15 18:00,2026-09-15 19:00,20260915,38,146,156,-10,30.6,34.0,0.6,9.3,56.9
2026-09-15 18:30,2026-09-15 19:30,20260915,39,148,148,0,31.2,36.8,0.2,9.8,59.5
2026-09-15 19:00,2026-09-15 20:00,20260915,40,150,146,4,31.9,38.4,0.0,10.0,60.2
2026-09-15 19:30,2026-09-15 20:30,20260915,41,28,136,-108,31.5,41.4,0.0,10.2,63.1
2026-09-15 20:00,2026-09-15 21:00,20260915,42,142,116,26,27.0,45.5,0.0,10.6,68.0
2026-09-15 20:30,2026-09-15 21:30,20260915,43,136,96,40,21.3,49.0,0.0,11.2,72.7
2026-09-15 21:00,2026-09-15 22:00,20260915,44,114,84,30,17.1,50.5,0.0,11.9,75.5
2026-09-15 21:30,2026-09-15 22:30,20260915,45,83,65,18,12.4,52.1,0.0,12.2,77.7
2026-09-15 22:00,2026-09-15 23:00,20260915,46,77,65,12,11.8,52.0,0.0,12.4,78.1
2026-09-15 22:30,2026-09-15 23:30,20260915,47,58,73,-15,12.4,48.6,0.0,12.7,75.8
2026-09-15 23:00,2026-09-16 00:00,20260916,0,57,70,-13,12.6,48.9,0.0,13.0,76.5
2026-09-15 23:30,2026-09-16 00:30,20260916,1,56,70,-14,12.5,47.9,0.0,12.9,75.6
2026-09-16 00:00,2026-09-16 01:00,20260916,2,67,70,-3,12.4,48.4,0.0,12.7,75.6
2026-09-16 00:30,2026-09-16 01:30,20260916,3,69,71,-2,12.4,46.6,0.0,12.7,73.9
2026-09-16 01:00,2026-09-16 02:00,20260916,4,70,70,0,12.4,46.9,0.0,12.9,73.8
2026-09-16 01:30,2026-09-16 02:30,20260916,5,73,69,4,11.9,46.9,0.0,12.9,73.9
2026-09-16 02:00,2026-09-16 03:00,20260916,6,72,64,8,10.8,47.2,0.0,13.2,75.1
2026-09-16 02:30,2026-09-16 03:30,20260916,7,72,64,8,10.3,47.2,0.0,13.5,76.3
2026-09-16 03:00,2026-09-16 04:00,20260916,8,67,69,-2,11.3,46.7,0.0,13.6,75.3
2026-09-16 03:30,2026-09-16 04:30,20260916,9,71,81,-10,15.0,45.8,0.0,13.6,75.0
2026-09-16 04:00,2026-09-16 05:00,20260916,10,71,97,-26,17.6,42.8,0.0,13.2,71.3
2026-09-16 04:30,2026-09-16 05:30,20260916,11,90,128,-38,24.4,38.0,0.0,12.1,64.5
2026-09-16 05:00,2026-09-16 06:00,20260916,12,95,145,-50,28.1,33.2,0.0,11.6,58.8
2026-09-16 05:30,2026-09-16 06:30,20260916,13,150,144,6,28.7,30.6,0.4,11.3,55.9
2026-09-16 06:00,2026-09-16 07:00,20260916,14,155,145,10,28.5,29.6,0.8,11.1,54.9
2026-09-16 06:30,2026-09-16 07:30,20260916,15,153,129,24,26.5,29.8,2.7,10.7,55.9
2026-09-16 07:00,2026-09-16 08:00,20260916,16,138,129,9,26.4,27.6,5.6,10.6,56.2
2026-09-16 07:30,2026-09-16 08:30,20260916,17,131,127,4,26.3,25.1,8.0,10.5,56.0
2026-09-16 08:00,2026-09-16 09:00,20260916,18,132,122,10,24.7,23.8,10.4,10.6,57.1
2026-09-16 08:30,2026-09-16 09:30,20260916,19,133,114,19,22.6,22.6,12.9,10.9,58.7
2026-09-16 09:00,2026-09-16 10:00,20260916,20,131,109,22,20.6,21.4,15.4,10.8,60.0
2026-09-16 09:30,2026-09-16 10:30,20260916,21,119,112,7,20.6,20.2,16.9,10.9,59.7
2026-09-16 10:00,2026-09-16 11:00,20260916,22,110,111,-1,20.2,18.8,17.9,10.9,59.4
2026-09-16 10:30,2026-09-16 11:30,20260916,23,107,117,-10,21.0,17.2,18.4,10.8,58.1
2026-09-16 11:00,2026-09-16 12:00,20260916,24,108,117,-9,21.9,16.4,19.4,10.7,58.0
2026-09-16 11:30,2026-09-16 12:30,20260916,25,114,120,-6,23.7,15.7,19.6,10.7,57.5
2026-09-16 12:00,2026-09-16 13:00,20260916,26,119,120,-1,24.0,15.9,19.2,10.7,57.4
2026-09-16 12:30,2026-09-16 13:30,20260916,27,121,118,3,23.6,16.6,18.9,10.7,57.8
2026-09-16 13:00,2026-09-16 14:00,20260916,28,123,111,12,22.0,19.0,18.3,10.6,59.5
2026-09-16 13:30,2026-09-16 14:30,20260916,29,121,105,16,20.1,20.8,17.5,10.6,61.2
2026-09-16 14:00,2026-09-16 15:00,20260916,30,113,109,4,20.8,21.5,16.0,10.6,60.4
2026-09-16 14:30,2026-09-16 15:30,20260916,31,107,117,-10,23.6,22.1,14.6,10.5,59.5
2026-09-16 15:00,2026-09-16 16:00,20260916,32,113,126,-13,25.5,21.7,13.0,10.3,57.2
2026-09-16 15:30,2026-09-16 16:30,20260916,33,126,136,-10,27.7,21.6,10.6,10.0,56.3
2026-09-16 16:00,2026-09-16 17:00,20260916,34,138,137,1,28.6,23.2,8.6,9.8,56.1
2026-09-16 16:30,2026-09-16 17:30,20260916,35,139,150,-11,29.1,25.8,6.5,9.8,57.1
2026-09-16 17:00,2026-09-16 18:00,20260916,36,149,152,-3,30.3,27.7,3.9,9.9,56.7
2026-09-16 17:30,2026-09-16 18:30,20260916,37,146,147,-1,30.2,30.3,1.6,9.9,56.2
2026-09-16 18:00,2026-09-16 19:00,20260916,38,152,146,6,30.2,32.0,0.5,10.0,56.8
2026-09-16 18:30,2026-09-16 19:30,20260916,39,150,144,6,30.8,34.9,0.1,10.3,58.1
2026-09-16 19:00,2026-09-16 20:00,20260916,40,144,132,12,28.6,38.3,0.0,10.5,61.5
2026-09-16 19:30,2026-09-16 20:30,20260916,41,89,128,-39,27.5,41.0,0.0,10.9,65.0
2026-09-16 20:00,2026-09-16 21:00,20260916,42,129,116,13,25.3,43.6,0.0,11.3,68.0
2026-09-16 20:30,2026-09-16 21:30,20260916,43,124,110,14,22.8,47.3,0.0,11.9,72.6
2026-09-16 21:00,2026-09-16 22:00,20260916,44,111,94,17,19.2,50.2,0.0,12.4,76.3
2026-09-16 21:30,2026-09-16 22:30,20260916,45,94,104,-10,19.3,49.1,0.0,12.0,74.4
2026-09-16 22:00,2026-09-16 23:00,20260916,46,83,105,-22,20.7,49.2,0.0,12.0,74.4
2026-09-16 22:30,2026-09-16 23:30,20260916,47,91,100,-9,21.0,52.0,0.0,12.1,77.4
2026-09-16 23:00,2026-09-17 00:00,20260917,0,86,91,-5,18.9,54.4,0.0,12.0,79.6
2026-09-16 23:30,2026-09-17 00:30,20260917,1,85,84,1,16.6,55.8,0.0,12.0,80.9
2026-09-17 00:00,2026-09-17 01:00,20260917,2,85,81,4,16.3,57.0,0.0,11.9,81.9
2026-09-17 00:30,2026-09-17 01:30,20260917,3,79,75,4,16.0,58.0,0.0,11.7,81.8
2026-09-17 01:00,2026-09-17 02:00,20260917,4,78,72,6,14.6,60.4,0.0,11.9,82.2
2026-09-17 01:30,2026-09-17 02:30,20260917,5,78,66,12,14.0,61.6,0.0,11.9,82.3
2026-09-17 02:00,2026-09-17 03:00,20260917,6,70,65,5,13.1,61.8,0.0,12.1,82.9
2026-09-17 02:30,2026-09-17 03:30,20260917,7,69,70,-1,13.1,61.6,0.0,12.1,82.8
2026-09-17 03:00,2026-09-17 04:00,20260917,8,65,63,2,12.5,62.0,0.0,12.1,84.9
2026-09-17 03:30,2026-09-17 04:30,20260917,9,64,65,-1,12.0,61.4,0.0,11.9,86.2
2026-09-17 04:00,2026-09-17 05:00,20260917,10,63,66,-3,11.8,61.5,0.0,11.9,86.5
2026-09-17 04:30,2026-09-17 05:30,20260917,11,62,71,-9,11.9,59.4,0.0,11.5,83.8
2026-09-17 05:00,2026-09-17 06:00,20260917,12,63,83,-20,13.2,56.7,0.0,11.0,80.6
2026-09-17 05:30,2026-09-17 06:30,20260917,13,68,91,-23,14.9,54.1,0.3,10.6,77.9
2026-09-17 06:00,2026-09-17 07:00,20260917,14,70,97,-27,16.4,53.0,0.5,10.4,75.9
2026-09-17 06:30,2026-09-17 07:30,20260917,15,79,64,15,12.4,56.1,1.7,10.8,80.1
2026-09-17 07:00,2026-09-17 08:00,20260917,16,77,55,22,10.2,59.0,3.4,10.7,82.2
2026-09-17 07:30,2026-09-17 08:30,20260917,17,59,53,6,9.4,57.1,5.3,10.1,80.0
2026-09-17 08:00,2026-09-17 09:00,20260917,18,52,43,9,7.5,57.6,7.4,10.2,82.3
2026-09-17 08:30,2026-09-17 09:30,20260917,19,52,39,13,5.9,57.4,10.0,9.9,83.7
2026-09-17 09:00,2026-09-17 10:00,20260917,20,41,37,4,5.3,55.8,12.2,9.6,84.3
2026-09-17 09:30,2026-09-17 10:30,20260917,21,35,39,-4,5.1,53.7,14.4,9.2,83.7
2026-09-17 10:00,2026-09-17 11:00,20260917,22,34,36,-2,5.0,53.2,16.4,9.1,84.8
2026-09-17 10:30,2026-09-17 11:30,20260917,23,32,38,-6,4.9,51.0,18.0,8.9,84.1
2026-09-17 11:00,2026-09-17 12:00,20260917,24,31,35,-4,4.9,50.5,19.7,8.8,85.1
2026-09-17 11:30,2026-09-17 12:30,20260917,25,30,35,-5,4.9,49.2,21.1,8.9,85.3
2026-09-17 12:00,2026-09-17 13:00,20260917,26,31,38,-7,5.1,48.1,21.5,8.8,84.3
2026-09-17 12:30,2026-09-17 13:30,20260917,27,30,40,-10,5.8,47.3,21.6,9.0,83.9
2026-09-17 13:00,2026-09-17 14:00,20260917,28,32,46,-14,7.1,46.1,21.1,9.1,82.7
2026-09-17 13:30,2026-09-17 14:30,20260917,29,35,47,-12,7.3,46.5,19.8,9.0,82.3
2026-09-17 14:00,2026-09-17 15:00,20260917,30,41,50,-9,7.5,47.3,18.0,9.1,82.3
2026-09-17 14:30,2026-09-17 15:30,20260917,31,42,53,-11,8.6,48.0,15.8,9.1,81.1
2026-09-17 15:00,2026-09-17 16:00,20260917,32,45,58,-13,9.3,49.3,13.1,9.1,80.4
2026-09-17 15:30,2026-09-17 16:30,20260917,33,51,71,-20,12.0,50.6,11.4,9.3,81.1
2026-09-17 16:00,2026-09-17 17:00,20260917,34,52,77,-25,14.1,50.6,9.4,9.3,79.7
2026-09-17 16:30,2026-09-17 17:30,20260917,35,66,87,-21,17.0,51.8,6.7,9.3,78.3
2026-09-17 17:00,2026-09-17 18:00,20260917,36,79,92,-13,18.3,52.0,3.9,9.4,76.0
2026-09-17 17:30,2026-09-17 18:30,20260917,37,91,98,-7,19.3,52.3,1.6,9.3,73.8
2026-09-17 18:00,2026-09-17 19:00,20260917,38,91,102,-11,19.8,51.7,0.4,9.2,72.0
2026-09-17 18:30,2026-09-17 19:30,20260917,39,92,93,-1,19.3,54.2,0.1,9.5,75.1
2026-09-17 19:00,2026-09-17 20:00,20260917,40,94,80,14,17.7,57.0,0.0,9.7,77.8
2026-09-17 19:30,2026-09-17 20:30,20260917,41,47,78,-31,15.4,57.6,0.0,9.9,80.1
2026-09-17 20:00,2026-09-17 21:00,20260917,42,84,76,8,15.6,58.0,0.0,10.3,81.0
2026-09-17 20:30,2026-09-17 21:30,20260917,43,76,78,-2,15.7,58.6,0.0,10.6,81.3
2026-09-17 21:00,2026-09-17 22:00,20260917,44,77,79,-2,15.2,60.5,0.0,11.2,80.3
2026-09-17 21:30,2026-09-17 22:30,20260917,45,74,78,-4,14.9,61.6,0.0,11.2,80.2
2026-09-17 22:00,2026-09-17 23:00,20260917,46,71,73,-2,15.2,62.8,0.0,11.4,82.2
2026-09-17 22:30,2026-09-17 23:30,20260917,47,71,65,6,13.1,63.1,0.0,11.7,83.0
2026-09-17 23:00,2026-09-18 00:00,20260918,0,70,68,2,13.7,62.0,0.0,11.8,82.5
2026-09-17 23:30,2026-09-18 00:30,20260918,1,70,66,4,14.0,62.4,0.0,12.0,83.6
2026-09-18 00:00,2026-09-18 01:00,20260918,2,65,66,-1,13.6,61.9,0.0,12.0,83.7
2026-09-18 00:30,2026-09-18 01:30,20260918,3,68,65,3,13.7,62.1,0.0,12.1,84.5
2026-09-18 01:00,2026-09-18 02:00,20260918,4,64,62,2,13.4,62.6,0.0,12.1,84.9
2026-09-18 01:30,2026-09-18 02:30,20260918,5,64,59,5,12.1,64.3,0.0,12.4,86.1
2026-09-18 02:00,2026-09-18 03:00,20260918,6,65,61,4,12.5,63.1,0.0,12.4,85.1
2026-09-18 02:30,2026-09-18 03:30,20260918,7,57,65,-8,13.2,62.7,0.0,12.5,85.3
2026-09-18 03:00,2026-09-18 04:00,20260918,8,60,64,-4,13.8,63.2,0.0,12.7,85.6
2026-09-18 03:30,2026-09-18 04:30,20260918,9,61,63,-2,12.5,63.0,0.0,12.6,86.2
2026-09-18 04:00,2026-09-18 05:00,20260918,10,64,67,-3,12.7,62.0,0.0,12.5,85.0
2026-09-18 04:30,2026-09-18 05:30,20260918,11,65,76,-11,15.6,58.7,0.0,12.0,82.1
2026-09-18 05:00,2026-09-18 06:00,20260918,12,38,87,-49,17.3,56.4,0.0,11.3,78.2
2026-09-18 05:30,2026-09-18 06:30,20260918,13,85,80,5,16.3,56.1,0.3,11.1,78.0
2026-09-18 06:00,2026-09-18 07:00,20260918,14,83,85,-2,15.3,54.2,0.7,11.0,76.7
2026-09-18 06:30,2026-09-18 07:30,20260918,15,77,85,-8,14.4,50.0,2.8,11.0,74.6
2026-09-18 07:00,2026-09-18 08:00,20260918,16,68,80,-12,14.2,48.5,5.9,10.9,75.6
2026-09-18 07:30,2026-09-18 08:30,20260918,17,73,78,-5,13.2,47.4,9.1,10.6,76.6
2026-09-18 08:00,2026-09-18 09:00,20260918,18,72,70,2,12.3,47.4,12.0,10.7,78.7
2026-09-18 08:30,2026-09-18 09:30,20260918,19,66,63,3,10.5,45.3,15.0,10.4,77.4
2026-09-18 09:00,2026-09-18 10:00,20260918,20,64,58,6,9.3,44.7,17.6,10.1,78.4
2026-09-18 09:30,2026-09-18 10:30,20260918,21,55,53,2,8.9,44.0,19.6,9.8,78.5
2026-09-18 10:00,2026-09-18 11:00,20260918,22,51,50,1,8.2,44.2,21.0,9.6,78.9
2026-09-18 10:30,2026-09-18 11:30,20260918,23,49,45,4,7.2,46.0,21.4,9.7,81.2
2026-09-18 11:00,2026-09-18 12:00,20260918,24,45,42,3,6.9,47.2,21.4,9.5,82.0
2026-09-18 11:30,2026-09-18 12:30,20260918,25,41,40,1,6.7,49.6,20.3,9.1,82.7
2026-09-18 12:00,2026-09-18 13:00,20260918,26,39,38,1,6.5,50.4,20.3,9.0,83.4
2026-09-18 12:30,2026-09-18 13:30,20260918,27,40,40,0,6.6,50.8,19.0,8.9,82.4
2026-09-18 13:00,2026-09-18 14:00,20260918,28,41,39,2,6.6,52.6,17.5,8.9,82.8
2026-09-18 13:30,2026-09-18 14:30,20260918,29,38,38,0,6.7,54.9,15.6,9.0,84.0
2026-09-18 14:00,2026-09-18 15:00,20260918,30,37,38,-1,6.8,56.8,13.5,9.0,84.2
2026-09-18 14:30,2026-09-18 15:30,20260918,31,38,40,-2,7.4,59.6,10.8,9.5,85.3
2026-09-18 15:00,2026-09-18 16:00,20260918,32,38,43,-5,8.3,62.0,7.5,9.6,85.0
2026-09-18 15:30,2026-09-18 16:30,20260918,33,42,53,-11,9.9,63.6,5.5,9.7,86.5
2026-09-18 16:00,2026-09-18 17:00,20260918,34,45,58,-13,10.8,63.5,4.1,9.6,85.1
2026-09-18 16:30,2026-09-18 17:30,20260918,35,48,73,-25,13.3,60.4,2.7,9.3,80.0
2026-09-18 17:00,2026-09-18 18:00,20260918,36,55,76,-21,14.4,60.3,1.4,9.3,78.8
2026-09-18 17:30,2026-09-18 18:30,20260918,37,63,73,-10,13.8,60.8,0.6,9.4,78.0
2026-09-18 18:00,2026-09-18 19:00,20260918,38,68,76,-8,14.4,61.3,0.3,9.5,77.8
2026-09-18 18:30,2026-09-18 19:30,20260918,39,64,71,-7,13.8,62.8,0.0,9.8,79.5
2026-09-18 19:00,2026-09-18 20:00,20260918,40,63,63,0,12.6,64.8,0.0,10.0,82.5
2026-09-18 19:30,2026-09-18 20:30,20260918,41,65,64,1,12.7,66.0,0.0,10.2,83.3
2026-09-18 20:00,2026-09-18 21:00,20260918,42,60,58,2,11.5,68.0,0.0,10.5,84.6
2026-09-18 20:30,2026-09-18 21:30,20260918,43,59,60,-1,12.6,69.6,0.0,10.7,84.9
2026-09-18 21:00,2026-09-18 22:00,20260918,44,54,58,-4,13.0,70.2,0.0,11.0,85.8
2026-09-18 21:30,2026-09-18 22:30,20260918,45,51,62,-11,12.6,68.9,0.0,11.0,84.5
2026-09-18 22:00,2026-09-18 23:00,20260918,46,53,64,-11,12.5,67.5,0.0,11.0,83.4
2026-09-18 22:30,2026-09-18 23:30,20260918,47,55,62,-7,12.3,67.8,0.0,11.2,84.4
2026-09-18 23:00,2026-09-19 00:00,20260919,0,54,60,-6,12.1,68.1,0.0,11.3,85.0
2026-09-18 23:30,2026-09-19 00:30,20260919,1,54,58,-4,11.6,69.1,0.0,11.3,85.9
2026-09-19 00:00,2026-09-19 01:00,20260919,2,55,57,-2,12.4,69.8,0.0,11.2,86.1
2026-09-19 00:30,2026-09-19 01:30,20260919,3,53,56,-3,12.5,70.3,0.0,11.2,86.5
2026-09-19 01:00,2026-09-19 02:00,20260919,4,54,54,0,12.1,70.8,0.0,11.3,87.3
2026-09-19 01:30,2026-09-19 02:30,20260919,5,54,51,3,11.0,71.1,0.0,11.5,87.6
2026-09-19 02:00,2026-09-19 03:00,20260919,6,52,50,2,10.6,71.7,0.0,11.6,87.6
2026-09-19 02:30,2026-09-19 03:30,20260919,7,48,50,-2,10.7,72.0,0.0,11.7,87.7
2026-09-19 03:00,2026-09-19 04:00,20260919,8,47,50,-3,10.9,72.0,0.0,11.9,87.6
2026-09-19 03:30,2026-09-19 04:30,20260919,9,46,47,-1,10.9,72.8,0.0,11.9,88.4
2026-09-19 04:00,2026-09-19 05:00,20260919,10,48,48,0,10.9,72.7,0.0,11.8,88.2
2026-09-19 04:30,2026-09-19 05:30,20260919,11,48,54,-6,12.0,71.4,0.0,11.7,86.7
2026-09-19 05:00,2026-09-19 06:00,20260919,12,54,61,-7,12.1,69.6,0.0,11.5,84.8
2026-09-19 05:30,2026-09-19 06:30,20260919,13,53,54,-1,11.9,70.3,0.3,11.6,86.2
2026-09-19 06:00,2026-09-19 07:00,20260919,14,52,58,-6,11.3,69.0,0.5,11.4,85.0
2026-09-19 06:30,2026-09-19 07:30,20260919,15,52,52,0,11.2,68.5,1.9,11.3,86.4
2026-09-19 07:00,2026-09-19 08:00,20260919,16,45,53,-8,10.7,67.0,3.9,11.1,86.1
2026-09-19 07:30,2026-09-19 08:30,20260919,17,48,51,-3,10.8,64.0,5.9,10.7,84.1
2026-09-19 08:00,2026-09-19 09:00,20260919,18,44,49,-5,10.5,62.5,7.9,10.6,84.1
2026-09-19 08:30,2026-09-19 09:30,20260919,19,46,48,-2,10.0,61.6,10.9,10.4,85.4
2026-09-19 09:00,2026-09-19 10:00,20260919,20,44,42,2,9.2,61.0,13.6,10.0,87.0
2026-09-19 09:30,2026-09-19 10:30,20260919,21,42,40,2,8.6,60.1,15.5,9.7,87.6
2026-09-19 10:00,2026-09-19 11:00,20260919,22,40,38,2,8.3,60.0,16.4,9.6,88.3
2026-09-19 10:30,2026-09-19 11:30,20260919,23,38,39,-1,8.1,59.7,17.2,9.7,88.9
2026-09-19 11:00,2026-09-19 12:00,20260919,24,35,39,-4,8.1,59.6,17.0,9.6,88.5
2026-09-19 11:30,2026-09-19 12:30,20260919,25,34,40,-6,8.4,58.8,17.8,9.6,88.4
2026-09-19 12:00,2026-09-19 13:00,20260919,26,35,41,-6,9.0,59.0,16.9,9.8,87.9
2026-09-19 12:30,2026-09-19 13:30,20260919,27,37,44,-7,9.3,58.5,17.1,9.8,87.6
2026-09-19 13:00,2026-09-19 14:00,20260919,28,38,45,-7,9.5,58.6,16.4,10.0,87.2
2026-09-19 13:30,2026-09-19 14:30,20260919,29,40,48,-8,9.8,58.1,16.0,10.2,86.7
2026-09-19 14:00,2026-09-19 15:00,20260919,30,42,58,-16,10.8,55.7,15.3,10.2,83.8
2026-09-19 14:30,2026-09-19 15:30,20260919,31,44,57,-13,11.4,57.4,13.5,10.2,83.8
2026-09-19 15:00,2026-09-19 16:00,20260919,32,46,64,-18,11.4,57.1,11.5,10.1,82.2
2026-09-19 15:30,2026-09-19 16:30,20260919,33,51,63,-12,12.7,57.7,9.6,10.2,82.2
2026-09-19 16:00,2026-09-19 17:00,20260919,34,52,71,-19,13.9,56.7,7.6,10.0,80.2
2026-09-19 16:30,2026-09-19 17:30,20260919,35,58,93,-35,18.7,54.6,5.1,9.8,74.9
2026-09-19 17:00,2026-09-19 18:00,20260919,36,62,100,-38,20.5,54.1,2.9,9.9,72.6
2026-09-19 17:30,2026-09-19 18:30,20260919,37,95,95,0,20.9,54.9,1.1,10.1,72.6
2026-09-19 18:00,2026-09-19 19:00,20260919,38,98,96,2,21.2,54.8,0.3,10.2,72.4
2026-09-19 18:30,2026-09-19 19:30,20260919,39,97,90,7,19.2,55.0,0.1,10.5,72.8
2026-09-19 19:00,2026-09-19 20:00,20260919,40,90,87,3,18.5,55.8,0.0,10.7,73.8
2026-09-19 19:30,2026-09-19 20:30,20260919,41,63,90,-27,19.9,56.9,0.0,10.8,75.0
2026-09-19 20:00,2026-09-19 21:00,20260919,42,75,86,-11,19.6,58.3,0.0,10.9,76.0
2026-09-19 20:30,2026-09-19 21:30,20260919,43,89,90,-1,20.5,59.3,0.0,11.1,76.8
2026-09-19 21:00,2026-09-19 22:00,20260919,44,84,85,-1,19.9,62.3,0.0,11.4,78.6
2026-09-19 21:30,2026-09-19 22:30,20260919,45,88,74,14,17.6,64.9,0.0,11.7,81.1
2026-09-19 22:00,2026-09-19 23:00,20260919,46,81,63,18,13.6,67.3,0.0,12.0,83.9
2026-09-19 22:30,2026-09-19 23:30,20260919,47,71,58,13,12.4,68.9,0.0,11.9,85.2
2026-09-19 23:00,2026-09-20 00:00,20260920,0,67,54,13,11.4,70.0,0.0,12.0,86.4
2026-09-19 23:30,2026-09-20 00:30,20260920,1,68,60,8,12.3,69.0,0.0,12.0,85.4
2026-09-20 00:00,2026-09-20 01:00,20260920,2,52,64,-12,13.6,68.1,0.0,11.9,84.3
2026-09-20 00:30,2026-09-20 01:30,20260920,3,54,69,-15,15.0,66.5,0.0,11.8,83.0
2026-09-20 01:00,2026-09-20 02:00,20260920,4,57,68,-11,15.3,66.4,0.0,11.9,83.8
2026-09-20 01:30,2026-09-20 02:30,20260920,5,65,68,-3,15.4,66.3,0.0,11.9,83.7
2026-09-20 02:00,2026-09-20 03:00,20260920,6,65,64,1,14.2,67.1,0.0,12.0,84.5
2026-09-20 02:30,2026-09-20 03:30,20260920,7,68,64,4,13.4,67.0,0.0,12.1,84.6
2026-09-20 03:00,2026-09-20 04:00,20260920,8,59,64,-5,13.5,67.0,0.0,12.2,84.8
2026-09-20 03:30,2026-09-20 04:30,20260920,9,57,67,-10,14.7,66.7,0.0,12.1,84.4
2026-09-20 04:00,2026-09-20 05:00,20260920,10,57,64,-7,14.7,67.1,0.0,12.1,84.8
2026-09-20 04:30,2026-09-20 05:30,20260920,11,63,59,4,12.5,68.3,0.0,12.2,86.0
2026-09-20 05:00,2026-09-20 06:00,20260920,12,72,64,8,13.4,67.9,0.0,12.0,84.7
2026-09-20 05:30,2026-09-20 06:30,20260920,13,60,65,-5,13.8,67.6,0.3,11.9,84.1
2026-09-20 06:00,2026-09-20 07:00,20260920,14,58,67,-9,14.0,66.7,0.7,11.8,83.5
2026-09-20 06:30,2026-09-20 07:30,20260920,15,57,61,-4,13.5,65.5,2.8,11.8,84.4
2026-09-20 07:00,2026-09-20 08:00,20260920,16,47,61,-14,13.3,63.3,5.6,11.5,84.7
2026-09-20 07:30,2026-09-20 08:30,20260920,17,48,50,-2,11.0,62.0,9.5,11.5,86.9
2026-09-20 08:00,2026-09-20 09:00,20260920,18,53,42,11,8.9,60.8,13.5,11.2,88.5
2026-09-20 08:30,2026-09-20 09:30,20260920,19,45,41,4,8.0,59.0,16.5,10.9,89.2
2026-09-20 09:00,2026-09-20 10:00,20260920,20,36,39,-3,7.4,56.8,19.7,10.6,89.9
2026-09-20 09:30,2026-09-20 10:30,20260920,21,33,38,-5,7.8,54.4,22.6,10.5,90.3
2026-09-20 10:00,2026-09-20 11:00,20260920,22,33,38,-5,7.8,53.3,23.8,10.4,90.1
2026-09-20 10:30,2026-09-20 11:30,20260920,23,32,38,-6,7.6,51.3,26.3,10.3,90.6
2026-09-20 11:00,2026-09-20 12:00,20260920,24,31,38,-7,7.6,49.0,28.7,10.3,90.7
2026-09-20 11:30,2026-09-20 12:30,20260920,25,35,38,-3,7.4,48.2,29.2,10.1,90.1
2026-09-20 12:00,2026-09-20 13:00,20260920,26,34,38,-4,7.4,47.0,30.5,10.2,90.3
2026-09-20 12:30,2026-09-20 13:30,20260920,27,34,37,-3,7.5,45.8,30.9,10.3,89.6
2026-09-20 13:00,2026-09-20 14:00,20260920,28,31,40,-9,7.9,42.9,32.3,10.7,88.7
2026-09-20 13:30,2026-09-20 14:30,20260920,29,33,45,-12,7.8,39.7,30.1,10.5,83.0
2026-09-20 14:00,2026-09-20 15:00,20260920,30,37,53,-16,8.3,37.9,29.0,10.7,80.6
2026-09-20 14:30,2026-09-20 15:30,20260920,31,39,56,-17,9.0,37.3,24.4,10.5,76.3
2026-09-20 15:00,2026-09-20 16:00,20260920,32,48,74,-26,11.7,35.8,20.6,10.5,72.2
2026-09-20 15:30,2026-09-20 16:30,20260920,33,72,91,-19,13.5,32.4,16.4,10.1,65.9
2026-09-20 16:00,2026-09-20 17:00,20260920,34,83,112,-29,18.5,30.2,12.4,9.9,60.6
2026-09-20 16:30,2026-09-20 17:30,20260920,35,104,136,-32,24.1,28.5,8.3,10.1,56.0
2026-09-20 17:00,2026-09-20 18:00,20260920,36,145,152,-7,27.3,26.8,4.6,10.3,51.2
2026-09-20 17:30,2026-09-20 18:30,20260920,37,146,158,-12,28.5,25.4,1.8,10.5,48.3
2026-09-20 18:00,2026-09-20 19:00,20260920,38,163,164,-1,28.9,23.7,0.3,10.9,45.5
2026-09-20 18:30,2026-09-20 19:30,20260920,39,162,161,1,28.8,23.9,0.1,11.1,46.1
2026-09-20 19:00,2026-09-20 20:00,20260920,40,155,159,-4,28.6,24.7,0.0,11.5,46.9
2026-09-20 19:30,2026-09-20 20:30,20260920,41,61,149,-88,28.4,26.8,0.0,11.9,49.9
2026-09-20 20:00,2026-09-20 21:00,20260920,42,140,143,-3,26.5,27.8,0.0,12.3,51.9
2026-09-20 20:30,2026-09-20 21:30,20260920,43,149,136,13,25.4,28.3,0.0,12.5,53.8
2026-09-20 21:00,2026-09-20 22:00,20260920,44,117,130,-13,23.5,29.0,0.0,12.9,55.2
2026-09-20 21:30,2026-09-20 22:30,20260920,45,138,127,11,21.8,28.7,0.0,13.4,55.9
2026-09-20 22:00,2026-09-20 23:00,20260920,46,129,131,-2,22.4,28.0,0.0,13.4,55.3
2026-09-20 22:30,2026-09-20 23:30,20260920,47,120,139,-19,24.2,26.6,0.0,13.4,53.9
2026-09-20 23:00,2026-09-21 00:00,20260921,0,125,141,-16,25.0,24.9,0.0,13.7,52.9
2026-09-20 23:30,2026-09-21 00:30,20260921,1,125,138,-13,24.5,24.2,0.0,14.0,52.7
2026-09-21 00:00,2026-09-21 01:00,20260921,2,138,136,2,23.5,23.9,0.0,14.3,53.0
2026-09-21 00:30,2026-09-21 01:30,20260921,3,136,139,-3,22.6,21.7,0.0,14.4,51.0
2026-09-21 01:00,2026-09-21 02:00,20260921,4,136,143,-7,24.1,19.9,0.0,14.7,49.8
2026-09-21 01:30,2026-09-21 02:30,20260921,5,135,138,-3,23.0,19.9,0.0,14.9,50.2
2026-09-21 02:00,2026-09-21 03:00,20260921,6,147,137,10,22.2,19.5,0.0,15.2,50.3
2026-09-21 02:30,2026-09-21 03:30,20260921,7,144,139,5,25.8,19.9,0.0,15.4,51.2
2026-09-21 03:00,2026-09-21 04:00,20260921,8,141,143,-2,27.2,19.7,0.0,15.2,50.5
2026-09-21 03:30,2026-09-21 04:30,20260921,9,135,159,-24,33.3,21.1,0.0,15.3,52.0
2026-09-21 04:00,2026-09-21 05:00,20260921,10,154,164,-10,35.1,21.2,0.0,14.9,51.2
2026-09-21 04:30,2026-09-21 05:30,20260921,11,162,171,-9,34.9,19.5,0.0,14.5,50.1
2026-09-21 05:00,2026-09-21 06:00,20260921,12,130,183,-53,34.9,16.9,0.0,13.9,46.4
2026-09-21 05:30,2026-09-21 06:30,20260921,13,176,181,-5,33.1,16.0,0.3,12.7,43.8
2026-09-21 06:00,2026-09-21 07:00,20260921,14,178,179,-1,31.4,16.6,0.7,12.1,43.6
2026-09-21 06:30,2026-09-21 07:30,20260921,15,186,173,13,29.4,16.7,2.9,11.6,44.8
2026-09-21 07:00,2026-09-21 08:00,20260921,16,176,165,11,28.7,16.9,6.5,11.4,47.3
2026-09-21 07:30,2026-09-21 08:30,20260921,17,168,158,10,28.2,16.6,10.1,11.2,49.6
2026-09-21 08:00,2026-09-21 09:00,20260921,18,158,154,4,28.1,14.4,13.5,11.1,51.2
2026-09-21 08:30,2026-09-21 09:30,20260921,19,155,142,13,26.5,13.6,17.2,11.3,53.8
2026-09-21 09:00,2026-09-21 10:00,20260921,20,150,134,16,24.3,13.1,20.7,11.2,55.8
2026-09-21 09:30,2026-09-21 10:30,20260921,21,141,127,14,22.5,13.1,23.4,11.0,58.0
2026-09-21 10:00,2026-09-21 11:00,20260921,22,132,118,14,20.8,13.0,26.0,10.9,60.6
2026-09-21 10:30,2026-09-21 11:30,20260921,23,128,119,9,20.9,12.8,27.2,10.6,60.9
2026-09-21 11:00,2026-09-21 12:00,20260921,24,117,113,4,20.2,13.1,28.3,10.4,62.1
2026-09-21 11:30,2026-09-21 12:30,20260921,25,115,110,5,19.2,13.8,28.3,10.3,63.0
2026-09-21 12:00,2026-09-21 13:00,20260921,26,116,106,10,18.0,14.4,28.5,10.5,64.1
2026-09-21 12:30,2026-09-21 13:30,20260921,27,110,108,2,18.7,14.7,27.7,10.4,63.3
2026-09-21 13:00,2026-09-21 14:00,20260921,28,105,115,-10,20.9,15.0,26.4,10.2,62.0
2026-09-21 13:30,2026-09-21 14:30,20260921,29,111,125,-14,22.8,15.1,24.3,10.3,60.0
2026-09-21 14:00,2026-09-21 15:00,20260921,30,121,140,-19,26.5,13.5,21.9,10.4,56.0
2026-09-21 14:30,2026-09-21 15:30,20260921,31,128,154,-26,30.2,12.5,18.6,10.6,51.9
2026-09-21 15:00,2026-09-21 16:00,20260921,32,142,170,-28,33.3,12.1,15.5,10.3,48.3
2026-09-21 15:30,2026-09-21 16:30,20260921,33,169,186,-17,37.6,11.5,12.4,10.4,44.9
2026-09-21 16:00,2026-09-21 17:00,20260921,34,180,197,-17,38.9,11.5,9.1,10.2,41.9
2026-09-21 16:30,2026-09-21 17:30,20260921,35,200,203,-3,40.1,11.5,6.0,10.2,40.9
2026-09-21 17:00,2026-09-21 18:00,20260921,36,211,213,-2,41.9,12.2,3.2,10.4,38.0
2026-09-21 17:30,2026-09-21 18:30,20260921,37,215,214,1,41.2,12.5,1.2,10.4,36.8
2026-09-21 18:00,2026-09-21 19:00,20260921,38,217,216,1,41.0,12.9,0.2,10.5,36.2
2026-09-21 18:30,2026-09-21 19:30,20260921,39,213,209,4,40.6,13.5,0.0,10.8,37.1
2026-09-21 19:00,2026-09-21 20:00,20260921,40,210,208,2,41.6,13.8,0.0,11.1,37.8
2026-09-21 19:30,2026-09-21 20:30,20260921,41,38,203,-165,43.1,14.4,0.0,11.7,39.3
2026-09-21 20:00,2026-09-21 21:00,20260921,42,204,202,2,44.2,14.2,0.0,12.4,39.5
2026-09-21 20:30,2026-09-21 21:30,20260921,43,204,202,2,45.5,16.3,0.0,13.2,42.4
2026-09-21 21:00,2026-09-21 22:00,20260921,44,201,195,6,44.1,17.6,0.0,13.7,44.6
2026-09-21 21:30,2026-09-21 22:30,20260921,45,204,197,7,44.8,18.0,0.0,14.2,45.8
2026-09-21 22:00,2026-09-21 23:00,20260921,46,197,195,2,44.5,18.0,0.0,14.6,46.3
2026-09-21 22:30,2026-09-21 23:30,20260921,47,199,197,2,44.1,17.5,0.0,14.5,45.7
2026-09-21 23:00,2026-09-22 00:00,20260922,0,198,196,2,44.9,17.8,0.0,14.4,45.8
2026-09-21 23:30,2026-09-22 00:30,20260922,1,198,195,3,44.5,17.6,0.0,14.5,45.6
2026-09-22 00:00,2026-09-22 01:00,20260922,2,199,195,4,44.1,17.4,0.0,14.5,45.6
2026-09-22 00:30,2026-09-22 01:30,20260922,3,196,190,6,42.6,17.3,0.0,14.4,45.3
2026-09-22 01:00,2026-09-22 02:00,20260922,4,189,187,2,42.1,17.7,0.0,14.6,45.9
2026-09-22 01:30,2026-09-22 02:30,20260922,5,188,189,-1,43.6,19.2,0.0,14.7,47.6
2026-09-22 02:00,2026-09-22 03:00,20260922,6,180,188,-8,43.1,19.7,0.0,14.7,47.9
2026-09-22 02:30,2026-09-22 03:30,20260922,7,189,194,-5,44.6,19.0,0.0,14.5,47.0
2026-09-22 03:00,2026-09-22 04:00,20260922,8,183,198,-15,44.8,18.1,0.0,14.5,46.1
2026-09-22 03:30,2026-09-22 04:30,20260922,9,199,211,-12,47.8,16.8,0.0,14.2,44.4
2026-09-22 04:00,2026-09-22 05:00,20260922,10,200,216,-16,49.9,16.3,0.0,13.8,43.2
2026-09-22 04:30,2026-09-22 05:30,20260922,11,216,215,1,49.1,15.8,0.0,13.3,42.2
2026-09-22 05:00,2026-09-22 06:00,20260922,12,219,219,0,47.7,15.3,0.0,12.5,40.1
2026-09-22 05:30,2026-09-22 06:30,20260922,13,219,215,4,45.4,13.9,0.2,11.7,37.3
2026-09-22 06:00,2026-09-22 07:00,20260922,14,220,216,4,44.3,13.3,0.6,11.4,36.5
2026-09-22 06:30,2026-09-22 07:30,20260922,15,217,202,15,44.3,13.9,2.3,11.4,38.8
2026-09-22 07:00,2026-09-22 08:00,20260922,16,209,193,16,42.4,13.5,5.6,11.3,41.5
2026-09-22 07:30,2026-09-22 08:30,20260922,17,199,181,18,38.7,13.7,8.9,11.2,44.3
2026-09-22 08:00,2026-09-22 09:00,20260922,18,191,171,20,35.8,13.4,12.3,11.0,47.1
2026-09-22 08:30,2026-09-22 09:30,20260922,19,174,162,12,32.3,13.1,15.5,11.0,49.8
2026-09-22 09:00,2026-09-22 10:00,20260922,20,167,151,16,30.2,13.5,17.7,10.9,52.2
2026-09-22 09:30,2026-09-22 10:30,20260922,21,161,146,15,28.6,13.1,20.2,10.7,54.1
2026-09-22 10:00,2026-09-22 11:00,20260922,22,152,136,16,26.6,12.7,22.4,10.8,56.1
2026-09-22 10:30,2026-09-22 11:30,20260922,23,146,131,15,24.8,13.6,23.4,10.7,57.8
2026-09-22 11:00,2026-09-22 12:00,20260922,24,137,125,12,23.1,12.8,25.6,10.9,59.4
2026-09-22 11:30,2026-09-22 12:30,20260922,25,134,133,1,24.7,10.8,25.5,11.0,57.4
2026-09-22 12:00,2026-09-22 13:00,20260922,26,125,136,-11,25.6,9.8,24.9,11.3,56.2
2026-09-22 12:30,2026-09-22 13:30,20260922,27,131,139,-8,27.6,9.5,24.0,11.4,55.1
2026-09-22 13:00,2026-09-22 14:00,20260922,28,149,147,2,29.7,8.9,22.8,11.4,53.4
2026-09-22 13:30,2026-09-22 14:30,20260922,29,144,165,-21,33.0,7.9,20.1,11.3,49.4
2026-09-22 14:00,2026-09-22 15:00,20260922,30,152,178,-26,35.9,7.1,17.9,11.1,46.2
2026-09-22 14:30,2026-09-22 15:30,20260922,31,170,190,-20,40.3,6.3,15.3,11.0,42.6
2026-09-22 15:00,2026-09-22 16:00,20260922,32,189,198,-9,42.4,5.8,13.0,11.0,40.8
2026-09-22 15:30,2026-09-22 16:30,20260922,33,203,198,5,42.6,5.2,10.4,10.7,40.5
2026-09-22 16:00,2026-09-22 17:00,20260922,34,213,209,4,43.8,4.9,8.2,10.5,38.2
2026-09-22 16:30,2026-09-22 17:30,20260922,35,215,216,-1,45.3,5.0,5.2,10.6,35.7
2026-09-22 17:00,2026-09-22 18:00,20260922,36,226,222,4,45.6,5.2,2.9,10.8,34.0
2026-09-22 17:30,2026-09-22 18:30,20260922,37,235,229,6,45.7,6.0,1.1,10.8,32.4
2026-09-22 18:00,2026-09-22 19:00,20260922,38,234,229,5,46.5,6.3,0.1,10.9,32.4
2026-09-22 18:30,2026-09-22 19:30,20260922,39,235,225,10,47.1,6.9,0.0,11.3,33.3
2026-09-22 19:00,2026-09-22 20:00,20260922,40,235,224,11,47.9,7.5,0.0,11.6,33.7
2026-09-22 19:30,2026-09-22 20:30,20260922,41,138,226,-88,50.0,8.5,0.0,12.3,34.1
2026-09-22 20:00,2026-09-22 21:00,20260922,42,231,221,10,49.9,9.7,0.0,12.7,34.8
2026-09-22 20:30,2026-09-22 21:30,20260922,43,227,217,10,50.7,10.3,0.0,13.5,36.7
2026-09-22 21:00,2026-09-22 22:00,20260922,44,233,210,23,48.8,11.1,0.0,14.0,38.5
2026-09-22 21:30,2026-09-22 22:30,20260922,45,219,199,20,44.2,12.5,0.0,15.0,41.7
2026-09-22 22:00,2026-09-22 23:00,20260922,46,213,192,21,41.9,14.0,0.0,15.4,44.1
2026-09-22 22:30,2026-09-22 23:30,20260922,47,198,189,9,41.8,15.1,0.0,15.6,45.5
2026-09-22 23:00,2026-09-23 00:00,20260923,0,194,185,9,41.0,16.6,0.0,15.4,46.6
2026-09-22 23:30,2026-09-23 00:30,20260923,1,190,179,11,40.9,18.5,0.0,15.3,48.3
2026-09-23 00:00,2026-09-23 01:00,20260923,2,187,175,12,39.8,19.8,0.0,15.2,49.5
2026-09-23 00:30,2026-09-23 01:30,20260923,3,181,169,12,38.3,21.0,0.0,14.7,49.7
2026-09-23 01:00,2026-09-23 02:00,20260923,4,176,167,9,37.5,21.9,0.0,14.7,50.4
2026-09-23 01:30,2026-09-23 02:30,20260923,5,165,164,1,37.0,23.8,0.0,15.0,52.6
2026-09-23 02:00,2026-09-23 03:00,20260923,6,163,166,-3,36.9,24.1,0.0,14.7,52.5
2026-09-23 02:30,2026-09-23 03:30,20260923,7,169,164,5,37.1,26.9,0.0,14.9,55.2
2026-09-23 03:00,2026-09-23 04:00,20260923,8,163,152,11,35.1,30.3,0.0,14.4,58.1
2026-09-23 03:30,2026-09-23 04:30,20260923,9,159,135,24,31.3,34.7,0.0,14.0,61.7
2026-09-23 04:00,2026-09-23 05:00,20260923,10,159,129,30,28.7,37.5,0.0,13.9,64.1
2026-09-23 04:30,2026-09-23 05:30,20260923,11,143,144,-1,30.7,35.4,0.0,13.5,60.6
2026-09-23 05:00,2026-09-23 06:00,20260923,12,135,156,-21,33.0,32.4,0.0,13.1,56.5
2026-09-23 05:30,2026-09-23 06:30,20260923,13,143,154,-11,31.7,32.6,0.1,12.4,56.2
2026-09-23 06:00,2026-09-23 07:00,20260923,14,148,153,-5,31.3,33.2,0.4,11.7,56.3
2026-09-23 06:30,2026-09-23 07:30,20260923,15,150,130,20,28.6,35.6,1.6,11.6,58.4
2026-09-23 07:00,2026-09-23 08:00,20260923,16,146,114,32,24.2,36.6,3.7,11.9,62.0
2026-09-23 07:30,2026-09-23 08:30,20260923,17,127,101,26,18.4,37.4,6.5,12.0,65.3
2026-09-23 08:00,2026-09-23 09:00,20260923,18,108,82,26,13.2,37.9,9.1,12.2,69.0
2026-09-23 08:30,2026-09-23 09:30,20260923,19,97,98,-1,8.5,34.8,11.9,10.1,66.5
2026-09-23 09:00,2026-09-23 10:00,20260923,20,77,66,11,7.9,36.3,14.4,11.8,72.7
2026-09-23 09:30,2026-09-23 10:30,20260923,21,58,64,-6,6.7,35.6,16.3,12.1,74.0
2026-09-23 10:00,2026-09-23 11:00,20260923,22,52,64,-12,6.6,34.4,17.7,11.8,73.7
2026-09-23 10:30,2026-09-23 11:30,20260923,23,49,65,-16,7.0,34.4,18.3,11.6,74.1
2026-09-23 11:00,2026-09-23 12:00,20260923,24,51,63,-12,7.0,33.8,19.8,11.3,74.9
2026-09-23 11:30,2026-09-23 12:30,20260923,25,49,62,-13,7.0,33.9,20.1,11.2,75.1
2026-09-23 12:00,2026-09-23 13:00,20260923,26,44,63,-19,7.2,32.9,21.1,11.3,75.1
2026-09-23 12:30,2026-09-23 13:30,20260923,27,40,65,-25,8.1,31.8,21.4,11.4,74.5
2026-09-23 13:00,2026-09-23 14:00,20260923,28,46,68,-22,8.9,31.7,21.1,11.4,74.0
2026-09-23 13:30,2026-09-23 14:30,20260923,29,50,70,-20,9.6,32.8,20.5,11.5,73.3
2026-09-23 14:00,2026-09-23 15:00,20260923,30,62,80,-18,13.1,32.5,19.6,11.4,70.8
2026-09-23 14:30,2026-09-23 15:30,20260923,31,64,92,-28,18.6,33.0,17.0,11.2,68.8
2026-09-23 15:00,2026-09-23 16:00,20260923,32,78,110,-32,22.8,31.5,14.7,10.6,65.2
2026-09-23 15:30,2026-09-23 16:30,20260923,33,99,134,-35,29.2,31.1,12.1,10.8,63.8
2026-09-23 16:00,2026-09-23 17:00,20260923,34,128,142,-14,30.4,29.8,9.3,10.6,61.0
2026-09-23 16:30,2026-09-23 17:30,20260923,35,148,157,-9,31.5,28.2,5.9,10.5,57.1
2026-09-23 17:00,2026-09-23 18:00,20260923,36,156,165,-9,33.9,28.0,3.2,10.7,55.0
2026-09-23 17:30,2026-09-23 18:30,20260923,37,162,169,-7,34.2,28.4,1.2,10.9,54.2
2026-09-23 18:00,2026-09-23 19:00,20260923,38,170,172,-2,34.2,28.2,0.1,11.0,53.3
2026-09-23 18:30,2026-09-23 19:30,20260923,39,169,175,-6,35.4,29.2,0.0,11.5,53.5
2026-09-23 19:00,2026-09-23 20:00,20260923,40,170,178,-8,37.6,28.7,0.0,11.8,53.1
2026-09-23 19:30,2026-09-23 20:30,20260923,41,175,174,1,36.4,28.3,0.0,12.3,54.3
2026-09-23 20:00,2026-09-23 21:00,20260923,42,175,170,5,35.4,28.3,0.0,13.0,55.1
2026-09-23 20:30,2026-09-23 21:30,20260923,43,175,164,11,33.1,28.1,0.0,13.8,56.4
2026-09-23 21:00,2026-09-23 22:00,20260923,44,169,163,6,31.6,26.6,0.0,14.6,56.5
2026-09-23 21:30,2026-09-23 22:30,20260923,45,164,146,18,26.9,25.7,0.0,15.3,56.8
2026-09-23 22:00,2026-09-23 23:00,20260923,46,157,145,12,25.5,23.8,0.0,16.2,56.9
2026-09-23 22:30,2026-09-23 23:30,20260923,47,145,142,3,25.3,22.0,0.0,17.0,56.5
2026-09-23 23:00,2026-09-24 00:00,20260924,0,147,151,-4,27.4,20.2,0.0,17.2,54.2
2026-09-23 23:30,2026-09-24 00:30,20260924,1,140,151,-11,26.8,18.3,0.0,17.1,51.6
2026-09-24 00:00,2026-09-24 01:00,20260924,2,149,154,-5,27.5,16.9,0.0,17.5,50.2
2026-09-24 00:30,2026-09-24 01:30,20260924,3,157,157,0,28.2,15.8,0.0,17.1,48.4
2026-09-24 01:00,2026-09-24 02:00,20260924,4,154,151,3,27.0,16.3,0.0,17.5,49.4
2026-09-24 01:30,2026-09-24 02:30,20260924,5,156,153,3,26.8,17.1,0.0,17.9,50.9
2026-09-24 02:00,2026-09-24 03:00,20260924,6,150,154,-4,27.0,16.6,0.0,18.0,50.9
2026-09-24 02:30,2026-09-24 03:30,20260924,7,154,161,-7,30.3,17.3,0.0,18.3,53.1
2026-09-24 03:00,2026-09-24 04:00,20260924,8,156,160,-4,30.2,18.7,0.0,18.3,53.8
2026-09-24 03:30,2026-09-24 04:30,20260924,9,166,172,-6,33.4,19.1,0.0,18.8,54.3
2026-09-24 04:00,2026-09-24 05:00,20260924,10,169,172,-3,33.5,19.2,0.0,18.7,54.1
2026-09-24 04:30,2026-09-24 05:30,20260924,11,176,173,3,32.2,19.3,0.0,17.2,52.9
2026-09-24 05:00,2026-09-24 06:00,20260924,12,180,176,4,31.5,19.7,0.0,15.6,51.2
2026-09-24 05:30,2026-09-24 06:30,20260924,13,164,174,-10,31.1,19.9,0.1,14.7,49.2
2026-09-24 06:00,2026-09-24 07:00,20260924,14,177,174,3,30.3,20.2,0.7,14.1,48.7
2026-09-24 06:30,2026-09-24 07:30,20260924,15,162,161,1,28.7,19.9,2.8,13.5,48.0
2026-09-24 07:00,2026-09-24 08:00,20260924,16,155,154,1,27.9,20.2,6.0,13.2,50.5
2026-09-24 07:30,2026-09-24 08:30,20260924,17,139,145,-6,26.2,19.6,10.1,13.0,53.7
2026-09-24 08:00,2026-09-24 09:00,20260924,18,135,125,10,21.9,19.7,14.1,13.0,57.8
2026-09-24 08:30,2026-09-24 09:30,20260924,19,117,107,10,17.5,20.2,18.0,13.1,62.3
2026-09-24 09:00,2026-09-24 10:00,20260924,20,110,96,14,15.2,20.1,21.3,13.0,65.4
2026-09-24 09:30,2026-09-24 10:30,20260924,21,92,88,4,13.6,21.0,23.8,12.6,67.9
2026-09-24 10:00,2026-09-24 11:00,20260924,22,89,83,6,12.2,21.6,24.9,12.5,69.4
2026-09-24 10:30,2026-09-24 11:30,20260924,23,88,82,6,11.6,22.3,26.4,12.3,71.2
2026-09-24 11:00,2026-09-24 12:00,20260924,24,81,75,6,10.4,23.1,28.3,11.8,73.1
2026-09-24 11:30,2026-09-24 12:30,20260924,25,62,80,-18,11.0,22.9,28.5,11.7,72.8
2026-09-24 12:00,2026-09-24 13:00,20260924,26,80,77,3,10.8,23.9,28.2,11.7,73.3
2026-09-24 12:30,2026-09-24 13:30,20260924,27,75,79,-4,11.0,25.2,27.8,11.7,74.3
2026-09-24 13:00,2026-09-24 14:00,20260924,28,70,80,-10,11.5,25.0,27.9,11.8,74.5
2026-09-24 13:30,2026-09-24 14:30,20260924,29,83,85,-2,13.5,26.4,26.3,11.9,74.4
2026-09-24 14:00,2026-09-24 15:00,20260924,30,74,92,-18,15.3,26.8,23.8,11.9,72.2
2026-09-24 14:30,2026-09-24 15:30,20260924,31,78,103,-25,19.9,26.7,20.2,11.8,68.5
2026-09-24 15:00,2026-09-24 16:00,20260924,32,96,124,-28,25.3,26.2,16.6,11.4,63.6
2026-09-24 15:30,2026-09-24 16:30,20260924,33,114,150,-36,31.8,26.0,12.9,11.0,59.5
2026-09-24 16:00,2026-09-24 17:00,20260924,34,128,161,-33,33.9,26.8,9.2,10.8,55.8
2026-09-24 16:30,2026-09-24 17:30,20260924,35,150,169,-19,35.5,27.8,5.7,10.8,53.7
2026-09-24 17:00,2026-09-24 18:00,20260924,36,157,168,-11,35.7,30.4,2.8,10.9,53.9
2026-09-24 17:30,2026-09-24 18:30,20260924,37,164,171,-7,36.4,31.7,1.0,11.0,53.1
2026-09-24 18:00,2026-09-24 19:00,20260924,38,163,170,-7,36.3,32.5,0.1,11.1,53.3
2026-09-24 18:30,2026-09-24 19:30,20260924,39,159,162,-3,34.1,34.0,0.0,11.0,54.6
2026-09-24 19:00,2026-09-24 20:00,20260924,40,150,155,-5,34.1,35.8,0.0,11.2,56.5
2026-09-24 19:30,2026-09-24 20:30,20260924,41,95,151,-56,33.7,37.5,0.0,11.5,58.7
2026-09-24 20:00,2026-09-24 21:00,20260924,42,143,139,4,32.3,39.9,0.0,11.8,61.6
2026-09-24 20:30,2026-09-24 21:30,20260924,43,144,130,14,29.6,41.5,0.0,12.2,63.9
2026-09-24 21:00,2026-09-24 22:00,20260924,44,135,116,19,26.5,43.9,0.0,12.8,67.3
2026-09-24 21:30,2026-09-24 22:30,20260924,45,125,115,10,24.6,45.0,0.0,12.8,68.6
2026-09-24 22:00,2026-09-24 23:00,20260924,46,112,112,0,24.5,45.5,0.0,13.2,69.5
2026-09-24 22:30,2026-09-24 23:30,20260924,47,107,113,-6,25.1,45.1,0.0,13.3,69.4
2026-09-24 23:00,2026-09-25 00:00,20260925,0,104,109,-5,24.4,45.2,0.0,13.5,70.4
2026-09-24 23:30,2026-09-25 00:30,20260925,1,88,105,-17,23.1,45.9,0.0,13.8,71.2
2026-09-25 00:00,2026-09-25 01:00,20260925,2,110,101,9,22.1,46.3,0.0,13.9,72.2
2026-09-25 00:30,2026-09-25 01:30,20260925,3,98,101,-3,22.2,45.8,0.0,14.1,72.0
2026-09-25 01:00,2026-09-25 02:00,20260925,4,102,108,-6,23.7,44.1,0.0,14.3,70.2
2026-09-25 01:30,2026-09-25 02:30,20260925,5,103,109,-6,23.8,42.1,0.0,14.6,68.9
2026-09-25 02:00,2026-09-25 03:00,20260925,6,107,113,-6,24.5,40.5,0.0,15.0,68.0
2026-09-25 02:30,2026-09-25 03:30,20260925,7,106,116,-10,25.2,40.0,0.0,15.2,67.9
2026-09-25 03:00,2026-09-25 04:00,20260925,8,118,116,2,25.1,39.3,0.0,15.5,67.7
2026-09-25 03:30,2026-09-25 04:30,20260925,9,118,118,0,25.6,38.2,0.0,15.7,67.0
2026-09-25 04:00,2026-09-25 05:00,20260925,10,119,130,-11,28.9,35.9,0.0,15.5,64.3
2026-09-25 04:30,2026-09-25 05:30,20260925,11,125,148,-23,32.2,32.4,0.0,14.5,59.0
2026-09-25 05:00,2026-09-25 06:00,20260925,12,139,166,-27,34.4,28.6,0.0,13.5,53.6
2026-09-25 05:30,2026-09-25 06:30,20260925,13,159,171,-12,33.3,27.0,0.1,13.0,52.3
2026-09-25 06:00,2026-09-25 07:00,20260925,14,170,179,-9,33.3,24.9,0.5,12.6,49.7
2026-09-25 06:30,2026-09-25 07:30,20260925,15,173,165,8,31.6,23.6,2.1,12.3,48.4
2026-09-25 07:00,2026-09-25 08:00,20260925,16,167,157,10,29.7,23.0,5.0,12.2,50.4
2026-09-25 07:30,2026-09-25 08:30,20260925,17,160,143,17,26.7,22.7,8.6,12.3,53.7
2026-09-25 08:00,2026-09-25 09:00,20260925,18,157,131,26,23.4,22.2,12.0,12.3,56.8
2026-09-25 08:30,2026-09-25 09:30,20260925,19,131,122,9,21.1,21.6,14.9,12.3,59.5
2026-09-25 09:00,2026-09-25 10:00,20260925,20,122,112,10,19.2,21.6,17.5,12.3,62.1
2026-09-25 09:30,2026-09-25 10:30,20260925,21,116,109,7,18.5,21.0,19.6,12.0,63.0
2026-09-25 10:00,2026-09-25 11:00,20260925,22,103,108,-5,18.1,20.6,21.0,11.9,63.5
2026-09-25 10:30,2026-09-25 11:30,20260925,23,108,109,-1,18.4,19.4,22.1,11.7,63.0
2026-09-25 11:00,2026-09-25 12:00,20260925,24,115,110,5,18.9,18.6,23.0,11.6,62.9
2026-09-25 11:30,2026-09-25 12:30,20260925,25,106,109,-3,19.1,18.8,23.5,11.7,63.5
2026-09-25 12:00,2026-09-25 13:00,20260925,26,114,109,5,19.0,18.3,24.2,11.7,63.6
2026-09-25 12:30,2026-09-25 13:30,20260925,27,114,111,3,19.6,18.5,23.2,11.7,63.0
2026-09-25 13:00,2026-09-25 14:00,20260925,28,113,112,1,19.4,18.0,22.7,11.9,62.3
2026-09-25 13:30,2026-09-25 14:30,20260925,29,117,124,-7,22.6,17.1,20.4,12.0,59.3
2026-09-25 14:00,2026-09-25 15:00,20260925,30,120,131,-11,25.1,17.5,17.9,12.0,57.1
2026-09-25 14:30,2026-09-25 15:30,20260925,31,128,149,-21,32.0,16.6,14.5,11.7,52.5
2026-09-25 15:00,2026-09-25 16:00,20260925,32,136,164,-28,36.5,15.8,11.8,11.6,48.8
2026-09-25 15:30,2026-09-25 16:30,20260925,33,158,179,-21,39.6,13.2,9.5,11.8,46.0
2026-09-25 16:00,2026-09-25 17:00,20260925,34,180,185,-5,40.1,13.4,6.7,11.8,44.7
2026-09-25 16:30,2026-09-25 17:30,20260925,35,199,203,-4,42.0,13.0,4.0,12.0,42.5
2026-09-25 17:00,2026-09-25 18:00,20260925,36,199,209,-10,43.1,12.7,2.1,12.3,40.8
2026-09-25 17:30,2026-09-25 18:30,20260925,37,211,205,6,42.2,15.4,0.8,12.0,42.1
2026-09-25 18:00,2026-09-25 19:00,20260925,38,216,202,14,43.0,17.2,0.0,12.2,43.3
2026-09-25 18:30,2026-09-25 19:30,20260925,39,206,196,10,43.2,18.6,0.0,12.5,44.4
2026-09-25 19:00,2026-09-25 20:00,20260925,40,201,191,10,43.1,19.9,0.0,12.8,46.3
2026-09-25 19:30,2026-09-25 20:30,20260925,41,195,187,8,43.1,22.6,0.0,13.3,48.8
2026-09-25 20:00,2026-09-25 21:00,20260925,42,190,179,11,41.0,25.1,0.0,13.5,51.1
2026-09-25 20:30,2026-09-25 21:30,20260925,43,185,168,17,39.8,25.7,0.0,13.7,51.5
2026-09-25 21:00,2026-09-25 22:00,20260925,44,167,156,11,38.6,28.4,0.0,14.5,53.7
